doc_id,tag_text,tag_id
2151,APPLICATION: Agriculture and resource extraction,0
660,APPLICATION: Agriculture and resource extraction,0
1382,APPLICATION: Agriculture and resource extraction,0
25,APPLICATION: Agriculture and resource extraction,0
77,APPLICATION: Agriculture and resource extraction,0
65,APPLICATION: Agriculture and resource extraction,0
76,APPLICATION: Agriculture and resource extraction,0
460,APPLICATION: Agriculture and resource extraction,0
320,APPLICATION: Agriculture and resource extraction,0
757,APPLICATION: Agriculture and resource extraction,0
1544,"APPLICATION: Arts, sports, leisure, travel, and lifestyle",1
1378,"APPLICATION: Arts, sports, leisure, travel, and lifestyle",1
380,"APPLICATION: Arts, sports, leisure, travel, and lifestyle",1
481,"APPLICATION: Arts, sports, leisure, travel, and lifestyle",1
168,"APPLICATION: Arts, sports, leisure, travel, and lifestyle",1
473,"APPLICATION: Arts, sports, leisure, travel, and lifestyle",1
560,"APPLICATION: Arts, sports, leisure, travel, and lifestyle",1
301,"APPLICATION: Arts, sports, leisure, travel, and lifestyle",1
266,"APPLICATION: Arts, sports, leisure, travel, and lifestyle",1
1549,APPLICATION: Broadcasting and media production,2
1551,APPLICATION: Broadcasting and media production,2
1734,APPLICATION: Broadcasting and media production,2
1558,APPLICATION: Broadcasting and media production,2
447,APPLICATION: Broadcasting and media production,2
2096,APPLICATION: Broadcasting and media production,2
1974,APPLICATION: Broadcasting and media production,2
904,APPLICATION: Broadcasting and media production,2
1378,APPLICATION: Broadcasting and media production,2
456,APPLICATION: Broadcasting and media production,2
193,APPLICATION: Broadcasting and media production,2
54,APPLICATION: Broadcasting and media production,2
826,APPLICATION: Broadcasting and media production,2
36,APPLICATION: Broadcasting and media production,2
396,APPLICATION: Broadcasting and media production,2
517,APPLICATION: Broadcasting and media production,2
573,APPLICATION: Broadcasting and media production,2
886,APPLICATION: Broadcasting and media production,2
883,APPLICATION: Broadcasting and media production,2
1251,APPLICATION: Broadcasting and media production,2
1305,APPLICATION: Broadcasting and media production,2
328,APPLICATION: Broadcasting and media production,2
995,APPLICATION: Broadcasting and media production,2
367,APPLICATION: Broadcasting and media production,2
301,APPLICATION: Broadcasting and media production,2
309,APPLICATION: Broadcasting and media production,2
1377,APPLICATION: Broadcasting and media production,2
266,APPLICATION: Broadcasting and media production,2
2151,APPLICATION: Business services and analytics,3
1750,APPLICATION: Business services and analytics,3
2002,APPLICATION: Business services and analytics,3
1099,APPLICATION: Business services and analytics,3
2,APPLICATION: Business services and analytics,3
72,APPLICATION: Business services and analytics,3
6,APPLICATION: Business services and analytics,3
16,APPLICATION: Business services and analytics,3
307,APPLICATION: Business services and analytics,3
314,APPLICATION: Business services and analytics,3
304,APPLICATION: Business services and analytics,3
139,APPLICATION: Business services and analytics,3
193,APPLICATION: Business services and analytics,3
233,APPLICATION: Business services and analytics,3
771,APPLICATION: Business services and analytics,3
433,APPLICATION: Business services and analytics,3
855,APPLICATION: Business services and analytics,3
1251,APPLICATION: Business services and analytics,3
327,APPLICATION: Business services and analytics,3
288,APPLICATION: Business services and analytics,3
329,APPLICATION: Business services and analytics,3
285,APPLICATION: Business services and analytics,3
278,APPLICATION: Business services and analytics,3
995,APPLICATION: Business services and analytics,3
286,APPLICATION: Business services and analytics,3
284,APPLICATION: Business services and analytics,3
287,APPLICATION: Business services and analytics,3
280,APPLICATION: Business services and analytics,3
757,APPLICATION: Business services and analytics,3
281,APPLICATION: Business services and analytics,3
307,APPLICATION: Construction and field services,4
148,APPLICATION: Construction and field services,4
77,APPLICATION: Construction and field services,4
1303,APPLICATION: Construction and field services,4
757,APPLICATION: Construction and field services,4
1378,APPLICATION: Consumer goods,5
1782,APPLICATION: Consumer goods,5
2,APPLICATION: Consumer goods,5
54,APPLICATION: Consumer goods,5
442,APPLICATION: Consumer goods,5
883,APPLICATION: Consumer goods,5
1303,APPLICATION: Consumer goods,5
995,APPLICATION: Consumer goods,5
1554,APPLICATION: Education,6
1550,APPLICATION: Education,6
2097,APPLICATION: Education,6
1974,APPLICATION: Education,6
406,APPLICATION: Education,6
1382,APPLICATION: Education,6
1782,APPLICATION: Education,6
1831,APPLICATION: Education,6
1099,APPLICATION: Education,6
307,APPLICATION: Education,6
139,APPLICATION: Education,6
145,APPLICATION: Education,6
141,APPLICATION: Education,6
302,APPLICATION: Education,6
27,APPLICATION: Education,6
25,APPLICATION: Education,6
76,APPLICATION: Education,6
56,APPLICATION: Education,6
75,APPLICATION: Education,6
771,APPLICATION: Education,6
1320,APPLICATION: Education,6
1287,APPLICATION: Education,6
278,APPLICATION: Education,6
995,APPLICATION: Education,6
280,APPLICATION: Education,6
757,APPLICATION: Education,6
2052,APPLICATION: Energy and utilities,7
1382,APPLICATION: Energy and utilities,7
66,APPLICATION: Energy and utilities,7
307,APPLICATION: Energy and utilities,7
200,APPLICATION: Energy and utilities,7
231,APPLICATION: Energy and utilities,7
25,APPLICATION: Energy and utilities,7
79,APPLICATION: Energy and utilities,7
75,APPLICATION: Energy and utilities,7
67,APPLICATION: Energy and utilities,7
57,APPLICATION: Energy and utilities,7
757,APPLICATION: Energy and utilities,7
1385,APPLICATION: Energy and utilities,7
2151,APPLICATION: Finance and investment,8
2097,APPLICATION: Finance and investment,8
1723,APPLICATION: Finance and investment,8
1996,APPLICATION: Finance and investment,8
1974,APPLICATION: Finance and investment,8
1826,APPLICATION: Finance and investment,8
1831,APPLICATION: Finance and investment,8
1099,APPLICATION: Finance and investment,8
307,APPLICATION: Finance and investment,8
1376,APPLICATION: Finance and investment,8
771,APPLICATION: Finance and investment,8
399,APPLICATION: Finance and investment,8
882,APPLICATION: Finance and investment,8
1303,APPLICATION: Finance and investment,8
1251,APPLICATION: Finance and investment,8
327,APPLICATION: Finance and investment,8
329,APPLICATION: Finance and investment,8
274,APPLICATION: Finance and investment,8
278,APPLICATION: Finance and investment,8
995,APPLICATION: Finance and investment,8
280,APPLICATION: Finance and investment,8
1377,APPLICATION: Finance and investment,8
757,APPLICATION: Finance and investment,8
281,APPLICATION: Finance and investment,8
2052,APPLICATION: Government - benefits and welfare,9
1553,APPLICATION: Government - benefits and welfare,9
1782,APPLICATION: Government - benefits and welfare,9
1803,APPLICATION: Government - benefits and welfare,9
307,APPLICATION: Government - benefits and welfare,9
208,APPLICATION: Government - benefits and welfare,9
384,APPLICATION: Government - benefits and welfare,9
13,APPLICATION: Government - benefits and welfare,9
277,APPLICATION: Government - benefits and welfare,9
68,APPLICATION: Government - benefits and welfare,9
56,APPLICATION: Government - benefits and welfare,9
771,APPLICATION: Government - benefits and welfare,9
437,APPLICATION: Government - benefits and welfare,9
428,APPLICATION: Government - benefits and welfare,9
1303,APPLICATION: Government - benefits and welfare,9
1320,APPLICATION: Government - benefits and welfare,9
1297,APPLICATION: Government - benefits and welfare,9
1202,APPLICATION: Government - benefits and welfare,9
329,APPLICATION: Government - benefits and welfare,9
294,APPLICATION: Government - benefits and welfare,9
292,APPLICATION: Government - benefits and welfare,9
280,APPLICATION: Government - benefits and welfare,9
1377,APPLICATION: Government - benefits and welfare,9
757,APPLICATION: Government - benefits and welfare,9
1387,APPLICATION: Government - benefits and welfare,9
281,APPLICATION: Government - benefits and welfare,9
1543,APPLICATION: Government - judicial and law enforcement,10
1549,APPLICATION: Government - judicial and law enforcement,10
637,APPLICATION: Government - judicial and law enforcement,10
1996,APPLICATION: Government - judicial and law enforcement,10
1782,APPLICATION: Government - judicial and law enforcement,10
1803,APPLICATION: Government - judicial and law enforcement,10
520,APPLICATION: Government - judicial and law enforcement,10
207,APPLICATION: Government - judicial and law enforcement,10
15,APPLICATION: Government - judicial and law enforcement,10
16,APPLICATION: Government - judicial and law enforcement,10
307,APPLICATION: Government - judicial and law enforcement,10
244,APPLICATION: Government - judicial and law enforcement,10
208,APPLICATION: Government - judicial and law enforcement,10
159,APPLICATION: Government - judicial and law enforcement,10
221,APPLICATION: Government - judicial and law enforcement,10
230,APPLICATION: Government - judicial and law enforcement,10
25,APPLICATION: Government - judicial and law enforcement,10
277,APPLICATION: Government - judicial and law enforcement,10
36,APPLICATION: Government - judicial and law enforcement,10
416,APPLICATION: Government - judicial and law enforcement,10
652,APPLICATION: Government - judicial and law enforcement,10
865,APPLICATION: Government - judicial and law enforcement,10
1681,APPLICATION: Government - judicial and law enforcement,10
329,APPLICATION: Government - judicial and law enforcement,10
995,APPLICATION: Government - judicial and law enforcement,10
294,APPLICATION: Government - judicial and law enforcement,10
150,APPLICATION: Government - judicial and law enforcement,10
280,APPLICATION: Government - judicial and law enforcement,10
1377,APPLICATION: Government - judicial and law enforcement,10
757,APPLICATION: Government - judicial and law enforcement,10
1387,APPLICATION: Government - judicial and law enforcement,10
1545,APPLICATION: Government - military and public safety,11
1747,APPLICATION: Government - military and public safety,11
1740,APPLICATION: Government - military and public safety,11
1754,APPLICATION: Government - military and public safety,11
1751,APPLICATION: Government - military and public safety,11
1739,APPLICATION: Government - military and public safety,11
1746,APPLICATION: Government - military and public safety,11
1748,APPLICATION: Government - military and public safety,11
1806,APPLICATION: Government - military and public safety,11
1736,APPLICATION: Government - military and public safety,11
1032,APPLICATION: Government - military and public safety,11
1383,APPLICATION: Government - military and public safety,11
1380,APPLICATION: Government - military and public safety,11
1753,APPLICATION: Government - military and public safety,11
1741,APPLICATION: Government - military and public safety,11
1737,APPLICATION: Government - military and public safety,11
1758,APPLICATION: Government - military and public safety,11
1744,APPLICATION: Government - military and public safety,11
1752,APPLICATION: Government - military and public safety,11
1743,APPLICATION: Government - military and public safety,11
1745,APPLICATION: Government - military and public safety,11
1749,APPLICATION: Government - military and public safety,11
1805,APPLICATION: Government - military and public safety,11
405,APPLICATION: Government - military and public safety,11
523,APPLICATION: Government - military and public safety,11
15,APPLICATION: Government - military and public safety,11
2,APPLICATION: Government - military and public safety,11
7,APPLICATION: Government - military and public safety,11
1,APPLICATION: Government - military and public safety,11
11,APPLICATION: Government - military and public safety,11
6,APPLICATION: Government - military and public safety,11
16,APPLICATION: Government - military and public safety,11
60,APPLICATION: Government - military and public safety,11
4,APPLICATION: Government - military and public safety,11
307,APPLICATION: Government - military and public safety,11
142,APPLICATION: Government - military and public safety,11
139,APPLICATION: Government - military and public safety,11
157,APPLICATION: Government - military and public safety,11
220,APPLICATION: Government - military and public safety,11
143,APPLICATION: Government - military and public safety,11
144,APPLICATION: Government - military and public safety,11
159,APPLICATION: Government - military and public safety,11
140,APPLICATION: Government - military and public safety,11
147,APPLICATION: Government - military and public safety,11
160,APPLICATION: Government - military and public safety,11
155,APPLICATION: Government - military and public safety,11
23,APPLICATION: Government - military and public safety,11
146,APPLICATION: Government - military and public safety,11
158,APPLICATION: Government - military and public safety,11
141,APPLICATION: Government - military and public safety,11
24,APPLICATION: Government - military and public safety,11
152,APPLICATION: Government - military and public safety,11
153,APPLICATION: Government - military and public safety,11
199,APPLICATION: Government - military and public safety,11
189,APPLICATION: Government - military and public safety,11
188,APPLICATION: Government - military and public safety,11
191,APPLICATION: Government - military and public safety,11
198,APPLICATION: Government - military and public safety,11
240,APPLICATION: Government - military and public safety,11
241,APPLICATION: Government - military and public safety,11
204,APPLICATION: Government - military and public safety,11
195,APPLICATION: Government - military and public safety,11
205,APPLICATION: Government - military and public safety,11
202,APPLICATION: Government - military and public safety,11
197,APPLICATION: Government - military and public safety,11
187,APPLICATION: Government - military and public safety,11
192,APPLICATION: Government - military and public safety,11
203,APPLICATION: Government - military and public safety,11
196,APPLICATION: Government - military and public safety,11
194,APPLICATION: Government - military and public safety,11
190,APPLICATION: Government - military and public safety,11
193,APPLICATION: Government - military and public safety,11
186,APPLICATION: Government - military and public safety,11
12,APPLICATION: Government - military and public safety,11
227,APPLICATION: Government - military and public safety,11
5,APPLICATION: Government - military and public safety,11
226,APPLICATION: Government - military and public safety,11
225,APPLICATION: Government - military and public safety,11
224,APPLICATION: Government - military and public safety,11
237,APPLICATION: Government - military and public safety,11
236,APPLICATION: Government - military and public safety,11
239,APPLICATION: Government - military and public safety,11
235,APPLICATION: Government - military and public safety,11
229,APPLICATION: Government - military and public safety,11
228,APPLICATION: Government - military and public safety,11
9,APPLICATION: Government - military and public safety,11
13,APPLICATION: Government - military and public safety,11
1161,APPLICATION: Government - military and public safety,11
8,APPLICATION: Government - military and public safety,11
10,APPLICATION: Government - military and public safety,11
232,APPLICATION: Government - military and public safety,11
17,APPLICATION: Government - military and public safety,11
212,APPLICATION: Government - military and public safety,11
216,APPLICATION: Government - military and public safety,11
213,APPLICATION: Government - military and public safety,11
214,APPLICATION: Government - military and public safety,11
211,APPLICATION: Government - military and public safety,11
215,APPLICATION: Government - military and public safety,11
217,APPLICATION: Government - military and public safety,11
218,APPLICATION: Government - military and public safety,11
52,APPLICATION: Government - military and public safety,11
25,APPLICATION: Government - military and public safety,11
69,APPLICATION: Government - military and public safety,11
61,APPLICATION: Government - military and public safety,11
63,APPLICATION: Government - military and public safety,11
77,APPLICATION: Government - military and public safety,11
76,APPLICATION: Government - military and public safety,11
56,APPLICATION: Government - military and public safety,11
64,APPLICATION: Government - military and public safety,11
181,APPLICATION: Government - military and public safety,11
1234,APPLICATION: Government - military and public safety,11
403,APPLICATION: Government - military and public safety,11
850,APPLICATION: Government - military and public safety,11
1198,APPLICATION: Government - military and public safety,11
1163,APPLICATION: Government - military and public safety,11
1376,APPLICATION: Government - military and public safety,11
395,APPLICATION: Government - military and public safety,11
399,APPLICATION: Government - military and public safety,11
401,APPLICATION: Government - military and public safety,11
420,APPLICATION: Government - military and public safety,11
437,APPLICATION: Government - military and public safety,11
462,APPLICATION: Government - military and public safety,11
471,APPLICATION: Government - military and public safety,11
484,APPLICATION: Government - military and public safety,11
597,APPLICATION: Government - military and public safety,11
721,APPLICATION: Government - military and public safety,11
879,APPLICATION: Government - military and public safety,11
855,APPLICATION: Government - military and public safety,11
326,APPLICATION: Government - military and public safety,11
1297,APPLICATION: Government - military and public safety,11
1202,APPLICATION: Government - military and public safety,11
275,APPLICATION: Government - military and public safety,11
995,APPLICATION: Government - military and public safety,11
765,APPLICATION: Government - military and public safety,11
150,APPLICATION: Government - military and public safety,11
311,APPLICATION: Government - military and public safety,11
757,APPLICATION: Government - military and public safety,11
50,APPLICATION: Government - military and public safety,11
1385,APPLICATION: Government - military and public safety,11
1387,APPLICATION: Government - military and public safety,11
2425,APPLICATION: Government - other applications/unspecified,12
2052,APPLICATION: Government - other applications/unspecified,12
1549,APPLICATION: Government - other applications/unspecified,12
1551,APPLICATION: Government - other applications/unspecified,12
1750,APPLICATION: Government - other applications/unspecified,12
2097,APPLICATION: Government - other applications/unspecified,12
1379,APPLICATION: Government - other applications/unspecified,12
447,APPLICATION: Government - other applications/unspecified,12
1054,APPLICATION: Government - other applications/unspecified,12
637,APPLICATION: Government - other applications/unspecified,12
2047,APPLICATION: Government - other applications/unspecified,12
904,APPLICATION: Government - other applications/unspecified,12
1829,APPLICATION: Government - other applications/unspecified,12
1826,APPLICATION: Government - other applications/unspecified,12
1356,APPLICATION: Government - other applications/unspecified,12
1243,APPLICATION: Government - other applications/unspecified,12
1417,APPLICATION: Government - other applications/unspecified,12
1763,APPLICATION: Government - other applications/unspecified,12
1802,APPLICATION: Government - other applications/unspecified,12
2019,APPLICATION: Government - other applications/unspecified,12
1264,APPLICATION: Government - other applications/unspecified,12
1099,APPLICATION: Government - other applications/unspecified,12
374,APPLICATION: Government - other applications/unspecified,12
3,APPLICATION: Government - other applications/unspecified,12
307,APPLICATION: Government - other applications/unspecified,12
244,APPLICATION: Government - other applications/unspecified,12
208,APPLICATION: Government - other applications/unspecified,12
161,APPLICATION: Government - other applications/unspecified,12
196,APPLICATION: Government - other applications/unspecified,12
384,APPLICATION: Government - other applications/unspecified,12
226,APPLICATION: Government - other applications/unspecified,12
14,APPLICATION: Government - other applications/unspecified,12
233,APPLICATION: Government - other applications/unspecified,12
216,APPLICATION: Government - other applications/unspecified,12
27,APPLICATION: Government - other applications/unspecified,12
25,APPLICATION: Government - other applications/unspecified,12
69,APPLICATION: Government - other applications/unspecified,12
55,APPLICATION: Government - other applications/unspecified,12
54,APPLICATION: Government - other applications/unspecified,12
68,APPLICATION: Government - other applications/unspecified,12
891,APPLICATION: Government - other applications/unspecified,12
534,APPLICATION: Government - other applications/unspecified,12
906,APPLICATION: Government - other applications/unspecified,12
399,APPLICATION: Government - other applications/unspecified,12
414,APPLICATION: Government - other applications/unspecified,12
433,APPLICATION: Government - other applications/unspecified,12
440,APPLICATION: Government - other applications/unspecified,12
462,APPLICATION: Government - other applications/unspecified,12
471,APPLICATION: Government - other applications/unspecified,12
467,APPLICATION: Government - other applications/unspecified,12
540,APPLICATION: Government - other applications/unspecified,12
517,APPLICATION: Government - other applications/unspecified,12
896,APPLICATION: Government - other applications/unspecified,12
1010,APPLICATION: Government - other applications/unspecified,12
1320,APPLICATION: Government - other applications/unspecified,12
1297,APPLICATION: Government - other applications/unspecified,12
363,APPLICATION: Government - other applications/unspecified,12
1111,APPLICATION: Government - other applications/unspecified,12
293,APPLICATION: Government - other applications/unspecified,12
280,APPLICATION: Government - other applications/unspecified,12
1377,APPLICATION: Government - other applications/unspecified,12
757,APPLICATION: Government - other applications/unspecified,12
266,APPLICATION: Government - other applications/unspecified,12
1385,APPLICATION: Government - other applications/unspecified,12
1387,APPLICATION: Government - other applications/unspecified,12
276,APPLICATION: Government - other applications/unspecified,12
1751,APPLICATION: Manufacturing and process automation,13
1783,APPLICATION: Manufacturing and process automation,13
1099,APPLICATION: Manufacturing and process automation,13
66,APPLICATION: Manufacturing and process automation,13
148,APPLICATION: Manufacturing and process automation,13
231,APPLICATION: Manufacturing and process automation,13
302,APPLICATION: Manufacturing and process automation,13
25,APPLICATION: Manufacturing and process automation,13
55,APPLICATION: Manufacturing and process automation,13
77,APPLICATION: Manufacturing and process automation,13
58,APPLICATION: Manufacturing and process automation,13
163,APPLICATION: Manufacturing and process automation,13
64,APPLICATION: Manufacturing and process automation,13
471,APPLICATION: Manufacturing and process automation,13
496,APPLICATION: Manufacturing and process automation,13
2151,"APPLICATION: Medicine, life sciences and public health",14
1553,"APPLICATION: Medicine, life sciences and public health",14
1552,"APPLICATION: Medicine, life sciences and public health",14
2097,"APPLICATION: Medicine, life sciences and public health",14
1723,"APPLICATION: Medicine, life sciences and public health",14
1996,"APPLICATION: Medicine, life sciences and public health",14
1974,"APPLICATION: Medicine, life sciences and public health",14
1972,"APPLICATION: Medicine, life sciences and public health",14
1826,"APPLICATION: Medicine, life sciences and public health",14
1382,"APPLICATION: Medicine, life sciences and public health",14
1752,"APPLICATION: Medicine, life sciences and public health",14
1782,"APPLICATION: Medicine, life sciences and public health",14
1783,"APPLICATION: Medicine, life sciences and public health",14
1831,"APPLICATION: Medicine, life sciences and public health",14
1802,"APPLICATION: Medicine, life sciences and public health",14
1803,"APPLICATION: Medicine, life sciences and public health",14
1223,"APPLICATION: Medicine, life sciences and public health",14
1099,"APPLICATION: Medicine, life sciences and public health",14
2,"APPLICATION: Medicine, life sciences and public health",14
78,"APPLICATION: Medicine, life sciences and public health",14
73,"APPLICATION: Medicine, life sciences and public health",14
307,"APPLICATION: Medicine, life sciences and public health",14
392,"APPLICATION: Medicine, life sciences and public health",14
302,"APPLICATION: Medicine, life sciences and public health",14
247,"APPLICATION: Medicine, life sciences and public health",14
25,"APPLICATION: Medicine, life sciences and public health",14
54,"APPLICATION: Medicine, life sciences and public health",14
68,"APPLICATION: Medicine, life sciences and public health",14
75,"APPLICATION: Medicine, life sciences and public health",14
179,"APPLICATION: Medicine, life sciences and public health",14
182,"APPLICATION: Medicine, life sciences and public health",14
178,"APPLICATION: Medicine, life sciences and public health",14
169,"APPLICATION: Medicine, life sciences and public health",14
180,"APPLICATION: Medicine, life sciences and public health",14
174,"APPLICATION: Medicine, life sciences and public health",14
173,"APPLICATION: Medicine, life sciences and public health",14
177,"APPLICATION: Medicine, life sciences and public health",14
183,"APPLICATION: Medicine, life sciences and public health",14
170,"APPLICATION: Medicine, life sciences and public health",14
176,"APPLICATION: Medicine, life sciences and public health",14
768,"APPLICATION: Medicine, life sciences and public health",14
1376,"APPLICATION: Medicine, life sciences and public health",14
771,"APPLICATION: Medicine, life sciences and public health",14
315,"APPLICATION: Medicine, life sciences and public health",14
429,"APPLICATION: Medicine, life sciences and public health",14
593,"APPLICATION: Medicine, life sciences and public health",14
807,"APPLICATION: Medicine, life sciences and public health",14
560,"APPLICATION: Medicine, life sciences and public health",14
1303,"APPLICATION: Medicine, life sciences and public health",14
1251,"APPLICATION: Medicine, life sciences and public health",14
316,"APPLICATION: Medicine, life sciences and public health",14
274,"APPLICATION: Medicine, life sciences and public health",14
995,"APPLICATION: Medicine, life sciences and public health",14
356,"APPLICATION: Medicine, life sciences and public health",14
290,"APPLICATION: Medicine, life sciences and public health",14
1377,"APPLICATION: Medicine, life sciences and public health",14
757,"APPLICATION: Medicine, life sciences and public health",14
1385,"APPLICATION: Medicine, life sciences and public health",14
1387,"APPLICATION: Medicine, life sciences and public health",14
1549,APPLICATION: Networking and telecommunications,15
1551,APPLICATION: Networking and telecommunications,15
1560,APPLICATION: Networking and telecommunications,15
1802,APPLICATION: Networking and telecommunications,15
66,APPLICATION: Networking and telecommunications,15
307,APPLICATION: Networking and telecommunications,15
76,APPLICATION: Networking and telecommunications,15
36,APPLICATION: Networking and telecommunications,15
396,APPLICATION: Networking and telecommunications,15
451,APPLICATION: Networking and telecommunications,15
453,APPLICATION: Networking and telecommunications,15
1251,APPLICATION: Networking and telecommunications,15
1377,APPLICATION: Networking and telecommunications,15
266,APPLICATION: Networking and telecommunications,15
1974,"APPLICATION: Sales, retail, and customer relations",16
1378,"APPLICATION: Sales, retail, and customer relations",16
1099,"APPLICATION: Sales, retail, and customer relations",16
2,"APPLICATION: Sales, retail, and customer relations",16
307,"APPLICATION: Sales, retail, and customer relations",16
175,"APPLICATION: Sales, retail, and customer relations",16
1371,"APPLICATION: Sales, retail, and customer relations",16
995,"APPLICATION: Sales, retail, and customer relations",16
308,"APPLICATION: Sales, retail, and customer relations",16
266,"APPLICATION: Sales, retail, and customer relations",16
1783,APPLICATION: Security,17
1805,APPLICATION: Security,17
987,APPLICATION: Security,17
307,APPLICATION: Security,17
148,APPLICATION: Security,17
139,APPLICATION: Security,17
147,APPLICATION: Security,17
5,APPLICATION: Security,17
8,APPLICATION: Security,17
25,APPLICATION: Security,17
28,APPLICATION: Security,17
76,APPLICATION: Security,17
56,APPLICATION: Security,17
75,APPLICATION: Security,17
36,APPLICATION: Security,17
401,APPLICATION: Security,17
807,APPLICATION: Security,17
326,APPLICATION: Security,17
995,APPLICATION: Security,17
266,APPLICATION: Security,17
766,APPLICATION: Security,17
1385,APPLICATION: Security,17
1387,APPLICATION: Security,17
1562,APPLICATION: Transportation,18
1545,APPLICATION: Transportation,18
1748,APPLICATION: Transportation,18
838,APPLICATION: Transportation,18
839,APPLICATION: Transportation,18
1736,APPLICATION: Transportation,18
1745,APPLICATION: Transportation,18
1802,APPLICATION: Transportation,18
1099,APPLICATION: Transportation,18
2,APPLICATION: Transportation,18
307,APPLICATION: Transportation,18
160,APPLICATION: Transportation,18
302,APPLICATION: Transportation,18
164,APPLICATION: Transportation,18
162,APPLICATION: Transportation,18
165,APPLICATION: Transportation,18
163,APPLICATION: Transportation,18
181,APPLICATION: Transportation,18
496,APPLICATION: Transportation,18
1377,APPLICATION: Transportation,18
757,APPLICATION: Transportation,18
1543,HARM: Detrimental content,19
1555,HARM: Detrimental content,19
1549,HARM: Detrimental content,19
1551,HARM: Detrimental content,19
1734,HARM: Detrimental content,19
1544,HARM: Detrimental content,19
1723,HARM: Detrimental content,19
1828,HARM: Detrimental content,19
1407,HARM: Detrimental content,19
1996,HARM: Detrimental content,19
2047,HARM: Detrimental content,19
1974,HARM: Detrimental content,19
1972,HARM: Detrimental content,19
1356,HARM: Detrimental content,19
1396,HARM: Detrimental content,19
1801,HARM: Detrimental content,19
2040,HARM: Detrimental content,19
1383,HARM: Detrimental content,19
1378,HARM: Detrimental content,19
1782,HARM: Detrimental content,19
1802,HARM: Detrimental content,19
1815,HARM: Detrimental content,19
1053,HARM: Detrimental content,19
377,HARM: Detrimental content,19
481,HARM: Detrimental content,19
523,HARM: Detrimental content,19
456,HARM: Detrimental content,19
60,HARM: Detrimental content,19
307,HARM: Detrimental content,19
149,HARM: Detrimental content,19
152,HARM: Detrimental content,19
194,HARM: Detrimental content,19
69,HARM: Detrimental content,19
1499,HARM: Detrimental content,19
826,HARM: Detrimental content,19
1293,HARM: Detrimental content,19
36,HARM: Detrimental content,19
771,HARM: Detrimental content,19
442,HARM: Detrimental content,19
451,HARM: Detrimental content,19
453,HARM: Detrimental content,19
517,HARM: Detrimental content,19
531,HARM: Detrimental content,19
590,HARM: Detrimental content,19
573,HARM: Detrimental content,19
883,HARM: Detrimental content,19
901,HARM: Detrimental content,19
896,HARM: Detrimental content,19
882,HARM: Detrimental content,19
1303,HARM: Detrimental content,19
1280,HARM: Detrimental content,19
1305,HARM: Detrimental content,19
1287,HARM: Detrimental content,19
329,HARM: Detrimental content,19
309,HARM: Detrimental content,19
308,HARM: Detrimental content,19
37,HARM: Detrimental content,19
1377,HARM: Detrimental content,19
757,HARM: Detrimental content,19
266,HARM: Detrimental content,19
766,HARM: Detrimental content,19
1385,HARM: Detrimental content,19
2052,HARM: Discrimination,20
1554,HARM: Discrimination,20
2151,HARM: Discrimination,20
1553,HARM: Discrimination,20
2097,HARM: Discrimination,20
1379,HARM: Discrimination,20
1723,HARM: Discrimination,20
1816,HARM: Discrimination,20
1828,HARM: Discrimination,20
637,HARM: Discrimination,20
1996,HARM: Discrimination,20
1974,HARM: Discrimination,20
1991,HARM: Discrimination,20
1829,HARM: Discrimination,20
1972,HARM: Discrimination,20
1826,HARM: Discrimination,20
1356,HARM: Discrimination,20
1396,HARM: Discrimination,20
2031,HARM: Discrimination,20
1383,HARM: Discrimination,20
1382,HARM: Discrimination,20
1782,HARM: Discrimination,20
1831,HARM: Discrimination,20
1802,HARM: Discrimination,20
1815,HARM: Discrimination,20
1803,HARM: Discrimination,20
2038,HARM: Discrimination,20
1264,HARM: Discrimination,20
1099,HARM: Discrimination,20
1109,HARM: Discrimination,20
72,HARM: Discrimination,20
307,HARM: Discrimination,20
314,HARM: Discrimination,20
244,HARM: Discrimination,20
208,HARM: Discrimination,20
230,HARM: Discrimination,20
25,HARM: Discrimination,20
69,HARM: Discrimination,20
61,HARM: Discrimination,20
277,HARM: Discrimination,20
906,HARM: Discrimination,20
1376,HARM: Discrimination,20
771,HARM: Discrimination,20
416,HARM: Discrimination,20
793,HARM: Discrimination,20
531,HARM: Discrimination,20
807,HARM: Discrimination,20
560,HARM: Discrimination,20
604,HARM: Discrimination,20
1303,HARM: Discrimination,20
327,HARM: Discrimination,20
288,HARM: Discrimination,20
329,HARM: Discrimination,20
274,HARM: Discrimination,20
278,HARM: Discrimination,20
758,HARM: Discrimination,20
995,HARM: Discrimination,20
368,HARM: Discrimination,20
360,HARM: Discrimination,20
363,HARM: Discrimination,20
765,HARM: Discrimination,20
294,HARM: Discrimination,20
286,HARM: Discrimination,20
284,HARM: Discrimination,20
37,HARM: Discrimination,20
280,HARM: Discrimination,20
1125,HARM: Discrimination,20
1377,HARM: Discrimination,20
757,HARM: Discrimination,20
266,HARM: Discrimination,20
1385,HARM: Discrimination,20
1387,HARM: Discrimination,20
281,HARM: Discrimination,20
2052,HARM: Ecological harm,21
1379,HARM: Ecological harm,21
1356,HARM: Ecological harm,21
1383,HARM: Ecological harm,21
1382,HARM: Ecological harm,21
1763,HARM: Ecological harm,21
1804,HARM: Ecological harm,21
1099,HARM: Ecological harm,21
235,HARM: Ecological harm,21
181,HARM: Ecological harm,21
1163,HARM: Ecological harm,21
772,HARM: Ecological harm,21
443,HARM: Ecological harm,21
400,HARM: Ecological harm,21
855,HARM: Ecological harm,21
1303,HARM: Ecological harm,21
275,HARM: Ecological harm,21
363,HARM: Ecological harm,21
757,HARM: Ecological harm,21
1385,HARM: Ecological harm,21
2052,HARM: Financial loss,22
1554,HARM: Financial loss,22
2151,HARM: Financial loss,22
1974,HARM: Financial loss,22
1970,HARM: Financial loss,22
1829,HARM: Financial loss,22
1972,HARM: Financial loss,22
1997,HARM: Financial loss,22
2040,HARM: Financial loss,22
1417,HARM: Financial loss,22
2041,HARM: Financial loss,22
380,HARM: Financial loss,22
377,HARM: Financial loss,22
66,HARM: Financial loss,22
307,HARM: Financial loss,22
314,HARM: Financial loss,22
247,HARM: Financial loss,22
69,HARM: Financial loss,22
277,HARM: Financial loss,22
175,HARM: Financial loss,22
1499,HARM: Financial loss,22
826,HARM: Financial loss,22
906,HARM: Financial loss,22
1293,HARM: Financial loss,22
1376,HARM: Financial loss,22
315,HARM: Financial loss,22
433,HARM: Financial loss,22
451,HARM: Financial loss,22
453,HARM: Financial loss,22
560,HARM: Financial loss,22
604,HARM: Financial loss,22
886,HARM: Financial loss,22
883,HARM: Financial loss,22
855,HARM: Financial loss,22
882,HARM: Financial loss,22
1297,HARM: Financial loss,22
327,HARM: Financial loss,22
288,HARM: Financial loss,22
496,HARM: Financial loss,22
275,HARM: Financial loss,22
329,HARM: Financial loss,22
278,HARM: Financial loss,22
995,HARM: Financial loss,22
367,HARM: Financial loss,22
1111,HARM: Financial loss,22
284,HARM: Financial loss,22
37,HARM: Financial loss,22
280,HARM: Financial loss,22
266,HARM: Financial loss,22
766,HARM: Financial loss,22
281,HARM: Financial loss,22
2052,HARM: Harm to health/safety,23
2151,HARM: Harm to health/safety,23
1553,HARM: Harm to health/safety,23
1740,HARM: Harm to health/safety,23
2097,HARM: Harm to health/safety,23
1746,HARM: Harm to health/safety,23
1723,HARM: Harm to health/safety,23
2047,HARM: Harm to health/safety,23
1974,HARM: Harm to health/safety,23
1970,HARM: Harm to health/safety,23
1678,HARM: Harm to health/safety,23
1972,HARM: Harm to health/safety,23
1356,HARM: Harm to health/safety,23
1997,HARM: Harm to health/safety,23
1801,HARM: Harm to health/safety,23
2040,HARM: Harm to health/safety,23
1383,HARM: Harm to health/safety,23
1382,HARM: Harm to health/safety,23
1380,HARM: Harm to health/safety,23
1763,HARM: Harm to health/safety,23
1782,HARM: Harm to health/safety,23
1802,HARM: Harm to health/safety,23
1815,HARM: Harm to health/safety,23
1803,HARM: Harm to health/safety,23
2038,HARM: Harm to health/safety,23
2041,HARM: Harm to health/safety,23
987,HARM: Harm to health/safety,23
73,HARM: Harm to health/safety,23
307,HARM: Harm to health/safety,23
204,HARM: Harm to health/safety,23
194,HARM: Harm to health/safety,23
392,HARM: Harm to health/safety,23
237,HARM: Harm to health/safety,23
235,HARM: Harm to health/safety,23
230,HARM: Harm to health/safety,23
17,HARM: Harm to health/safety,23
218,HARM: Harm to health/safety,23
247,HARM: Harm to health/safety,23
69,HARM: Harm to health/safety,23
54,HARM: Harm to health/safety,23
179,HARM: Harm to health/safety,23
182,HARM: Harm to health/safety,23
178,HARM: Harm to health/safety,23
169,HARM: Harm to health/safety,23
180,HARM: Harm to health/safety,23
174,HARM: Harm to health/safety,23
173,HARM: Harm to health/safety,23
177,HARM: Harm to health/safety,23
183,HARM: Harm to health/safety,23
170,HARM: Harm to health/safety,23
176,HARM: Harm to health/safety,23
181,HARM: Harm to health/safety,23
1198,HARM: Harm to health/safety,23
826,HARM: Harm to health/safety,23
768,HARM: Harm to health/safety,23
1293,HARM: Harm to health/safety,23
1163,HARM: Harm to health/safety,23
767,HARM: Harm to health/safety,23
772,HARM: Harm to health/safety,23
1376,HARM: Harm to health/safety,23
315,HARM: Harm to health/safety,23
442,HARM: Harm to health/safety,23
451,HARM: Harm to health/safety,23
462,HARM: Harm to health/safety,23
573,HARM: Harm to health/safety,23
807,HARM: Harm to health/safety,23
560,HARM: Harm to health/safety,23
604,HARM: Harm to health/safety,23
852,HARM: Harm to health/safety,23
855,HARM: Harm to health/safety,23
1303,HARM: Harm to health/safety,23
327,HARM: Harm to health/safety,23
323,HARM: Harm to health/safety,23
316,HARM: Harm to health/safety,23
275,HARM: Harm to health/safety,23
329,HARM: Harm to health/safety,23
278,HARM: Harm to health/safety,23
758,HARM: Harm to health/safety,23
995,HARM: Harm to health/safety,23
368,HARM: Harm to health/safety,23
363,HARM: Harm to health/safety,23
765,HARM: Harm to health/safety,23
785,HARM: Harm to health/safety,23
290,HARM: Harm to health/safety,23
37,HARM: Harm to health/safety,23
280,HARM: Harm to health/safety,23
1125,HARM: Harm to health/safety,23
1377,HARM: Harm to health/safety,23
757,HARM: Harm to health/safety,23
266,HARM: Harm to health/safety,23
766,HARM: Harm to health/safety,23
1385,HARM: Harm to health/safety,23
1387,HARM: Harm to health/safety,23
1194,HARM: Harm to health/safety,23
1195,HARM: Harm to health/safety,23
1196,HARM: Harm to health/safety,23
2052,HARM: Harm to infrastructure,24
1970,HARM: Harm to infrastructure,24
1356,HARM: Harm to infrastructure,24
2040,HARM: Harm to infrastructure,24
1383,HARM: Harm to infrastructure,24
987,HARM: Harm to infrastructure,24
307,HARM: Harm to infrastructure,24
17,HARM: Harm to infrastructure,24
215,HARM: Harm to infrastructure,24
69,HARM: Harm to infrastructure,24
165,HARM: Harm to infrastructure,24
163,HARM: Harm to infrastructure,24
79,HARM: Harm to infrastructure,24
67,HARM: Harm to infrastructure,24
181,HARM: Harm to infrastructure,24
1163,HARM: Harm to infrastructure,24
315,HARM: Harm to infrastructure,24
855,HARM: Harm to infrastructure,24
1303,HARM: Harm to infrastructure,24
275,HARM: Harm to infrastructure,24
363,HARM: Harm to infrastructure,24
757,HARM: Harm to infrastructure,24
766,HARM: Harm to infrastructure,24
1385,HARM: Harm to infrastructure,24
1387,HARM: Harm to infrastructure,24
1723,HARM: Harm to property,25
1356,HARM: Harm to property,25
1997,HARM: Harm to property,25
1802,HARM: Harm to property,25
2041,HARM: Harm to property,25
235,HARM: Harm to property,25
69,HARM: Harm to property,25
1163,HARM: Harm to property,25
772,HARM: Harm to property,25
1376,HARM: Harm to property,25
451,HARM: Harm to property,25
874,HARM: Harm to property,25
855,HARM: Harm to property,25
1303,HARM: Harm to property,25
323,HARM: Harm to property,25
275,HARM: Harm to property,25
329,HARM: Harm to property,25
363,HARM: Harm to property,25
765,HARM: Harm to property,25
37,HARM: Harm to property,25
1125,HARM: Harm to property,25
757,HARM: Harm to property,25
2052,"HARM: Violation of civil or human rights, including privacy",26
1554,"HARM: Violation of civil or human rights, including privacy",26
1543,"HARM: Violation of civil or human rights, including privacy",26
1549,"HARM: Violation of civil or human rights, including privacy",26
1734,"HARM: Violation of civil or human rights, including privacy",26
1544,"HARM: Violation of civil or human rights, including privacy",26
1553,"HARM: Violation of civil or human rights, including privacy",26
2097,"HARM: Violation of civil or human rights, including privacy",26
1379,"HARM: Violation of civil or human rights, including privacy",26
2244,"HARM: Violation of civil or human rights, including privacy",26
1723,"HARM: Violation of civil or human rights, including privacy",26
1816,"HARM: Violation of civil or human rights, including privacy",26
1806,"HARM: Violation of civil or human rights, including privacy",26
637,"HARM: Violation of civil or human rights, including privacy",26
2096,"HARM: Violation of civil or human rights, including privacy",26
1996,"HARM: Violation of civil or human rights, including privacy",26
2047,"HARM: Violation of civil or human rights, including privacy",26
1974,"HARM: Violation of civil or human rights, including privacy",26
1991,"HARM: Violation of civil or human rights, including privacy",26
904,"HARM: Violation of civil or human rights, including privacy",26
1228,"HARM: Violation of civil or human rights, including privacy",26
1829,"HARM: Violation of civil or human rights, including privacy",26
1972,"HARM: Violation of civil or human rights, including privacy",26
1826,"HARM: Violation of civil or human rights, including privacy",26
1032,"HARM: Violation of civil or human rights, including privacy",26
1356,"HARM: Violation of civil or human rights, including privacy",26
1396,"HARM: Violation of civil or human rights, including privacy",26
1801,"HARM: Violation of civil or human rights, including privacy",26
1417,"HARM: Violation of civil or human rights, including privacy",26
1383,"HARM: Violation of civil or human rights, including privacy",26
1382,"HARM: Violation of civil or human rights, including privacy",26
1380,"HARM: Violation of civil or human rights, including privacy",26
1378,"HARM: Violation of civil or human rights, including privacy",26
1782,"HARM: Violation of civil or human rights, including privacy",26
1802,"HARM: Violation of civil or human rights, including privacy",26
1815,"HARM: Violation of civil or human rights, including privacy",26
1803,"HARM: Violation of civil or human rights, including privacy",26
1264,"HARM: Violation of civil or human rights, including privacy",26
1053,"HARM: Violation of civil or human rights, including privacy",26
481,"HARM: Violation of civil or human rights, including privacy",26
571,"HARM: Violation of civil or human rights, including privacy",26
456,"HARM: Violation of civil or human rights, including privacy",26
72,"HARM: Violation of civil or human rights, including privacy",26
60,"HARM: Violation of civil or human rights, including privacy",26
307,"HARM: Violation of civil or human rights, including privacy",26
314,"HARM: Violation of civil or human rights, including privacy",26
149,"HARM: Violation of civil or human rights, including privacy",26
152,"HARM: Violation of civil or human rights, including privacy",26
230,"HARM: Violation of civil or human rights, including privacy",26
25,"HARM: Violation of civil or human rights, including privacy",26
69,"HARM: Violation of civil or human rights, including privacy",26
61,"HARM: Violation of civil or human rights, including privacy",26
277,"HARM: Violation of civil or human rights, including privacy",26
68,"HARM: Violation of civil or human rights, including privacy",26
181,"HARM: Violation of civil or human rights, including privacy",26
1499,"HARM: Violation of civil or human rights, including privacy",26
826,"HARM: Violation of civil or human rights, including privacy",26
906,"HARM: Violation of civil or human rights, including privacy",26
1293,"HARM: Violation of civil or human rights, including privacy",26
36,"HARM: Violation of civil or human rights, including privacy",26
1376,"HARM: Violation of civil or human rights, including privacy",26
771,"HARM: Violation of civil or human rights, including privacy",26
416,"HARM: Violation of civil or human rights, including privacy",26
414,"HARM: Violation of civil or human rights, including privacy",26
440,"HARM: Violation of civil or human rights, including privacy",26
453,"HARM: Violation of civil or human rights, including privacy",26
467,"HARM: Violation of civil or human rights, including privacy",26
531,"HARM: Violation of civil or human rights, including privacy",26
573,"HARM: Violation of civil or human rights, including privacy",26
592,"HARM: Violation of civil or human rights, including privacy",26
807,"HARM: Violation of civil or human rights, including privacy",26
560,"HARM: Violation of civil or human rights, including privacy",26
604,"HARM: Violation of civil or human rights, including privacy",26
883,"HARM: Violation of civil or human rights, including privacy",26
865,"HARM: Violation of civil or human rights, including privacy",26
901,"HARM: Violation of civil or human rights, including privacy",26
896,"HARM: Violation of civil or human rights, including privacy",26
882,"HARM: Violation of civil or human rights, including privacy",26
1303,"HARM: Violation of civil or human rights, including privacy",26
1280,"HARM: Violation of civil or human rights, including privacy",26
1297,"HARM: Violation of civil or human rights, including privacy",26
1305,"HARM: Violation of civil or human rights, including privacy",26
327,"HARM: Violation of civil or human rights, including privacy",26
288,"HARM: Violation of civil or human rights, including privacy",26
89,"HARM: Violation of civil or human rights, including privacy",26
35,"HARM: Violation of civil or human rights, including privacy",26
329,"HARM: Violation of civil or human rights, including privacy",26
285,"HARM: Violation of civil or human rights, including privacy",26
274,"HARM: Violation of civil or human rights, including privacy",26
278,"HARM: Violation of civil or human rights, including privacy",26
758,"HARM: Violation of civil or human rights, including privacy",26
995,"HARM: Violation of civil or human rights, including privacy",26
368,"HARM: Violation of civil or human rights, including privacy",26
360,"HARM: Violation of civil or human rights, including privacy",26
363,"HARM: Violation of civil or human rights, including privacy",26
1111,"HARM: Violation of civil or human rights, including privacy",26
765,"HARM: Violation of civil or human rights, including privacy",26
294,"HARM: Violation of civil or human rights, including privacy",26
286,"HARM: Violation of civil or human rights, including privacy",26
284,"HARM: Violation of civil or human rights, including privacy",26
292,"HARM: Violation of civil or human rights, including privacy",26
299,"HARM: Violation of civil or human rights, including privacy",26
308,"HARM: Violation of civil or human rights, including privacy",26
293,"HARM: Violation of civil or human rights, including privacy",26
37,"HARM: Violation of civil or human rights, including privacy",26
280,"HARM: Violation of civil or human rights, including privacy",26
1125,"HARM: Violation of civil or human rights, including privacy",26
1377,"HARM: Violation of civil or human rights, including privacy",26
757,"HARM: Violation of civil or human rights, including privacy",26
50,"HARM: Violation of civil or human rights, including privacy",26
266,"HARM: Violation of civil or human rights, including privacy",26
766,"HARM: Violation of civil or human rights, including privacy",26
1385,"HARM: Violation of civil or human rights, including privacy",26
1387,"HARM: Violation of civil or human rights, including privacy",26
276,"HARM: Violation of civil or human rights, including privacy",26
281,"HARM: Violation of civil or human rights, including privacy",26
1194,"HARM: Violation of civil or human rights, including privacy",26
1996,INCENTIVE: Access to business opportunities,27
1815,INCENTIVE: Access to business opportunities,27
1805,INCENTIVE: Access to business opportunities,27
188,INCENTIVE: Access to business opportunities,27
36,INCENTIVE: Access to business opportunities,27
597,INCENTIVE: Access to business opportunities,27
883,INCENTIVE: Access to business opportunities,27
1377,INCENTIVE: Access to business opportunities,27
1385,INCENTIVE: Access to business opportunities,27
1194,INCENTIVE: Access to business opportunities,27
1195,INCENTIVE: Access to business opportunities,27
1549,INCENTIVE: Civil liability,28
1734,INCENTIVE: Civil liability,28
1544,INCENTIVE: Civil liability,28
1558,INCENTIVE: Civil liability,28
2097,INCENTIVE: Civil liability,28
1828,INCENTIVE: Civil liability,28
637,INCENTIVE: Civil liability,28
2096,INCENTIVE: Civil liability,28
1996,INCENTIVE: Civil liability,28
2047,INCENTIVE: Civil liability,28
1991,INCENTIVE: Civil liability,28
904,INCENTIVE: Civil liability,28
1972,INCENTIVE: Civil liability,28
1826,INCENTIVE: Civil liability,28
1356,INCENTIVE: Civil liability,28
1997,INCENTIVE: Civil liability,28
1378,INCENTIVE: Civil liability,28
1782,INCENTIVE: Civil liability,28
1815,INCENTIVE: Civil liability,28
1805,INCENTIVE: Civil liability,28
2041,INCENTIVE: Civil liability,28
481,INCENTIVE: Civil liability,28
72,INCENTIVE: Civil liability,28
181,INCENTIVE: Civil liability,28
826,INCENTIVE: Civil liability,28
1163,INCENTIVE: Civil liability,28
36,INCENTIVE: Civil liability,28
554,INCENTIVE: Civil liability,28
1376,INCENTIVE: Civil liability,28
395,INCENTIVE: Civil liability,28
442,INCENTIVE: Civil liability,28
441,INCENTIVE: Civil liability,28
448,INCENTIVE: Civil liability,28
451,INCENTIVE: Civil liability,28
436,INCENTIVE: Civil liability,28
453,INCENTIVE: Civil liability,28
517,INCENTIVE: Civil liability,28
793,INCENTIVE: Civil liability,28
532,INCENTIVE: Civil liability,28
531,INCENTIVE: Civil liability,28
590,INCENTIVE: Civil liability,28
573,INCENTIVE: Civil liability,28
522,INCENTIVE: Civil liability,28
560,INCENTIVE: Civil liability,28
886,INCENTIVE: Civil liability,28
874,INCENTIVE: Civil liability,28
988,INCENTIVE: Civil liability,28
889,INCENTIVE: Civil liability,28
990,INCENTIVE: Civil liability,28
1280,INCENTIVE: Civil liability,28
1305,INCENTIVE: Civil liability,28
1202,INCENTIVE: Civil liability,28
288,INCENTIVE: Civil liability,28
1681,INCENTIVE: Civil liability,28
329,INCENTIVE: Civil liability,28
285,INCENTIVE: Civil liability,28
274,INCENTIVE: Civil liability,28
278,INCENTIVE: Civil liability,28
356,INCENTIVE: Civil liability,28
301,INCENTIVE: Civil liability,28
286,INCENTIVE: Civil liability,28
284,INCENTIVE: Civil liability,28
308,INCENTIVE: Civil liability,28
37,INCENTIVE: Civil liability,28
280,INCENTIVE: Civil liability,28
1377,INCENTIVE: Civil liability,28
281,INCENTIVE: Civil liability,28
1543,INCENTIVE: Criminal liability,29
1555,INCENTIVE: Criminal liability,29
1407,INCENTIVE: Criminal liability,29
456,INCENTIVE: Criminal liability,29
181,INCENTIVE: Criminal liability,29
1499,INCENTIVE: Criminal liability,29
826,INCENTIVE: Criminal liability,29
1293,INCENTIVE: Criminal liability,29
36,INCENTIVE: Criminal liability,29
604,INCENTIVE: Criminal liability,29
901,INCENTIVE: Criminal liability,29
990,INCENTIVE: Criminal liability,29
288,INCENTIVE: Criminal liability,29
1681,INCENTIVE: Criminal liability,29
274,INCENTIVE: Criminal liability,29
309,INCENTIVE: Criminal liability,29
37,INCENTIVE: Criminal liability,29
1377,INCENTIVE: Criminal liability,29
266,INCENTIVE: Criminal liability,29
1543,INCENTIVE: Fines,30
1555,INCENTIVE: Fines,30
1558,INCENTIVE: Fines,30
2097,INCENTIVE: Fines,30
1828,INCENTIVE: Fines,30
1996,INCENTIVE: Fines,30
1991,INCENTIVE: Fines,30
904,INCENTIVE: Fines,30
1997,INCENTIVE: Fines,30
1782,INCENTIVE: Fines,30
1815,INCENTIVE: Fines,30
2038,INCENTIVE: Fines,30
1109,INCENTIVE: Fines,30
456,INCENTIVE: Fines,30
72,INCENTIVE: Fines,30
247,INCENTIVE: Fines,30
181,INCENTIVE: Fines,30
826,INCENTIVE: Fines,30
1163,INCENTIVE: Fines,30
395,INCENTIVE: Fines,30
448,INCENTIVE: Fines,30
451,INCENTIVE: Fines,30
453,INCENTIVE: Fines,30
517,INCENTIVE: Fines,30
652,INCENTIVE: Fines,30
590,INCENTIVE: Fines,30
573,INCENTIVE: Fines,30
522,INCENTIVE: Fines,30
560,INCENTIVE: Fines,30
886,INCENTIVE: Fines,30
874,INCENTIVE: Fines,30
901,INCENTIVE: Fines,30
889,INCENTIVE: Fines,30
1280,INCENTIVE: Fines,30
288,INCENTIVE: Fines,30
285,INCENTIVE: Fines,30
274,INCENTIVE: Fines,30
278,INCENTIVE: Fines,30
284,INCENTIVE: Fines,30
308,INCENTIVE: Fines,30
37,INCENTIVE: Fines,30
280,INCENTIVE: Fines,30
1377,INCENTIVE: Fines,30
757,INCENTIVE: Fines,30
266,INCENTIVE: Fines,30
281,INCENTIVE: Fines,30
1543,INCENTIVE: Imprisonment,31
1555,INCENTIVE: Imprisonment,31
456,INCENTIVE: Imprisonment,31
181,INCENTIVE: Imprisonment,31
1499,INCENTIVE: Imprisonment,31
826,INCENTIVE: Imprisonment,31
1293,INCENTIVE: Imprisonment,31
652,INCENTIVE: Imprisonment,31
901,INCENTIVE: Imprisonment,31
1280,INCENTIVE: Imprisonment,31
660,INCENTIVE: Subsidies,32
1228,INCENTIVE: Subsidies,32
1243,INCENTIVE: Subsidies,32
1223,INCENTIVE: Subsidies,32
77,INCENTIVE: Subsidies,32
1244,INCENTIVE: Subsidies,32
854,INCENTIVE: Subsidies,32
89,INCENTIVE: Subsidies,32
1377,INCENTIVE: Subsidies,32
2052,RISK: Bias,33
1554,RISK: Bias,33
1551,RISK: Bias,33
1553,RISK: Bias,33
1379,RISK: Bias,33
2002,RISK: Bias,33
1723,RISK: Bias,33
1816,RISK: Bias,33
1054,RISK: Bias,33
1828,RISK: Bias,33
637,RISK: Bias,33
2047,RISK: Bias,33
1974,RISK: Bias,33
1991,RISK: Bias,33
1829,RISK: Bias,33
1972,RISK: Bias,33
1826,RISK: Bias,33
1032,RISK: Bias,33
1356,RISK: Bias,33
1396,RISK: Bias,33
2031,RISK: Bias,33
1383,RISK: Bias,33
1382,RISK: Bias,33
1380,RISK: Bias,33
1780,RISK: Bias,33
1782,RISK: Bias,33
1831,RISK: Bias,33
1802,RISK: Bias,33
1815,RISK: Bias,33
1803,RISK: Bias,33
1099,RISK: Bias,33
1053,RISK: Bias,33
1087,RISK: Bias,33
1109,RISK: Bias,33
72,RISK: Bias,33
307,RISK: Bias,33
244,RISK: Bias,33
208,RISK: Bias,33
192,RISK: Bias,33
194,RISK: Bias,33
25,RISK: Bias,33
69,RISK: Bias,33
61,RISK: Bias,33
277,RISK: Bias,33
473,RISK: Bias,33
1198,RISK: Bias,33
906,RISK: Bias,33
1163,RISK: Bias,33
772,RISK: Bias,33
1376,RISK: Bias,33
771,RISK: Bias,33
416,RISK: Bias,33
414,RISK: Bias,33
437,RISK: Bias,33
807,RISK: Bias,33
604,RISK: Bias,33
854,RISK: Bias,33
1303,RISK: Bias,33
1297,RISK: Bias,33
288,RISK: Bias,33
329,RISK: Bias,33
285,RISK: Bias,33
758,RISK: Bias,33
995,RISK: Bias,33
368,RISK: Bias,33
356,RISK: Bias,33
360,RISK: Bias,33
765,RISK: Bias,33
280,RISK: Bias,33
1125,RISK: Bias,33
1377,RISK: Bias,33
757,RISK: Bias,33
50,RISK: Bias,33
266,RISK: Bias,33
766,RISK: Bias,33
1385,RISK: Bias,33
1387,RISK: Bias,33
281,RISK: Bias,33
1553,RISK: Interpretability and explainability,34
1054,RISK: Interpretability and explainability,34
1396,RISK: Interpretability and explainability,34
1383,RISK: Interpretability and explainability,34
1382,RISK: Interpretability and explainability,34
1380,RISK: Interpretability and explainability,34
1737,RISK: Interpretability and explainability,34
1782,RISK: Interpretability and explainability,34
1831,RISK: Interpretability and explainability,34
1802,RISK: Interpretability and explainability,34
1962,RISK: Interpretability and explainability,34
1803,RISK: Interpretability and explainability,34
73,RISK: Interpretability and explainability,34
201,RISK: Interpretability and explainability,34
194,RISK: Interpretability and explainability,34
25,RISK: Interpretability and explainability,34
76,RISK: Interpretability and explainability,34
179,RISK: Interpretability and explainability,34
182,RISK: Interpretability and explainability,34
178,RISK: Interpretability and explainability,34
180,RISK: Interpretability and explainability,34
174,RISK: Interpretability and explainability,34
173,RISK: Interpretability and explainability,34
177,RISK: Interpretability and explainability,34
183,RISK: Interpretability and explainability,34
170,RISK: Interpretability and explainability,34
473,RISK: Interpretability and explainability,34
891,RISK: Interpretability and explainability,34
906,RISK: Interpretability and explainability,34
1163,RISK: Interpretability and explainability,34
36,RISK: Interpretability and explainability,34
772,RISK: Interpretability and explainability,34
1376,RISK: Interpretability and explainability,34
771,RISK: Interpretability and explainability,34
395,RISK: Interpretability and explainability,34
1009,RISK: Interpretability and explainability,34
854,RISK: Interpretability and explainability,34
1303,RISK: Interpretability and explainability,34
1297,RISK: Interpretability and explainability,34
1251,RISK: Interpretability and explainability,34
1202,RISK: Interpretability and explainability,34
1287,RISK: Interpretability and explainability,34
288,RISK: Interpretability and explainability,34
995,RISK: Interpretability and explainability,34
1111,RISK: Interpretability and explainability,34
763,RISK: Interpretability and explainability,34
280,RISK: Interpretability and explainability,34
1125,RISK: Interpretability and explainability,34
1377,RISK: Interpretability and explainability,34
757,RISK: Interpretability and explainability,34
50,RISK: Interpretability and explainability,34
266,RISK: Interpretability and explainability,34
1385,RISK: Interpretability and explainability,34
1195,RISK: Interpretability and explainability,34
2052,RISK: Privacy,35
1554,RISK: Privacy,35
2151,RISK: Privacy,35
1551,RISK: Privacy,35
1558,RISK: Privacy,35
1553,RISK: Privacy,35
1545,RISK: Privacy,35
2097,RISK: Privacy,35
1379,RISK: Privacy,35
2244,RISK: Privacy,35
1723,RISK: Privacy,35
1806,RISK: Privacy,35
1054,RISK: Privacy,35
1828,RISK: Privacy,35
1996,RISK: Privacy,35
2047,RISK: Privacy,35
1974,RISK: Privacy,35
1972,RISK: Privacy,35
1356,RISK: Privacy,35
1396,RISK: Privacy,35
1781,RISK: Privacy,35
1383,RISK: Privacy,35
1382,RISK: Privacy,35
1378,RISK: Privacy,35
1782,RISK: Privacy,35
1831,RISK: Privacy,35
1802,RISK: Privacy,35
1804,RISK: Privacy,35
1815,RISK: Privacy,35
1962,RISK: Privacy,35
2038,RISK: Privacy,35
1264,RISK: Privacy,35
1099,RISK: Privacy,35
380,RISK: Privacy,35
571,RISK: Privacy,35
1087,RISK: Privacy,35
1109,RISK: Privacy,35
307,RISK: Privacy,35
208,RISK: Privacy,35
201,RISK: Privacy,35
194,RISK: Privacy,35
14,RISK: Privacy,35
25,RISK: Privacy,35
69,RISK: Privacy,35
61,RISK: Privacy,35
277,RISK: Privacy,35
68,RISK: Privacy,35
76,RISK: Privacy,35
181,RISK: Privacy,35
850,RISK: Privacy,35
1198,RISK: Privacy,35
906,RISK: Privacy,35
1293,RISK: Privacy,35
1163,RISK: Privacy,35
36,RISK: Privacy,35
772,RISK: Privacy,35
771,RISK: Privacy,35
395,RISK: Privacy,35
399,RISK: Privacy,35
440,RISK: Privacy,35
437,RISK: Privacy,35
793,RISK: Privacy,35
807,RISK: Privacy,35
560,RISK: Privacy,35
604,RISK: Privacy,35
889,RISK: Privacy,35
854,RISK: Privacy,35
1303,RISK: Privacy,35
1297,RISK: Privacy,35
1202,RISK: Privacy,35
1371,RISK: Privacy,35
89,RISK: Privacy,35
329,RISK: Privacy,35
758,RISK: Privacy,35
995,RISK: Privacy,35
368,RISK: Privacy,35
1111,RISK: Privacy,35
765,RISK: Privacy,35
763,RISK: Privacy,35
1125,RISK: Privacy,35
1377,RISK: Privacy,35
757,RISK: Privacy,35
266,RISK: Privacy,35
1385,RISK: Privacy,35
1387,RISK: Privacy,35
281,RISK: Privacy,35
1194,RISK: Privacy,35
2425,RISK: Reliability,36
2052,RISK: Reliability,36
1551,RISK: Reliability,36
1553,RISK: Reliability,36
1748,RISK: Reliability,36
1379,RISK: Reliability,36
1723,RISK: Reliability,36
1054,RISK: Reliability,36
1828,RISK: Reliability,36
637,RISK: Reliability,36
2047,RISK: Reliability,36
1970,RISK: Reliability,36
1678,RISK: Reliability,36
1972,RISK: Reliability,36
1032,RISK: Reliability,36
1356,RISK: Reliability,36
1396,RISK: Reliability,36
1781,RISK: Reliability,36
2040,RISK: Reliability,36
1383,RISK: Reliability,36
1382,RISK: Reliability,36
1380,RISK: Reliability,36
1782,RISK: Reliability,36
1831,RISK: Reliability,36
1802,RISK: Reliability,36
1962,RISK: Reliability,36
1803,RISK: Reliability,36
2019,RISK: Reliability,36
1099,RISK: Reliability,36
1053,RISK: Reliability,36
571,RISK: Reliability,36
1087,RISK: Reliability,36
1109,RISK: Reliability,36
987,RISK: Reliability,36
73,RISK: Reliability,36
307,RISK: Reliability,36
148,RISK: Reliability,36
220,RISK: Reliability,36
201,RISK: Reliability,36
194,RISK: Reliability,36
235,RISK: Reliability,36
231,RISK: Reliability,36
8,RISK: Reliability,36
216,RISK: Reliability,36
25,RISK: Reliability,36
65,RISK: Reliability,36
76,RISK: Reliability,36
179,RISK: Reliability,36
182,RISK: Reliability,36
178,RISK: Reliability,36
169,RISK: Reliability,36
180,RISK: Reliability,36
174,RISK: Reliability,36
173,RISK: Reliability,36
177,RISK: Reliability,36
183,RISK: Reliability,36
170,RISK: Reliability,36
176,RISK: Reliability,36
1198,RISK: Reliability,36
906,RISK: Reliability,36
768,RISK: Reliability,36
1163,RISK: Reliability,36
772,RISK: Reliability,36
394,RISK: Reliability,36
1376,RISK: Reliability,36
771,RISK: Reliability,36
396,RISK: Reliability,36
395,RISK: Reliability,36
416,RISK: Reliability,36
420,RISK: Reliability,36
437,RISK: Reliability,36
462,RISK: Reliability,36
460,RISK: Reliability,36
467,RISK: Reliability,36
517,RISK: Reliability,36
592,RISK: Reliability,36
854,RISK: Reliability,36
1222,RISK: Reliability,36
1303,RISK: Reliability,36
1280,RISK: Reliability,36
1297,RISK: Reliability,36
288,RISK: Reliability,36
89,RISK: Reliability,36
758,RISK: Reliability,36
995,RISK: Reliability,36
1111,RISK: Reliability,36
763,RISK: Reliability,36
280,RISK: Reliability,36
1377,RISK: Reliability,36
757,RISK: Reliability,36
50,RISK: Reliability,36
1385,RISK: Reliability,36
1387,RISK: Reliability,36
1196,RISK: Reliability,36
1748,RISK: Reliability - Robustness,37
1970,RISK: Reliability - Robustness,37
1396,RISK: Reliability - Robustness,37
1382,RISK: Reliability - Robustness,37
1802,RISK: Reliability - Robustness,37
1962,RISK: Reliability - Robustness,37
1803,RISK: Reliability - Robustness,37
1099,RISK: Reliability - Robustness,37
1053,RISK: Reliability - Robustness,37
1109,RISK: Reliability - Robustness,37
987,RISK: Reliability - Robustness,37
307,RISK: Reliability - Robustness,37
194,RISK: Reliability - Robustness,37
25,RISK: Reliability - Robustness,37
906,RISK: Reliability - Robustness,37
768,RISK: Reliability - Robustness,37
772,RISK: Reliability - Robustness,37
394,RISK: Reliability - Robustness,37
771,RISK: Reliability - Robustness,37
416,RISK: Reliability - Robustness,37
420,RISK: Reliability - Robustness,37
854,RISK: Reliability - Robustness,37
1222,RISK: Reliability - Robustness,37
1297,RISK: Reliability - Robustness,37
89,RISK: Reliability - Robustness,37
995,RISK: Reliability - Robustness,37
1111,RISK: Reliability - Robustness,37
763,RISK: Reliability - Robustness,37
1377,RISK: Reliability - Robustness,37
757,RISK: Reliability - Robustness,37
50,RISK: Reliability - Robustness,37
1385,RISK: Reliability - Robustness,37
1387,RISK: Reliability - Robustness,37
1196,RISK: Reliability - Robustness,37
2052,RISK: Safety,38
1554,RISK: Safety,38
1555,RISK: Safety,38
1553,RISK: Safety,38
2097,RISK: Safety,38
1746,RISK: Safety,38
1379,RISK: Safety,38
2244,RISK: Safety,38
1723,RISK: Safety,38
1828,RISK: Safety,38
2096,RISK: Safety,38
1996,RISK: Safety,38
2047,RISK: Safety,38
1974,RISK: Safety,38
1970,RISK: Safety,38
1678,RISK: Safety,38
1203,RISK: Safety,38
1032,RISK: Safety,38
1356,RISK: Safety,38
1997,RISK: Safety,38
1396,RISK: Safety,38
1801,RISK: Safety,38
1781,RISK: Safety,38
2040,RISK: Safety,38
1383,RISK: Safety,38
1382,RISK: Safety,38
1380,RISK: Safety,38
1763,RISK: Safety,38
1782,RISK: Safety,38
1831,RISK: Safety,38
1802,RISK: Safety,38
1804,RISK: Safety,38
1815,RISK: Safety,38
1803,RISK: Safety,38
2038,RISK: Safety,38
2041,RISK: Safety,38
1099,RISK: Safety,38
1053,RISK: Safety,38
1109,RISK: Safety,38
987,RISK: Safety,38
60,RISK: Safety,38
73,RISK: Safety,38
307,RISK: Safety,38
198,RISK: Safety,38
194,RISK: Safety,38
237,RISK: Safety,38
235,RISK: Safety,38
215,RISK: Safety,38
218,RISK: Safety,38
25,RISK: Safety,38
69,RISK: Safety,38
54,RISK: Safety,38
179,RISK: Safety,38
182,RISK: Safety,38
178,RISK: Safety,38
169,RISK: Safety,38
180,RISK: Safety,38
174,RISK: Safety,38
183,RISK: Safety,38
170,RISK: Safety,38
473,RISK: Safety,38
1198,RISK: Safety,38
906,RISK: Safety,38
768,RISK: Safety,38
1293,RISK: Safety,38
1163,RISK: Safety,38
767,RISK: Safety,38
36,RISK: Safety,38
772,RISK: Safety,38
1376,RISK: Safety,38
771,RISK: Safety,38
395,RISK: Safety,38
397,RISK: Safety,38
442,RISK: Safety,38
433,RISK: Safety,38
437,RISK: Safety,38
436,RISK: Safety,38
467,RISK: Safety,38
592,RISK: Safety,38
807,RISK: Safety,38
560,RISK: Safety,38
914,RISK: Safety,38
604,RISK: Safety,38
883,RISK: Safety,38
865,RISK: Safety,38
855,RISK: Safety,38
854,RISK: Safety,38
1222,RISK: Safety,38
1303,RISK: Safety,38
1280,RISK: Safety,38
1202,RISK: Safety,38
275,RISK: Safety,38
89,RISK: Safety,38
329,RISK: Safety,38
758,RISK: Safety,38
995,RISK: Safety,38
368,RISK: Safety,38
360,RISK: Safety,38
1111,RISK: Safety,38
765,RISK: Safety,38
763,RISK: Safety,38
785,RISK: Safety,38
290,RISK: Safety,38
1125,RISK: Safety,38
1377,RISK: Safety,38
757,RISK: Safety,38
50,RISK: Safety,38
766,RISK: Safety,38
1385,RISK: Safety,38
1387,RISK: Safety,38
1194,RISK: Safety,38
1195,RISK: Safety,38
1196,RISK: Safety,38
2425,RISK: Security,39
2052,RISK: Security,39
1554,RISK: Security,39
1551,RISK: Security,39
1545,RISK: Security,39
1740,RISK: Security,39
2097,RISK: Security,39
1739,RISK: Security,39
1742,RISK: Security,39
1379,RISK: Security,39
1723,RISK: Security,39
1806,RISK: Security,39
1054,RISK: Security,39
1828,RISK: Security,39
1996,RISK: Security,39
2047,RISK: Security,39
1974,RISK: Security,39
1970,RISK: Security,39
1678,RISK: Security,39
1203,RISK: Security,39
1826,RISK: Security,39
1032,RISK: Security,39
1356,RISK: Security,39
1997,RISK: Security,39
1396,RISK: Security,39
1801,RISK: Security,39
1781,RISK: Security,39
2040,RISK: Security,39
2039,RISK: Security,39
1383,RISK: Security,39
1382,RISK: Security,39
1744,RISK: Security,39
1752,RISK: Security,39
1756,RISK: Security,39
1743,RISK: Security,39
1745,RISK: Security,39
1763,RISK: Security,39
1780,RISK: Security,39
1782,RISK: Security,39
1783,RISK: Security,39
1831,RISK: Security,39
1802,RISK: Security,39
1962,RISK: Security,39
1803,RISK: Security,39
1805,RISK: Security,39
2019,RISK: Security,39
1099,RISK: Security,39
1053,RISK: Security,39
405,RISK: Security,39
1087,RISK: Security,39
1109,RISK: Security,39
987,RISK: Security,39
3,RISK: Security,39
6,RISK: Security,39
70,RISK: Security,39
60,RISK: Security,39
66,RISK: Security,39
307,RISK: Security,39
208,RISK: Security,39
304,RISK: Security,39
148,RISK: Security,39
139,RISK: Security,39
201,RISK: Security,39
192,RISK: Security,39
194,RISK: Security,39
193,RISK: Security,39
235,RISK: Security,39
231,RISK: Security,39
8,RISK: Security,39
216,RISK: Security,39
218,RISK: Security,39
25,RISK: Security,39
69,RISK: Security,39
277,RISK: Security,39
68,RISK: Security,39
164,RISK: Security,39
76,RISK: Security,39
165,RISK: Security,39
182,RISK: Security,39
169,RISK: Security,39
173,RISK: Security,39
170,RISK: Security,39
181,RISK: Security,39
1234,RISK: Security,39
850,RISK: Security,39
1198,RISK: Security,39
906,RISK: Security,39
768,RISK: Security,39
1163,RISK: Security,39
767,RISK: Security,39
36,RISK: Security,39
772,RISK: Security,39
771,RISK: Security,39
396,RISK: Security,39
395,RISK: Security,39
397,RISK: Security,39
399,RISK: Security,39
433,RISK: Security,39
440,RISK: Security,39
436,RISK: Security,39
462,RISK: Security,39
597,RISK: Security,39
807,RISK: Security,39
560,RISK: Security,39
604,RISK: Security,39
879,RISK: Security,39
852,RISK: Security,39
855,RISK: Security,39
889,RISK: Security,39
1222,RISK: Security,39
1303,RISK: Security,39
1297,RISK: Security,39
1202,RISK: Security,39
89,RISK: Security,39
329,RISK: Security,39
758,RISK: Security,39
995,RISK: Security,39
368,RISK: Security,39
1111,RISK: Security,39
765,RISK: Security,39
763,RISK: Security,39
785,RISK: Security,39
1125,RISK: Security,39
1377,RISK: Security,39
757,RISK: Security,39
266,RISK: Security,39
766,RISK: Security,39
1385,RISK: Security,39
1194,RISK: Security,39
1195,RISK: Security,39
2425,RISK: Security - Cybersecurity,40
2052,RISK: Security - Cybersecurity,40
1551,RISK: Security - Cybersecurity,40
1742,RISK: Security - Cybersecurity,40
1723,RISK: Security - Cybersecurity,40
1970,RISK: Security - Cybersecurity,40
1678,RISK: Security - Cybersecurity,40
1032,RISK: Security - Cybersecurity,40
1356,RISK: Security - Cybersecurity,40
1997,RISK: Security - Cybersecurity,40
1801,RISK: Security - Cybersecurity,40
2040,RISK: Security - Cybersecurity,40
2039,RISK: Security - Cybersecurity,40
1417,RISK: Security - Cybersecurity,40
1383,RISK: Security - Cybersecurity,40
1382,RISK: Security - Cybersecurity,40
1752,RISK: Security - Cybersecurity,40
1743,RISK: Security - Cybersecurity,40
1745,RISK: Security - Cybersecurity,40
1763,RISK: Security - Cybersecurity,40
1783,RISK: Security - Cybersecurity,40
1802,RISK: Security - Cybersecurity,40
1962,RISK: Security - Cybersecurity,40
1805,RISK: Security - Cybersecurity,40
1099,RISK: Security - Cybersecurity,40
1053,RISK: Security - Cybersecurity,40
1087,RISK: Security - Cybersecurity,40
987,RISK: Security - Cybersecurity,40
3,RISK: Security - Cybersecurity,40
6,RISK: Security - Cybersecurity,40
70,RISK: Security - Cybersecurity,40
66,RISK: Security - Cybersecurity,40
307,RISK: Security - Cybersecurity,40
208,RISK: Security - Cybersecurity,40
201,RISK: Security - Cybersecurity,40
194,RISK: Security - Cybersecurity,40
193,RISK: Security - Cybersecurity,40
186,RISK: Security - Cybersecurity,40
235,RISK: Security - Cybersecurity,40
216,RISK: Security - Cybersecurity,40
277,RISK: Security - Cybersecurity,40
68,RISK: Security - Cybersecurity,40
164,RISK: Security - Cybersecurity,40
165,RISK: Security - Cybersecurity,40
182,RISK: Security - Cybersecurity,40
169,RISK: Security - Cybersecurity,40
173,RISK: Security - Cybersecurity,40
183,RISK: Security - Cybersecurity,40
170,RISK: Security - Cybersecurity,40
181,RISK: Security - Cybersecurity,40
850,RISK: Security - Cybersecurity,40
1198,RISK: Security - Cybersecurity,40
906,RISK: Security - Cybersecurity,40
768,RISK: Security - Cybersecurity,40
1163,RISK: Security - Cybersecurity,40
36,RISK: Security - Cybersecurity,40
396,RISK: Security - Cybersecurity,40
397,RISK: Security - Cybersecurity,40
399,RISK: Security - Cybersecurity,40
420,RISK: Security - Cybersecurity,40
433,RISK: Security - Cybersecurity,40
436,RISK: Security - Cybersecurity,40
462,RISK: Security - Cybersecurity,40
484,RISK: Security - Cybersecurity,40
852,RISK: Security - Cybersecurity,40
855,RISK: Security - Cybersecurity,40
1303,RISK: Security - Cybersecurity,40
1320,RISK: Security - Cybersecurity,40
89,RISK: Security - Cybersecurity,40
329,RISK: Security - Cybersecurity,40
758,RISK: Security - Cybersecurity,40
1111,RISK: Security - Cybersecurity,40
765,RISK: Security - Cybersecurity,40
763,RISK: Security - Cybersecurity,40
785,RISK: Security - Cybersecurity,40
1377,RISK: Security - Cybersecurity,40
757,RISK: Security - Cybersecurity,40
50,RISK: Security - Cybersecurity,40
266,RISK: Security - Cybersecurity,40
766,RISK: Security - Cybersecurity,40
1385,RISK: Security - Cybersecurity,40
1195,RISK: Security - Cybersecurity,40
1554,RISK: Security - Dissemination,41
1545,RISK: Security - Dissemination,41
1806,RISK: Security - Dissemination,41
1054,RISK: Security - Dissemination,41
1828,RISK: Security - Dissemination,41
1974,RISK: Security - Dissemination,41
1970,RISK: Security - Dissemination,41
1032,RISK: Security - Dissemination,41
1997,RISK: Security - Dissemination,41
1801,RISK: Security - Dissemination,41
2040,RISK: Security - Dissemination,41
1383,RISK: Security - Dissemination,41
1382,RISK: Security - Dissemination,41
1783,RISK: Security - Dissemination,41
1831,RISK: Security - Dissemination,41
1802,RISK: Security - Dissemination,41
1962,RISK: Security - Dissemination,41
2019,RISK: Security - Dissemination,41
987,RISK: Security - Dissemination,41
307,RISK: Security - Dissemination,41
148,RISK: Security - Dissemination,41
201,RISK: Security - Dissemination,41
192,RISK: Security - Dissemination,41
194,RISK: Security - Dissemination,41
25,RISK: Security - Dissemination,41
68,RISK: Security - Dissemination,41
906,RISK: Security - Dissemination,41
768,RISK: Security - Dissemination,41
1163,RISK: Security - Dissemination,41
772,RISK: Security - Dissemination,41
597,RISK: Security - Dissemination,41
560,RISK: Security - Dissemination,41
855,RISK: Security - Dissemination,41
329,RISK: Security - Dissemination,41
995,RISK: Security - Dissemination,41
765,RISK: Security - Dissemination,41
763,RISK: Security - Dissemination,41
785,RISK: Security - Dissemination,41
1377,RISK: Security - Dissemination,41
266,RISK: Security - Dissemination,41
766,RISK: Security - Dissemination,41
2052,RISK: Transparency,42
1554,RISK: Transparency,42
1562,RISK: Transparency,42
1549,RISK: Transparency,42
1551,RISK: Transparency,42
1558,RISK: Transparency,42
1553,RISK: Transparency,42
1545,RISK: Transparency,42
1560,RISK: Transparency,42
1552,RISK: Transparency,42
2097,RISK: Transparency,42
1379,RISK: Transparency,42
2244,RISK: Transparency,42
1723,RISK: Transparency,42
447,RISK: Transparency,42
1054,RISK: Transparency,42
1828,RISK: Transparency,42
1407,RISK: Transparency,42
637,RISK: Transparency,42
2096,RISK: Transparency,42
2047,RISK: Transparency,42
1974,RISK: Transparency,42
1970,RISK: Transparency,42
1991,RISK: Transparency,42
1829,RISK: Transparency,42
1972,RISK: Transparency,42
1826,RISK: Transparency,42
1032,RISK: Transparency,42
1356,RISK: Transparency,42
1997,RISK: Transparency,42
1396,RISK: Transparency,42
1781,RISK: Transparency,42
1383,RISK: Transparency,42
1382,RISK: Transparency,42
1380,RISK: Transparency,42
1782,RISK: Transparency,42
1831,RISK: Transparency,42
1802,RISK: Transparency,42
1815,RISK: Transparency,42
1803,RISK: Transparency,42
2038,RISK: Transparency,42
2019,RISK: Transparency,42
1264,RISK: Transparency,42
1053,RISK: Transparency,42
571,RISK: Transparency,42
1087,RISK: Transparency,42
1109,RISK: Transparency,42
987,RISK: Transparency,42
72,RISK: Transparency,42
73,RISK: Transparency,42
307,RISK: Transparency,42
244,RISK: Transparency,42
304,RISK: Transparency,42
240,RISK: Transparency,42
231,RISK: Transparency,42
52,RISK: Transparency,42
25,RISK: Transparency,42
277,RISK: Transparency,42
179,RISK: Transparency,42
178,RISK: Transparency,42
169,RISK: Transparency,42
173,RISK: Transparency,42
177,RISK: Transparency,42
183,RISK: Transparency,42
170,RISK: Transparency,42
473,RISK: Transparency,42
891,RISK: Transparency,42
1198,RISK: Transparency,42
826,RISK: Transparency,42
906,RISK: Transparency,42
1163,RISK: Transparency,42
36,RISK: Transparency,42
772,RISK: Transparency,42
554,RISK: Transparency,42
1376,RISK: Transparency,42
771,RISK: Transparency,42
395,RISK: Transparency,42
416,RISK: Transparency,42
397,RISK: Transparency,42
441,RISK: Transparency,42
451,RISK: Transparency,42
437,RISK: Transparency,42
436,RISK: Transparency,42
453,RISK: Transparency,42
467,RISK: Transparency,42
793,RISK: Transparency,42
590,RISK: Transparency,42
604,RISK: Transparency,42
883,RISK: Transparency,42
865,RISK: Transparency,42
874,RISK: Transparency,42
889,RISK: Transparency,42
854,RISK: Transparency,42
1222,RISK: Transparency,42
1303,RISK: Transparency,42
1280,RISK: Transparency,42
1297,RISK: Transparency,42
1251,RISK: Transparency,42
1305,RISK: Transparency,42
1287,RISK: Transparency,42
288,RISK: Transparency,42
329,RISK: Transparency,42
285,RISK: Transparency,42
758,RISK: Transparency,42
995,RISK: Transparency,42
368,RISK: Transparency,42
363,RISK: Transparency,42
1111,RISK: Transparency,42
765,RISK: Transparency,42
763,RISK: Transparency,42
785,RISK: Transparency,42
290,RISK: Transparency,42
287,RISK: Transparency,42
280,RISK: Transparency,42
1125,RISK: Transparency,42
1377,RISK: Transparency,42
757,RISK: Transparency,42
50,RISK: Transparency,42
266,RISK: Transparency,42
1385,RISK: Transparency,42
1387,RISK: Transparency,42
281,RISK: Transparency,42
2052,STRATEGY: Convening,43
1554,STRATEGY: Convening,43
2097,STRATEGY: Convening,43
1754,STRATEGY: Convening,43
1751,STRATEGY: Convening,43
1379,STRATEGY: Convening,43
1806,STRATEGY: Convening,43
838,STRATEGY: Convening,43
839,STRATEGY: Convening,43
1054,STRATEGY: Convening,43
1658,STRATEGY: Convening,43
1996,STRATEGY: Convening,43
1970,STRATEGY: Convening,43
1203,STRATEGY: Convening,43
660,STRATEGY: Convening,43
1301,STRATEGY: Convening,43
1032,STRATEGY: Convening,43
1356,STRATEGY: Convening,43
1396,STRATEGY: Convening,43
1801,STRATEGY: Convening,43
1243,STRATEGY: Convening,43
1781,STRATEGY: Convening,43
1417,STRATEGY: Convening,43
1383,STRATEGY: Convening,43
1382,STRATEGY: Convening,43
1741,STRATEGY: Convening,43
1737,STRATEGY: Convening,43
1744,STRATEGY: Convening,43
1752,STRATEGY: Convening,43
1738,STRATEGY: Convening,43
1763,STRATEGY: Convening,43
1783,STRATEGY: Convening,43
1802,STRATEGY: Convening,43
1804,STRATEGY: Convening,43
1803,STRATEGY: Convening,43
2041,STRATEGY: Convening,43
2019,STRATEGY: Convening,43
511,STRATEGY: Convening,43
1223,STRATEGY: Convening,43
1099,STRATEGY: Convening,43
405,STRATEGY: Convening,43
2025,STRATEGY: Convening,43
377,STRATEGY: Convening,43
571,STRATEGY: Convening,43
435,STRATEGY: Convening,43
523,STRATEGY: Convening,43
1087,STRATEGY: Convening,43
1109,STRATEGY: Convening,43
987,STRATEGY: Convening,43
15,STRATEGY: Convening,43
3,STRATEGY: Convening,43
7,STRATEGY: Convening,43
1,STRATEGY: Convening,43
60,STRATEGY: Convening,43
307,STRATEGY: Convening,43
244,STRATEGY: Convening,43
161,STRATEGY: Convening,43
148,STRATEGY: Convening,43
139,STRATEGY: Convening,43
159,STRATEGY: Convening,43
221,STRATEGY: Convening,43
149,STRATEGY: Convening,43
23,STRATEGY: Convening,43
201,STRATEGY: Convening,43
188,STRATEGY: Convening,43
198,STRATEGY: Convening,43
200,STRATEGY: Convening,43
192,STRATEGY: Convening,43
186,STRATEGY: Convening,43
384,STRATEGY: Convening,43
237,STRATEGY: Convening,43
14,STRATEGY: Convening,43
236,STRATEGY: Convening,43
235,STRATEGY: Convening,43
231,STRATEGY: Convening,43
232,STRATEGY: Convening,43
302,STRATEGY: Convening,43
212,STRATEGY: Convening,43
25,STRATEGY: Convening,43
61,STRATEGY: Convening,43
277,STRATEGY: Convening,43
68,STRATEGY: Convening,43
77,STRATEGY: Convening,43
65,STRATEGY: Convening,43
79,STRATEGY: Convening,43
303,STRATEGY: Convening,43
181,STRATEGY: Convening,43
1163,STRATEGY: Convening,43
767,STRATEGY: Convening,43
772,STRATEGY: Convening,43
394,STRATEGY: Convening,43
554,STRATEGY: Convening,43
771,STRATEGY: Convening,43
396,STRATEGY: Convening,43
395,STRATEGY: Convening,43
416,STRATEGY: Convening,43
397,STRATEGY: Convening,43
399,STRATEGY: Convening,43
414,STRATEGY: Convening,43
433,STRATEGY: Convening,43
440,STRATEGY: Convening,43
437,STRATEGY: Convening,43
436,STRATEGY: Convening,43
462,STRATEGY: Convening,43
400,STRATEGY: Convening,43
590,STRATEGY: Convening,43
522,STRATEGY: Convening,43
560,STRATEGY: Convening,43
914,STRATEGY: Convening,43
604,STRATEGY: Convening,43
721,STRATEGY: Convening,43
865,STRATEGY: Convening,43
855,STRATEGY: Convening,43
854,STRATEGY: Convening,43
1222,STRATEGY: Convening,43
1303,STRATEGY: Convening,43
326,STRATEGY: Convening,43
1297,STRATEGY: Convening,43
1251,STRATEGY: Convening,43
1202,STRATEGY: Convening,43
1287,STRATEGY: Convening,43
288,STRATEGY: Convening,43
316,STRATEGY: Convening,43
35,STRATEGY: Convening,43
329,STRATEGY: Convening,43
758,STRATEGY: Convening,43
995,STRATEGY: Convening,43
360,STRATEGY: Convening,43
1111,STRATEGY: Convening,43
765,STRATEGY: Convening,43
763,STRATEGY: Convening,43
294,STRATEGY: Convening,43
284,STRATEGY: Convening,43
311,STRATEGY: Convening,43
1125,STRATEGY: Convening,43
1377,STRATEGY: Convening,43
757,STRATEGY: Convening,43
50,STRATEGY: Convening,43
766,STRATEGY: Convening,43
1385,STRATEGY: Convening,43
1387,STRATEGY: Convening,43
1194,STRATEGY: Convening,43
1195,STRATEGY: Convening,43
1196,STRATEGY: Convening,43
2052,STRATEGY: Disclosure,44
1554,STRATEGY: Disclosure,44
1562,STRATEGY: Disclosure,44
1555,STRATEGY: Disclosure,44
1549,STRATEGY: Disclosure,44
1551,STRATEGY: Disclosure,44
1558,STRATEGY: Disclosure,44
1553,STRATEGY: Disclosure,44
1545,STRATEGY: Disclosure,44
1560,STRATEGY: Disclosure,44
1552,STRATEGY: Disclosure,44
2097,STRATEGY: Disclosure,44
1748,STRATEGY: Disclosure,44
1755,STRATEGY: Disclosure,44
1379,STRATEGY: Disclosure,44
2244,STRATEGY: Disclosure,44
389,STRATEGY: Disclosure,44
2002,STRATEGY: Disclosure,44
1723,STRATEGY: Disclosure,44
1806,STRATEGY: Disclosure,44
447,STRATEGY: Disclosure,44
1054,STRATEGY: Disclosure,44
1828,STRATEGY: Disclosure,44
1658,STRATEGY: Disclosure,44
1588,STRATEGY: Disclosure,44
1407,STRATEGY: Disclosure,44
637,STRATEGY: Disclosure,44
2096,STRATEGY: Disclosure,44
1996,STRATEGY: Disclosure,44
2047,STRATEGY: Disclosure,44
1974,STRATEGY: Disclosure,44
1970,STRATEGY: Disclosure,44
1678,STRATEGY: Disclosure,44
1991,STRATEGY: Disclosure,44
904,STRATEGY: Disclosure,44
1829,STRATEGY: Disclosure,44
1972,STRATEGY: Disclosure,44
1826,STRATEGY: Disclosure,44
1032,STRATEGY: Disclosure,44
1356,STRATEGY: Disclosure,44
1997,STRATEGY: Disclosure,44
1396,STRATEGY: Disclosure,44
1801,STRATEGY: Disclosure,44
1243,STRATEGY: Disclosure,44
1781,STRATEGY: Disclosure,44
2040,STRATEGY: Disclosure,44
1417,STRATEGY: Disclosure,44
1383,STRATEGY: Disclosure,44
1382,STRATEGY: Disclosure,44
1737,STRATEGY: Disclosure,44
1782,STRATEGY: Disclosure,44
1783,STRATEGY: Disclosure,44
1831,STRATEGY: Disclosure,44
1802,STRATEGY: Disclosure,44
1804,STRATEGY: Disclosure,44
1815,STRATEGY: Disclosure,44
1962,STRATEGY: Disclosure,44
1803,STRATEGY: Disclosure,44
2041,STRATEGY: Disclosure,44
2019,STRATEGY: Disclosure,44
1053,STRATEGY: Disclosure,44
571,STRATEGY: Disclosure,44
1087,STRATEGY: Disclosure,44
1109,STRATEGY: Disclosure,44
987,STRATEGY: Disclosure,44
72,STRATEGY: Disclosure,44
73,STRATEGY: Disclosure,44
307,STRATEGY: Disclosure,44
314,STRATEGY: Disclosure,44
244,STRATEGY: Disclosure,44
208,STRATEGY: Disclosure,44
168,STRATEGY: Disclosure,44
304,STRATEGY: Disclosure,44
220,STRATEGY: Disclosure,44
221,STRATEGY: Disclosure,44
23,STRATEGY: Disclosure,44
199,STRATEGY: Disclosure,44
201,STRATEGY: Disclosure,44
204,STRATEGY: Disclosure,44
202,STRATEGY: Disclosure,44
197,STRATEGY: Disclosure,44
187,STRATEGY: Disclosure,44
192,STRATEGY: Disclosure,44
194,STRATEGY: Disclosure,44
239,STRATEGY: Disclosure,44
235,STRATEGY: Disclosure,44
233,STRATEGY: Disclosure,44
302,STRATEGY: Disclosure,44
211,STRATEGY: Disclosure,44
218,STRATEGY: Disclosure,44
247,STRATEGY: Disclosure,44
25,STRATEGY: Disclosure,44
277,STRATEGY: Disclosure,44
179,STRATEGY: Disclosure,44
182,STRATEGY: Disclosure,44
178,STRATEGY: Disclosure,44
169,STRATEGY: Disclosure,44
174,STRATEGY: Disclosure,44
173,STRATEGY: Disclosure,44
177,STRATEGY: Disclosure,44
183,STRATEGY: Disclosure,44
170,STRATEGY: Disclosure,44
1234,STRATEGY: Disclosure,44
1499,STRATEGY: Disclosure,44
576,STRATEGY: Disclosure,44
850,STRATEGY: Disclosure,44
891,STRATEGY: Disclosure,44
1198,STRATEGY: Disclosure,44
826,STRATEGY: Disclosure,44
906,STRATEGY: Disclosure,44
768,STRATEGY: Disclosure,44
1163,STRATEGY: Disclosure,44
767,STRATEGY: Disclosure,44
36,STRATEGY: Disclosure,44
394,STRATEGY: Disclosure,44
554,STRATEGY: Disclosure,44
1376,STRATEGY: Disclosure,44
771,STRATEGY: Disclosure,44
396,STRATEGY: Disclosure,44
395,STRATEGY: Disclosure,44
416,STRATEGY: Disclosure,44
397,STRATEGY: Disclosure,44
414,STRATEGY: Disclosure,44
441,STRATEGY: Disclosure,44
448,STRATEGY: Disclosure,44
451,STRATEGY: Disclosure,44
436,STRATEGY: Disclosure,44
443,STRATEGY: Disclosure,44
467,STRATEGY: Disclosure,44
400,STRATEGY: Disclosure,44
793,STRATEGY: Disclosure,44
590,STRATEGY: Disclosure,44
573,STRATEGY: Disclosure,44
597,STRATEGY: Disclosure,44
522,STRATEGY: Disclosure,44
560,STRATEGY: Disclosure,44
604,STRATEGY: Disclosure,44
886,STRATEGY: Disclosure,44
883,STRATEGY: Disclosure,44
874,STRATEGY: Disclosure,44
988,STRATEGY: Disclosure,44
896,STRATEGY: Disclosure,44
889,STRATEGY: Disclosure,44
1009,STRATEGY: Disclosure,44
1303,STRATEGY: Disclosure,44
1280,STRATEGY: Disclosure,44
1297,STRATEGY: Disclosure,44
1305,STRATEGY: Disclosure,44
1202,STRATEGY: Disclosure,44
288,STRATEGY: Disclosure,44
1371,STRATEGY: Disclosure,44
35,STRATEGY: Disclosure,44
329,STRATEGY: Disclosure,44
285,STRATEGY: Disclosure,44
278,STRATEGY: Disclosure,44
758,STRATEGY: Disclosure,44
995,STRATEGY: Disclosure,44
368,STRATEGY: Disclosure,44
356,STRATEGY: Disclosure,44
360,STRATEGY: Disclosure,44
765,STRATEGY: Disclosure,44
763,STRATEGY: Disclosure,44
785,STRATEGY: Disclosure,44
294,STRATEGY: Disclosure,44
286,STRATEGY: Disclosure,44
284,STRATEGY: Disclosure,44
308,STRATEGY: Disclosure,44
293,STRATEGY: Disclosure,44
290,STRATEGY: Disclosure,44
287,STRATEGY: Disclosure,44
37,STRATEGY: Disclosure,44
280,STRATEGY: Disclosure,44
1125,STRATEGY: Disclosure,44
1377,STRATEGY: Disclosure,44
757,STRATEGY: Disclosure,44
50,STRATEGY: Disclosure,44
266,STRATEGY: Disclosure,44
766,STRATEGY: Disclosure,44
1385,STRATEGY: Disclosure,44
1387,STRATEGY: Disclosure,44
281,STRATEGY: Disclosure,44
1194,STRATEGY: Disclosure,44
1196,STRATEGY: Disclosure,44
2097,STRATEGY: Disclosure - About evaluation,45
2002,STRATEGY: Disclosure - About evaluation,45
1054,STRATEGY: Disclosure - About evaluation,45
1828,STRATEGY: Disclosure - About evaluation,45
637,STRATEGY: Disclosure - About evaluation,45
1996,STRATEGY: Disclosure - About evaluation,45
1970,STRATEGY: Disclosure - About evaluation,45
1678,STRATEGY: Disclosure - About evaluation,45
1991,STRATEGY: Disclosure - About evaluation,45
1826,STRATEGY: Disclosure - About evaluation,45
1032,STRATEGY: Disclosure - About evaluation,45
1356,STRATEGY: Disclosure - About evaluation,45
1997,STRATEGY: Disclosure - About evaluation,45
2040,STRATEGY: Disclosure - About evaluation,45
1417,STRATEGY: Disclosure - About evaluation,45
1383,STRATEGY: Disclosure - About evaluation,45
1382,STRATEGY: Disclosure - About evaluation,45
1737,STRATEGY: Disclosure - About evaluation,45
1782,STRATEGY: Disclosure - About evaluation,45
1804,STRATEGY: Disclosure - About evaluation,45
1815,STRATEGY: Disclosure - About evaluation,45
1962,STRATEGY: Disclosure - About evaluation,45
2041,STRATEGY: Disclosure - About evaluation,45
987,STRATEGY: Disclosure - About evaluation,45
72,STRATEGY: Disclosure - About evaluation,45
73,STRATEGY: Disclosure - About evaluation,45
307,STRATEGY: Disclosure - About evaluation,45
314,STRATEGY: Disclosure - About evaluation,45
208,STRATEGY: Disclosure - About evaluation,45
220,STRATEGY: Disclosure - About evaluation,45
221,STRATEGY: Disclosure - About evaluation,45
23,STRATEGY: Disclosure - About evaluation,45
201,STRATEGY: Disclosure - About evaluation,45
197,STRATEGY: Disclosure - About evaluation,45
187,STRATEGY: Disclosure - About evaluation,45
192,STRATEGY: Disclosure - About evaluation,45
239,STRATEGY: Disclosure - About evaluation,45
235,STRATEGY: Disclosure - About evaluation,45
233,STRATEGY: Disclosure - About evaluation,45
218,STRATEGY: Disclosure - About evaluation,45
25,STRATEGY: Disclosure - About evaluation,45
277,STRATEGY: Disclosure - About evaluation,45
179,STRATEGY: Disclosure - About evaluation,45
182,STRATEGY: Disclosure - About evaluation,45
178,STRATEGY: Disclosure - About evaluation,45
169,STRATEGY: Disclosure - About evaluation,45
174,STRATEGY: Disclosure - About evaluation,45
173,STRATEGY: Disclosure - About evaluation,45
177,STRATEGY: Disclosure - About evaluation,45
183,STRATEGY: Disclosure - About evaluation,45
170,STRATEGY: Disclosure - About evaluation,45
906,STRATEGY: Disclosure - About evaluation,45
768,STRATEGY: Disclosure - About evaluation,45
394,STRATEGY: Disclosure - About evaluation,45
1376,STRATEGY: Disclosure - About evaluation,45
771,STRATEGY: Disclosure - About evaluation,45
395,STRATEGY: Disclosure - About evaluation,45
416,STRATEGY: Disclosure - About evaluation,45
441,STRATEGY: Disclosure - About evaluation,45
436,STRATEGY: Disclosure - About evaluation,45
400,STRATEGY: Disclosure - About evaluation,45
604,STRATEGY: Disclosure - About evaluation,45
855,STRATEGY: Disclosure - About evaluation,45
1303,STRATEGY: Disclosure - About evaluation,45
1297,STRATEGY: Disclosure - About evaluation,45
288,STRATEGY: Disclosure - About evaluation,45
329,STRATEGY: Disclosure - About evaluation,45
285,STRATEGY: Disclosure - About evaluation,45
278,STRATEGY: Disclosure - About evaluation,45
995,STRATEGY: Disclosure - About evaluation,45
356,STRATEGY: Disclosure - About evaluation,45
360,STRATEGY: Disclosure - About evaluation,45
765,STRATEGY: Disclosure - About evaluation,45
763,STRATEGY: Disclosure - About evaluation,45
294,STRATEGY: Disclosure - About evaluation,45
286,STRATEGY: Disclosure - About evaluation,45
284,STRATEGY: Disclosure - About evaluation,45
37,STRATEGY: Disclosure - About evaluation,45
280,STRATEGY: Disclosure - About evaluation,45
1377,STRATEGY: Disclosure - About evaluation,45
757,STRATEGY: Disclosure - About evaluation,45
766,STRATEGY: Disclosure - About evaluation,45
1385,STRATEGY: Disclosure - About evaluation,45
1387,STRATEGY: Disclosure - About evaluation,45
281,STRATEGY: Disclosure - About evaluation,45
1194,STRATEGY: Disclosure - About evaluation,45
1196,STRATEGY: Disclosure - About evaluation,45
2097,STRATEGY: Disclosure - About incidents,46
1379,STRATEGY: Disclosure - About incidents,46
1054,STRATEGY: Disclosure - About incidents,46
1588,STRATEGY: Disclosure - About incidents,46
637,STRATEGY: Disclosure - About incidents,46
1996,STRATEGY: Disclosure - About incidents,46
1826,STRATEGY: Disclosure - About incidents,46
1997,STRATEGY: Disclosure - About incidents,46
2040,STRATEGY: Disclosure - About incidents,46
1417,STRATEGY: Disclosure - About incidents,46
1382,STRATEGY: Disclosure - About incidents,46
1782,STRATEGY: Disclosure - About incidents,46
1802,STRATEGY: Disclosure - About incidents,46
1815,STRATEGY: Disclosure - About incidents,46
1962,STRATEGY: Disclosure - About incidents,46
1053,STRATEGY: Disclosure - About incidents,46
571,STRATEGY: Disclosure - About incidents,46
1087,STRATEGY: Disclosure - About incidents,46
987,STRATEGY: Disclosure - About incidents,46
576,STRATEGY: Disclosure - About incidents,46
826,STRATEGY: Disclosure - About incidents,46
1163,STRATEGY: Disclosure - About incidents,46
36,STRATEGY: Disclosure - About incidents,46
1376,STRATEGY: Disclosure - About incidents,46
771,STRATEGY: Disclosure - About incidents,46
441,STRATEGY: Disclosure - About incidents,46
855,STRATEGY: Disclosure - About incidents,46
896,STRATEGY: Disclosure - About incidents,46
1303,STRATEGY: Disclosure - About incidents,46
1202,STRATEGY: Disclosure - About incidents,46
288,STRATEGY: Disclosure - About incidents,46
758,STRATEGY: Disclosure - About incidents,46
995,STRATEGY: Disclosure - About incidents,46
765,STRATEGY: Disclosure - About incidents,46
280,STRATEGY: Disclosure - About incidents,46
1377,STRATEGY: Disclosure - About incidents,46
757,STRATEGY: Disclosure - About incidents,46
1387,STRATEGY: Disclosure - About incidents,46
281,STRATEGY: Disclosure - About incidents,46
1194,STRATEGY: Disclosure - About incidents,46
1545,STRATEGY: Disclosure - About inputs,47
2097,STRATEGY: Disclosure - About inputs,47
2002,STRATEGY: Disclosure - About inputs,47
1723,STRATEGY: Disclosure - About inputs,47
1806,STRATEGY: Disclosure - About inputs,47
1828,STRATEGY: Disclosure - About inputs,47
637,STRATEGY: Disclosure - About inputs,47
2096,STRATEGY: Disclosure - About inputs,47
1996,STRATEGY: Disclosure - About inputs,47
1974,STRATEGY: Disclosure - About inputs,47
1972,STRATEGY: Disclosure - About inputs,47
1826,STRATEGY: Disclosure - About inputs,47
1356,STRATEGY: Disclosure - About inputs,47
1396,STRATEGY: Disclosure - About inputs,47
1417,STRATEGY: Disclosure - About inputs,47
1383,STRATEGY: Disclosure - About inputs,47
1737,STRATEGY: Disclosure - About inputs,47
1782,STRATEGY: Disclosure - About inputs,47
1783,STRATEGY: Disclosure - About inputs,47
1815,STRATEGY: Disclosure - About inputs,47
1087,STRATEGY: Disclosure - About inputs,47
1109,STRATEGY: Disclosure - About inputs,47
307,STRATEGY: Disclosure - About inputs,47
277,STRATEGY: Disclosure - About inputs,47
906,STRATEGY: Disclosure - About inputs,47
1376,STRATEGY: Disclosure - About inputs,47
771,STRATEGY: Disclosure - About inputs,47
395,STRATEGY: Disclosure - About inputs,47
416,STRATEGY: Disclosure - About inputs,47
397,STRATEGY: Disclosure - About inputs,47
436,STRATEGY: Disclosure - About inputs,47
400,STRATEGY: Disclosure - About inputs,47
793,STRATEGY: Disclosure - About inputs,47
560,STRATEGY: Disclosure - About inputs,47
604,STRATEGY: Disclosure - About inputs,47
874,STRATEGY: Disclosure - About inputs,47
988,STRATEGY: Disclosure - About inputs,47
889,STRATEGY: Disclosure - About inputs,47
1009,STRATEGY: Disclosure - About inputs,47
1303,STRATEGY: Disclosure - About inputs,47
288,STRATEGY: Disclosure - About inputs,47
1371,STRATEGY: Disclosure - About inputs,47
329,STRATEGY: Disclosure - About inputs,47
278,STRATEGY: Disclosure - About inputs,47
995,STRATEGY: Disclosure - About inputs,47
368,STRATEGY: Disclosure - About inputs,47
294,STRATEGY: Disclosure - About inputs,47
284,STRATEGY: Disclosure - About inputs,47
287,STRATEGY: Disclosure - About inputs,47
280,STRATEGY: Disclosure - About inputs,47
1377,STRATEGY: Disclosure - About inputs,47
757,STRATEGY: Disclosure - About inputs,47
1387,STRATEGY: Disclosure - About inputs,47
281,STRATEGY: Disclosure - About inputs,47
1558,STRATEGY: Disclosure - Accuracy thereof,48
2096,STRATEGY: Disclosure - Accuracy thereof,48
1974,STRATEGY: Disclosure - Accuracy thereof,48
1997,STRATEGY: Disclosure - Accuracy thereof,48
1383,STRATEGY: Disclosure - Accuracy thereof,48
1782,STRATEGY: Disclosure - Accuracy thereof,48
148,STRATEGY: Disclosure - Accuracy thereof,48
178,STRATEGY: Disclosure - Accuracy thereof,48
174,STRATEGY: Disclosure - Accuracy thereof,48
906,STRATEGY: Disclosure - Accuracy thereof,48
1305,STRATEGY: Disclosure - Accuracy thereof,48
1202,STRATEGY: Disclosure - Accuracy thereof,48
995,STRATEGY: Disclosure - Accuracy thereof,48
37,STRATEGY: Disclosure - Accuracy thereof,48
757,STRATEGY: Disclosure - Accuracy thereof,48
2052,STRATEGY: Disclosure - In deployment,49
1554,STRATEGY: Disclosure - In deployment,49
1562,STRATEGY: Disclosure - In deployment,49
1549,STRATEGY: Disclosure - In deployment,49
1734,STRATEGY: Disclosure - In deployment,49
1558,STRATEGY: Disclosure - In deployment,49
1553,STRATEGY: Disclosure - In deployment,49
1560,STRATEGY: Disclosure - In deployment,49
2097,STRATEGY: Disclosure - In deployment,49
1379,STRATEGY: Disclosure - In deployment,49
2002,STRATEGY: Disclosure - In deployment,49
1806,STRATEGY: Disclosure - In deployment,49
447,STRATEGY: Disclosure - In deployment,49
1054,STRATEGY: Disclosure - In deployment,49
1828,STRATEGY: Disclosure - In deployment,49
637,STRATEGY: Disclosure - In deployment,49
2096,STRATEGY: Disclosure - In deployment,49
1996,STRATEGY: Disclosure - In deployment,49
2047,STRATEGY: Disclosure - In deployment,49
1974,STRATEGY: Disclosure - In deployment,49
1678,STRATEGY: Disclosure - In deployment,49
1991,STRATEGY: Disclosure - In deployment,49
904,STRATEGY: Disclosure - In deployment,49
1972,STRATEGY: Disclosure - In deployment,49
1826,STRATEGY: Disclosure - In deployment,49
1032,STRATEGY: Disclosure - In deployment,49
1356,STRATEGY: Disclosure - In deployment,49
1396,STRATEGY: Disclosure - In deployment,49
2040,STRATEGY: Disclosure - In deployment,49
1417,STRATEGY: Disclosure - In deployment,49
1383,STRATEGY: Disclosure - In deployment,49
1382,STRATEGY: Disclosure - In deployment,49
1737,STRATEGY: Disclosure - In deployment,49
1782,STRATEGY: Disclosure - In deployment,49
1802,STRATEGY: Disclosure - In deployment,49
1815,STRATEGY: Disclosure - In deployment,49
1803,STRATEGY: Disclosure - In deployment,49
2019,STRATEGY: Disclosure - In deployment,49
1053,STRATEGY: Disclosure - In deployment,49
571,STRATEGY: Disclosure - In deployment,49
1087,STRATEGY: Disclosure - In deployment,49
1109,STRATEGY: Disclosure - In deployment,49
987,STRATEGY: Disclosure - In deployment,49
72,STRATEGY: Disclosure - In deployment,49
307,STRATEGY: Disclosure - In deployment,49
244,STRATEGY: Disclosure - In deployment,49
168,STRATEGY: Disclosure - In deployment,49
304,STRATEGY: Disclosure - In deployment,49
148,STRATEGY: Disclosure - In deployment,49
201,STRATEGY: Disclosure - In deployment,49
233,STRATEGY: Disclosure - In deployment,49
277,STRATEGY: Disclosure - In deployment,49
177,STRATEGY: Disclosure - In deployment,49
1198,STRATEGY: Disclosure - In deployment,49
826,STRATEGY: Disclosure - In deployment,49
906,STRATEGY: Disclosure - In deployment,49
36,STRATEGY: Disclosure - In deployment,49
554,STRATEGY: Disclosure - In deployment,49
1376,STRATEGY: Disclosure - In deployment,49
771,STRATEGY: Disclosure - In deployment,49
395,STRATEGY: Disclosure - In deployment,49
416,STRATEGY: Disclosure - In deployment,49
441,STRATEGY: Disclosure - In deployment,49
448,STRATEGY: Disclosure - In deployment,49
451,STRATEGY: Disclosure - In deployment,49
590,STRATEGY: Disclosure - In deployment,49
573,STRATEGY: Disclosure - In deployment,49
883,STRATEGY: Disclosure - In deployment,49
889,STRATEGY: Disclosure - In deployment,49
1009,STRATEGY: Disclosure - In deployment,49
1303,STRATEGY: Disclosure - In deployment,49
1280,STRATEGY: Disclosure - In deployment,49
1305,STRATEGY: Disclosure - In deployment,49
288,STRATEGY: Disclosure - In deployment,49
1371,STRATEGY: Disclosure - In deployment,49
329,STRATEGY: Disclosure - In deployment,49
285,STRATEGY: Disclosure - In deployment,49
278,STRATEGY: Disclosure - In deployment,49
758,STRATEGY: Disclosure - In deployment,49
995,STRATEGY: Disclosure - In deployment,49
368,STRATEGY: Disclosure - In deployment,49
356,STRATEGY: Disclosure - In deployment,49
763,STRATEGY: Disclosure - In deployment,49
785,STRATEGY: Disclosure - In deployment,49
294,STRATEGY: Disclosure - In deployment,49
286,STRATEGY: Disclosure - In deployment,49
284,STRATEGY: Disclosure - In deployment,49
308,STRATEGY: Disclosure - In deployment,49
293,STRATEGY: Disclosure - In deployment,49
290,STRATEGY: Disclosure - In deployment,49
287,STRATEGY: Disclosure - In deployment,49
280,STRATEGY: Disclosure - In deployment,49
1377,STRATEGY: Disclosure - In deployment,49
757,STRATEGY: Disclosure - In deployment,49
266,STRATEGY: Disclosure - In deployment,49
1387,STRATEGY: Disclosure - In deployment,49
281,STRATEGY: Disclosure - In deployment,49
1196,STRATEGY: Disclosure - In deployment,49
1554,STRATEGY: Disclosure - In standard form,50
1545,STRATEGY: Disclosure - In standard form,50
1552,STRATEGY: Disclosure - In standard form,50
2097,STRATEGY: Disclosure - In standard form,50
1723,STRATEGY: Disclosure - In standard form,50
1806,STRATEGY: Disclosure - In standard form,50
447,STRATEGY: Disclosure - In standard form,50
1054,STRATEGY: Disclosure - In standard form,50
637,STRATEGY: Disclosure - In standard form,50
2096,STRATEGY: Disclosure - In standard form,50
1970,STRATEGY: Disclosure - In standard form,50
1991,STRATEGY: Disclosure - In standard form,50
904,STRATEGY: Disclosure - In standard form,50
1829,STRATEGY: Disclosure - In standard form,50
1826,STRATEGY: Disclosure - In standard form,50
1356,STRATEGY: Disclosure - In standard form,50
1396,STRATEGY: Disclosure - In standard form,50
1417,STRATEGY: Disclosure - In standard form,50
1383,STRATEGY: Disclosure - In standard form,50
1382,STRATEGY: Disclosure - In standard form,50
1782,STRATEGY: Disclosure - In standard form,50
1831,STRATEGY: Disclosure - In standard form,50
1802,STRATEGY: Disclosure - In standard form,50
1962,STRATEGY: Disclosure - In standard form,50
2019,STRATEGY: Disclosure - In standard form,50
571,STRATEGY: Disclosure - In standard form,50
201,STRATEGY: Disclosure - In standard form,50
231,STRATEGY: Disclosure - In standard form,50
302,STRATEGY: Disclosure - In standard form,50
247,STRATEGY: Disclosure - In standard form,50
277,STRATEGY: Disclosure - In standard form,50
179,STRATEGY: Disclosure - In standard form,50
178,STRATEGY: Disclosure - In standard form,50
177,STRATEGY: Disclosure - In standard form,50
183,STRATEGY: Disclosure - In standard form,50
1198,STRATEGY: Disclosure - In standard form,50
826,STRATEGY: Disclosure - In standard form,50
906,STRATEGY: Disclosure - In standard form,50
768,STRATEGY: Disclosure - In standard form,50
1163,STRATEGY: Disclosure - In standard form,50
36,STRATEGY: Disclosure - In standard form,50
554,STRATEGY: Disclosure - In standard form,50
1376,STRATEGY: Disclosure - In standard form,50
771,STRATEGY: Disclosure - In standard form,50
395,STRATEGY: Disclosure - In standard form,50
441,STRATEGY: Disclosure - In standard form,50
436,STRATEGY: Disclosure - In standard form,50
793,STRATEGY: Disclosure - In standard form,50
604,STRATEGY: Disclosure - In standard form,50
874,STRATEGY: Disclosure - In standard form,50
1303,STRATEGY: Disclosure - In standard form,50
1280,STRATEGY: Disclosure - In standard form,50
1305,STRATEGY: Disclosure - In standard form,50
1202,STRATEGY: Disclosure - In standard form,50
288,STRATEGY: Disclosure - In standard form,50
1371,STRATEGY: Disclosure - In standard form,50
995,STRATEGY: Disclosure - In standard form,50
765,STRATEGY: Disclosure - In standard form,50
284,STRATEGY: Disclosure - In standard form,50
1125,STRATEGY: Disclosure - In standard form,50
1377,STRATEGY: Disclosure - In standard form,50
757,STRATEGY: Disclosure - In standard form,50
266,STRATEGY: Disclosure - In standard form,50
1387,STRATEGY: Disclosure - In standard form,50
281,STRATEGY: Disclosure - In standard form,50
2052,STRATEGY: Evaluation,51
1554,STRATEGY: Evaluation,51
1551,STRATEGY: Evaluation,51
1553,STRATEGY: Evaluation,51
1545,STRATEGY: Evaluation,51
2097,STRATEGY: Evaluation,51
1739,STRATEGY: Evaluation,51
1746,STRATEGY: Evaluation,51
1748,STRATEGY: Evaluation,51
1742,STRATEGY: Evaluation,51
1379,STRATEGY: Evaluation,51
2002,STRATEGY: Evaluation,51
1723,STRATEGY: Evaluation,51
1806,STRATEGY: Evaluation,51
838,STRATEGY: Evaluation,51
839,STRATEGY: Evaluation,51
1054,STRATEGY: Evaluation,51
1828,STRATEGY: Evaluation,51
637,STRATEGY: Evaluation,51
2096,STRATEGY: Evaluation,51
1996,STRATEGY: Evaluation,51
2047,STRATEGY: Evaluation,51
1970,STRATEGY: Evaluation,51
1678,STRATEGY: Evaluation,51
1991,STRATEGY: Evaluation,51
1203,STRATEGY: Evaluation,51
1829,STRATEGY: Evaluation,51
1972,STRATEGY: Evaluation,51
1826,STRATEGY: Evaluation,51
1032,STRATEGY: Evaluation,51
1356,STRATEGY: Evaluation,51
1997,STRATEGY: Evaluation,51
1396,STRATEGY: Evaluation,51
1243,STRATEGY: Evaluation,51
2031,STRATEGY: Evaluation,51
1781,STRATEGY: Evaluation,51
2040,STRATEGY: Evaluation,51
2039,STRATEGY: Evaluation,51
1417,STRATEGY: Evaluation,51
1383,STRATEGY: Evaluation,51
1382,STRATEGY: Evaluation,51
1380,STRATEGY: Evaluation,51
1737,STRATEGY: Evaluation,51
1744,STRATEGY: Evaluation,51
1752,STRATEGY: Evaluation,51
1756,STRATEGY: Evaluation,51
1745,STRATEGY: Evaluation,51
1749,STRATEGY: Evaluation,51
1763,STRATEGY: Evaluation,51
1782,STRATEGY: Evaluation,51
1783,STRATEGY: Evaluation,51
1831,STRATEGY: Evaluation,51
1802,STRATEGY: Evaluation,51
1804,STRATEGY: Evaluation,51
1815,STRATEGY: Evaluation,51
1962,STRATEGY: Evaluation,51
1803,STRATEGY: Evaluation,51
2038,STRATEGY: Evaluation,51
2041,STRATEGY: Evaluation,51
2019,STRATEGY: Evaluation,51
511,STRATEGY: Evaluation,51
1264,STRATEGY: Evaluation,51
1099,STRATEGY: Evaluation,51
1053,STRATEGY: Evaluation,51
405,STRATEGY: Evaluation,51
374,STRATEGY: Evaluation,51
377,STRATEGY: Evaluation,51
435,STRATEGY: Evaluation,51
1087,STRATEGY: Evaluation,51
1109,STRATEGY: Evaluation,51
520,STRATEGY: Evaluation,51
987,STRATEGY: Evaluation,51
15,STRATEGY: Evaluation,51
2,STRATEGY: Evaluation,51
7,STRATEGY: Evaluation,51
72,STRATEGY: Evaluation,51
6,STRATEGY: Evaluation,51
16,STRATEGY: Evaluation,51
73,STRATEGY: Evaluation,51
66,STRATEGY: Evaluation,51
4,STRATEGY: Evaluation,51
307,STRATEGY: Evaluation,51
314,STRATEGY: Evaluation,51
244,STRATEGY: Evaluation,51
208,STRATEGY: Evaluation,51
142,STRATEGY: Evaluation,51
161,STRATEGY: Evaluation,51
148,STRATEGY: Evaluation,51
139,STRATEGY: Evaluation,51
157,STRATEGY: Evaluation,51
220,STRATEGY: Evaluation,51
159,STRATEGY: Evaluation,51
140,STRATEGY: Evaluation,51
151,STRATEGY: Evaluation,51
221,STRATEGY: Evaluation,51
160,STRATEGY: Evaluation,51
23,STRATEGY: Evaluation,51
201,STRATEGY: Evaluation,51
191,STRATEGY: Evaluation,51
195,STRATEGY: Evaluation,51
197,STRATEGY: Evaluation,51
187,STRATEGY: Evaluation,51
192,STRATEGY: Evaluation,51
196,STRATEGY: Evaluation,51
194,STRATEGY: Evaluation,51
186,STRATEGY: Evaluation,51
384,STRATEGY: Evaluation,51
12,STRATEGY: Evaluation,51
227,STRATEGY: Evaluation,51
5,STRATEGY: Evaluation,51
14,STRATEGY: Evaluation,51
239,STRATEGY: Evaluation,51
235,STRATEGY: Evaluation,51
233,STRATEGY: Evaluation,51
228,STRATEGY: Evaluation,51
9,STRATEGY: Evaluation,51
8,STRATEGY: Evaluation,51
10,STRATEGY: Evaluation,51
17,STRATEGY: Evaluation,51
302,STRATEGY: Evaluation,51
218,STRATEGY: Evaluation,51
27,STRATEGY: Evaluation,51
25,STRATEGY: Evaluation,51
69,STRATEGY: Evaluation,51
54,STRATEGY: Evaluation,51
277,STRATEGY: Evaluation,51
77,STRATEGY: Evaluation,51
76,STRATEGY: Evaluation,51
165,STRATEGY: Evaluation,51
163,STRATEGY: Evaluation,51
64,STRATEGY: Evaluation,51
75,STRATEGY: Evaluation,51
67,STRATEGY: Evaluation,51
57,STRATEGY: Evaluation,51
303,STRATEGY: Evaluation,51
182,STRATEGY: Evaluation,51
178,STRATEGY: Evaluation,51
169,STRATEGY: Evaluation,51
174,STRATEGY: Evaluation,51
173,STRATEGY: Evaluation,51
170,STRATEGY: Evaluation,51
176,STRATEGY: Evaluation,51
181,STRATEGY: Evaluation,51
473,STRATEGY: Evaluation,51
850,STRATEGY: Evaluation,51
891,STRATEGY: Evaluation,51
1198,STRATEGY: Evaluation,51
906,STRATEGY: Evaluation,51
768,STRATEGY: Evaluation,51
1163,STRATEGY: Evaluation,51
36,STRATEGY: Evaluation,51
772,STRATEGY: Evaluation,51
394,STRATEGY: Evaluation,51
1376,STRATEGY: Evaluation,51
771,STRATEGY: Evaluation,51
315,STRATEGY: Evaluation,51
396,STRATEGY: Evaluation,51
395,STRATEGY: Evaluation,51
416,STRATEGY: Evaluation,51
397,STRATEGY: Evaluation,51
429,STRATEGY: Evaluation,51
399,STRATEGY: Evaluation,51
414,STRATEGY: Evaluation,51
420,STRATEGY: Evaluation,51
440,STRATEGY: Evaluation,51
443,STRATEGY: Evaluation,51
460,STRATEGY: Evaluation,51
400,STRATEGY: Evaluation,51
592,STRATEGY: Evaluation,51
807,STRATEGY: Evaluation,51
560,STRATEGY: Evaluation,51
604,STRATEGY: Evaluation,51
721,STRATEGY: Evaluation,51
865,STRATEGY: Evaluation,51
855,STRATEGY: Evaluation,51
889,STRATEGY: Evaluation,51
1222,STRATEGY: Evaluation,51
1303,STRATEGY: Evaluation,51
1280,STRATEGY: Evaluation,51
1297,STRATEGY: Evaluation,51
1202,STRATEGY: Evaluation,51
288,STRATEGY: Evaluation,51
89,STRATEGY: Evaluation,51
329,STRATEGY: Evaluation,51
285,STRATEGY: Evaluation,51
278,STRATEGY: Evaluation,51
758,STRATEGY: Evaluation,51
995,STRATEGY: Evaluation,51
368,STRATEGY: Evaluation,51
356,STRATEGY: Evaluation,51
360,STRATEGY: Evaluation,51
765,STRATEGY: Evaluation,51
763,STRATEGY: Evaluation,51
785,STRATEGY: Evaluation,51
294,STRATEGY: Evaluation,51
286,STRATEGY: Evaluation,51
284,STRATEGY: Evaluation,51
292,STRATEGY: Evaluation,51
299,STRATEGY: Evaluation,51
290,STRATEGY: Evaluation,51
37,STRATEGY: Evaluation,51
280,STRATEGY: Evaluation,51
1125,STRATEGY: Evaluation,51
1377,STRATEGY: Evaluation,51
757,STRATEGY: Evaluation,51
266,STRATEGY: Evaluation,51
766,STRATEGY: Evaluation,51
1385,STRATEGY: Evaluation,51
1387,STRATEGY: Evaluation,51
281,STRATEGY: Evaluation,51
1194,STRATEGY: Evaluation,51
1195,STRATEGY: Evaluation,51
1196,STRATEGY: Evaluation,51
1739,STRATEGY: Evaluation - Adversarial testing,52
1828,STRATEGY: Evaluation - Adversarial testing,52
1970,STRATEGY: Evaluation - Adversarial testing,52
1678,STRATEGY: Evaluation - Adversarial testing,52
1356,STRATEGY: Evaluation - Adversarial testing,52
2040,STRATEGY: Evaluation - Adversarial testing,52
1383,STRATEGY: Evaluation - Adversarial testing,52
1382,STRATEGY: Evaluation - Adversarial testing,52
1831,STRATEGY: Evaluation - Adversarial testing,52
1802,STRATEGY: Evaluation - Adversarial testing,52
1803,STRATEGY: Evaluation - Adversarial testing,52
1099,STRATEGY: Evaluation - Adversarial testing,52
1053,STRATEGY: Evaluation - Adversarial testing,52
987,STRATEGY: Evaluation - Adversarial testing,52
6,STRATEGY: Evaluation - Adversarial testing,52
307,STRATEGY: Evaluation - Adversarial testing,52
191,STRATEGY: Evaluation - Adversarial testing,52
768,STRATEGY: Evaluation - Adversarial testing,52
394,STRATEGY: Evaluation - Adversarial testing,52
771,STRATEGY: Evaluation - Adversarial testing,52
416,STRATEGY: Evaluation - Adversarial testing,52
399,STRATEGY: Evaluation - Adversarial testing,52
440,STRATEGY: Evaluation - Adversarial testing,52
604,STRATEGY: Evaluation - Adversarial testing,52
89,STRATEGY: Evaluation - Adversarial testing,52
995,STRATEGY: Evaluation - Adversarial testing,52
765,STRATEGY: Evaluation - Adversarial testing,52
763,STRATEGY: Evaluation - Adversarial testing,52
785,STRATEGY: Evaluation - Adversarial testing,52
757,STRATEGY: Evaluation - Adversarial testing,52
50,STRATEGY: Evaluation - Adversarial testing,52
766,STRATEGY: Evaluation - Adversarial testing,52
1385,STRATEGY: Evaluation - Adversarial testing,52
1195,STRATEGY: Evaluation - Adversarial testing,52
1054,STRATEGY: Evaluation - Conformity assessment,53
637,STRATEGY: Evaluation - Conformity assessment,53
2096,STRATEGY: Evaluation - Conformity assessment,53
1996,STRATEGY: Evaluation - Conformity assessment,53
1970,STRATEGY: Evaluation - Conformity assessment,53
1032,STRATEGY: Evaluation - Conformity assessment,53
1356,STRATEGY: Evaluation - Conformity assessment,53
1997,STRATEGY: Evaluation - Conformity assessment,53
2040,STRATEGY: Evaluation - Conformity assessment,53
1382,STRATEGY: Evaluation - Conformity assessment,53
1380,STRATEGY: Evaluation - Conformity assessment,53
1737,STRATEGY: Evaluation - Conformity assessment,53
1783,STRATEGY: Evaluation - Conformity assessment,53
1962,STRATEGY: Evaluation - Conformity assessment,53
1803,STRATEGY: Evaluation - Conformity assessment,53
2038,STRATEGY: Evaluation - Conformity assessment,53
2019,STRATEGY: Evaluation - Conformity assessment,53
1053,STRATEGY: Evaluation - Conformity assessment,53
1087,STRATEGY: Evaluation - Conformity assessment,53
987,STRATEGY: Evaluation - Conformity assessment,53
73,STRATEGY: Evaluation - Conformity assessment,53
307,STRATEGY: Evaluation - Conformity assessment,53
148,STRATEGY: Evaluation - Conformity assessment,53
157,STRATEGY: Evaluation - Conformity assessment,53
23,STRATEGY: Evaluation - Conformity assessment,53
201,STRATEGY: Evaluation - Conformity assessment,53
188,STRATEGY: Evaluation - Conformity assessment,53
197,STRATEGY: Evaluation - Conformity assessment,53
192,STRATEGY: Evaluation - Conformity assessment,53
186,STRATEGY: Evaluation - Conformity assessment,53
235,STRATEGY: Evaluation - Conformity assessment,53
9,STRATEGY: Evaluation - Conformity assessment,53
231,STRATEGY: Evaluation - Conformity assessment,53
10,STRATEGY: Evaluation - Conformity assessment,53
277,STRATEGY: Evaluation - Conformity assessment,53
75,STRATEGY: Evaluation - Conformity assessment,53
182,STRATEGY: Evaluation - Conformity assessment,53
178,STRATEGY: Evaluation - Conformity assessment,53
169,STRATEGY: Evaluation - Conformity assessment,53
174,STRATEGY: Evaluation - Conformity assessment,53
173,STRATEGY: Evaluation - Conformity assessment,53
177,STRATEGY: Evaluation - Conformity assessment,53
183,STRATEGY: Evaluation - Conformity assessment,53
170,STRATEGY: Evaluation - Conformity assessment,53
176,STRATEGY: Evaluation - Conformity assessment,53
906,STRATEGY: Evaluation - Conformity assessment,53
768,STRATEGY: Evaluation - Conformity assessment,53
1163,STRATEGY: Evaluation - Conformity assessment,53
772,STRATEGY: Evaluation - Conformity assessment,53
1376,STRATEGY: Evaluation - Conformity assessment,53
771,STRATEGY: Evaluation - Conformity assessment,53
396,STRATEGY: Evaluation - Conformity assessment,53
395,STRATEGY: Evaluation - Conformity assessment,53
416,STRATEGY: Evaluation - Conformity assessment,53
460,STRATEGY: Evaluation - Conformity assessment,53
604,STRATEGY: Evaluation - Conformity assessment,53
1303,STRATEGY: Evaluation - Conformity assessment,53
1280,STRATEGY: Evaluation - Conformity assessment,53
1297,STRATEGY: Evaluation - Conformity assessment,53
288,STRATEGY: Evaluation - Conformity assessment,53
329,STRATEGY: Evaluation - Conformity assessment,53
285,STRATEGY: Evaluation - Conformity assessment,53
758,STRATEGY: Evaluation - Conformity assessment,53
995,STRATEGY: Evaluation - Conformity assessment,53
284,STRATEGY: Evaluation - Conformity assessment,53
37,STRATEGY: Evaluation - Conformity assessment,53
280,STRATEGY: Evaluation - Conformity assessment,53
1125,STRATEGY: Evaluation - Conformity assessment,53
757,STRATEGY: Evaluation - Conformity assessment,53
50,STRATEGY: Evaluation - Conformity assessment,53
1387,STRATEGY: Evaluation - Conformity assessment,53
281,STRATEGY: Evaluation - Conformity assessment,53
2002,STRATEGY: Evaluation - External auditing,54
1054,STRATEGY: Evaluation - External auditing,54
637,STRATEGY: Evaluation - External auditing,54
1996,STRATEGY: Evaluation - External auditing,54
1970,STRATEGY: Evaluation - External auditing,54
1972,STRATEGY: Evaluation - External auditing,54
1826,STRATEGY: Evaluation - External auditing,54
1032,STRATEGY: Evaluation - External auditing,54
1356,STRATEGY: Evaluation - External auditing,54
1997,STRATEGY: Evaluation - External auditing,54
2040,STRATEGY: Evaluation - External auditing,54
2039,STRATEGY: Evaluation - External auditing,54
1383,STRATEGY: Evaluation - External auditing,54
1382,STRATEGY: Evaluation - External auditing,54
1782,STRATEGY: Evaluation - External auditing,54
1802,STRATEGY: Evaluation - External auditing,54
1804,STRATEGY: Evaluation - External auditing,54
1962,STRATEGY: Evaluation - External auditing,54
1803,STRATEGY: Evaluation - External auditing,54
1053,STRATEGY: Evaluation - External auditing,54
1109,STRATEGY: Evaluation - External auditing,54
72,STRATEGY: Evaluation - External auditing,54
307,STRATEGY: Evaluation - External auditing,54
314,STRATEGY: Evaluation - External auditing,54
201,STRATEGY: Evaluation - External auditing,54
25,STRATEGY: Evaluation - External auditing,54
768,STRATEGY: Evaluation - External auditing,54
1163,STRATEGY: Evaluation - External auditing,54
36,STRATEGY: Evaluation - External auditing,54
396,STRATEGY: Evaluation - External auditing,54
397,STRATEGY: Evaluation - External auditing,54
399,STRATEGY: Evaluation - External auditing,54
288,STRATEGY: Evaluation - External auditing,54
329,STRATEGY: Evaluation - External auditing,54
285,STRATEGY: Evaluation - External auditing,54
278,STRATEGY: Evaluation - External auditing,54
758,STRATEGY: Evaluation - External auditing,54
995,STRATEGY: Evaluation - External auditing,54
765,STRATEGY: Evaluation - External auditing,54
294,STRATEGY: Evaluation - External auditing,54
284,STRATEGY: Evaluation - External auditing,54
299,STRATEGY: Evaluation - External auditing,54
1377,STRATEGY: Evaluation - External auditing,54
757,STRATEGY: Evaluation - External auditing,54
766,STRATEGY: Evaluation - External auditing,54
1387,STRATEGY: Evaluation - External auditing,54
281,STRATEGY: Evaluation - External auditing,54
1194,STRATEGY: Evaluation - External auditing,54
1195,STRATEGY: Evaluation - External auditing,54
1196,STRATEGY: Evaluation - External auditing,54
2052,STRATEGY: Evaluation - Impact assessment,55
1554,STRATEGY: Evaluation - Impact assessment,55
1551,STRATEGY: Evaluation - Impact assessment,55
1553,STRATEGY: Evaluation - Impact assessment,55
2097,STRATEGY: Evaluation - Impact assessment,55
1742,STRATEGY: Evaluation - Impact assessment,55
1379,STRATEGY: Evaluation - Impact assessment,55
2244,STRATEGY: Evaluation - Impact assessment,55
1054,STRATEGY: Evaluation - Impact assessment,55
1828,STRATEGY: Evaluation - Impact assessment,55
637,STRATEGY: Evaluation - Impact assessment,55
1996,STRATEGY: Evaluation - Impact assessment,55
1970,STRATEGY: Evaluation - Impact assessment,55
1991,STRATEGY: Evaluation - Impact assessment,55
1203,STRATEGY: Evaluation - Impact assessment,55
1829,STRATEGY: Evaluation - Impact assessment,55
1826,STRATEGY: Evaluation - Impact assessment,55
1032,STRATEGY: Evaluation - Impact assessment,55
1356,STRATEGY: Evaluation - Impact assessment,55
1997,STRATEGY: Evaluation - Impact assessment,55
1396,STRATEGY: Evaluation - Impact assessment,55
2031,STRATEGY: Evaluation - Impact assessment,55
2040,STRATEGY: Evaluation - Impact assessment,55
1417,STRATEGY: Evaluation - Impact assessment,55
1383,STRATEGY: Evaluation - Impact assessment,55
1382,STRATEGY: Evaluation - Impact assessment,55
1763,STRATEGY: Evaluation - Impact assessment,55
1782,STRATEGY: Evaluation - Impact assessment,55
1802,STRATEGY: Evaluation - Impact assessment,55
1815,STRATEGY: Evaluation - Impact assessment,55
1803,STRATEGY: Evaluation - Impact assessment,55
2038,STRATEGY: Evaluation - Impact assessment,55
1053,STRATEGY: Evaluation - Impact assessment,55
374,STRATEGY: Evaluation - Impact assessment,55
1087,STRATEGY: Evaluation - Impact assessment,55
1109,STRATEGY: Evaluation - Impact assessment,55
987,STRATEGY: Evaluation - Impact assessment,55
66,STRATEGY: Evaluation - Impact assessment,55
307,STRATEGY: Evaluation - Impact assessment,55
244,STRATEGY: Evaluation - Impact assessment,55
208,STRATEGY: Evaluation - Impact assessment,55
148,STRATEGY: Evaluation - Impact assessment,55
139,STRATEGY: Evaluation - Impact assessment,55
220,STRATEGY: Evaluation - Impact assessment,55
159,STRATEGY: Evaluation - Impact assessment,55
160,STRATEGY: Evaluation - Impact assessment,55
187,STRATEGY: Evaluation - Impact assessment,55
186,STRATEGY: Evaluation - Impact assessment,55
14,STRATEGY: Evaluation - Impact assessment,55
235,STRATEGY: Evaluation - Impact assessment,55
233,STRATEGY: Evaluation - Impact assessment,55
231,STRATEGY: Evaluation - Impact assessment,55
17,STRATEGY: Evaluation - Impact assessment,55
302,STRATEGY: Evaluation - Impact assessment,55
27,STRATEGY: Evaluation - Impact assessment,55
25,STRATEGY: Evaluation - Impact assessment,55
69,STRATEGY: Evaluation - Impact assessment,55
54,STRATEGY: Evaluation - Impact assessment,55
277,STRATEGY: Evaluation - Impact assessment,55
76,STRATEGY: Evaluation - Impact assessment,55
163,STRATEGY: Evaluation - Impact assessment,55
64,STRATEGY: Evaluation - Impact assessment,55
75,STRATEGY: Evaluation - Impact assessment,55
57,STRATEGY: Evaluation - Impact assessment,55
303,STRATEGY: Evaluation - Impact assessment,55
179,STRATEGY: Evaluation - Impact assessment,55
178,STRATEGY: Evaluation - Impact assessment,55
180,STRATEGY: Evaluation - Impact assessment,55
177,STRATEGY: Evaluation - Impact assessment,55
183,STRATEGY: Evaluation - Impact assessment,55
181,STRATEGY: Evaluation - Impact assessment,55
1198,STRATEGY: Evaluation - Impact assessment,55
768,STRATEGY: Evaluation - Impact assessment,55
1163,STRATEGY: Evaluation - Impact assessment,55
772,STRATEGY: Evaluation - Impact assessment,55
1376,STRATEGY: Evaluation - Impact assessment,55
771,STRATEGY: Evaluation - Impact assessment,55
396,STRATEGY: Evaluation - Impact assessment,55
395,STRATEGY: Evaluation - Impact assessment,55
399,STRATEGY: Evaluation - Impact assessment,55
414,STRATEGY: Evaluation - Impact assessment,55
450,STRATEGY: Evaluation - Impact assessment,55
437,STRATEGY: Evaluation - Impact assessment,55
443,STRATEGY: Evaluation - Impact assessment,55
471,STRATEGY: Evaluation - Impact assessment,55
400,STRATEGY: Evaluation - Impact assessment,55
560,STRATEGY: Evaluation - Impact assessment,55
604,STRATEGY: Evaluation - Impact assessment,55
865,STRATEGY: Evaluation - Impact assessment,55
1303,STRATEGY: Evaluation - Impact assessment,55
1280,STRATEGY: Evaluation - Impact assessment,55
1297,STRATEGY: Evaluation - Impact assessment,55
89,STRATEGY: Evaluation - Impact assessment,55
329,STRATEGY: Evaluation - Impact assessment,55
278,STRATEGY: Evaluation - Impact assessment,55
995,STRATEGY: Evaluation - Impact assessment,55
368,STRATEGY: Evaluation - Impact assessment,55
360,STRATEGY: Evaluation - Impact assessment,55
765,STRATEGY: Evaluation - Impact assessment,55
763,STRATEGY: Evaluation - Impact assessment,55
286,STRATEGY: Evaluation - Impact assessment,55
284,STRATEGY: Evaluation - Impact assessment,55
292,STRATEGY: Evaluation - Impact assessment,55
37,STRATEGY: Evaluation - Impact assessment,55
280,STRATEGY: Evaluation - Impact assessment,55
1377,STRATEGY: Evaluation - Impact assessment,55
757,STRATEGY: Evaluation - Impact assessment,55
766,STRATEGY: Evaluation - Impact assessment,55
1385,STRATEGY: Evaluation - Impact assessment,55
1387,STRATEGY: Evaluation - Impact assessment,55
281,STRATEGY: Evaluation - Impact assessment,55
2052,STRATEGY: Evaluation - Post-market monitoring,56
1551,STRATEGY: Evaluation - Post-market monitoring,56
1553,STRATEGY: Evaluation - Post-market monitoring,56
1054,STRATEGY: Evaluation - Post-market monitoring,56
1828,STRATEGY: Evaluation - Post-market monitoring,56
1970,STRATEGY: Evaluation - Post-market monitoring,56
1991,STRATEGY: Evaluation - Post-market monitoring,56
1826,STRATEGY: Evaluation - Post-market monitoring,56
1032,STRATEGY: Evaluation - Post-market monitoring,56
1356,STRATEGY: Evaluation - Post-market monitoring,56
1997,STRATEGY: Evaluation - Post-market monitoring,56
2040,STRATEGY: Evaluation - Post-market monitoring,56
1383,STRATEGY: Evaluation - Post-market monitoring,56
1382,STRATEGY: Evaluation - Post-market monitoring,56
1380,STRATEGY: Evaluation - Post-market monitoring,56
1737,STRATEGY: Evaluation - Post-market monitoring,56
1782,STRATEGY: Evaluation - Post-market monitoring,56
1804,STRATEGY: Evaluation - Post-market monitoring,56
1962,STRATEGY: Evaluation - Post-market monitoring,56
1803,STRATEGY: Evaluation - Post-market monitoring,56
2019,STRATEGY: Evaluation - Post-market monitoring,56
405,STRATEGY: Evaluation - Post-market monitoring,56
987,STRATEGY: Evaluation - Post-market monitoring,56
307,STRATEGY: Evaluation - Post-market monitoring,56
314,STRATEGY: Evaluation - Post-market monitoring,56
239,STRATEGY: Evaluation - Post-market monitoring,56
231,STRATEGY: Evaluation - Post-market monitoring,56
17,STRATEGY: Evaluation - Post-market monitoring,56
473,STRATEGY: Evaluation - Post-market monitoring,56
1198,STRATEGY: Evaluation - Post-market monitoring,56
906,STRATEGY: Evaluation - Post-market monitoring,56
768,STRATEGY: Evaluation - Post-market monitoring,56
1163,STRATEGY: Evaluation - Post-market monitoring,56
36,STRATEGY: Evaluation - Post-market monitoring,56
772,STRATEGY: Evaluation - Post-market monitoring,56
1376,STRATEGY: Evaluation - Post-market monitoring,56
771,STRATEGY: Evaluation - Post-market monitoring,56
416,STRATEGY: Evaluation - Post-market monitoring,56
443,STRATEGY: Evaluation - Post-market monitoring,56
807,STRATEGY: Evaluation - Post-market monitoring,56
604,STRATEGY: Evaluation - Post-market monitoring,56
865,STRATEGY: Evaluation - Post-market monitoring,56
1303,STRATEGY: Evaluation - Post-market monitoring,56
1280,STRATEGY: Evaluation - Post-market monitoring,56
1297,STRATEGY: Evaluation - Post-market monitoring,56
329,STRATEGY: Evaluation - Post-market monitoring,56
285,STRATEGY: Evaluation - Post-market monitoring,56
278,STRATEGY: Evaluation - Post-market monitoring,56
758,STRATEGY: Evaluation - Post-market monitoring,56
995,STRATEGY: Evaluation - Post-market monitoring,56
356,STRATEGY: Evaluation - Post-market monitoring,56
765,STRATEGY: Evaluation - Post-market monitoring,56
294,STRATEGY: Evaluation - Post-market monitoring,56
286,STRATEGY: Evaluation - Post-market monitoring,56
284,STRATEGY: Evaluation - Post-market monitoring,56
292,STRATEGY: Evaluation - Post-market monitoring,56
290,STRATEGY: Evaluation - Post-market monitoring,56
280,STRATEGY: Evaluation - Post-market monitoring,56
1377,STRATEGY: Evaluation - Post-market monitoring,56
757,STRATEGY: Evaluation - Post-market monitoring,56
266,STRATEGY: Evaluation - Post-market monitoring,56
766,STRATEGY: Evaluation - Post-market monitoring,56
1385,STRATEGY: Evaluation - Post-market monitoring,56
1387,STRATEGY: Evaluation - Post-market monitoring,56
281,STRATEGY: Evaluation - Post-market monitoring,56
1194,STRATEGY: Evaluation - Post-market monitoring,56
1195,STRATEGY: Evaluation - Post-market monitoring,56
2052,STRATEGY: Governance development,57
1554,STRATEGY: Governance development,57
2151,STRATEGY: Governance development,57
1551,STRATEGY: Governance development,57
1719,STRATEGY: Governance development,57
1550,STRATEGY: Governance development,57
2097,STRATEGY: Governance development,57
1754,STRATEGY: Governance development,57
1739,STRATEGY: Governance development,57
1746,STRATEGY: Governance development,57
1379,STRATEGY: Governance development,57
1806,STRATEGY: Governance development,57
447,STRATEGY: Governance development,57
1054,STRATEGY: Governance development,57
1828,STRATEGY: Governance development,57
1658,STRATEGY: Governance development,57
637,STRATEGY: Governance development,57
1996,STRATEGY: Governance development,57
1970,STRATEGY: Governance development,57
1991,STRATEGY: Governance development,57
1203,STRATEGY: Governance development,57
904,STRATEGY: Governance development,57
1826,STRATEGY: Governance development,57
1032,STRATEGY: Governance development,57
1356,STRATEGY: Governance development,57
1997,STRATEGY: Governance development,57
1396,STRATEGY: Governance development,57
1801,STRATEGY: Governance development,57
1781,STRATEGY: Governance development,57
2040,STRATEGY: Governance development,57
2039,STRATEGY: Governance development,57
1417,STRATEGY: Governance development,57
1383,STRATEGY: Governance development,57
1382,STRATEGY: Governance development,57
1380,STRATEGY: Governance development,57
1378,STRATEGY: Governance development,57
1741,STRATEGY: Governance development,57
1737,STRATEGY: Governance development,57
1758,STRATEGY: Governance development,57
1744,STRATEGY: Governance development,57
1738,STRATEGY: Governance development,57
1763,STRATEGY: Governance development,57
1780,STRATEGY: Governance development,57
1782,STRATEGY: Governance development,57
1802,STRATEGY: Governance development,57
1804,STRATEGY: Governance development,57
1815,STRATEGY: Governance development,57
1962,STRATEGY: Governance development,57
1803,STRATEGY: Governance development,57
2041,STRATEGY: Governance development,57
2019,STRATEGY: Governance development,57
511,STRATEGY: Governance development,57
1264,STRATEGY: Governance development,57
1099,STRATEGY: Governance development,57
840,STRATEGY: Governance development,57
1053,STRATEGY: Governance development,57
405,STRATEGY: Governance development,57
2025,STRATEGY: Governance development,57
377,STRATEGY: Governance development,57
571,STRATEGY: Governance development,57
435,STRATEGY: Governance development,57
523,STRATEGY: Governance development,57
1087,STRATEGY: Governance development,57
456,STRATEGY: Governance development,57
987,STRATEGY: Governance development,57
2,STRATEGY: Governance development,57
7,STRATEGY: Governance development,57
1,STRATEGY: Governance development,57
16,STRATEGY: Governance development,57
307,STRATEGY: Governance development,57
244,STRATEGY: Governance development,57
161,STRATEGY: Governance development,57
148,STRATEGY: Governance development,57
151,STRATEGY: Governance development,57
221,STRATEGY: Governance development,57
23,STRATEGY: Governance development,57
152,STRATEGY: Governance development,57
199,STRATEGY: Governance development,57
201,STRATEGY: Governance development,57
188,STRATEGY: Governance development,57
205,STRATEGY: Governance development,57
192,STRATEGY: Governance development,57
194,STRATEGY: Governance development,57
190,STRATEGY: Governance development,57
12,STRATEGY: Governance development,57
226,STRATEGY: Governance development,57
14,STRATEGY: Governance development,57
235,STRATEGY: Governance development,57
9,STRATEGY: Governance development,57
1161,STRATEGY: Governance development,57
10,STRATEGY: Governance development,57
232,STRATEGY: Governance development,57
17,STRATEGY: Governance development,57
216,STRATEGY: Governance development,57
25,STRATEGY: Governance development,57
28,STRATEGY: Governance development,57
69,STRATEGY: Governance development,57
61,STRATEGY: Governance development,57
277,STRATEGY: Governance development,57
77,STRATEGY: Governance development,57
76,STRATEGY: Governance development,57
56,STRATEGY: Governance development,57
67,STRATEGY: Governance development,57
303,STRATEGY: Governance development,57
403,STRATEGY: Governance development,57
473,STRATEGY: Governance development,57
850,STRATEGY: Governance development,57
1198,STRATEGY: Governance development,57
826,STRATEGY: Governance development,57
906,STRATEGY: Governance development,57
768,STRATEGY: Governance development,57
1293,STRATEGY: Governance development,57
1163,STRATEGY: Governance development,57
36,STRATEGY: Governance development,57
772,STRATEGY: Governance development,57
554,STRATEGY: Governance development,57
1376,STRATEGY: Governance development,57
771,STRATEGY: Governance development,57
315,STRATEGY: Governance development,57
396,STRATEGY: Governance development,57
395,STRATEGY: Governance development,57
416,STRATEGY: Governance development,57
397,STRATEGY: Governance development,57
433,STRATEGY: Governance development,57
440,STRATEGY: Governance development,57
436,STRATEGY: Governance development,57
460,STRATEGY: Governance development,57
590,STRATEGY: Governance development,57
597,STRATEGY: Governance development,57
522,STRATEGY: Governance development,57
721,STRATEGY: Governance development,57
883,STRATEGY: Governance development,57
905,STRATEGY: Governance development,57
879,STRATEGY: Governance development,57
865,STRATEGY: Governance development,57
896,STRATEGY: Governance development,57
889,STRATEGY: Governance development,57
882,STRATEGY: Governance development,57
1222,STRATEGY: Governance development,57
1303,STRATEGY: Governance development,57
1320,STRATEGY: Governance development,57
1280,STRATEGY: Governance development,57
1297,STRATEGY: Governance development,57
1251,STRATEGY: Governance development,57
1305,STRATEGY: Governance development,57
1202,STRATEGY: Governance development,57
288,STRATEGY: Governance development,57
89,STRATEGY: Governance development,57
35,STRATEGY: Governance development,57
329,STRATEGY: Governance development,57
274,STRATEGY: Governance development,57
278,STRATEGY: Governance development,57
368,STRATEGY: Governance development,57
360,STRATEGY: Governance development,57
367,STRATEGY: Governance development,57
1111,STRATEGY: Governance development,57
765,STRATEGY: Governance development,57
763,STRATEGY: Governance development,57
785,STRATEGY: Governance development,57
294,STRATEGY: Governance development,57
300,STRATEGY: Governance development,57
284,STRATEGY: Governance development,57
292,STRATEGY: Governance development,57
311,STRATEGY: Governance development,57
299,STRATEGY: Governance development,57
1125,STRATEGY: Governance development,57
1377,STRATEGY: Governance development,57
757,STRATEGY: Governance development,57
50,STRATEGY: Governance development,57
266,STRATEGY: Governance development,57
766,STRATEGY: Governance development,57
1385,STRATEGY: Governance development,57
1387,STRATEGY: Governance development,57
281,STRATEGY: Governance development,57
1194,STRATEGY: Governance development,57
1195,STRATEGY: Governance development,57
1196,STRATEGY: Governance development,57
2052,STRATEGY: Government study or report,58
1554,STRATEGY: Government study or report,58
1551,STRATEGY: Government study or report,58
1719,STRATEGY: Government study or report,58
1553,STRATEGY: Government study or report,58
1757,STRATEGY: Government study or report,58
1747,STRATEGY: Government study or report,58
2097,STRATEGY: Government study or report,58
1754,STRATEGY: Government study or report,58
1751,STRATEGY: Government study or report,58
1746,STRATEGY: Government study or report,58
1748,STRATEGY: Government study or report,58
1755,STRATEGY: Government study or report,58
1742,STRATEGY: Government study or report,58
1379,STRATEGY: Government study or report,58
838,STRATEGY: Government study or report,58
839,STRATEGY: Government study or report,58
447,STRATEGY: Government study or report,58
1658,STRATEGY: Government study or report,58
1588,STRATEGY: Government study or report,58
637,STRATEGY: Government study or report,58
1996,STRATEGY: Government study or report,58
1203,STRATEGY: Government study or report,58
406,STRATEGY: Government study or report,58
904,STRATEGY: Government study or report,58
660,STRATEGY: Government study or report,58
1301,STRATEGY: Government study or report,58
1032,STRATEGY: Government study or report,58
1396,STRATEGY: Government study or report,58
1417,STRATEGY: Government study or report,58
1753,STRATEGY: Government study or report,58
1741,STRATEGY: Government study or report,58
1737,STRATEGY: Government study or report,58
1758,STRATEGY: Government study or report,58
1738,STRATEGY: Government study or report,58
1745,STRATEGY: Government study or report,58
1749,STRATEGY: Government study or report,58
1763,STRATEGY: Government study or report,58
1782,STRATEGY: Government study or report,58
1783,STRATEGY: Government study or report,58
1815,STRATEGY: Government study or report,58
2041,STRATEGY: Government study or report,58
511,STRATEGY: Government study or report,58
1223,STRATEGY: Government study or report,58
1264,STRATEGY: Government study or report,58
405,STRATEGY: Government study or report,58
2025,STRATEGY: Government study or report,58
374,STRATEGY: Government study or report,58
377,STRATEGY: Government study or report,58
571,STRATEGY: Government study or report,58
435,STRATEGY: Government study or report,58
523,STRATEGY: Government study or report,58
456,STRATEGY: Government study or report,58
520,STRATEGY: Government study or report,58
15,STRATEGY: Government study or report,58
2,STRATEGY: Government study or report,58
7,STRATEGY: Government study or report,58
1,STRATEGY: Government study or report,58
11,STRATEGY: Government study or report,58
6,STRATEGY: Government study or report,58
16,STRATEGY: Government study or report,58
70,STRATEGY: Government study or report,58
66,STRATEGY: Government study or report,58
4,STRATEGY: Government study or report,58
307,STRATEGY: Government study or report,58
244,STRATEGY: Government study or report,58
208,STRATEGY: Government study or report,58
142,STRATEGY: Government study or report,58
161,STRATEGY: Government study or report,58
139,STRATEGY: Government study or report,58
157,STRATEGY: Government study or report,58
220,STRATEGY: Government study or report,58
144,STRATEGY: Government study or report,58
159,STRATEGY: Government study or report,58
140,STRATEGY: Government study or report,58
151,STRATEGY: Government study or report,58
147,STRATEGY: Government study or report,58
221,STRATEGY: Government study or report,58
149,STRATEGY: Government study or report,58
160,STRATEGY: Government study or report,58
146,STRATEGY: Government study or report,58
24,STRATEGY: Government study or report,58
152,STRATEGY: Government study or report,58
153,STRATEGY: Government study or report,58
199,STRATEGY: Government study or report,58
189,STRATEGY: Government study or report,58
191,STRATEGY: Government study or report,58
198,STRATEGY: Government study or report,58
240,STRATEGY: Government study or report,58
241,STRATEGY: Government study or report,58
195,STRATEGY: Government study or report,58
205,STRATEGY: Government study or report,58
202,STRATEGY: Government study or report,58
200,STRATEGY: Government study or report,58
197,STRATEGY: Government study or report,58
187,STRATEGY: Government study or report,58
192,STRATEGY: Government study or report,58
203,STRATEGY: Government study or report,58
194,STRATEGY: Government study or report,58
190,STRATEGY: Government study or report,58
186,STRATEGY: Government study or report,58
384,STRATEGY: Government study or report,58
12,STRATEGY: Government study or report,58
227,STRATEGY: Government study or report,58
223,STRATEGY: Government study or report,58
226,STRATEGY: Government study or report,58
225,STRATEGY: Government study or report,58
224,STRATEGY: Government study or report,58
237,STRATEGY: Government study or report,58
14,STRATEGY: Government study or report,58
236,STRATEGY: Government study or report,58
239,STRATEGY: Government study or report,58
235,STRATEGY: Government study or report,58
233,STRATEGY: Government study or report,58
230,STRATEGY: Government study or report,58
228,STRATEGY: Government study or report,58
9,STRATEGY: Government study or report,58
234,STRATEGY: Government study or report,58
231,STRATEGY: Government study or report,58
10,STRATEGY: Government study or report,58
232,STRATEGY: Government study or report,58
17,STRATEGY: Government study or report,58
302,STRATEGY: Government study or report,58
211,STRATEGY: Government study or report,58
215,STRATEGY: Government study or report,58
217,STRATEGY: Government study or report,58
218,STRATEGY: Government study or report,58
27,STRATEGY: Government study or report,58
52,STRATEGY: Government study or report,58
25,STRATEGY: Government study or report,58
28,STRATEGY: Government study or report,58
69,STRATEGY: Government study or report,58
54,STRATEGY: Government study or report,58
61,STRATEGY: Government study or report,58
277,STRATEGY: Government study or report,58
68,STRATEGY: Government study or report,58
77,STRATEGY: Government study or report,58
164,STRATEGY: Government study or report,58
76,STRATEGY: Government study or report,58
162,STRATEGY: Government study or report,58
56,STRATEGY: Government study or report,58
58,STRATEGY: Government study or report,58
165,STRATEGY: Government study or report,58
79,STRATEGY: Government study or report,58
64,STRATEGY: Government study or report,58
75,STRATEGY: Government study or report,58
67,STRATEGY: Government study or report,58
57,STRATEGY: Government study or report,58
303,STRATEGY: Government study or report,58
175,STRATEGY: Government study or report,58
1234,STRATEGY: Government study or report,58
403,STRATEGY: Government study or report,58
850,STRATEGY: Government study or report,58
891,STRATEGY: Government study or report,58
1198,STRATEGY: Government study or report,58
826,STRATEGY: Government study or report,58
534,STRATEGY: Government study or report,58
906,STRATEGY: Government study or report,58
1163,STRATEGY: Government study or report,58
554,STRATEGY: Government study or report,58
315,STRATEGY: Government study or report,58
396,STRATEGY: Government study or report,58
395,STRATEGY: Government study or report,58
397,STRATEGY: Government study or report,58
399,STRATEGY: Government study or report,58
401,STRATEGY: Government study or report,58
450,STRATEGY: Government study or report,58
420,STRATEGY: Government study or report,58
433,STRATEGY: Government study or report,58
440,STRATEGY: Government study or report,58
437,STRATEGY: Government study or report,58
443,STRATEGY: Government study or report,58
428,STRATEGY: Government study or report,58
400,STRATEGY: Government study or report,58
573,STRATEGY: Government study or report,58
522,STRATEGY: Government study or report,58
807,STRATEGY: Government study or report,58
560,STRATEGY: Government study or report,58
721,STRATEGY: Government study or report,58
880,STRATEGY: Government study or report,58
886,STRATEGY: Government study or report,58
883,STRATEGY: Government study or report,58
905,STRATEGY: Government study or report,58
879,STRATEGY: Government study or report,58
865,STRATEGY: Government study or report,58
855,STRATEGY: Government study or report,58
988,STRATEGY: Government study or report,58
896,STRATEGY: Government study or report,58
889,STRATEGY: Government study or report,58
882,STRATEGY: Government study or report,58
854,STRATEGY: Government study or report,58
1222,STRATEGY: Government study or report,58
1303,STRATEGY: Government study or report,58
1280,STRATEGY: Government study or report,58
326,STRATEGY: Government study or report,58
1297,STRATEGY: Government study or report,58
1251,STRATEGY: Government study or report,58
1305,STRATEGY: Government study or report,58
1202,STRATEGY: Government study or report,58
496,STRATEGY: Government study or report,58
316,STRATEGY: Government study or report,58
89,STRATEGY: Government study or report,58
329,STRATEGY: Government study or report,58
360,STRATEGY: Government study or report,58
1111,STRATEGY: Government study or report,58
294,STRATEGY: Government study or report,58
300,STRATEGY: Government study or report,58
292,STRATEGY: Government study or report,58
311,STRATEGY: Government study or report,58
1377,STRATEGY: Government study or report,58
757,STRATEGY: Government study or report,58
266,STRATEGY: Government study or report,58
766,STRATEGY: Government study or report,58
1385,STRATEGY: Government study or report,58
1387,STRATEGY: Government study or report,58
2425,STRATEGY: Government support,59
2052,STRATEGY: Government support,59
1562,STRATEGY: Government support,59
1719,STRATEGY: Government support,59
1757,STRATEGY: Government support,59
1750,STRATEGY: Government support,59
2097,STRATEGY: Government support,59
1754,STRATEGY: Government support,59
1739,STRATEGY: Government support,59
1748,STRATEGY: Government support,59
1755,STRATEGY: Government support,59
1379,STRATEGY: Government support,59
389,STRATEGY: Government support,59
1054,STRATEGY: Government support,59
1736,STRATEGY: Government support,59
637,STRATEGY: Government support,59
1996,STRATEGY: Government support,59
2047,STRATEGY: Government support,59
406,STRATEGY: Government support,59
660,STRATEGY: Government support,59
1301,STRATEGY: Government support,59
1228,STRATEGY: Government support,59
1826,STRATEGY: Government support,59
1032,STRATEGY: Government support,59
1396,STRATEGY: Government support,59
1801,STRATEGY: Government support,59
1243,STRATEGY: Government support,59
2039,STRATEGY: Government support,59
1753,STRATEGY: Government support,59
1737,STRATEGY: Government support,59
1758,STRATEGY: Government support,59
1738,STRATEGY: Government support,59
1749,STRATEGY: Government support,59
1763,STRATEGY: Government support,59
1780,STRATEGY: Government support,59
1802,STRATEGY: Government support,59
1815,STRATEGY: Government support,59
1803,STRATEGY: Government support,59
2041,STRATEGY: Government support,59
511,STRATEGY: Government support,59
1223,STRATEGY: Government support,59
1264,STRATEGY: Government support,59
1099,STRATEGY: Government support,59
2025,STRATEGY: Government support,59
377,STRATEGY: Government support,59
435,STRATEGY: Government support,59
523,STRATEGY: Government support,59
1109,STRATEGY: Government support,59
207,STRATEGY: Government support,59
15,STRATEGY: Government support,59
3,STRATEGY: Government support,59
1,STRATEGY: Government support,59
11,STRATEGY: Government support,59
6,STRATEGY: Government support,59
16,STRATEGY: Government support,59
70,STRATEGY: Government support,59
78,STRATEGY: Government support,59
60,STRATEGY: Government support,59
34,STRATEGY: Government support,59
307,STRATEGY: Government support,59
161,STRATEGY: Government support,59
143,STRATEGY: Government support,59
144,STRATEGY: Government support,59
145,STRATEGY: Government support,59
23,STRATEGY: Government support,59
146,STRATEGY: Government support,59
158,STRATEGY: Government support,59
141,STRATEGY: Government support,59
198,STRATEGY: Government support,59
240,STRATEGY: Government support,59
241,STRATEGY: Government support,59
205,STRATEGY: Government support,59
192,STRATEGY: Government support,59
203,STRATEGY: Government support,59
194,STRATEGY: Government support,59
193,STRATEGY: Government support,59
227,STRATEGY: Government support,59
223,STRATEGY: Government support,59
224,STRATEGY: Government support,59
236,STRATEGY: Government support,59
239,STRATEGY: Government support,59
229,STRATEGY: Government support,59
238,STRATEGY: Government support,59
9,STRATEGY: Government support,59
13,STRATEGY: Government support,59
234,STRATEGY: Government support,59
1161,STRATEGY: Government support,59
8,STRATEGY: Government support,59
10,STRATEGY: Government support,59
232,STRATEGY: Government support,59
213,STRATEGY: Government support,59
214,STRATEGY: Government support,59
25,STRATEGY: Government support,59
54,STRATEGY: Government support,59
61,STRATEGY: Government support,59
277,STRATEGY: Government support,59
68,STRATEGY: Government support,59
63,STRATEGY: Government support,59
77,STRATEGY: Government support,59
65,STRATEGY: Government support,59
80,STRATEGY: Government support,59
164,STRATEGY: Government support,59
76,STRATEGY: Government support,59
162,STRATEGY: Government support,59
56,STRATEGY: Government support,59
58,STRATEGY: Government support,59
165,STRATEGY: Government support,59
163,STRATEGY: Government support,59
79,STRATEGY: Government support,59
75,STRATEGY: Government support,59
1244,STRATEGY: Government support,59
534,STRATEGY: Government support,59
906,STRATEGY: Government support,59
394,STRATEGY: Government support,59
395,STRATEGY: Government support,59
397,STRATEGY: Government support,59
399,STRATEGY: Government support,59
437,STRATEGY: Government support,59
436,STRATEGY: Government support,59
443,STRATEGY: Government support,59
462,STRATEGY: Government support,59
471,STRATEGY: Government support,59
467,STRATEGY: Government support,59
540,STRATEGY: Government support,59
484,STRATEGY: Government support,59
652,STRATEGY: Government support,59
593,STRATEGY: Government support,59
592,STRATEGY: Government support,59
560,STRATEGY: Government support,59
914,STRATEGY: Government support,59
880,STRATEGY: Government support,59
886,STRATEGY: Government support,59
879,STRATEGY: Government support,59
865,STRATEGY: Government support,59
988,STRATEGY: Government support,59
1010,STRATEGY: Government support,59
854,STRATEGY: Government support,59
1222,STRATEGY: Government support,59
1303,STRATEGY: Government support,59
1320,STRATEGY: Government support,59
1297,STRATEGY: Government support,59
1251,STRATEGY: Government support,59
1287,STRATEGY: Government support,59
320,STRATEGY: Government support,59
496,STRATEGY: Government support,59
316,STRATEGY: Government support,59
89,STRATEGY: Government support,59
995,STRATEGY: Government support,59
360,STRATEGY: Government support,59
1111,STRATEGY: Government support,59
300,STRATEGY: Government support,59
150,STRATEGY: Government support,59
1377,STRATEGY: Government support,59
757,STRATEGY: Government support,59
50,STRATEGY: Government support,59
266,STRATEGY: Government support,59
1385,STRATEGY: Government support,59
1194,STRATEGY: Government support,59
1195,STRATEGY: Government support,59
1196,STRATEGY: Government support,59
2052,STRATEGY: Government support - AI workforce-related,60
1562,STRATEGY: Government support - AI workforce-related,60
1757,STRATEGY: Government support - AI workforce-related,60
2097,STRATEGY: Government support - AI workforce-related,60
1755,STRATEGY: Government support - AI workforce-related,60
1379,STRATEGY: Government support - AI workforce-related,60
389,STRATEGY: Government support - AI workforce-related,60
1054,STRATEGY: Government support - AI workforce-related,60
1996,STRATEGY: Government support - AI workforce-related,60
2047,STRATEGY: Government support - AI workforce-related,60
406,STRATEGY: Government support - AI workforce-related,60
660,STRATEGY: Government support - AI workforce-related,60
1301,STRATEGY: Government support - AI workforce-related,60
1032,STRATEGY: Government support - AI workforce-related,60
1396,STRATEGY: Government support - AI workforce-related,60
1243,STRATEGY: Government support - AI workforce-related,60
2039,STRATEGY: Government support - AI workforce-related,60
1737,STRATEGY: Government support - AI workforce-related,60
1758,STRATEGY: Government support - AI workforce-related,60
1738,STRATEGY: Government support - AI workforce-related,60
1763,STRATEGY: Government support - AI workforce-related,60
1802,STRATEGY: Government support - AI workforce-related,60
1815,STRATEGY: Government support - AI workforce-related,60
1803,STRATEGY: Government support - AI workforce-related,60
2041,STRATEGY: Government support - AI workforce-related,60
1099,STRATEGY: Government support - AI workforce-related,60
377,STRATEGY: Government support - AI workforce-related,60
523,STRATEGY: Government support - AI workforce-related,60
11,STRATEGY: Government support - AI workforce-related,60
6,STRATEGY: Government support - AI workforce-related,60
16,STRATEGY: Government support - AI workforce-related,60
34,STRATEGY: Government support - AI workforce-related,60
307,STRATEGY: Government support - AI workforce-related,60
161,STRATEGY: Government support - AI workforce-related,60
139,STRATEGY: Government support - AI workforce-related,60
143,STRATEGY: Government support - AI workforce-related,60
144,STRATEGY: Government support - AI workforce-related,60
145,STRATEGY: Government support - AI workforce-related,60
147,STRATEGY: Government support - AI workforce-related,60
146,STRATEGY: Government support - AI workforce-related,60
141,STRATEGY: Government support - AI workforce-related,60
24,STRATEGY: Government support - AI workforce-related,60
192,STRATEGY: Government support - AI workforce-related,60
194,STRATEGY: Government support - AI workforce-related,60
193,STRATEGY: Government support - AI workforce-related,60
12,STRATEGY: Government support - AI workforce-related,60
5,STRATEGY: Government support - AI workforce-related,60
223,STRATEGY: Government support - AI workforce-related,60
224,STRATEGY: Government support - AI workforce-related,60
14,STRATEGY: Government support - AI workforce-related,60
229,STRATEGY: Government support - AI workforce-related,60
234,STRATEGY: Government support - AI workforce-related,60
1161,STRATEGY: Government support - AI workforce-related,60
10,STRATEGY: Government support - AI workforce-related,60
232,STRATEGY: Government support - AI workforce-related,60
213,STRATEGY: Government support - AI workforce-related,60
214,STRATEGY: Government support - AI workforce-related,60
27,STRATEGY: Government support - AI workforce-related,60
25,STRATEGY: Government support - AI workforce-related,60
61,STRATEGY: Government support - AI workforce-related,60
277,STRATEGY: Government support - AI workforce-related,60
77,STRATEGY: Government support - AI workforce-related,60
76,STRATEGY: Government support - AI workforce-related,60
79,STRATEGY: Government support - AI workforce-related,60
850,STRATEGY: Government support - AI workforce-related,60
1163,STRATEGY: Government support - AI workforce-related,60
397,STRATEGY: Government support - AI workforce-related,60
420,STRATEGY: Government support - AI workforce-related,60
462,STRATEGY: Government support - AI workforce-related,60
471,STRATEGY: Government support - AI workforce-related,60
467,STRATEGY: Government support - AI workforce-related,60
880,STRATEGY: Government support - AI workforce-related,60
1303,STRATEGY: Government support - AI workforce-related,60
1320,STRATEGY: Government support - AI workforce-related,60
1251,STRATEGY: Government support - AI workforce-related,60
89,STRATEGY: Government support - AI workforce-related,60
1111,STRATEGY: Government support - AI workforce-related,60
300,STRATEGY: Government support - AI workforce-related,60
1377,STRATEGY: Government support - AI workforce-related,60
757,STRATEGY: Government support - AI workforce-related,60
50,STRATEGY: Government support - AI workforce-related,60
1385,STRATEGY: Government support - AI workforce-related,60
1387,STRATEGY: Government support - AI workforce-related,60
2052,STRATEGY: Government support - For R&D,61
2097,STRATEGY: Government support - For R&D,61
1754,STRATEGY: Government support - For R&D,61
1748,STRATEGY: Government support - For R&D,61
1379,STRATEGY: Government support - For R&D,61
389,STRATEGY: Government support - For R&D,61
1736,STRATEGY: Government support - For R&D,61
637,STRATEGY: Government support - For R&D,61
406,STRATEGY: Government support - For R&D,61
660,STRATEGY: Government support - For R&D,61
1301,STRATEGY: Government support - For R&D,61
1228,STRATEGY: Government support - For R&D,61
1032,STRATEGY: Government support - For R&D,61
1396,STRATEGY: Government support - For R&D,61
1243,STRATEGY: Government support - For R&D,61
2039,STRATEGY: Government support - For R&D,61
1753,STRATEGY: Government support - For R&D,61
1737,STRATEGY: Government support - For R&D,61
1749,STRATEGY: Government support - For R&D,61
1763,STRATEGY: Government support - For R&D,61
1802,STRATEGY: Government support - For R&D,61
511,STRATEGY: Government support - For R&D,61
1223,STRATEGY: Government support - For R&D,61
1264,STRATEGY: Government support - For R&D,61
1099,STRATEGY: Government support - For R&D,61
435,STRATEGY: Government support - For R&D,61
1109,STRATEGY: Government support - For R&D,61
15,STRATEGY: Government support - For R&D,61
1,STRATEGY: Government support - For R&D,61
16,STRATEGY: Government support - For R&D,61
78,STRATEGY: Government support - For R&D,61
60,STRATEGY: Government support - For R&D,61
34,STRATEGY: Government support - For R&D,61
307,STRATEGY: Government support - For R&D,61
161,STRATEGY: Government support - For R&D,61
139,STRATEGY: Government support - For R&D,61
144,STRATEGY: Government support - For R&D,61
147,STRATEGY: Government support - For R&D,61
158,STRATEGY: Government support - For R&D,61
141,STRATEGY: Government support - For R&D,61
201,STRATEGY: Government support - For R&D,61
188,STRATEGY: Government support - For R&D,61
198,STRATEGY: Government support - For R&D,61
240,STRATEGY: Government support - For R&D,61
205,STRATEGY: Government support - For R&D,61
194,STRATEGY: Government support - For R&D,61
193,STRATEGY: Government support - For R&D,61
12,STRATEGY: Government support - For R&D,61
227,STRATEGY: Government support - For R&D,61
238,STRATEGY: Government support - For R&D,61
13,STRATEGY: Government support - For R&D,61
8,STRATEGY: Government support - For R&D,61
10,STRATEGY: Government support - For R&D,61
232,STRATEGY: Government support - For R&D,61
27,STRATEGY: Government support - For R&D,61
25,STRATEGY: Government support - For R&D,61
54,STRATEGY: Government support - For R&D,61
61,STRATEGY: Government support - For R&D,61
68,STRATEGY: Government support - For R&D,61
63,STRATEGY: Government support - For R&D,61
77,STRATEGY: Government support - For R&D,61
65,STRATEGY: Government support - For R&D,61
80,STRATEGY: Government support - For R&D,61
164,STRATEGY: Government support - For R&D,61
162,STRATEGY: Government support - For R&D,61
56,STRATEGY: Government support - For R&D,61
58,STRATEGY: Government support - For R&D,61
165,STRATEGY: Government support - For R&D,61
163,STRATEGY: Government support - For R&D,61
79,STRATEGY: Government support - For R&D,61
75,STRATEGY: Government support - For R&D,61
534,STRATEGY: Government support - For R&D,61
1163,STRATEGY: Government support - For R&D,61
394,STRATEGY: Government support - For R&D,61
395,STRATEGY: Government support - For R&D,61
437,STRATEGY: Government support - For R&D,61
443,STRATEGY: Government support - For R&D,61
462,STRATEGY: Government support - For R&D,61
471,STRATEGY: Government support - For R&D,61
497,STRATEGY: Government support - For R&D,61
652,STRATEGY: Government support - For R&D,61
593,STRATEGY: Government support - For R&D,61
592,STRATEGY: Government support - For R&D,61
560,STRATEGY: Government support - For R&D,61
879,STRATEGY: Government support - For R&D,61
854,STRATEGY: Government support - For R&D,61
1303,STRATEGY: Government support - For R&D,61
326,STRATEGY: Government support - For R&D,61
1297,STRATEGY: Government support - For R&D,61
1202,STRATEGY: Government support - For R&D,61
320,STRATEGY: Government support - For R&D,61
89,STRATEGY: Government support - For R&D,61
360,STRATEGY: Government support - For R&D,61
1111,STRATEGY: Government support - For R&D,61
150,STRATEGY: Government support - For R&D,61
1377,STRATEGY: Government support - For R&D,61
757,STRATEGY: Government support - For R&D,61
50,STRATEGY: Government support - For R&D,61
1385,STRATEGY: Government support - For R&D,61
1194,STRATEGY: Government support - For R&D,61
1195,STRATEGY: Government support - For R&D,61
1196,STRATEGY: Government support - For R&D,61
1719,STRATEGY: Input controls,62
1558,STRATEGY: Input controls,62
2097,STRATEGY: Input controls,62
1723,STRATEGY: Input controls,62
1806,STRATEGY: Input controls,62
1974,STRATEGY: Input controls,62
1972,STRATEGY: Input controls,62
1356,STRATEGY: Input controls,62
1737,STRATEGY: Input controls,62
1743,STRATEGY: Input controls,62
1783,STRATEGY: Input controls,62
1831,STRATEGY: Input controls,62
1802,STRATEGY: Input controls,62
1962,STRATEGY: Input controls,62
2041,STRATEGY: Input controls,62
987,STRATEGY: Input controls,62
304,STRATEGY: Input controls,62
1163,STRATEGY: Input controls,62
793,STRATEGY: Input controls,62
560,STRATEGY: Input controls,62
852,STRATEGY: Input controls,62
993,STRATEGY: Input controls,62
988,STRATEGY: Input controls,62
990,STRATEGY: Input controls,62
1303,STRATEGY: Input controls,62
327,STRATEGY: Input controls,62
328,STRATEGY: Input controls,62
995,STRATEGY: Input controls,62
765,STRATEGY: Input controls,62
763,STRATEGY: Input controls,62
294,STRATEGY: Input controls,62
1125,STRATEGY: Input controls,62
1377,STRATEGY: Input controls,62
757,STRATEGY: Input controls,62
766,STRATEGY: Input controls,62
1385,STRATEGY: Input controls,62
281,STRATEGY: Input controls,62
1783,STRATEGY: Input controls - Compute circulation,63
307,STRATEGY: Input controls - Compute circulation,63
988,STRATEGY: Input controls - Compute circulation,63
1385,STRATEGY: Input controls - Compute circulation,63
1723,STRATEGY: Input controls - Compute use,64
1737,STRATEGY: Input controls - Compute use,64
1962,STRATEGY: Input controls - Compute use,64
2041,STRATEGY: Input controls - Compute use,64
987,STRATEGY: Input controls - Compute use,64
307,STRATEGY: Input controls - Compute use,64
1163,STRATEGY: Input controls - Compute use,64
1303,STRATEGY: Input controls - Compute use,64
1385,STRATEGY: Input controls - Compute use,64
1806,STRATEGY: Input controls - Data circulation,65
1974,STRATEGY: Input controls - Data circulation,65
1972,STRATEGY: Input controls - Data circulation,65
1032,STRATEGY: Input controls - Data circulation,65
1802,STRATEGY: Input controls - Data circulation,65
1962,STRATEGY: Input controls - Data circulation,65
307,STRATEGY: Input controls - Data circulation,65
304,STRATEGY: Input controls - Data circulation,65
420,STRATEGY: Input controls - Data circulation,65
793,STRATEGY: Input controls - Data circulation,65
560,STRATEGY: Input controls - Data circulation,65
1303,STRATEGY: Input controls - Data circulation,65
327,STRATEGY: Input controls - Data circulation,65
328,STRATEGY: Input controls - Data circulation,65
995,STRATEGY: Input controls - Data circulation,65
294,STRATEGY: Input controls - Data circulation,65
757,STRATEGY: Input controls - Data circulation,65
766,STRATEGY: Input controls - Data circulation,65
1385,STRATEGY: Input controls - Data circulation,65
281,STRATEGY: Input controls - Data circulation,65
1719,STRATEGY: Input controls - Data use,66
1558,STRATEGY: Input controls - Data use,66
2097,STRATEGY: Input controls - Data use,66
1723,STRATEGY: Input controls - Data use,66
1806,STRATEGY: Input controls - Data use,66
1974,STRATEGY: Input controls - Data use,66
1972,STRATEGY: Input controls - Data use,66
1032,STRATEGY: Input controls - Data use,66
1356,STRATEGY: Input controls - Data use,66
1737,STRATEGY: Input controls - Data use,66
1743,STRATEGY: Input controls - Data use,66
1831,STRATEGY: Input controls - Data use,66
1802,STRATEGY: Input controls - Data use,66
1962,STRATEGY: Input controls - Data use,66
307,STRATEGY: Input controls - Data use,66
420,STRATEGY: Input controls - Data use,66
793,STRATEGY: Input controls - Data use,66
560,STRATEGY: Input controls - Data use,66
988,STRATEGY: Input controls - Data use,66
1303,STRATEGY: Input controls - Data use,66
327,STRATEGY: Input controls - Data use,66
995,STRATEGY: Input controls - Data use,66
763,STRATEGY: Input controls - Data use,66
294,STRATEGY: Input controls - Data use,66
1125,STRATEGY: Input controls - Data use,66
1377,STRATEGY: Input controls - Data use,66
757,STRATEGY: Input controls - Data use,66
1385,STRATEGY: Input controls - Data use,66
2052,"STRATEGY: Licensing, registration, and certification",67
1554,"STRATEGY: Licensing, registration, and certification",67
1558,"STRATEGY: Licensing, registration, and certification",67
1588,"STRATEGY: Licensing, registration, and certification",67
1783,"STRATEGY: Licensing, registration, and certification",67
1802,"STRATEGY: Licensing, registration, and certification",67
2019,"STRATEGY: Licensing, registration, and certification",67
168,"STRATEGY: Licensing, registration, and certification",67
190,"STRATEGY: Licensing, registration, and certification",67
247,"STRATEGY: Licensing, registration, and certification",67
169,"STRATEGY: Licensing, registration, and certification",67
173,"STRATEGY: Licensing, registration, and certification",67
170,"STRATEGY: Licensing, registration, and certification",67
176,"STRATEGY: Licensing, registration, and certification",67
1234,"STRATEGY: Licensing, registration, and certification",67
554,"STRATEGY: Licensing, registration, and certification",67
396,"STRATEGY: Licensing, registration, and certification",67
420,"STRATEGY: Licensing, registration, and certification",67
852,"STRATEGY: Licensing, registration, and certification",67
1303,"STRATEGY: Licensing, registration, and certification",67
763,"STRATEGY: Licensing, registration, and certification",67
290,"STRATEGY: Licensing, registration, and certification",67
37,"STRATEGY: Licensing, registration, and certification",67
1377,"STRATEGY: Licensing, registration, and certification",67
757,"STRATEGY: Licensing, registration, and certification",67
266,"STRATEGY: Licensing, registration, and certification",67
1385,"STRATEGY: Licensing, registration, and certification",67
1194,"STRATEGY: Licensing, registration, and certification",67
1195,"STRATEGY: Licensing, registration, and certification",67
1196,"STRATEGY: Licensing, registration, and certification",67
1554,STRATEGY: New institution,68
2097,STRATEGY: New institution,68
1739,STRATEGY: New institution,68
1379,STRATEGY: New institution,68
389,STRATEGY: New institution,68
1658,STRATEGY: New institution,68
1996,STRATEGY: New institution,68
1829,STRATEGY: New institution,68
1032,STRATEGY: New institution,68
1356,STRATEGY: New institution,68
2039,STRATEGY: New institution,68
1744,STRATEGY: New institution,68
1783,STRATEGY: New institution,68
1802,STRATEGY: New institution,68
1815,STRATEGY: New institution,68
2041,STRATEGY: New institution,68
511,STRATEGY: New institution,68
1264,STRATEGY: New institution,68
405,STRATEGY: New institution,68
2025,STRATEGY: New institution,68
377,STRATEGY: New institution,68
1109,STRATEGY: New institution,68
1,STRATEGY: New institution,68
72,STRATEGY: New institution,68
70,STRATEGY: New institution,68
307,STRATEGY: New institution,68
244,STRATEGY: New institution,68
161,STRATEGY: New institution,68
139,STRATEGY: New institution,68
23,STRATEGY: New institution,68
158,STRATEGY: New institution,68
205,STRATEGY: New institution,68
192,STRATEGY: New institution,68
193,STRATEGY: New institution,68
384,STRATEGY: New institution,68
12,STRATEGY: New institution,68
229,STRATEGY: New institution,68
228,STRATEGY: New institution,68
13,STRATEGY: New institution,68
8,STRATEGY: New institution,68
302,STRATEGY: New institution,68
212,STRATEGY: New institution,68
27,STRATEGY: New institution,68
25,STRATEGY: New institution,68
61,STRATEGY: New institution,68
277,STRATEGY: New institution,68
79,STRATEGY: New institution,68
303,STRATEGY: New institution,68
403,STRATEGY: New institution,68
473,STRATEGY: New institution,68
850,STRATEGY: New institution,68
826,STRATEGY: New institution,68
768,STRATEGY: New institution,68
1163,STRATEGY: New institution,68
554,STRATEGY: New institution,68
395,STRATEGY: New institution,68
416,STRATEGY: New institution,68
399,STRATEGY: New institution,68
414,STRATEGY: New institution,68
450,STRATEGY: New institution,68
420,STRATEGY: New institution,68
471,STRATEGY: New institution,68
593,STRATEGY: New institution,68
522,STRATEGY: New institution,68
914,STRATEGY: New institution,68
880,STRATEGY: New institution,68
883,STRATEGY: New institution,68
865,STRATEGY: New institution,68
855,STRATEGY: New institution,68
1222,STRATEGY: New institution,68
1303,STRATEGY: New institution,68
326,STRATEGY: New institution,68
1297,STRATEGY: New institution,68
1202,STRATEGY: New institution,68
288,STRATEGY: New institution,68
316,STRATEGY: New institution,68
89,STRATEGY: New institution,68
360,STRATEGY: New institution,68
765,STRATEGY: New institution,68
294,STRATEGY: New institution,68
311,STRATEGY: New institution,68
299,STRATEGY: New institution,68
293,STRATEGY: New institution,68
1377,STRATEGY: New institution,68
757,STRATEGY: New institution,68
50,STRATEGY: New institution,68
766,STRATEGY: New institution,68
1385,STRATEGY: New institution,68
1387,STRATEGY: New institution,68
1194,STRATEGY: New institution,68
1554,STRATEGY: Performance requirements,69
1553,STRATEGY: Performance requirements,69
1828,STRATEGY: Performance requirements,69
637,STRATEGY: Performance requirements,69
2047,STRATEGY: Performance requirements,69
1974,STRATEGY: Performance requirements,69
1970,STRATEGY: Performance requirements,69
1991,STRATEGY: Performance requirements,69
1829,STRATEGY: Performance requirements,69
1356,STRATEGY: Performance requirements,69
2031,STRATEGY: Performance requirements,69
2039,STRATEGY: Performance requirements,69
1383,STRATEGY: Performance requirements,69
1382,STRATEGY: Performance requirements,69
1380,STRATEGY: Performance requirements,69
1737,STRATEGY: Performance requirements,69
1783,STRATEGY: Performance requirements,69
1804,STRATEGY: Performance requirements,69
1962,STRATEGY: Performance requirements,69
1803,STRATEGY: Performance requirements,69
2041,STRATEGY: Performance requirements,69
987,STRATEGY: Performance requirements,69
207,STRATEGY: Performance requirements,69
2,STRATEGY: Performance requirements,69
16,STRATEGY: Performance requirements,69
73,STRATEGY: Performance requirements,69
168,STRATEGY: Performance requirements,69
157,STRATEGY: Performance requirements,69
153,STRATEGY: Performance requirements,69
189,STRATEGY: Performance requirements,69
241,STRATEGY: Performance requirements,69
192,STRATEGY: Performance requirements,69
194,STRATEGY: Performance requirements,69
186,STRATEGY: Performance requirements,69
227,STRATEGY: Performance requirements,69
10,STRATEGY: Performance requirements,69
247,STRATEGY: Performance requirements,69
68,STRATEGY: Performance requirements,69
164,STRATEGY: Performance requirements,69
179,STRATEGY: Performance requirements,69
182,STRATEGY: Performance requirements,69
178,STRATEGY: Performance requirements,69
169,STRATEGY: Performance requirements,69
180,STRATEGY: Performance requirements,69
174,STRATEGY: Performance requirements,69
175,STRATEGY: Performance requirements,69
173,STRATEGY: Performance requirements,69
183,STRATEGY: Performance requirements,69
170,STRATEGY: Performance requirements,69
176,STRATEGY: Performance requirements,69
850,STRATEGY: Performance requirements,69
891,STRATEGY: Performance requirements,69
1163,STRATEGY: Performance requirements,69
36,STRATEGY: Performance requirements,69
772,STRATEGY: Performance requirements,69
1376,STRATEGY: Performance requirements,69
771,STRATEGY: Performance requirements,69
560,STRATEGY: Performance requirements,69
604,STRATEGY: Performance requirements,69
1303,STRATEGY: Performance requirements,69
327,STRATEGY: Performance requirements,69
288,STRATEGY: Performance requirements,69
35,STRATEGY: Performance requirements,69
329,STRATEGY: Performance requirements,69
995,STRATEGY: Performance requirements,69
763,STRATEGY: Performance requirements,69
785,STRATEGY: Performance requirements,69
284,STRATEGY: Performance requirements,69
309,STRATEGY: Performance requirements,69
37,STRATEGY: Performance requirements,69
280,STRATEGY: Performance requirements,69
1125,STRATEGY: Performance requirements,69
1377,STRATEGY: Performance requirements,69
757,STRATEGY: Performance requirements,69
766,STRATEGY: Performance requirements,69
276,STRATEGY: Performance requirements,69
281,STRATEGY: Performance requirements,69
2052,STRATEGY: Pilots and testbeds,70
2097,STRATEGY: Pilots and testbeds,70
1751,STRATEGY: Pilots and testbeds,70
1379,STRATEGY: Pilots and testbeds,70
1588,STRATEGY: Pilots and testbeds,70
1996,STRATEGY: Pilots and testbeds,70
1032,STRATEGY: Pilots and testbeds,70
1356,STRATEGY: Pilots and testbeds,70
1396,STRATEGY: Pilots and testbeds,70
1801,STRATEGY: Pilots and testbeds,70
1753,STRATEGY: Pilots and testbeds,70
1752,STRATEGY: Pilots and testbeds,70
1815,STRATEGY: Pilots and testbeds,70
1264,STRATEGY: Pilots and testbeds,70
1099,STRATEGY: Pilots and testbeds,70
523,STRATEGY: Pilots and testbeds,70
1109,STRATEGY: Pilots and testbeds,70
987,STRATEGY: Pilots and testbeds,70
4,STRATEGY: Pilots and testbeds,70
307,STRATEGY: Pilots and testbeds,70
142,STRATEGY: Pilots and testbeds,70
139,STRATEGY: Pilots and testbeds,70
143,STRATEGY: Pilots and testbeds,70
189,STRATEGY: Pilots and testbeds,70
205,STRATEGY: Pilots and testbeds,70
187,STRATEGY: Pilots and testbeds,70
194,STRATEGY: Pilots and testbeds,70
193,STRATEGY: Pilots and testbeds,70
186,STRATEGY: Pilots and testbeds,70
227,STRATEGY: Pilots and testbeds,70
5,STRATEGY: Pilots and testbeds,70
239,STRATEGY: Pilots and testbeds,70
235,STRATEGY: Pilots and testbeds,70
25,STRATEGY: Pilots and testbeds,70
77,STRATEGY: Pilots and testbeds,70
76,STRATEGY: Pilots and testbeds,70
163,STRATEGY: Pilots and testbeds,70
75,STRATEGY: Pilots and testbeds,70
395,STRATEGY: Pilots and testbeds,70
416,STRATEGY: Pilots and testbeds,70
428,STRATEGY: Pilots and testbeds,70
462,STRATEGY: Pilots and testbeds,70
855,STRATEGY: Pilots and testbeds,70
1303,STRATEGY: Pilots and testbeds,70
1202,STRATEGY: Pilots and testbeds,70
496,STRATEGY: Pilots and testbeds,70
89,STRATEGY: Pilots and testbeds,70
356,STRATEGY: Pilots and testbeds,70
763,STRATEGY: Pilots and testbeds,70
1377,STRATEGY: Pilots and testbeds,70
50,STRATEGY: Pilots and testbeds,70
1385,STRATEGY: Pilots and testbeds,70
2425,STRATEGY: Tiering,71
1558,STRATEGY: Tiering,71
2097,STRATEGY: Tiering,71
1742,STRATEGY: Tiering,71
1379,STRATEGY: Tiering,71
1723,STRATEGY: Tiering,71
1806,STRATEGY: Tiering,71
1828,STRATEGY: Tiering,71
637,STRATEGY: Tiering,71
1970,STRATEGY: Tiering,71
1678,STRATEGY: Tiering,71
1991,STRATEGY: Tiering,71
1826,STRATEGY: Tiering,71
1356,STRATEGY: Tiering,71
1997,STRATEGY: Tiering,71
2040,STRATEGY: Tiering,71
2039,STRATEGY: Tiering,71
1382,STRATEGY: Tiering,71
1380,STRATEGY: Tiering,71
1378,STRATEGY: Tiering,71
1783,STRATEGY: Tiering,71
1831,STRATEGY: Tiering,71
1802,STRATEGY: Tiering,71
1804,STRATEGY: Tiering,71
1803,STRATEGY: Tiering,71
1805,STRATEGY: Tiering,71
1099,STRATEGY: Tiering,71
1087,STRATEGY: Tiering,71
456,STRATEGY: Tiering,71
987,STRATEGY: Tiering,71
826,STRATEGY: Tiering,71
906,STRATEGY: Tiering,71
768,STRATEGY: Tiering,71
1163,STRATEGY: Tiering,71
36,STRATEGY: Tiering,71
771,STRATEGY: Tiering,71
855,STRATEGY: Tiering,71
1303,STRATEGY: Tiering,71
1287,STRATEGY: Tiering,71
89,STRATEGY: Tiering,71
995,STRATEGY: Tiering,71
368,STRATEGY: Tiering,71
367,STRATEGY: Tiering,71
301,STRATEGY: Tiering,71
280,STRATEGY: Tiering,71
1377,STRATEGY: Tiering,71
757,STRATEGY: Tiering,71
266,STRATEGY: Tiering,71
766,STRATEGY: Tiering,71
1385,STRATEGY: Tiering,71
1387,STRATEGY: Tiering,71
281,STRATEGY: Tiering,71
1194,STRATEGY: Tiering,71
1195,STRATEGY: Tiering,71
1196,STRATEGY: Tiering,71
1558,STRATEGY: Tiering - Tiering based on domain of application,72
2097,STRATEGY: Tiering - Tiering based on domain of application,72
1379,STRATEGY: Tiering - Tiering based on domain of application,72
1723,STRATEGY: Tiering - Tiering based on domain of application,72
637,STRATEGY: Tiering - Tiering based on domain of application,72
1970,STRATEGY: Tiering - Tiering based on domain of application,72
1678,STRATEGY: Tiering - Tiering based on domain of application,72
1826,STRATEGY: Tiering - Tiering based on domain of application,72
1356,STRATEGY: Tiering - Tiering based on domain of application,72
2040,STRATEGY: Tiering - Tiering based on domain of application,72
1380,STRATEGY: Tiering - Tiering based on domain of application,72
1378,STRATEGY: Tiering - Tiering based on domain of application,72
1831,STRATEGY: Tiering - Tiering based on domain of application,72
1802,STRATEGY: Tiering - Tiering based on domain of application,72
1803,STRATEGY: Tiering - Tiering based on domain of application,72
1805,STRATEGY: Tiering - Tiering based on domain of application,72
1099,STRATEGY: Tiering - Tiering based on domain of application,72
987,STRATEGY: Tiering - Tiering based on domain of application,72
826,STRATEGY: Tiering - Tiering based on domain of application,72
768,STRATEGY: Tiering - Tiering based on domain of application,72
1163,STRATEGY: Tiering - Tiering based on domain of application,72
36,STRATEGY: Tiering - Tiering based on domain of application,72
1303,STRATEGY: Tiering - Tiering based on domain of application,72
995,STRATEGY: Tiering - Tiering based on domain of application,72
1377,STRATEGY: Tiering - Tiering based on domain of application,72
757,STRATEGY: Tiering - Tiering based on domain of application,72
266,STRATEGY: Tiering - Tiering based on domain of application,72
766,STRATEGY: Tiering - Tiering based on domain of application,72
1385,STRATEGY: Tiering - Tiering based on domain of application,72
1196,STRATEGY: Tiering - Tiering based on domain of application,72
1826,STRATEGY: Tiering - Tiering based on generality,73
1356,STRATEGY: Tiering - Tiering based on generality,73
1802,STRATEGY: Tiering - Tiering based on generality,73
987,STRATEGY: Tiering - Tiering based on generality,73
995,STRATEGY: Tiering - Tiering based on generality,73
1377,STRATEGY: Tiering - Tiering based on generality,73
757,STRATEGY: Tiering - Tiering based on generality,73
766,STRATEGY: Tiering - Tiering based on generality,73
1385,STRATEGY: Tiering - Tiering based on generality,73
1379,STRATEGY: Tiering - Tiering based on impact,74
1806,STRATEGY: Tiering - Tiering based on impact,74
1828,STRATEGY: Tiering - Tiering based on impact,74
637,STRATEGY: Tiering - Tiering based on impact,74
1970,STRATEGY: Tiering - Tiering based on impact,74
1991,STRATEGY: Tiering - Tiering based on impact,74
1997,STRATEGY: Tiering - Tiering based on impact,74
2040,STRATEGY: Tiering - Tiering based on impact,74
1380,STRATEGY: Tiering - Tiering based on impact,74
1378,STRATEGY: Tiering - Tiering based on impact,74
1783,STRATEGY: Tiering - Tiering based on impact,74
1802,STRATEGY: Tiering - Tiering based on impact,74
1803,STRATEGY: Tiering - Tiering based on impact,74
1099,STRATEGY: Tiering - Tiering based on impact,74
987,STRATEGY: Tiering - Tiering based on impact,74
826,STRATEGY: Tiering - Tiering based on impact,74
906,STRATEGY: Tiering - Tiering based on impact,74
768,STRATEGY: Tiering - Tiering based on impact,74
1163,STRATEGY: Tiering - Tiering based on impact,74
771,STRATEGY: Tiering - Tiering based on impact,74
855,STRATEGY: Tiering - Tiering based on impact,74
1303,STRATEGY: Tiering - Tiering based on impact,74
995,STRATEGY: Tiering - Tiering based on impact,74
367,STRATEGY: Tiering - Tiering based on impact,74
1377,STRATEGY: Tiering - Tiering based on impact,74
757,STRATEGY: Tiering - Tiering based on impact,74
266,STRATEGY: Tiering - Tiering based on impact,74
766,STRATEGY: Tiering - Tiering based on impact,74
1385,STRATEGY: Tiering - Tiering based on impact,74
1387,STRATEGY: Tiering - Tiering based on impact,74
1194,STRATEGY: Tiering - Tiering based on impact,74
1723,STRATEGY: Tiering - Tiering based on inputs,75
637,STRATEGY: Tiering - Tiering based on inputs,75
1678,STRATEGY: Tiering - Tiering based on inputs,75
1356,STRATEGY: Tiering - Tiering based on inputs,75
1802,STRATEGY: Tiering - Tiering based on inputs,75
1805,STRATEGY: Tiering - Tiering based on inputs,75
987,STRATEGY: Tiering - Tiering based on inputs,75
1163,STRATEGY: Tiering - Tiering based on inputs,75
1303,STRATEGY: Tiering - Tiering based on inputs,75
995,STRATEGY: Tiering - Tiering based on inputs,75
1377,STRATEGY: Tiering - Tiering based on inputs,75
757,STRATEGY: Tiering - Tiering based on inputs,75
266,STRATEGY: Tiering - Tiering based on inputs,75
1385,STRATEGY: Tiering - Tiering based on inputs,75
1195,STRATEGY: Tiering - Tiering based on inputs,75
1970,STRATEGY: Tiering - Tiering based on planning ability,76
2040,STRATEGY: Tiering - Tiering based on planning ability,76
987,STRATEGY: Tiering - Tiering based on planning ability,76
89,STRATEGY: Tiering - Tiering based on planning ability,76
280,STRATEGY: Tiering - Tiering based on planning ability,76
757,STRATEGY: Tiering - Tiering based on planning ability,76
766,STRATEGY: Tiering - Tiering based on planning ability,76
281,STRATEGY: Tiering - Tiering based on planning ability,76
