source,target,verb,name,doc_id
0,1,AUTHORIZE,AUTHORIZE,1
0,4,AUTHORIZE,AUTHORIZE,1
0,5,enact,ENACT,1
0,6,USE,USE,1
0,7,enact,ENACT,1
0,8,OBLIGATE,OBLIGATE,1
0,9,OBLIGATE,OBLIGATE,1
0,10,OBLIGATE,OBLIGATE,1
1,2,AUTHORIZE,AUTHORIZE,1
1,327,integrate,INTEGRATE,548
1,555,integrate,INTEGRATE,548
1,3357,integrate,INTEGRATE,548
1,379,OBLIGATE,OBLIGATE,604
1,37,integrate,INTEGRATE,548
1,297,integrate,INTEGRATE,548
1,3471,DEVELOP,DEVELOP,577
1,418,DEVELOP,DEVELOP,577
1,644,DEVELOP,DEVELOP,577
1,303,DEVELOP,DEVELOP,577
1,1713,DEVELOP,DEVELOP,577
1,328,include,INCLUDE,599
1,311,include,INCLUDE,599
1,3586,include,INCLUDE,599
1,3607,OBLIGATE,OBLIGATE,604
1,401,OBLIGATE,OBLIGATE,604
1,198,OBLIGATE,OBLIGATE,604
1,639,OBLIGATE,OBLIGATE,604
1,487,DEVELOP,DEVELOP,907
1,807,DEVELOP,DEVELOP,907
2,8,USE,USE,767
2,314,form,FORM,27
2,322,DEVELOP,DEVELOP,709
2,13,oblige,OBLIGE,717
2,1927,REGULATE,REGULATE,332
2,466,OBLIGATE,OBLIGATE,435
2,926,DEVELOP,DEVELOP,539
2,319,OBLIGATE,OBLIGATE,691
2,3987,OBLIGATE,OBLIGATE,697
2,415,SUPPORT,SUPPORT,762
2,58,form,FORM,754
2,220,handle,HANDLE,760
4,1,AUTHORIZE,AUTHORIZE,1
4,2,AUTHORIZE,AUTHORIZE,1
4,3,OBLIGATE,OBLIGATE,809
4,4427,OBLIGATE,OBLIGATE,809
4,140,OBLIGATE,OBLIGATE,809
4,4431,OBLIGATE,OBLIGATE,809
4,70,OBLIGATE,OBLIGATE,809
5,314,REGULATE,REGULATE,825
5,779,OBLIGATE,OBLIGATE,81
5,131,REGULATE,REGULATE,822
5,276,pose,POSE,195
5,821,OBLIGATE,OBLIGATE,205
5,1529,approach,APPROACH,260
5,2009,approach,APPROACH,260
5,257,OBLIGATE,OBLIGATE,328
5,876,OBLIGATE,OBLIGATE,328
5,3333,EVALUATE,EVALUATE,553
5,322,EVALUATE,EVALUATE,553
5,2250,EVALUATE,EVALUATE,553
5,201,REGULATE,REGULATE,825
5,4555,conduct,CONDUCT,831
5,121,REPORT,REPORT,835
5,859,REPORT,REPORT,835
5,957,IMPLEMENT,IMPLEMENT,835
6,40,REPORT,REPORT,720
6,8,necessitate,NECESSITATE,92
6,54,necessitate,NECESSITATE,92
6,877,necessitate,NECESSITATE,92
6,236,include,INCLUDE,803
6,121,emphasize,EMPHASIZE,728
6,1132,OBLIGATE,OBLIGATE,124
6,328,AUTHORIZE,AUTHORIZE,494
6,268,OBLIGATE,OBLIGATE,788
6,347,OBLIGATE,OBLIGATE,707
6,298,REPORT,REPORT,720
6,283,OBLIGATE,OBLIGATE,328
6,67,REPORT,REPORT,720
6,207,OBLIGATE,OBLIGATE,328
6,467,align,ALIGN,823
6,728,OBLIGATE,OBLIGATE,328
6,1209,OBLIGATE,OBLIGATE,473
6,860,OBLIGATE,OBLIGATE,473
6,70,OBLIGATE,OBLIGATE,333
6,1544,OBLIGATE,OBLIGATE,356
6,1941,USE,USE,518
6,18,REPORT,REPORT,858
6,481,amend,AMEND,436
6,2047,AUTHORIZE,AUTHORIZE,494
6,1192,OBLIGATE,OBLIGATE,509
6,235,REPORT,REPORT,858
6,466,USE,USE,518
6,3217,USE,USE,518
6,85,USE,USE,518
6,2787,OBLIGATE,OBLIGATE,788
6,379,include,INCLUDE,803
6,109,OBLIGATE,OBLIGATE,695
6,4079,REPORT,REPORT,720
6,451,REPORT,REPORT,720
6,565,emphasize,EMPHASIZE,728
6,1487,include,INCLUDE,803
6,25,include,INCLUDE,803
6,26,include,INCLUDE,803
6,337,implemene,IMPLEMENE,823
6,1532,align,ALIGN,823
6,51,align,ALIGN,823
6,2757,implemene,IMPLEMENE,823
6,299,implemene,IMPLEMENE,823
6,314,implemene,IMPLEMENE,823
6,4499,implemene,IMPLEMENE,823
6,4500,implemene,IMPLEMENE,823
6,332,REPORT,REPORT,858
6,59,REPORT,REPORT,858
6,1957,REPORT,REPORT,858
7,5,enact,ENACT,1
8,164,alter,ALTER,502
8,276,impair,IMPAIR,201
8,1928,OBLIGATE,OBLIGATE,247
8,96,alter,ALTER,502
9,8,OBLIGATE,OBLIGATE,1
9,235,enact,ENACT,97
9,335,enact,ENACT,97
9,103,dictate,DICTATE,164
9,1105,dictate,DICTATE,164
9,121,dictate,DICTATE,164
9,81,OBLIGATE,OBLIGATE,914
9,1140,OBLIGATE,OBLIGATE,914
10,2,OBLIGATE,OBLIGATE,1
10,8,OBLIGATE,OBLIGATE,1
10,9,OBLIGATE,OBLIGATE,1
11,14,urge,URGE,2
11,15,urge,URGE,2
11,17,OBLIGATE,OBLIGATE,2
11,18,OBLIGATE,OBLIGATE,2
11,19,emphasize,EMPHASIZE,2
11,20,OBLIGATE,OBLIGATE,2
11,21,emphasize,EMPHASIZE,2
11,23,urge,URGE,2
11,24,urge,URGE,2
11,25,emphasize,EMPHASIZE,2
11,26,emphasize,EMPHASIZE,2
11,27,emphasize,EMPHASIZE,2
13,456,OBLIGATE,OBLIGATE,42
13,457,OBLIGATE,OBLIGATE,42
13,18,USE,USE,841
13,1381,OBLIGATE,OBLIGATE,160
13,15,OBLIGATE,OBLIGATE,161
13,415,contain,CONTAIN,466
13,1933,OBLIGATE,OBLIGATE,247
13,585,rely,RELY,280
13,2128,OBLIGATE,OBLIGATE,288
13,2475,OBLIGATE,OBLIGATE,371
13,327,OBLIGATE,OBLIGATE,379
13,2844,OBLIGATE,OBLIGATE,447
13,2874,AUTHORIZE,AUTHORIZE,449
13,2976,contain,CONTAIN,466
13,2980,contain,CONTAIN,466
13,2982,contain,CONTAIN,466
13,8,OBLIGATE,OBLIGATE,474
13,198,REGULATE,REGULATE,501
13,665,OBLIGATE,OBLIGATE,526
13,3333,OBLIGATE,OBLIGATE,553
13,3491,OBLIGATE,OBLIGATE,580
13,1336,OBLIGATE,OBLIGATE,580
13,3555,OBLIGATE,OBLIGATE,591
13,3584,OBLIGATE,OBLIGATE,598
13,3608,affect,AFFECT,604
13,168,OBLIGATE,OBLIGATE,636
13,3424,OBLIGATE,OBLIGATE,645
13,1273,oblige,OBLIGE,650
13,821,OBLIGATE,OBLIGATE,833
14,18,USE,USE,841
14,350,OBLIGATE,OBLIGATE,226
14,131,REPORT,REPORT,280
14,957,comprise,COMPRISE,474
15,3,suggest,SUGGEST,872
15,131,RESTRICT,RESTRICT,872
16,11,OBLIGATE,OBLIGATE,2
16,14,OBLIGATE,OBLIGATE,2
16,15,OBLIGATE,OBLIGATE,2
16,17,OBLIGATE,OBLIGATE,2
16,18,OBLIGATE,OBLIGATE,2
17,14,OBLIGATE,OBLIGATE,2
17,15,OBLIGATE,OBLIGATE,2
17,18,OBLIGATE,OBLIGATE,2
18,58,AUTHORIZE,AUTHORIZE,4
18,96,set,SET,26
18,372,OBLIGATE,OBLIGATE,42
18,201,recognize,RECOGNIZE,881
18,350,specify,SPECIFY,51
18,930,REGULATE,REGULATE,886
18,327,OBLIGATE,OBLIGATE,118
18,821,OBLIGATE,OBLIGATE,417
18,1396,incorporate,INCORPORATE,162
18,859,AUTHORIZE,AUTHORIZE,177
18,415,SUPPORT,SUPPORT,173
18,1698,endorse,ENDORSE,209
18,92,advise,ADVISE,241
18,1907,DEVELOP,DEVELOP,244
18,319,OBLIGATE,OBLIGATE,683
18,3519,RESTRICT,RESTRICT,584
18,2128,DEVELOP,DEVELOP,607
18,471,OBLIGATE,OBLIGATE,683
18,1759,OBLIGATE,OBLIGATE,691
18,3987,OBLIGATE,OBLIGATE,697
18,247,declare,DECLARE,897
18,3333,AUTHORIZE,AUTHORIZE,795
18,585,produce,PRODUCE,802
18,586,produce,PRODUCE,802
18,1092,produce,PRODUCE,802
18,314,provide,PROVIDE,825
18,164,take,TAKE,921
18,80,violate,VIOLATE,861
19,77,DEVELOP,DEVELOP,29
20,15,OBLIGATE,OBLIGATE,2
20,21,OBLIGATE,OBLIGATE,2
21,26,emphasize,EMPHASIZE,2
21,111,define,DEFINE,8
21,131,specify,SPECIFY,874
21,109,oblige,OBLIGE,424
21,1119,OBLIGATE,OBLIGATE,123
21,81,DEVELOP,DEVELOP,902
21,34,OBLIGATE,OBLIGATE,167
21,1167,OBLIGATE,OBLIGATE,130
21,1168,OBLIGATE,OBLIGATE,130
21,1026,DEVELOP,DEVELOP,239
21,1018,REPORT,REPORT,240
21,957,OBLIGATE,OBLIGATE,157
21,1046,OBLIGATE,OBLIGATE,157
21,639,OBLIGATE,OBLIGATE,157
21,1381,OBLIGATE,OBLIGATE,160
21,319,OBLIGATE,OBLIGATE,160
21,320,oblige,OBLIGE,705
21,821,OBLIGATE,OBLIGATE,160
21,1403,emphasize,EMPHASIZE,163
21,148,hold,HOLD,824
21,231,REPORT,REPORT,205
21,181,REPORT,REPORT,205
21,185,REPORT,REPORT,205
21,199,OBLIGATE,OBLIGATE,388
21,8,USE,USE,767
21,192,REPORT,REPORT,240
21,85,REPORT,REPORT,240
21,2,DEVELOP,DEVELOP,902
21,276,OBLIGATE,OBLIGATE,279
21,402,oblige,OBLIGE,424
21,235,DEVELOP,DEVELOP,896
21,2823,OBLIGATE,OBLIGATE,434
21,930,DEVELOP,DEVELOP,705
21,138,OBLIGATE,OBLIGATE,705
21,35,specify,SPECIFY,743
21,36,specify,SPECIFY,743
21,350,OBLIGATE,OBLIGATE,848
21,1729,urge,URGE,873
21,422,specify,SPECIFY,874
21,314,specify,SPECIFY,874
21,223,specify,SPECIFY,874
21,53,specify,SPECIFY,874
21,634,specify,SPECIFY,874
21,76,specify,SPECIFY,874
21,151,OBLIGATE,OBLIGATE,913
21,146,OBLIGATE,OBLIGATE,923
23,14,urge,URGE,2
23,15,urge,URGE,2
23,24,urge,URGE,2
24,14,urge,URGE,2
24,15,urge,URGE,2
25,21,emphasize,EMPHASIZE,2
25,26,include,INCLUDE,803
25,3,OBLIGATE,OBLIGATE,553
25,379,include,INCLUDE,803
25,81,OBLIGATE,OBLIGATE,553
25,37,recommend,RECOMMEND,186
25,185,recommend,RECOMMEND,186
25,58,compose,COMPOSE,506
25,13,OBLIGATE,OBLIGATE,553
25,319,OBLIGATE,OBLIGATE,553
25,1720,OBLIGATE,OBLIGATE,553
25,364,OBLIGATE,OBLIGATE,553
25,1487,include,INCLUDE,803
26,3,investigate,INVESTIGATE,850
27,21,emphasize,EMPHASIZE,2
27,25,emphasize,EMPHASIZE,2
27,26,emphasize,EMPHASIZE,2
27,33,SUPPORT,SUPPORT,181
28,30,dissolve,DISSOLVE,3
28,31,OBLIGATE,OBLIGATE,3
28,32,impact,IMPACT,3
28,33,call,CALL,3
28,34,minimize,MINIMIZE,3
28,35,impact,IMPACT,3
28,36,minimize,MINIMIZE,3
28,37,consist,CONSIST,3
28,38,consist,CONSIST,3
28,39,consist,CONSIST,3
28,40,call,CALL,3
28,41,call,CALL,3
28,42,OBLIGATE,OBLIGATE,3
28,43,minimize,MINIMIZE,3
28,13,dissolve,DISSOLVE,3
28,44,oblige,OBLIGE,3
29,28,OBLIGATE,OBLIGATE,3
29,30,OBLIGATE,OBLIGATE,3
29,31,OBLIGATE,OBLIGATE,3
30,32,impact,IMPACT,3
30,33,call,CALL,3
30,34,minimize,MINIMIZE,3
30,35,impact,IMPACT,3
30,36,minimize,MINIMIZE,3
30,37,include,INCLUDE,281
30,40,call,CALL,3
30,41,call,CALL,3
30,13,dissolve,DISSOLVE,3
30,18,include,INCLUDE,281
30,128,include,INCLUDE,281
30,235,include,INCLUDE,281
30,639,include,INCLUDE,281
30,957,include,INCLUDE,281
30,225,DEVELOP,DEVELOP,495
30,283,OBLIGATE,OBLIGATE,495
30,21,DEVELOP,DEVELOP,902
30,646,DEVELOP,DEVELOP,651
30,81,DEVELOP,DEVELOP,902
30,2,DEVELOP,DEVELOP,902
31,30,OBLIGATE,OBLIGATE,3
32,3,impact,IMPACT,3
32,33,OBLIGATE,OBLIGATE,3
32,34,OBLIGATE,OBLIGATE,3
32,35,impact,IMPACT,3
32,36,impact,IMPACT,3
33,930,IMPLEMENT,IMPLEMENT,98
33,1018,OBLIGATE,OBLIGATE,157
33,185,AUTHORIZE,AUTHORIZE,132
33,1381,OBLIGATE,OBLIGATE,160
33,1413,OBLIGATE,OBLIGATE,164
33,2844,OBLIGATE,OBLIGATE,447
33,319,OBLIGATE,OBLIGATE,518
33,466,OBLIGATE,OBLIGATE,518
34,379,AUTHORIZE,AUTHORIZE,382
34,327,REGULATE,REGULATE,733
34,1230,REGULATE,REGULATE,804
34,247,recognize,RECOGNIZE,881
34,14,appoint,APPOINT,226
34,121,REGULATE,REGULATE,804
34,415,SUPPORT,SUPPORT,173
34,319,OBLIGATE,OBLIGATE,178
34,257,OBLIGATE,OBLIGATE,234
34,177,REGULATE,REGULATE,733
34,2825,OBLIGATE,OBLIGATE,435
34,314,OBLIGATE,OBLIGATE,453
34,220,OBLIGATE,OBLIGATE,498
34,1092,produce,PRODUCE,802
34,236,REGULATE,REGULATE,733
34,199,produce,PRODUCE,802
34,585,produce,PRODUCE,802
34,586,produce,PRODUCE,802
34,136,USE,USE,861
34,80,USE,USE,861
34,201,recognize,RECOGNIZE,881
34,58,OBLIGATE,OBLIGATE,921
35,379,prepare,PREPARE,129
35,177,USE,USE,924
35,327,OBLIGATE,OBLIGATE,297
35,323,provide,PROVIDE,396
35,13,include,INCLUDE,384
35,350,OBLIGATE,OBLIGATE,361
35,1941,designate,DESIGNATE,384
35,131,include,INCLUDE,384
35,58,OBLIGATE,OBLIGATE,921
35,415,OBLIGATE,OBLIGATE,921
35,166,oblige,OBLIGE,921
35,192,USE,USE,924
36,3,train,TRAIN,938
36,35,specify,SPECIFY,743
36,33,call,CALL,3
36,34,minimize,MINIMIZE,3
36,85,prioritize,PRIORITIZE,36
36,192,prioritize,PRIORITIZE,36
36,327,prioritize,PRIORITIZE,36
36,1081,SUPPORT,SUPPORT,118
36,1164,SUPPORT,SUPPORT,413
36,1062,provide,PROVIDE,938
36,364,train,TRAIN,938
37,372,OBLIGATE,OBLIGATE,42
37,299,OBLIGATE,OBLIGATE,518
37,225,OBLIGATE,OBLIGATE,42
37,201,urge,URGE,185
37,1121,OBLIGATE,OBLIGATE,532
37,1087,OBLIGATE,OBLIGATE,148
37,59,take,TAKE,939
37,859,comply,COMPLY,173
37,1485,SUPPORT,SUPPORT,175
37,701,SUPPORT,SUPPORT,175
37,1486,SUPPORT,SUPPORT,175
37,467,OBLIGATE,OBLIGATE,514
37,146,SUPPORT,SUPPORT,185
37,379,integrate,INTEGRATE,548
37,81,investigate,INVESTIGATE,850
37,185,recommend,RECOMMEND,186
37,34,OBLIGATE,OBLIGATE,559
37,14,appoint,APPOINT,226
37,128,include,INCLUDE,281
37,639,include,INCLUDE,281
37,957,COORDINATE,COORDINATE,810
37,2104,include,INCLUDE,281
37,26,OBLIGATE,OBLIGATE,901
37,51,OBLIGATE,OBLIGATE,348
37,2640,compose,COMPOSE,399
37,364,OBLIGATE,OBLIGATE,795
37,231,SUPPORT,SUPPORT,424
37,1405,SUPPORT,SUPPORT,424
37,401,oblige,OBLIGE,604
37,36,OBLIGATE,OBLIGATE,743
37,33,OBLIGATE,OBLIGATE,485
37,107,alter,ALTER,502
37,8,alter,ALTER,502
37,96,take,TAKE,939
37,3195,OBLIGATE,OBLIGATE,514
37,319,OBLIGATE,OBLIGATE,683
37,1941,OBLIGATE,OBLIGATE,559
37,320,OBLIGATE,OBLIGATE,683
37,644,OBLIGATE,OBLIGATE,521
37,2047,OBLIGATE,OBLIGATE,521
37,1444,OBLIGATE,OBLIGATE,901
37,1958,AUTHORIZE,AUTHORIZE,544
37,268,OBLIGATE,OBLIGATE,547
37,327,integrate,INTEGRATE,548
37,555,integrate,INTEGRATE,548
37,3532,OBLIGATE,OBLIGATE,593
37,3608,oblige,OBLIGE,604
37,3812,OBLIGATE,OBLIGATE,650
37,131,DEVELOP,DEVELOP,674
37,1957,DEVELOP,DEVELOP,674
37,471,OBLIGATE,OBLIGATE,683
37,1720,OBLIGATE,OBLIGATE,795
37,35,OBLIGATE,OBLIGATE,743
37,3333,OBLIGATE,OBLIGATE,795
37,2,OBLIGATE,OBLIGATE,795
37,84,OBLIGATE,OBLIGATE,870
37,877,OBLIGATE,OBLIGATE,901
37,1390,take,TAKE,939
38,30,consist,CONSIST,3
38,37,consist,CONSIST,3
39,30,consist,CONSIST,3
39,37,consist,CONSIST,3
39,38,consist,CONSIST,3
40,33,DEVELOP,DEVELOP,792
40,34,REGULATE,REGULATE,733
40,36,call,CALL,3
40,41,call,CALL,3
40,298,REPORT,REPORT,720
40,311,SUPPORT,SUPPORT,629
40,18,oblige,OBLIGE,705
40,621,SUPPORT,SUPPORT,66
40,384,SUPPORT,SUPPORT,66
40,198,SUPPORT,SUPPORT,66
40,140,REGULATE,REGULATE,733
40,53,DEVELOP,DEVELOP,77
40,736,DEVELOP,DEVELOP,77
40,981,REPORT,REPORT,107
40,168,REPORT,REPORT,107
40,1026,OBLIGATE,OBLIGATE,123
40,121,REPORT,REPORT,835
40,67,REPORT,REPORT,720
40,148,impact,IMPACT,142
40,54,justify,JUSTIFY,830
40,549,OBLIGATE,OBLIGATE,152
40,1396,USE,USE,162
40,495,USE,USE,162
40,15,DEVELOP,DEVELOP,174
40,5,REPORT,REPORT,835
40,2,have,HAVE,738
40,1032,justify,JUSTIFY,830
40,51,OBLIGATE,OBLIGATE,348
40,37,OBLIGATE,OBLIGATE,588
40,2429,hold,HOLD,357
40,299,hold,HOLD,357
40,613,include,INCLUDE,443
40,784,OBLIGATE,OBLIGATE,592
40,2633,OBLIGATE,OBLIGATE,397
40,867,include,INCLUDE,443
40,2878,amend,AMEND,450
40,3010,RESTRICT,RESTRICT,471
40,274,specify,SPECIFY,661
40,151,guide,GUIDE,884
40,181,USE,USE,510
40,225,REPORT,REPORT,859
40,327,REGULATE,REGULATE,733
40,451,REPORT,REPORT,720
40,340,OBLIGATE,OBLIGATE,549
40,268,have,HAVE,738
40,210,OBLIGATE,OBLIGATE,554
40,3424,OBLIGATE,OBLIGATE,568
40,347,OBLIGATE,OBLIGATE,592
40,1678,OBLIGATE,OBLIGATE,592
40,1230,DEVELOP,DEVELOP,659
40,1976,specify,SPECIFY,661
40,186,AUTHORIZE,AUTHORIZE,663
40,2909,pose,POSE,676
40,259,OBLIGATE,OBLIGATE,686
40,2787,OBLIGATE,OBLIGATE,686
40,1503,OBLIGATE,OBLIGATE,686
40,21,oblige,OBLIGE,705
40,320,prioritize,PRIORITIZE,859
40,4079,REPORT,REPORT,720
40,1832,REGULATE,REGULATE,733
40,415,have,HAVE,738
40,4549,justify,JUSTIFY,830
40,859,REPORT,REPORT,859
40,2757,REPORT,REPORT,835
40,379,REPORT,REPORT,859
40,325,REPORT,REPORT,859
40,450,REPORT,REPORT,859
40,2250,REPORT,REPORT,859
40,206,OBLIGATE,OBLIGATE,937
40,100,DEVELOP,DEVELOP,941
40,99,DEVELOP,DEVELOP,941
41,33,call,CALL,3
41,36,call,CALL,3
41,83,AUTHORIZE,AUTHORIZE,665
41,84,specify,SPECIFY,7
41,96,specify,SPECIFY,7
41,283,OBLIGATE,OBLIGATE,33
41,379,OBLIGATE,OBLIGATE,33
41,402,OBLIGATE,OBLIGATE,36
41,323,SUPPORT,SUPPORT,36
41,148,clarify,CLARIFY,121
41,67,OBLIGATE,OBLIGATE,167
41,877,OBLIGATE,OBLIGATE,211
41,386,OBLIGATE,OBLIGATE,211
41,70,OBLIGATE,OBLIGATE,211
41,401,comprise,COMPRISE,333
41,81,comprise,COMPRISE,333
41,327,OBLIGATE,OBLIGATE,551
41,337,OBLIGATE,OBLIGATE,551
41,415,OBLIGATE,OBLIGATE,551
41,1328,OBLIGATE,OBLIGATE,551
41,267,OBLIGATE,OBLIGATE,551
41,3866,AUTHORIZE,AUTHORIZE,665
41,181,AUTHORIZE,AUTHORIZE,665
41,107,AUTHORIZE,AUTHORIZE,665
41,320,SUPPORT,SUPPORT,714
41,35,provide,PROVIDE,778
41,140,OBLIGATE,OBLIGATE,809
41,53,OBLIGATE,OBLIGATE,809
42,30,OBLIGATE,OBLIGATE,3
42,235,OBLIGATE,OBLIGATE,514
42,37,OBLIGATE,OBLIGATE,514
42,3195,OBLIGATE,OBLIGATE,514
43,30,minimize,MINIMIZE,3
43,34,minimize,MINIMIZE,3
43,36,minimize,MINIMIZE,3
44,13,OBLIGATE,OBLIGATE,148
44,3,oblige,OBLIGE,334
44,14,oblige,OBLIGE,334
45,46,eliminate,ELIMINATE,4
45,19,AUTHORIZE,AUTHORIZE,4
45,18,AUTHORIZE,AUTHORIZE,4
45,56,AUTHORIZE,AUTHORIZE,4
45,57,AUTHORIZE,AUTHORIZE,4
45,58,AUTHORIZE,AUTHORIZE,4
45,60,AUTHORIZE,AUTHORIZE,4
46,18,eliminate,ELIMINATE,4
47,45,eliminate,ELIMINATE,4
47,46,eliminate,ELIMINATE,4
48,45,eliminate,ELIMINATE,4
48,46,eliminate,ELIMINATE,4
48,47,eliminate,ELIMINATE,4
48,51,eliminate,ELIMINATE,4
48,52,eliminate,ELIMINATE,4
50,18,conduct,CONDUCT,740
50,177,compile,COMPILE,77
50,52,compile,COMPILE,77
50,2,provide,PROVIDE,91
50,109,OBLIGATE,OBLIGATE,247
50,3,conduct,CONDUCT,740
50,146,recommend,RECOMMEND,186
50,235,recommend,RECOMMEND,186
50,1476,urge,URGE,216
50,121,OBLIGATE,OBLIGATE,247
50,8,OBLIGATE,OBLIGATE,247
50,1927,OBLIGATE,OBLIGATE,247
50,1928,OBLIGATE,OBLIGATE,247
50,1062,OBLIGATE,OBLIGATE,247
50,877,amend,AMEND,268
50,471,identify,IDENTIFY,444
50,358,OBLIGATE,OBLIGATE,571
51,477,define,DEFINE,45
51,452,define,DEFINE,696
51,481,define,DEFINE,696
51,2,OBLIGATE,OBLIGATE,92
51,639,OBLIGATE,OBLIGATE,92
51,267,OBLIGATE,OBLIGATE,348
51,54,OBLIGATE,OBLIGATE,348
51,177,AUTHORIZE,AUTHORIZE,568
51,386,AUTHORIZE,AUTHORIZE,568
51,422,AUTHORIZE,AUTHORIZE,568
51,337,align,ALIGN,823
51,235,align,ALIGN,823
51,1532,align,ALIGN,823
52,51,RESTRICT,RESTRICT,696
52,168,SUPPORT,SUPPORT,13
52,177,REGULATE,REGULATE,915
52,484,amend,AMEND,46
52,195,amend,AMEND,46
52,485,REGULATE,REGULATE,256
52,450,provide,PROVIDE,316
52,502,note,NOTE,48
52,543,COORDINATE,COORDINATE,54
52,273,REGULATE,REGULATE,56
52,323,REGULATE,REGULATE,915
52,790,reiterate,REITERATE,82
52,2,REGULATE,REGULATE,915
52,555,USE,USE,108
52,192,OBLIGATE,OBLIGATE,124
52,575,OBLIGATE,OBLIGATE,178
52,84,OBLIGATE,OBLIGATE,178
52,131,USE,USE,938
52,21,COORDINATE,COORDINATE,846
52,8,SUPPORT,SUPPORT,239
52,957,compose,COMPOSE,896
52,859,have,HAVE,334
52,67,OBLIGATE,OBLIGATE,901
52,876,provide,PROVIDE,851
52,235,SUPPORT,SUPPORT,728
52,77,OBLIGATE,OBLIGATE,379
52,138,OBLIGATE,OBLIGATE,434
52,498,AUTHORIZE,AUTHORIZE,512
52,164,AUTHORIZE,AUTHORIZE,519
52,310,AUTHORIZE,AUTHORIZE,519
52,1410,AUTHORIZE,AUTHORIZE,519
52,3224,AUTHORIZE,AUTHORIZE,519
52,146,OBLIGATE,OBLIGATE,595
52,2747,subject,SUBJECT,597
52,1336,OBLIGATE,OBLIGATE,597
52,821,REPORT,REPORT,624
52,311,OBLIGATE,OBLIGATE,624
52,3424,OBLIGATE,OBLIGATE,645
52,322,OBLIGATE,OBLIGATE,659
52,3853,insert,INSERT,659
52,1230,OBLIGATE,OBLIGATE,659
52,372,OBLIGATE,OBLIGATE,661
52,4036,OBLIGATE,OBLIGATE,709
52,320,provide,PROVIDE,851
52,1132,OBLIGATE,OBLIGATE,714
52,276,OBLIGATE,OBLIGATE,744
52,4546,OBLIGATE,OBLIGATE,830
52,1352,impede,IMPEDE,830
52,1444,OBLIGATE,OBLIGATE,901
53,1167,OBLIGATE,OBLIGATE,130
53,1168,OBLIGATE,OBLIGATE,130
53,350,OBLIGATE,OBLIGATE,130
53,13,OBLIGATE,OBLIGATE,279
53,276,OBLIGATE,OBLIGATE,279
53,327,AUTHORIZE,AUTHORIZE,776
53,131,specify,SPECIFY,874
53,314,specify,SPECIFY,874
54,350,DEVELOP,DEVELOP,77
54,8,necessitate,NECESSITATE,92
54,3,address,ADDRESS,849
54,58,AUTHORIZE,AUTHORIZE,506
54,4549,justify,JUSTIFY,830
55,45,AUTHORIZE,AUTHORIZE,4
55,56,AUTHORIZE,AUTHORIZE,4
55,57,AUTHORIZE,AUTHORIZE,4
56,327,AUTHORIZE,AUTHORIZE,231
56,1863,define,DEFINE,237
56,288,USE,USE,451
56,2938,reside,RESIDE,458
56,96,reside,RESIDE,458
57,56,AUTHORIZE,AUTHORIZE,4
59,18,REPORT,REPORT,858
59,3,IMPLEMENT,IMPLEMENT,883
59,229,define,DEFINE,19
59,635,OBLIGATE,OBLIGATE,67
59,80,OBLIGATE,OBLIGATE,67
59,109,REPORT,REPORT,824
59,813,OBLIGATE,OBLIGATE,252
59,121,investigate,INVESTIGATE,850
59,273,REGULATE,REGULATE,156
59,1476,SUPPORT,SUPPORT,216
59,63,OBLIGATE,OBLIGATE,252
59,267,OBLIGATE,OBLIGATE,907
59,2316,OBLIGATE,OBLIGATE,330
59,647,SUPPORT,SUPPORT,428
59,2788,SUPPORT,SUPPORT,428
59,379,investigate,INVESTIGATE,850
59,327,AUTHORIZE,AUTHORIZE,433
59,138,IMPLEMENT,IMPLEMENT,883
59,415,AUTHORIZE,AUTHORIZE,433
59,185,OBLIGATE,OBLIGATE,491
59,235,REPORT,REPORT,858
59,3134,OBLIGATE,OBLIGATE,499
59,220,OBLIGATE,OBLIGATE,712
59,151,REGULATE,REGULATE,505
59,54,AUTHORIZE,AUTHORIZE,506
59,3195,OBLIGATE,OBLIGATE,540
59,1709,OBLIGATE,OBLIGATE,626
59,386,OBLIGATE,OBLIGATE,708
59,146,REPORT,REPORT,824
59,337,AUTHORIZE,AUTHORIZE,770
59,4284,AUTHORIZE,AUTHORIZE,770
59,62,OBLIGATE,OBLIGATE,774
59,328,OBLIGATE,OBLIGATE,922
59,4546,OBLIGATE,OBLIGATE,830
59,335,OBLIGATE,OBLIGATE,830
59,1352,OBLIGATE,OBLIGATE,830
59,509,investigate,INVESTIGATE,850
59,70,investigate,INVESTIGATE,850
59,1957,REPORT,REPORT,858
59,467,define,DEFINE,875
59,311,OBLIGATE,OBLIGATE,879
59,924,OBLIGATE,OBLIGATE,879
59,99,amend,AMEND,906
59,688,OBLIGATE,OBLIGATE,922
59,96,take,TAKE,939
59,1390,take,TAKE,939
60,58,AUTHORIZE,AUTHORIZE,4
60,59,AUTHORIZE,AUTHORIZE,4
60,18,AUTHORIZE,AUTHORIZE,4
61,62,urge,URGE,5
61,63,urge,URGE,5
61,19,OBLIGATE,OBLIGATE,5
61,3,attract,ATTRACT,5
61,69,emphasize,EMPHASIZE,5
61,70,emphasize,EMPHASIZE,5
61,2,OBLIGATE,OBLIGATE,5
62,323,REPORT,REPORT,316
62,168,REPORT,REPORT,316
62,328,OBLIGATE,OBLIGATE,645
62,350,REPORT,REPORT,630
62,273,OBLIGATE,OBLIGATE,688
62,2747,OBLIGATE,OBLIGATE,597
62,644,OBLIGATE,OBLIGATE,645
62,166,AUTHORIZE,AUTHORIZE,621
62,646,OBLIGATE,OBLIGATE,767
62,185,OBLIGATE,OBLIGATE,767
62,1046,REPORT,REPORT,630
62,3424,OBLIGATE,OBLIGATE,645
62,186,AUTHORIZE,AUTHORIZE,663
62,2909,pose,POSE,676
62,379,OBLIGATE,OBLIGATE,767
62,1941,OBLIGATE,OBLIGATE,846
63,312,AUTHORIZE,AUTHORIZE,34
63,157,consider,CONSIDER,48
63,148,consider,CONSIDER,48
63,512,offer,OFFER,49
63,813,OBLIGATE,OBLIGATE,252
63,2128,OBLIGATE,OBLIGATE,288
63,327,detail,DETAIL,383
63,3333,OBLIGATE,OBLIGATE,553
63,474,EVALUATE,EVALUATE,609
63,3555,EVALUATE,EVALUATE,609
63,273,REPORT,REPORT,718
63,314,OBLIGATE,OBLIGATE,827
64,61,urge,URGE,5
64,62,urge,URGE,5
64,63,urge,URGE,5
65,61,urge,URGE,5
66,1216,SUPPORT,SUPPORT,137
66,337,SUPPORT,SUPPORT,137
66,644,define,DEFINE,176
66,278,define,DEFINE,176
66,379,define,DEFINE,176
66,2,OBLIGATE,OBLIGATE,820
66,81,define,DEFINE,176
66,320,DEVELOP,DEVELOP,594
66,2083,OBLIGATE,OBLIGATE,279
66,40,OBLIGATE,OBLIGATE,279
66,295,AUTHORIZE,AUTHORIZE,544
66,120,OBLIGATE,OBLIGATE,279
66,1105,OBLIGATE,OBLIGATE,279
66,195,SUPPORT,SUPPORT,279
66,1415,SUPPORT,SUPPORT,279
66,13,OBLIGATE,OBLIGATE,509
66,53,OBLIGATE,OBLIGATE,279
66,276,OBLIGATE,OBLIGATE,860
66,1032,OBLIGATE,OBLIGATE,279
66,919,OBLIGATE,OBLIGATE,279
66,21,OBLIGATE,OBLIGATE,279
66,2095,include,INCLUDE,384
66,2554,include,INCLUDE,384
66,131,include,INCLUDE,384
66,1543,pursue,PURSUE,384
66,2047,include,INCLUDE,384
66,35,pursue,PURSUE,384
66,2557,pursue,PURSUE,384
66,2057,pursue,PURSUE,384
66,2558,pursue,PURSUE,384
66,2559,pursue,PURSUE,384
66,1313,produce,PRODUCE,384
66,850,produce,PRODUCE,384
66,785,produce,PRODUCE,384
66,2568,produce,PRODUCE,384
66,140,OBLIGATE,OBLIGATE,509
66,319,AUTHORIZE,AUTHORIZE,544
66,1139,AUTHORIZE,AUTHORIZE,544
66,37,AUTHORIZE,AUTHORIZE,544
66,1958,AUTHORIZE,AUTHORIZE,544
66,3341,AUTHORIZE,AUTHORIZE,544
66,3564,DEVELOP,DEVELOP,594
66,76,violate,VIOLATE,594
66,201,OBLIGATE,OBLIGATE,820
66,353,OBLIGATE,OBLIGATE,860
67,3,train,TRAIN,938
67,34,address,ADDRESS,849
67,736,address,ADDRESS,127
67,328,AUTHORIZE,AUTHORIZE,730
67,35,prepare,PREPARE,129
67,379,prepare,PREPARE,129
67,85,include,INCLUDE,136
67,451,REPORT,REPORT,720
67,177,DEVELOP,DEVELOP,742
67,1230,OBLIGATE,OBLIGATE,174
67,312,AUTHORIZE,AUTHORIZE,730
67,349,launch,LAUNCH,243
67,257,OBLIGATE,OBLIGATE,328
67,5,OBLIGATE,OBLIGATE,328
67,859,have,HAVE,334
67,121,OBLIGATE,OBLIGATE,901
67,62,OBLIGATE,OBLIGATE,375
67,63,OBLIGATE,OBLIGATE,559
67,3458,DEVELOP,DEVELOP,574
67,2747,OBLIGATE,OBLIGATE,580
67,800,OBLIGATE,OBLIGATE,636
67,168,OBLIGATE,OBLIGATE,636
67,1332,AUTHORIZE,AUTHORIZE,709
67,53,DEVELOP,DEVELOP,809
67,327,AUTHORIZE,AUTHORIZE,826
67,54,address,ADDRESS,849
67,36,train,TRAIN,938
67,364,train,TRAIN,938
68,61,emphasize,EMPHASIZE,5
68,69,emphasize,EMPHASIZE,5
68,70,emphasize,EMPHASIZE,5
68,279,REGULATE,REGULATE,76
68,109,OBLIGATE,OBLIGATE,873
68,8,OBLIGATE,OBLIGATE,879
68,299,IMPLEMENT,IMPLEMENT,825
68,198,IMPLEMENT,IMPLEMENT,825
68,360,IMPLEMENT,IMPLEMENT,825
68,259,OBLIGATE,OBLIGATE,873
68,320,OBLIGATE,OBLIGATE,879
68,84,OBLIGATE,OBLIGATE,873
68,1729,OBLIGATE,OBLIGATE,873
68,366,OBLIGATE,OBLIGATE,879
68,59,OBLIGATE,OBLIGATE,879
68,311,OBLIGATE,OBLIGATE,879
68,924,OBLIGATE,OBLIGATE,879
69,3,propose,PROPOSE,946
69,70,emphasize,EMPHASIZE,5
69,833,DEVELOP,DEVELOP,89
69,379,OBLIGATE,OBLIGATE,89
69,335,charge,CHARGE,896
69,138,propose,PROPOSE,946
69,103,urge,URGE,879
69,639,recommend,RECOMMEND,174
69,33,OBLIGATE,OBLIGATE,160
69,13,OBLIGATE,OBLIGATE,160
69,157,OBLIGATE,OBLIGATE,160
69,85,OBLIGATE,OBLIGATE,160
69,1384,OBLIGATE,OBLIGATE,160
69,109,OBLIGATE,OBLIGATE,162
69,8,OBLIGATE,OBLIGATE,162
69,1405,OBLIGATE,OBLIGATE,163
69,821,OBLIGATE,OBLIGATE,163
69,121,charge,CHARGE,896
69,236,REPORT,REPORT,862
69,235,demonstrate,DEMONSTRATE,831
69,80,affect,AFFECT,212
69,514,seek,SEEK,222
69,1139,serve,SERVE,222
69,1768,serve,SERVE,222
69,178,DEVELOP,DEVELOP,278
69,267,DEVELOP,DEVELOP,278
69,194,DEVELOP,DEVELOP,278
69,81,OBLIGATE,OBLIGATE,431
69,146,OBLIGATE,OBLIGATE,431
69,37,propose,PROPOSE,452
69,3182,OBLIGATE,OBLIGATE,698
69,850,OBLIGATE,OBLIGATE,698
69,21,OBLIGATE,OBLIGATE,698
69,4486,SUPPORT,SUPPORT,822
69,4553,demonstrate,DEMONSTRATE,831
69,3341,demonstrate,DEMONSTRATE,831
69,930,demonstrate,DEMONSTRATE,831
69,4575,REPORT,REPORT,835
69,40,REPORT,REPORT,835
69,859,urge,URGE,879
69,5,REPORT,REPORT,835
69,2757,REPORT,REPORT,835
69,59,DEVELOP,DEVELOP,854
69,353,REPORT,REPORT,862
69,1105,stress,STRESS,869
69,1487,urge,URGE,879
69,4771,urge,URGE,879
69,2891,urge,URGE,879
69,1444,charge,CHARGE,896
69,860,charge,CHARGE,896
69,878,charge,CHARGE,896
69,337,SUPPORT,SUPPORT,945
69,332,SUPPORT,SUPPORT,945
70,136,USE,USE,861
70,386,OBLIGATE,OBLIGATE,652
70,877,OBLIGATE,OBLIGATE,454
70,220,OBLIGATE,OBLIGATE,498
70,181,OBLIGATE,OBLIGATE,652
70,18,produce,PRODUCE,802
70,199,produce,PRODUCE,802
70,585,produce,PRODUCE,802
70,2097,produce,PRODUCE,802
70,586,produce,PRODUCE,802
70,1092,produce,PRODUCE,802
70,121,investigate,INVESTIGATE,850
70,379,investigate,INVESTIGATE,850
70,80,USE,USE,861
70,33,OBLIGATE,OBLIGATE,888
72,73,enhance,ENHANCE,6
72,3,depict,DEPICT,6
72,19,OBLIGATE,OBLIGATE,6
72,74,define,DEFINE,6
72,80,OBLIGATE,OBLIGATE,6
72,75,amend,AMEND,6
72,76,enhance,ENHANCE,6
72,78,depict,DEPICT,6
72,79,depict,DEPICT,6
72,81,enhance,ENHANCE,6
72,83,AUTHORIZE,AUTHORIZE,6
72,84,AUTHORIZE,AUTHORIZE,6
72,41,AUTHORIZE,AUTHORIZE,6
72,85,OBLIGATE,OBLIGATE,6
73,3,depict,DEPICT,6
74,73,define,DEFINE,6
74,3,define,DEFINE,6
74,80,define,DEFINE,6
74,549,define,DEFINE,211
74,2999,define,DEFINE,469
74,4620,influence,INFLUENCE,845
74,450,define,DEFINE,931
74,2250,define,DEFINE,931
75,73,amend,AMEND,6
75,3,amend,AMEND,6
75,76,amend,AMEND,6
76,73,enhance,ENHANCE,6
76,3,criminalize,CRIMINALIZE,942
76,276,OBLIGATE,OBLIGATE,24
76,279,OBLIGATE,OBLIGATE,24
76,77,REGULATE,REGULATE,29
76,382,AUTHORIZE,AUTHORIZE,34
76,384,AUTHORIZE,AUTHORIZE,34
76,312,AUTHORIZE,AUTHORIZE,34
76,63,AUTHORIZE,AUTHORIZE,34
76,128,AUTHORIZE,AUTHORIZE,34
76,185,set,SET,96
76,107,AUTHORIZE,AUTHORIZE,177
76,1729,handle,HANDLE,215
76,876,OBLIGATE,OBLIGATE,245
76,236,OBLIGATE,OBLIGATE,431
76,2874,include,INCLUDE,449
76,131,specify,SPECIFY,874
76,2,include,INCLUDE,449
76,96,include,INCLUDE,449
76,8,REGULATE,REGULATE,732
76,192,enhance,ENHANCE,451
76,2937,DEVELOP,DEVELOP,458
76,337,state,STATE,470
76,2016,define,DEFINE,891
76,3257,DEVELOP,DEVELOP,526
76,386,DEVELOP,DEVELOP,589
76,894,OBLIGATE,OBLIGATE,682
76,545,pose,POSE,773
76,2074,specify,SPECIFY,868
76,314,specify,SPECIFY,874
76,53,specify,SPECIFY,874
76,634,specify,SPECIFY,874
76,157,criminalize,CRIMINALIZE,939
77,13,OBLIGATE,OBLIGATE,379
77,185,OBLIGATE,OBLIGATE,581
78,73,depict,DEPICT,6
78,80,depict,DEPICT,6
78,2016,DEVELOP,DEVELOP,415
78,96,RESTRICT,RESTRICT,911
79,73,depict,DEPICT,6
79,78,DEVELOP,DEVELOP,464
79,80,OBLIGATE,OBLIGATE,941
79,96,note,NOTE,458
79,101,OBLIGATE,OBLIGATE,483
79,3397,OBLIGATE,OBLIGATE,561
79,91,OBLIGATE,OBLIGATE,561
79,386,DEVELOP,DEVELOP,589
79,157,RESTRICT,RESTRICT,671
79,3888,RESTRICT,RESTRICT,671
79,2016,define,DEFINE,891
79,99,define,DEFINE,891
80,73,depict,DEPICT,6
80,164,affect,AFFECT,930
80,2016,define,DEFINE,891
80,894,seek,SEEK,934
81,73,enhance,ENHANCE,6
81,76,enhance,ENHANCE,6
81,634,OBLIGATE,OBLIGATE,138
81,1119,compose,COMPOSE,123
81,1167,OBLIGATE,OBLIGATE,130
81,1168,OBLIGATE,OBLIGATE,130
81,128,DEVELOP,DEVELOP,133
81,877,OBLIGATE,OBLIGATE,138
81,15,SUPPORT,SUPPORT,161
81,957,SUPPORT,SUPPORT,161
81,1105,dictate,DICTATE,164
81,121,dictate,DICTATE,164
81,644,REPORT,REPORT,630
81,379,stress,STRESS,206
81,2,DEVELOP,DEVELOP,902
81,185,REPORT,REPORT,630
81,26,investigate,INVESTIGATE,850
81,320,incorporate,INCORPORATE,209
81,687,OBLIGATE,OBLIGATE,306
81,876,launch,LAUNCH,837
81,545,AUTHORIZE,AUTHORIZE,754
81,364,OBLIGATE,OBLIGATE,553
81,2932,SUPPORT,SUPPORT,457
81,1503,SUPPORT,SUPPORT,457
81,1230,SUPPORT,SUPPORT,457
81,36,comprise,COMPRISE,473
81,1121,comprise,COMPRISE,473
81,319,OBLIGATE,OBLIGATE,553
81,1720,OBLIGATE,OBLIGATE,553
81,62,REPORT,REPORT,630
81,646,REPORT,REPORT,630
81,1046,REPORT,REPORT,630
81,8,OBLIGATE,OBLIGATE,642
81,34,DEVELOP,DEVELOP,914
82,639,OBLIGATE,OBLIGATE,257
82,1832,OBLIGATE,OBLIGATE,257
82,2001,OBLIGATE,OBLIGATE,257
82,2002,OBLIGATE,OBLIGATE,257
82,320,OBLIGATE,OBLIGATE,257
82,2733,oblige,OBLIGE,418
82,13,oblige,OBLIGE,418
82,2736,oblige,OBLIGE,418
82,268,have,HAVE,738
82,319,OBLIGATE,OBLIGATE,516
82,18,OBLIGATE,OBLIGATE,516
82,3209,OBLIGATE,OBLIGATE,516
82,617,OBLIGATE,OBLIGATE,516
82,177,have,HAVE,738
82,2,have,HAVE,738
82,415,have,HAVE,738
82,40,have,HAVE,738
83,96,specify,SPECIFY,7
83,3,override,OVERRIDE,168
83,247,USE,USE,402
83,276,USE,USE,402
83,3715,OBLIGATE,OBLIGATE,627
83,350,plan,PLAN,787
84,83,specify,SPECIFY,7
84,96,specify,SPECIFY,7
84,575,OBLIGATE,OBLIGATE,178
84,177,AUTHORIZE,AUTHORIZE,716
84,1729,OBLIGATE,OBLIGATE,873
85,80,OBLIGATE,OBLIGATE,6
85,192,categorize,CATEGORIZE,718
85,327,provide,PROVIDE,922
85,335,OBLIGATE,OBLIGATE,533
85,131,follow,FOLLOW,882
85,13,identify,IDENTIFY,530
85,33,OBLIGATE,OBLIGATE,886
85,157,RESTRICT,RESTRICT,752
85,639,intend,INTEND,489
85,1062,REPORT,REPORT,240
85,121,IMPLEMENT,IMPLEMENT,204
85,199,IMPLEMENT,IMPLEMENT,204
85,957,SUPPORT,SUPPORT,533
85,1018,REPORT,REPORT,240
85,185,OBLIGATE,OBLIGATE,240
85,1941,identify,IDENTIFY,530
85,314,intend,INTEND,489
85,466,USE,USE,518
85,1107,OBLIGATE,OBLIGATE,533
85,995,OBLIGATE,OBLIGATE,549
85,323,OBLIGATE,OBLIGATE,549
85,1026,OBLIGATE,OBLIGATE,551
85,3532,OBLIGATE,OBLIGATE,593
85,53,AUTHORIZE,AUTHORIZE,776
87,206,define,DEFINE,16
87,207,define,DEFINE,16
87,209,define,DEFINE,16
87,210,define,DEFINE,16
87,211,define,DEFINE,16
87,1444,cease,CEASE,901
87,892,dissolve,DISSOLVE,167
87,96,set,SET,911
87,4914,set,SET,911
88,8,DEVELOP,DEVELOP,7
88,89,AUTHORIZE,AUTHORIZE,7
88,76,OBLIGATE,OBLIGATE,7
88,80,OBLIGATE,OBLIGATE,7
88,79,OBLIGATE,OBLIGATE,7
88,90,OBLIGATE,OBLIGATE,7
88,83,specify,SPECIFY,7
88,41,specify,SPECIFY,7
88,84,specify,SPECIFY,7
88,96,specify,SPECIFY,7
88,91,AUTHORIZE,AUTHORIZE,7
88,92,AUTHORIZE,AUTHORIZE,7
88,93,AUTHORIZE,AUTHORIZE,7
88,94,AUTHORIZE,AUTHORIZE,7
88,95,AUTHORIZE,AUTHORIZE,7
89,3,AUTHORIZE,AUTHORIZE,7
89,91,AUTHORIZE,AUTHORIZE,7
89,92,AUTHORIZE,AUTHORIZE,7
89,93,AUTHORIZE,AUTHORIZE,7
89,94,AUTHORIZE,AUTHORIZE,7
89,104,RESTRICT,RESTRICT,735
90,3,depict,DEPICT,895
90,76,OBLIGATE,OBLIGATE,7
90,80,define,DEFINE,892
90,79,OBLIGATE,OBLIGATE,7
90,99,define,DEFINE,892
90,100,RESTRICT,RESTRICT,8
90,101,introduce,INTRODUCE,113
90,889,occur,OCCUR,94
90,249,occur,OCCUR,94
90,185,subject,SUBJECT,239
90,905,explore,EXPLORE,835
90,468,introduce,INTRODUCE,113
90,1038,introduce,INTRODUCE,113
90,813,OBLIGATE,OBLIGATE,119
90,59,OBLIGATE,OBLIGATE,119
90,33,OBLIGATE,OBLIGATE,157
90,914,AUTHORIZE,AUTHORIZE,132
90,146,AUTHORIZE,AUTHORIZE,132
90,1180,AUTHORIZE,AUTHORIZE,132
90,121,subvert,SUBVERT,858
90,199,subvert,SUBVERT,858
90,236,OBLIGATE,OBLIGATE,134
90,828,RESTRICT,RESTRICT,134
90,797,lack,LACK,162
90,496,lack,LACK,162
90,131,detail,DETAIL,823
90,1472,REGULATE,REGULATE,176
90,69,SUPPORT,SUPPORT,185
90,1558,recommend,RECOMMEND,186
90,379,recommend,RECOMMEND,186
90,81,recommend,RECOMMEND,186
90,25,recommend,RECOMMEND,186
90,37,recommend,RECOMMEND,186
90,1029,subject,SUBJECT,239
90,1880,subject,SUBJECT,239
90,821,OBLIGATE,OBLIGATE,241
90,617,advise,ADVISE,250
90,1952,caution,CAUTION,250
90,107,constitute,CONSTITUTE,252
90,1967,constitute,CONSTITUTE,252
90,160,constitute,CONSTITUTE,252
90,2742,DEVELOP,DEVELOP,419
90,983,DEVELOP,DEVELOP,419
90,2745,DEVELOP,DEVELOP,419
90,886,OBLIGATE,OBLIGATE,712
90,50,OBLIGATE,OBLIGATE,712
90,207,OBLIGATE,OBLIGATE,790
90,1423,OBLIGATE,OBLIGATE,790
90,201,detail,DETAIL,823
90,1559,detail,DETAIL,823
90,2306,introduce,INTRODUCE,847
90,279,subvert,SUBVERT,858
90,704,subvert,SUBVERT,858
90,4451,OBLIGATE,OBLIGATE,887
90,78,criminalize,CRIMINALIZE,905
91,92,AUTHORIZE,AUTHORIZE,7
91,93,AUTHORIZE,AUTHORIZE,7
91,80,OBLIGATE,OBLIGATE,561
93,92,AUTHORIZE,AUTHORIZE,7
94,91,AUTHORIZE,AUTHORIZE,7
94,92,AUTHORIZE,AUTHORIZE,7
94,93,AUTHORIZE,AUTHORIZE,7
94,268,OBLIGATE,OBLIGATE,167
94,18,comprise,COMPRISE,474
94,1140,OBLIGATE,OBLIGATE,167
94,957,comprise,COMPRISE,474
94,14,comprise,COMPRISE,474
94,206,comprise,COMPRISE,913
94,26,comprise,COMPRISE,913
94,392,comprise,COMPRISE,913
95,3564,OBLIGATE,OBLIGATE,594
95,3566,OBLIGATE,OBLIGATE,594
95,379,plan,PLAN,839
95,4598,plan,PLAN,839
95,2306,plan,PLAN,839
96,2874,AUTHORIZE,AUTHORIZE,449
98,90,RESTRICT,RESTRICT,8
98,99,include,INCLUDE,8
98,100,RESTRICT,RESTRICT,8
98,19,include,INCLUDE,8
98,111,define,DEFINE,8
98,101,match,MATCH,8
98,102,seek,SEEK,8
98,103,OBLIGATE,OBLIGATE,8
98,104,seek,SEEK,8
98,105,seek,SEEK,8
98,106,AUTHORIZE,AUTHORIZE,8
98,107,AUTHORIZE,AUTHORIZE,8
98,108,AUTHORIZE,AUTHORIZE,8
98,109,AUTHORIZE,AUTHORIZE,8
98,110,AUTHORIZE,AUTHORIZE,8
98,21,define,DEFINE,8
98,112,match,MATCH,8
98,113,include,INCLUDE,8
98,96,include,INCLUDE,8
98,114,include,INCLUDE,8
99,100,DEVELOP,DEVELOP,941
99,111,RESTRICT,RESTRICT,8
99,96,include,INCLUDE,8
99,164,amend,AMEND,465
99,157,RESTRICT,RESTRICT,465
99,1260,RESTRICT,RESTRICT,465
99,2016,define,DEFINE,891
99,80,define,DEFINE,892
99,3,DEVELOP,DEVELOP,941
100,111,seek,SEEK,920
100,3,DEVELOP,DEVELOP,941
100,1211,appear,APPEAR,137
100,450,appear,APPEAR,137
100,33,reference,REFERENCE,164
100,8,reference,REFERENCE,164
100,13,OBLIGATE,OBLIGATE,689
100,148,SUPPORT,SUPPORT,740
100,185,know,KNOW,827
100,78,RESTRICT,RESTRICT,911
100,96,RESTRICT,RESTRICT,911
100,1764,RESTRICT,RESTRICT,920
100,273,OBLIGATE,OBLIGATE,941
101,102,OBLIGATE,OBLIGATE,8
101,15,include,INCLUDE,14
101,186,include,INCLUDE,14
101,83,OBLIGATE,OBLIGATE,131
101,107,SUPPORT,SUPPORT,415
101,13,OBLIGATE,OBLIGATE,437
101,146,OBLIGATE,OBLIGATE,934
101,160,AUTHORIZE,AUTHORIZE,927
101,2879,OBLIGATE,OBLIGATE,918
101,80,OBLIGATE,OBLIGATE,483
101,231,OBLIGATE,OBLIGATE,495
101,109,OBLIGATE,OBLIGATE,495
101,181,AUTHORIZE,AUTHORIZE,821
101,185,AUTHORIZE,AUTHORIZE,821
101,634,provide,PROVIDE,692
101,268,provide,PROVIDE,692
101,512,AUTHORIZE,AUTHORIZE,821
101,320,meet,MEET,920
101,4849,alter,ALTER,923
101,1580,alter,ALTER,923
101,225,AUTHORIZE,AUTHORIZE,927
102,340,OBLIGATE,OBLIGATE,78
102,736,USE,USE,857
102,3,RESTRICT,RESTRICT,919
102,585,rely,RELY,280
102,2097,rely,RELY,280
102,13,rely,RELY,280
102,2742,extend,EXTEND,419
102,1260,RESTRICT,RESTRICT,941
102,164,forfeit,FORFEIT,465
102,512,seek,SEEK,889
102,1262,affect,AFFECT,890
102,3508,AUTHORIZE,AUTHORIZE,893
102,100,RESTRICT,RESTRICT,941
102,111,seek,SEEK,920
102,1403,take,TAKE,909
102,1764,RESTRICT,RESTRICT,920
102,894,AUTHORIZE,AUTHORIZE,927
103,101,REPORT,REPORT,483
103,102,OBLIGATE,OBLIGATE,8
103,368,amend,AMEND,32
103,164,amend,AMEND,32
103,335,REPORT,REPORT,882
103,320,plan,PLAN,609
103,199,DEVELOP,DEVELOP,239
103,813,EVALUATE,EVALUATE,86
103,268,specify,SPECIFY,732
103,63,OBLIGATE,OBLIGATE,424
103,198,RESTRICT,RESTRICT,97
103,121,OBLIGATE,OBLIGATE,715
103,185,know,KNOW,827
103,1026,DEVELOP,DEVELOP,239
103,236,demonstrate,DEMONSTRATE,831
103,639,SUPPORT,SUPPORT,872
103,109,OBLIGATE,OBLIGATE,424
103,138,emphasize,EMPHASIZE,832
103,1105,welcome,WELCOME,881
103,1107,introduce,INTRODUCE,168
103,192,OBLIGATE,OBLIGATE,235
103,33,OBLIGATE,OBLIGATE,715
103,1357,advise,ADVISE,157
103,646,advise,ADVISE,157
103,1406,OBLIGATE,OBLIGATE,163
103,1407,OBLIGATE,OBLIGATE,163
103,81,dictate,DICTATE,164
103,1485,commit,COMMIT,459
103,37,urge,URGE,185
103,701,welcome,WELCOME,881
103,1486,OBLIGATE,OBLIGATE,478
103,201,urge,URGE,185
103,634,USE,USE,211
103,1709,USE,USE,211
103,930,REGULATE,REGULATE,886
103,1849,OBLIGATE,OBLIGATE,235
103,274,REGULATE,REGULATE,238
103,21,urge,URGE,873
103,340,guide,GUIDE,242
103,1423,SUPPORT,SUPPORT,872
103,148,DEVELOP,DEVELOP,246
103,495,OBLIGATE,OBLIGATE,251
103,157,incorporate,INCORPORATE,471
103,177,OBLIGATE,OBLIGATE,581
103,1941,OBLIGATE,OBLIGATE,587
103,485,plan,PLAN,609
103,350,plan,PLAN,609
103,206,OBLIGATE,OBLIGATE,815
103,617,OBLIGATE,OBLIGATE,815
103,1957,REPORT,REPORT,825
103,181,know,KNOW,827
103,100,know,KNOW,827
103,4553,demonstrate,DEMONSTRATE,831
103,283,OBLIGATE,OBLIGATE,834
103,4578,SUPPORT,SUPPORT,835
103,4579,SUPPORT,SUPPORT,835
103,223,advise,ADVISE,836
103,1341,SUPPORT,SUPPORT,863
103,15,SUPPORT,SUPPORT,872
103,1729,urge,URGE,873
103,1487,urge,URGE,879
103,4771,urge,URGE,879
103,2891,urge,URGE,879
103,200,recommend,RECOMMEND,880
103,1046,welcome,WELCOME,881
103,3199,REGULATE,REGULATE,886
103,1444,OBLIGATE,OBLIGATE,900
104,102,seek,SEEK,918
104,105,seek,SEEK,918
104,828,RESTRICT,RESTRICT,735
104,3,COORDINATE,COORDINATE,918
104,111,COORDINATE,COORDINATE,918
104,3132,seek,SEEK,918
105,102,RESTRICT,RESTRICT,941
105,151,fail,FAIL,11
105,505,propose,PROPOSE,49
105,1468,pose,POSE,172
105,1472,pose,POSE,172
105,341,RESTRICT,RESTRICT,941
105,229,pose,POSE,172
105,1719,AUTHORIZE,AUTHORIZE,214
105,231,AUTHORIZE,AUTHORIZE,214
105,512,seek,SEEK,889
105,1723,AUTHORIZE,AUTHORIZE,214
105,187,OBLIGATE,OBLIGATE,489
105,148,OBLIGATE,OBLIGATE,483
105,109,OBLIGATE,OBLIGATE,489
105,1100,OBLIGATE,OBLIGATE,489
105,3396,recover,RECOVER,940
105,3866,AUTHORIZE,AUTHORIZE,665
105,373,AUTHORIZE,AUTHORIZE,782
105,3287,AUTHORIZE,AUTHORIZE,665
105,340,AUTHORIZE,AUTHORIZE,782
105,327,AUTHORIZE,AUTHORIZE,782
105,635,OBLIGATE,OBLIGATE,889
105,1262,affect,AFFECT,890
105,4451,alter,ALTER,923
105,3508,AUTHORIZE,AUTHORIZE,893
105,3132,seek,SEEK,918
105,3868,provide,PROVIDE,919
105,100,RESTRICT,RESTRICT,941
105,111,seek,SEEK,920
105,248,alter,ALTER,923
106,107,AUTHORIZE,AUTHORIZE,8
106,109,AUTHORIZE,AUTHORIZE,8
106,110,AUTHORIZE,AUTHORIZE,8
106,225,exclude,EXCLUDE,890
107,157,OBLIGATE,OBLIGATE,784
107,790,SUPPORT,SUPPORT,82
107,646,SUPPORT,SUPPORT,82
107,273,state,STATE,940
107,164,IMPLEMENT,IMPLEMENT,944
107,160,AUTHORIZE,AUTHORIZE,941
107,386,AUTHORIZE,AUTHORIZE,529
107,783,DEVELOP,DEVELOP,502
107,8,alter,ALTER,502
107,96,act,ACT,932
107,3257,OBLIGATE,OBLIGATE,526
107,784,AUTHORIZE,AUTHORIZE,529
107,3853,DEVELOP,DEVELOP,659
107,83,AUTHORIZE,AUTHORIZE,665
107,111,exclude,EXCLUDE,918
107,337,state,STATE,940
107,268,IMPLEMENT,IMPLEMENT,944
108,106,AUTHORIZE,AUTHORIZE,8
108,107,AUTHORIZE,AUTHORIZE,8
108,109,AUTHORIZE,AUTHORIZE,8
108,110,AUTHORIZE,AUTHORIZE,8
109,107,IMPLEMENT,IMPLEMENT,646
109,382,AUTHORIZE,AUTHORIZE,34
109,384,AUTHORIZE,AUTHORIZE,34
109,312,AUTHORIZE,AUTHORIZE,34
109,128,AUTHORIZE,AUTHORIZE,34
109,635,OBLIGATE,OBLIGATE,67
109,80,OBLIGATE,OBLIGATE,719
109,335,OBLIGATE,OBLIGATE,882
109,185,set,SET,96
109,876,OBLIGATE,OBLIGATE,245
109,1020,REGULATE,REGULATE,112
109,1023,REGULATE,REGULATE,112
109,1025,REGULATE,REGULATE,112
109,236,DEVELOP,DEVELOP,868
109,235,OBLIGATE,OBLIGATE,904
109,634,USE,USE,113
109,273,REGULATE,REGULATE,156
109,1105,OBLIGATE,OBLIGATE,162
109,198,AUTHORIZE,AUTHORIZE,875
109,415,SUPPORT,SUPPORT,173
109,34,OBLIGATE,OBLIGATE,921
109,67,DEVELOP,DEVELOP,183
109,340,define,DEFINE,242
109,220,OBLIGATE,OBLIGATE,712
109,268,OBLIGATE,OBLIGATE,232
109,177,oblige,OBLIGE,820
109,1927,OBLIGATE,OBLIGATE,247
109,1928,OBLIGATE,OBLIGATE,247
109,1062,OBLIGATE,OBLIGATE,938
109,1451,AUTHORIZE,AUTHORIZE,332
109,402,oblige,OBLIGE,424
109,647,SUPPORT,SUPPORT,428
109,2788,SUPPORT,SUPPORT,428
109,379,SUPPORT,SUPPORT,428
109,2874,AUTHORIZE,AUTHORIZE,449
109,337,AUTHORIZE,AUTHORIZE,449
109,53,REGULATE,REGULATE,454
109,267,OBLIGATE,OBLIGATE,695
109,467,insist,INSIST,497
109,3134,AUTHORIZE,AUTHORIZE,499
109,783,DEVELOP,DEVELOP,502
109,466,OBLIGATE,OBLIGATE,518
109,1941,OBLIGATE,OBLIGATE,518
109,2074,specify,SPECIFY,868
109,3424,OBLIGATE,OBLIGATE,645
109,62,OBLIGATE,OBLIGATE,645
109,644,OBLIGATE,OBLIGATE,645
109,181,OBLIGATE,OBLIGATE,652
109,1119,resolve,RESOLVE,654
109,894,OBLIGATE,OBLIGATE,682
109,983,OBLIGATE,OBLIGATE,695
109,283,DEVELOP,DEVELOP,868
109,327,oblige,OBLIGE,820
109,136,urge,URGE,836
109,223,urge,URGE,836
109,225,urge,URGE,836
109,1729,OBLIGATE,OBLIGATE,873
109,4748,AUTHORIZE,AUTHORIZE,875
109,201,emphasize,EMPHASIZE,878
109,3010,emphasize,EMPHASIZE,878
109,58,OBLIGATE,OBLIGATE,921
109,688,issue,ISSUE,925
110,107,AUTHORIZE,AUTHORIZE,8
110,109,OBLIGATE,OBLIGATE,437
110,3608,affect,AFFECT,604
110,13,affect,AFFECT,604
111,1262,manipulate,MANIPULATE,145
112,101,match,MATCH,8
112,340,USE,USE,188
112,96,USE,USE,188
113,99,include,INCLUDE,8
113,96,include,INCLUDE,8
114,99,include,INCLUDE,8
114,113,include,INCLUDE,8
114,96,include,INCLUDE,8
114,1806,recommend,RECOMMEND,230
114,3,recommend,RECOMMEND,230
115,116,affirm,AFFIRM,9
115,117,affirm,AFFIRM,9
115,3,OBLIGATE,OBLIGATE,9
115,118,affirm,AFFIRM,9
115,44,commit,COMMIT,9
115,119,commit,COMMIT,9
115,122,commit,COMMIT,9
115,123,commit,COMMIT,9
115,124,commit,COMMIT,9
115,125,OBLIGATE,OBLIGATE,9
116,117,affirm,AFFIRM,9
116,44,affirm,AFFIRM,9
116,688,OBLIGATE,OBLIGATE,282
116,133,OBLIGATE,OBLIGATE,282
117,1678,strengthen,STRENGTHEN,837
117,236,strengthen,STRENGTHEN,837
117,121,strengthen,STRENGTHEN,837
117,1026,strengthen,STRENGTHEN,837
117,860,strengthen,STRENGTHEN,837
118,116,affirm,AFFIRM,9
118,117,affirm,AFFIRM,9
118,18,include,INCLUDE,281
118,128,include,INCLUDE,281
118,235,include,INCLUDE,281
118,2101,include,INCLUDE,281
118,639,include,INCLUDE,281
118,396,include,INCLUDE,281
118,120,OBLIGATE,OBLIGATE,804
118,2102,include,INCLUDE,281
118,30,include,INCLUDE,281
118,2103,include,INCLUDE,281
118,37,include,INCLUDE,281
118,957,include,INCLUDE,281
118,2104,include,INCLUDE,281
118,109,OBLIGATE,OBLIGATE,656
118,203,OBLIGATE,OBLIGATE,656
118,3839,OBLIGATE,OBLIGATE,656
118,645,OBLIGATE,OBLIGATE,804
118,4402,OBLIGATE,OBLIGATE,804
118,4403,OBLIGATE,OBLIGATE,804
118,1365,OBLIGATE,OBLIGATE,804
118,335,confirm,CONFIRM,804
118,299,confirm,CONFIRM,804
118,139,confirm,CONFIRM,804
118,1026,OBLIGATE,OBLIGATE,804
118,121,heighten,HEIGHTEN,804
118,760,REGULATE,REGULATE,804
118,1880,REGULATE,REGULATE,804
118,247,REGULATE,REGULATE,804
118,34,REGULATE,REGULATE,804
118,1230,REGULATE,REGULATE,804
118,4404,heighten,HEIGHTEN,804
118,395,heighten,HEIGHTEN,804
118,2941,heighten,HEIGHTEN,804
118,4559,SUPPORT,SUPPORT,832
118,4562,SUPPORT,SUPPORT,832
119,44,commit,COMMIT,9
119,122,commit,COMMIT,9
119,123,commit,COMMIT,9
119,124,commit,COMMIT,9
120,790,reiterate,REITERATE,82
120,736,RESTRICT,RESTRICT,845
120,136,OBLIGATE,OBLIGATE,82
120,52,reiterate,REITERATE,82
120,33,RESTRICT,RESTRICT,89
120,231,OBLIGATE,OBLIGATE,210
120,867,REPORT,REPORT,91
120,299,REPORT,REPORT,91
120,869,DEVELOP,DEVELOP,91
120,1062,OBLIGATE,OBLIGATE,116
120,821,OBLIGATE,OBLIGATE,156
120,18,produce,PRODUCE,802
120,373,RESTRICT,RESTRICT,116
120,1088,define,DEFINE,120
120,422,USE,USE,791
120,585,produce,PRODUCE,802
120,1092,produce,PRODUCE,802
120,131,OBLIGATE,OBLIGATE,804
120,484,define,DEFINE,120
120,1346,DEVELOP,DEVELOP,156
120,1356,OBLIGATE,OBLIGATE,180
120,634,OBLIGATE,OBLIGATE,207
120,467,include,INCLUDE,281
120,233,OBLIGATE,OBLIGATE,210
120,1105,prioritize,PRIORITIZE,816
120,128,include,INCLUDE,281
120,30,include,INCLUDE,281
120,37,include,INCLUDE,281
120,957,include,INCLUDE,281
120,860,USE,USE,791
120,225,choose,CHOOSE,575
120,185,choose,CHOOSE,575
120,3608,OBLIGATE,OBLIGATE,604
120,379,OBLIGATE,OBLIGATE,604
120,265,OBLIGATE,OBLIGATE,604
120,876,OBLIGATE,OBLIGATE,604
120,40,consider,CONSIDER,785
120,70,produce,PRODUCE,802
120,34,produce,PRODUCE,802
120,360,produce,PRODUCE,802
120,199,produce,PRODUCE,802
120,2097,produce,PRODUCE,802
120,586,produce,PRODUCE,802
120,1026,OBLIGATE,OBLIGATE,804
120,5,RESTRICT,RESTRICT,814
120,223,warn,WARN,836
120,53,OBLIGATE,OBLIGATE,844
120,103,OBLIGATE,OBLIGATE,900
120,259,OBLIGATE,OBLIGATE,900
120,1169,OBLIGATE,OBLIGATE,916
121,335,charge,CHARGE,896
121,198,OBLIGATE,OBLIGATE,90
121,849,OBLIGATE,OBLIGATE,90
121,859,REPORT,REPORT,835
121,876,REGULATE,REGULATE,112
121,372,REGULATE,REGULATE,104
121,1020,REGULATE,REGULATE,112
121,1023,REGULATE,REGULATE,112
121,1025,REGULATE,REGULATE,112
121,185,conduct,CONDUCT,831
121,1026,strengthen,STRENGTHEN,837
121,1167,OBLIGATE,OBLIGATE,130
121,1168,OBLIGATE,OBLIGATE,130
121,259,REPORT,REPORT,862
121,202,uphold,UPHOLD,168
121,1927,OBLIGATE,OBLIGATE,247
121,1928,OBLIGATE,OBLIGATE,247
121,2874,AUTHORIZE,AUTHORIZE,449
121,2,compose,COMPOSE,641
121,96,AUTHORIZE,AUTHORIZE,449
121,337,AUTHORIZE,AUTHORIZE,449
121,1633,RESTRICT,RESTRICT,512
121,279,REPORT,REPORT,862
121,327,AUTHORIZE,AUTHORIZE,512
121,512,AUTHORIZE,AUTHORIZE,585
121,247,REGULATE,REGULATE,804
121,1230,REGULATE,REGULATE,804
121,2835,conduct,CONDUCT,831
121,1709,urge,URGE,832
122,44,commit,COMMIT,9
122,123,commit,COMMIT,9
122,124,commit,COMMIT,9
123,44,commit,COMMIT,9
124,44,commit,COMMIT,9
124,123,commit,COMMIT,9
124,96,OBLIGATE,OBLIGATE,359
124,412,OBLIGATE,OBLIGATE,359
126,128,inventory,INVENTORY,10
126,131,inventory,INVENTORY,10
126,132,inventory,INVENTORY,10
126,133,OBLIGATE,OBLIGATE,10
126,134,OBLIGATE,OBLIGATE,10
126,135,OBLIGATE,OBLIGATE,10
126,136,impact,IMPACT,10
126,70,impact,IMPACT,10
126,138,oblige,OBLIGE,10
126,3,REGULATE,REGULATE,10
126,139,OBLIGATE,OBLIGATE,10
126,140,REGULATE,REGULATE,10
126,143,OBLIGATE,OBLIGATE,10
126,67,OBLIGATE,OBLIGATE,10
126,144,REGULATE,REGULATE,10
127,126,inventory,INVENTORY,10
127,128,inventory,INVENTORY,10
127,131,inventory,INVENTORY,10
127,132,inventory,INVENTORY,10
127,688,OBLIGATE,OBLIGATE,848
127,177,OBLIGATE,OBLIGATE,848
127,350,OBLIGATE,OBLIGATE,848
127,807,OBLIGATE,OBLIGATE,848
127,3,OBLIGATE,OBLIGATE,848
127,415,OBLIGATE,OBLIGATE,848
127,81,OBLIGATE,OBLIGATE,848
127,4662,guide,GUIDE,855
127,645,guide,GUIDE,855
127,121,guide,GUIDE,855
127,395,guide,GUIDE,855
128,382,AUTHORIZE,AUTHORIZE,34
128,384,AUTHORIZE,AUTHORIZE,34
128,312,AUTHORIZE,AUTHORIZE,34
128,63,AUTHORIZE,AUTHORIZE,34
128,639,include,INCLUDE,281
128,323,OBLIGATE,OBLIGATE,71
128,555,AUTHORIZE,AUTHORIZE,108
128,199,USE,USE,446
128,646,OBLIGATE,OBLIGATE,143
128,15,OBLIGATE,OBLIGATE,161
128,335,OBLIGATE,OBLIGATE,161
128,18,include,INCLUDE,281
128,957,include,INCLUDE,281
128,13,USE,USE,398
128,33,USE,USE,446
129,126,impact,IMPACT,10
129,127,OBLIGATE,OBLIGATE,282
129,128,inventory,INVENTORY,10
129,131,inventory,INVENTORY,10
129,132,inventory,INVENTORY,10
129,136,impact,IMPACT,10
129,70,impact,IMPACT,10
130,363,OBLIGATE,OBLIGATE,673
130,295,OBLIGATE,OBLIGATE,673
131,1018,assert,ASSERT,240
131,1396,incorporate,INCORPORATE,162
131,319,amend,AMEND,375
131,2686,qualify,QUALIFY,406
131,2874,AUTHORIZE,AUTHORIZE,449
131,96,inform,INFORM,930
131,3333,OBLIGATE,OBLIGATE,542
131,358,enhance,ENHANCE,783
131,4518,OBLIGATE,OBLIGATE,838
132,128,inventory,INVENTORY,10
132,131,inventory,INVENTORY,10
132,1043,dictate,DICTATE,114
132,5,dictate,DICTATE,114
132,2145,cover,COVER,291
132,13,cover,COVER,291
132,4746,OBLIGATE,OBLIGATE,875
132,59,define,DEFINE,875
132,235,OBLIGATE,OBLIGATE,875
132,4747,OBLIGATE,OBLIGATE,875
133,279,REPORT,REPORT,24
133,59,REPORT,REPORT,24
133,40,REPORT,REPORT,24
133,2337,oblige,OBLIGE,334
133,14,oblige,OBLIGE,334
133,44,oblige,OBLIGE,334
133,288,hire,HIRE,356
133,340,hire,HIRE,356
133,58,OBLIGATE,OBLIGATE,506
133,328,OBLIGATE,OBLIGATE,456
133,2976,OBLIGATE,OBLIGATE,466
133,4419,OBLIGATE,OBLIGATE,807
133,877,OBLIGATE,OBLIGATE,807
133,206,OBLIGATE,OBLIGATE,913
134,133,OBLIGATE,OBLIGATE,10
134,636,RESTRICT,RESTRICT,97
134,198,RESTRICT,RESTRICT,97
134,103,RESTRICT,RESTRICT,97
135,133,OBLIGATE,OBLIGATE,807
135,134,OBLIGATE,OBLIGATE,10
135,13,REGULATE,REGULATE,466
135,1148,REPORT,REPORT,127
135,323,REPORT,REPORT,127
135,328,OBLIGATE,OBLIGATE,456
135,265,REPORT,REPORT,127
135,58,OBLIGATE,OBLIGATE,456
135,2920,OBLIGATE,OBLIGATE,456
135,4418,OBLIGATE,OBLIGATE,807
135,4419,OBLIGATE,OBLIGATE,807
135,877,OBLIGATE,OBLIGATE,807
135,162,OBLIGATE,OBLIGATE,807
136,3,explain,EXPLAIN,836
136,18,RESTRICT,RESTRICT,802
136,198,urge,URGE,836
136,80,USE,USE,861
137,235,OBLIGATE,OBLIGATE,420
137,464,OBLIGATE,OBLIGATE,420
137,1602,OBLIGATE,OBLIGATE,420
137,639,OBLIGATE,OBLIGATE,867
137,4703,OBLIGATE,OBLIGATE,867
138,13,SUPPORT,SUPPORT,224
138,85,SUPPORT,SUPPORT,833
138,34,DEVELOP,DEVELOP,363
138,109,DEVELOP,DEVELOP,868
138,639,REPORT,REPORT,114
138,1476,handle,HANDLE,216
138,279,DEVELOP,DEVELOP,868
138,379,include,INCLUDE,199
138,1639,include,INCLUDE,199
138,1721,OBLIGATE,OBLIGATE,214
138,328,OBLIGATE,OBLIGATE,330
138,327,AUTHORIZE,AUTHORIZE,433
138,415,AUTHORIZE,AUTHORIZE,433
138,702,OBLIGATE,OBLIGATE,434
138,422,explore,EXPLORE,457
138,235,recognize,RECOGNIZE,945
138,930,DEVELOP,DEVELOP,705
138,5,commit,COMMIT,825
138,18,recognize,RECOGNIZE,945
138,353,REPORT,REPORT,862
138,1729,DEVELOP,DEVELOP,873
138,1678,recognize,RECOGNIZE,945
138,177,emphasize,EMPHASIZE,946
139,13,OBLIGATE,OBLIGATE,10
139,140,OBLIGATE,OBLIGATE,10
139,143,OBLIGATE,OBLIGATE,10
139,67,OBLIGATE,OBLIGATE,10
139,131,confirm,CONFIRM,804
139,235,urge,URGE,185
139,201,urge,URGE,185
139,37,urge,URGE,185
139,103,urge,URGE,185
139,1880,DEVELOP,DEVELOP,651
139,335,confirm,CONFIRM,804
139,299,confirm,CONFIRM,804
140,67,DEVELOP,DEVELOP,809
140,198,AUTHORIZE,AUTHORIZE,64
140,401,OBLIGATE,OBLIGATE,77
140,131,highlight,HIGHLIGHT,235
140,177,SUPPORT,SUPPORT,830
140,1941,OBLIGATE,OBLIGATE,509
140,235,OBLIGATE,OBLIGATE,509
140,327,AUTHORIZE,AUTHORIZE,776
140,236,REGULATE,REGULATE,733
140,85,AUTHORIZE,AUTHORIZE,776
140,53,OBLIGATE,OBLIGATE,809
140,4546,OBLIGATE,OBLIGATE,830
140,607,SUPPORT,SUPPORT,830
140,1218,OBLIGATE,OBLIGATE,849
141,126,OBLIGATE,OBLIGATE,10
141,3,OBLIGATE,OBLIGATE,10
141,139,OBLIGATE,OBLIGATE,10
141,140,OBLIGATE,OBLIGATE,10
141,143,OBLIGATE,OBLIGATE,10
141,67,OBLIGATE,OBLIGATE,10
142,126,OBLIGATE,OBLIGATE,10
142,3,OBLIGATE,OBLIGATE,10
142,139,OBLIGATE,OBLIGATE,10
142,140,OBLIGATE,OBLIGATE,10
142,141,OBLIGATE,OBLIGATE,10
142,143,OBLIGATE,OBLIGATE,10
142,67,OBLIGATE,OBLIGATE,10
143,3,OBLIGATE,OBLIGATE,10
143,140,OBLIGATE,OBLIGATE,10
143,67,OBLIGATE,OBLIGATE,10
144,140,REGULATE,REGULATE,10
144,131,AUTHORIZE,AUTHORIZE,731
144,13,oblige,OBLIGE,42
144,18,AUTHORIZE,AUTHORIZE,731
144,63,oblige,OBLIGE,42
144,323,DEVELOP,DEVELOP,690
144,194,OBLIGATE,OBLIGATE,690
144,3956,OBLIGATE,OBLIGATE,690
144,5,OBLIGATE,OBLIGATE,690
145,148,exclude,EXCLUDE,11
145,150,exclude,EXCLUDE,11
145,151,fail,FAIL,11
145,105,fail,FAIL,11
145,152,fail,FAIL,11
145,153,fail,FAIL,11
145,109,constitute,CONSTITUTE,11
145,154,constitute,CONSTITUTE,11
146,33,AUTHORIZE,AUTHORIZE,132
146,634,OBLIGATE,OBLIGATE,207
146,314,oblige,OBLIGE,79
146,8,incorporate,INCORPORATE,451
146,335,SUPPORT,SUPPORT,185
146,164,violate,VIOLATE,142
146,192,SUPPORT,SUPPORT,157
146,109,REPORT,REPORT,824
146,930,OBLIGATE,OBLIGATE,217
146,140,highlight,HIGHLIGHT,235
146,247,include,INCLUDE,402
146,2835,cover,COVER,437
146,646,cover,COVER,437
146,350,OBLIGATE,OBLIGATE,467
146,340,OBLIGATE,OBLIGATE,520
146,220,OBLIGATE,OBLIGATE,538
146,3342,fail,FAIL,545
146,63,OBLIGATE,OBLIGATE,545
146,3343,USE,USE,598
146,157,imply,IMPLY,940
146,784,OBLIGATE,OBLIGATE,816
146,1198,fail,FAIL,821
146,337,state,STATE,940
146,2788,initiate,INITIATE,823
146,283,provide,PROVIDE,847
146,259,OBLIGATE,OBLIGATE,900
146,100,RESTRICT,RESTRICT,920
146,102,RESTRICT,RESTRICT,920
146,111,OBLIGATE,OBLIGATE,920
146,1764,RESTRICT,RESTRICT,920
146,107,state,STATE,940
146,273,state,STATE,940
148,3,SUPPORT,SUPPORT,740
148,821,override,OVERRIDE,97
148,372,REGULATE,REGULATE,104
148,96,inform,INFORM,930
148,276,impair,IMPAIR,201
148,8,set,SET,529
148,131,inform,INFORM,930
148,2844,OBLIGATE,OBLIGATE,447
148,322,REGULATE,REGULATE,865
149,145,exclude,EXCLUDE,11
149,148,exclude,EXCLUDE,11
149,150,exclude,EXCLUDE,11
150,148,exclude,EXCLUDE,11
151,13,REGULATE,REGULATE,505
151,236,OBLIGATE,OBLIGATE,377
151,2016,USE,USE,377
151,268,OBLIGATE,OBLIGATE,505
151,1107,join,JOIN,726
151,220,DEVELOP,DEVELOP,726
151,957,DEVELOP,DEVELOP,726
151,177,DEVELOP,DEVELOP,726
151,18,bind,BIND,884
152,151,fail,FAIL,11
152,105,fail,FAIL,11
152,153,fail,FAIL,11
153,146,IMPLEMENT,IMPLEMENT,887
153,151,fail,FAIL,11
153,105,fail,FAIL,11
153,170,SUPPORT,SUPPORT,235
153,59,oblige,OBLIGE,719
153,4288,pose,POSE,773
153,545,pose,POSE,773
153,356,pose,POSE,773
153,278,pose,POSE,773
153,1323,pose,POSE,773
153,1748,pose,POSE,773
153,76,DEVELOP,DEVELOP,887
153,206,IMPLEMENT,IMPLEMENT,887
153,96,IMPLEMENT,IMPLEMENT,887
153,148,IMPLEMENT,IMPLEMENT,887
153,4806,IMPLEMENT,IMPLEMENT,887
153,248,IMPLEMENT,IMPLEMENT,887
154,109,constitute,CONSTITUTE,11
154,2016,DEVELOP,DEVELOP,415
154,157,criminalize,CRIMINALIZE,943
154,78,criminalize,CRIMINALIZE,943
154,76,DEVELOP,DEVELOP,890
155,107,amend,AMEND,12
155,157,amend,AMEND,12
155,161,recognize,RECOGNIZE,12
156,155,amend,AMEND,12
156,107,amend,AMEND,12
156,157,amend,AMEND,12
157,148,RESTRICT,RESTRICT,121
157,131,RESTRICT,RESTRICT,694
157,8,AUTHORIZE,AUTHORIZE,76
157,33,OBLIGATE,OBLIGATE,160
157,13,OBLIGATE,OBLIGATE,160
157,2016,DEVELOP,DEVELOP,415
157,78,criminalize,CRIMINALIZE,943
157,3294,revoke,REVOKE,531
157,80,RESTRICT,RESTRICT,671
157,314,OBLIGATE,OBLIGATE,763
157,18,OBLIGATE,OBLIGATE,784
157,96,know,KNOW,926
158,155,amend,AMEND,12
158,156,amend,AMEND,12
158,107,amend,AMEND,12
158,157,amend,AMEND,12
159,504,RESTRICT,RESTRICT,121
159,886,RESTRICT,RESTRICT,121
159,157,RESTRICT,RESTRICT,121
159,148,RESTRICT,RESTRICT,121
159,3,amend,AMEND,450
159,121,amend,AMEND,450
159,2878,amend,AMEND,450
159,40,amend,AMEND,450
159,3282,incur,INCUR,529
160,3,OBLIGATE,OBLIGATE,918
160,2879,AUTHORIZE,AUTHORIZE,920
161,148,recognize,RECOGNIZE,12
162,2302,designate,DESIGNATE,615
162,926,OBLIGATE,OBLIGATE,615
162,1431,DEVELOP,DEVELOP,615
162,323,OBLIGATE,OBLIGATE,615
162,1423,designate,DESIGNATE,615
162,1546,designate,DESIGNATE,615
162,2341,OBLIGATE,OBLIGATE,615
162,550,OBLIGATE,OBLIGATE,615
162,450,OBLIGATE,OBLIGATE,615
162,639,OBLIGATE,OBLIGATE,686
162,177,OBLIGATE,OBLIGATE,686
162,936,pose,POSE,773
162,279,pose,POSE,773
162,4418,OBLIGATE,OBLIGATE,807
162,4419,OBLIGATE,OBLIGATE,807
162,877,OBLIGATE,OBLIGATE,807
162,133,OBLIGATE,OBLIGATE,807
164,224,take,TAKE,944
164,310,AUTHORIZE,AUTHORIZE,519
165,166,DEVELOP,DEVELOP,13
165,3,SUPPORT,SUPPORT,13
165,168,SUPPORT,SUPPORT,13
165,52,SUPPORT,SUPPORT,13
165,177,AUTHORIZE,AUTHORIZE,13
165,178,AUTHORIZE,AUTHORIZE,13
166,2844,OBLIGATE,OBLIGATE,447
166,8,appoint,APPOINT,756
166,131,OBLIGATE,OBLIGATE,810
166,58,OBLIGATE,OBLIGATE,921
166,415,OBLIGATE,OBLIGATE,921
167,165,DEVELOP,DEVELOP,13
167,166,DEVELOP,DEVELOP,13
167,3,DEVELOP,DEVELOP,13
168,622,OBLIGATE,OBLIGATE,88
169,15,OBLIGATE,OBLIGATE,161
170,233,OBLIGATE,OBLIGATE,19
170,194,OBLIGATE,OBLIGATE,19
170,131,RESTRICT,RESTRICT,872
170,725,OBLIGATE,OBLIGATE,76
170,148,OBLIGATE,OBLIGATE,76
170,121,USE,USE,113
170,235,USE,USE,113
170,109,OBLIGATE,OBLIGATE,177
170,336,USE,USE,113
170,634,USE,USE,113
170,1502,OBLIGATE,OBLIGATE,177
170,8,OBLIGATE,OBLIGATE,868
170,442,RESTRICT,RESTRICT,640
170,3777,AUTHORIZE,AUTHORIZE,640
170,68,OBLIGATE,OBLIGATE,868
170,15,RESTRICT,RESTRICT,872
170,4749,RESTRICT,RESTRICT,875
170,3806,take,TAKE,930
174,1144,OBLIGATE,OBLIGATE,372
174,202,OBLIGATE,OBLIGATE,372
174,2483,OBLIGATE,OBLIGATE,372
176,165,AUTHORIZE,AUTHORIZE,13
176,131,OBLIGATE,OBLIGATE,685
176,177,AUTHORIZE,AUTHORIZE,13
176,178,AUTHORIZE,AUTHORIZE,13
176,3938,OBLIGATE,OBLIGATE,685
176,220,OBLIGATE,OBLIGATE,685
176,13,OBLIGATE,OBLIGATE,685
176,63,OBLIGATE,OBLIGATE,685
177,622,AUTHORIZE,AUTHORIZE,72
177,198,REGULATE,REGULATE,501
177,957,OBLIGATE,OBLIGATE,815
177,1046,prioritize,PRIORITIZE,825
177,327,research,RESEARCH,924
177,323,REGULATE,REGULATE,915
177,335,prioritize,PRIORITIZE,835
177,821,SUPPORT,SUPPORT,204
177,1825,make,MAKE,568
177,379,SUPPORT,SUPPORT,864
177,26,SUPPORT,SUPPORT,864
177,2,REGULATE,REGULATE,915
177,199,necessitate,NECESSITATE,396
177,3139,incite,INCITE,499
177,322,OBLIGATE,OBLIGATE,728
177,319,OBLIGATE,OBLIGATE,691
177,77,OBLIGATE,OBLIGATE,581
177,166,AUTHORIZE,AUTHORIZE,621
177,639,OBLIGATE,OBLIGATE,686
177,220,DEVELOP,DEVELOP,726
177,192,USE,USE,924
177,268,OBLIGATE,OBLIGATE,769
177,415,OBLIGATE,OBLIGATE,848
177,8,USE,USE,767
177,607,SUPPORT,SUPPORT,830
178,545,OBLIGATE,OBLIGATE,69
178,257,initiate,INITIATE,234
178,194,DEVELOP,DEVELOP,278
178,687,offer,OFFER,292
178,340,offer,OFFER,292
178,260,offer,OFFER,292
178,379,OBLIGATE,OBLIGATE,634
178,320,OBLIGATE,OBLIGATE,634
178,384,optimize,OPTIMIZE,331
178,957,OBLIGATE,OBLIGATE,331
178,2792,DEVELOP,DEVELOP,429
178,109,DEVELOP,DEVELOP,461
178,1444,DEVELOP,DEVELOP,461
178,1209,DEVELOP,DEVELOP,461
178,3134,incite,INCITE,499
178,3139,incite,INCITE,499
178,416,DEVELOP,DEVELOP,678
178,83,DEVELOP,DEVELOP,507
178,319,OBLIGATE,OBLIGATE,525
178,543,extend,EXTEND,724
178,151,join,JOIN,726
178,1107,join,JOIN,726
178,34,REGULATE,REGULATE,938
178,1618,REGULATE,REGULATE,938
178,1062,provide,PROVIDE,938
178,36,provide,PROVIDE,938
178,203,provide,PROVIDE,938
179,180,enact,ENACT,14
179,181,enact,ENACT,14
179,182,EVALUATE,EVALUATE,14
179,183,EVALUATE,EVALUATE,14
179,184,EVALUATE,EVALUATE,14
179,170,RESTRICT,RESTRICT,14
179,185,RESTRICT,RESTRICT,14
179,90,OBLIGATE,OBLIGATE,14
179,101,include,INCLUDE,14
179,15,include,INCLUDE,14
179,186,include,INCLUDE,14
179,187,constitute,CONSTITUTE,14
179,109,constitute,CONSTITUTE,14
179,188,exclude,EXCLUDE,14
180,181,enact,ENACT,14
180,182,enact,ENACT,14
181,335,REPORT,REPORT,205
181,5,OBLIGATE,OBLIGATE,79
181,736,OBLIGATE,OBLIGATE,82
181,136,OBLIGATE,OBLIGATE,82
181,83,AUTHORIZE,AUTHORIZE,665
181,859,REPORT,REPORT,205
181,199,make,MAKE,205
181,386,OBLIGATE,OBLIGATE,652
181,957,USE,USE,299
181,164,provide,PROVIDE,406
181,2686,qualify,QUALIFY,406
181,268,subject,SUBJECT,418
181,337,OBLIGATE,OBLIGATE,418
181,225,USE,USE,575
181,1764,oblige,OBLIGE,535
181,107,act,ACT,932
181,3508,deem,DEEM,583
181,3584,OBLIGATE,OBLIGATE,598
181,96,act,ACT,932
181,76,OBLIGATE,OBLIGATE,652
181,80,commit,COMMIT,801
181,512,AUTHORIZE,AUTHORIZE,821
181,100,know,KNOW,827
181,201,OBLIGATE,OBLIGATE,868
182,181,enact,ENACT,14
182,3,EVALUATE,EVALUATE,14
183,182,EVALUATE,EVALUATE,14
184,182,EVALUATE,EVALUATE,14
184,183,EVALUATE,EVALUATE,14
185,350,REPORT,REPORT,630
185,276,OBLIGATE,OBLIGATE,755
185,96,inform,INFORM,904
186,15,include,INCLUDE,14
186,3,USE,USE,755
186,415,OBLIGATE,OBLIGATE,502
186,8,OBLIGATE,OBLIGATE,502
186,18,RESTRICT,RESTRICT,584
186,337,RESTRICT,RESTRICT,584
186,3519,RESTRICT,RESTRICT,584
186,185,USE,USE,755
187,109,OBLIGATE,OBLIGATE,682
187,886,OBLIGATE,OBLIGATE,94
187,148,OBLIGATE,OBLIGATE,483
187,220,AUTHORIZE,AUTHORIZE,626
187,267,introduce,INTRODUCE,254
187,164,amend,AMEND,268
187,62,OBLIGATE,OBLIGATE,614
187,327,AUTHORIZE,AUTHORIZE,626
187,195,make,MAKE,745
187,248,make,MAKE,745
187,80,DEVELOP,DEVELOP,853
187,5003,AUTHORIZE,AUTHORIZE,934
189,190,OBLIGATE,OBLIGATE,15
189,191,OBLIGATE,OBLIGATE,15
189,59,OBLIGATE,OBLIGATE,15
189,192,OBLIGATE,OBLIGATE,15
189,193,OBLIGATE,OBLIGATE,15
189,194,OBLIGATE,OBLIGATE,15
189,131,RESTRICT,RESTRICT,15
189,83,make,MAKE,15
189,196,make,MAKE,15
189,197,OBLIGATE,OBLIGATE,15
189,198,OBLIGATE,OBLIGATE,15
189,199,OBLIGATE,OBLIGATE,15
189,200,OBLIGATE,OBLIGATE,15
189,201,RESTRICT,RESTRICT,15
189,202,RESTRICT,RESTRICT,15
189,203,RESTRICT,RESTRICT,15
189,33,harm,HARM,15
189,146,harm,HARM,15
189,204,harm,HARM,15
190,191,OBLIGATE,OBLIGATE,15
190,3,OBLIGATE,OBLIGATE,15
190,59,OBLIGATE,OBLIGATE,15
191,3,OBLIGATE,OBLIGATE,15
191,59,OBLIGATE,OBLIGATE,15
192,3,USE,USE,924
192,131,oblige,OBLIGE,466
192,83,make,MAKE,15
192,198,OBLIGATE,OBLIGATE,15
192,327,DEVELOP,DEVELOP,616
192,1062,OBLIGATE,OBLIGATE,247
192,335,EVALUATE,EVALUATE,124
192,121,OBLIGATE,OBLIGATE,235
192,33,OBLIGATE,OBLIGATE,160
192,1386,terminate,TERMINATE,160
192,1849,OBLIGATE,OBLIGATE,235
192,1018,REPORT,REPORT,240
192,259,assert,ASSERT,240
192,859,REPORT,REPORT,240
192,1933,OBLIGATE,OBLIGATE,247
192,2980,oblige,OBLIGE,466
193,192,OBLIGATE,OBLIGATE,15
193,194,OBLIGATE,OBLIGATE,15
193,450,OBLIGATE,OBLIGATE,410
193,202,OBLIGATE,OBLIGATE,410
194,192,OBLIGATE,OBLIGATE,15
194,131,have,HAVE,530
194,257,release,RELEASE,530
194,358,OBLIGATE,OBLIGATE,690
194,18,DEVELOP,DEVELOP,860
195,484,define,DEFINE,46
195,485,amend,AMEND,46
195,3,RESTRICT,RESTRICT,802
195,450,define,DEFINE,46
195,488,define,DEFINE,46
195,138,DEVELOP,DEVELOP,363
195,34,USE,USE,861
195,192,impact,IMPACT,168
195,206,OBLIGATE,OBLIGATE,136
195,379,address,ADDRESS,859
195,53,OBLIGATE,OBLIGATE,136
195,18,RESTRICT,RESTRICT,802
195,131,AUTHORIZE,AUTHORIZE,164
195,235,deem,DEEM,801
195,1451,impact,IMPACT,168
195,1230,address,ADDRESS,859
195,67,OBLIGATE,OBLIGATE,174
195,335,impact,IMPACT,209
195,220,OBLIGATE,OBLIGATE,498
195,70,USE,USE,861
195,422,OBLIGATE,OBLIGATE,756
195,181,deem,DEEM,801
195,368,RESTRICT,RESTRICT,802
195,136,USE,USE,861
195,80,USE,USE,861
196,192,make,MAKE,15
196,83,make,MAKE,15
197,192,OBLIGATE,OBLIGATE,15
197,198,OBLIGATE,OBLIGATE,15
197,560,REGULATE,REGULATE,159
197,288,REGULATE,REGULATE,159
198,621,SUPPORT,SUPPORT,66
198,622,SUPPORT,SUPPORT,66
198,849,OBLIGATE,OBLIGATE,90
198,2844,meet,MEET,447
199,192,OBLIGATE,OBLIGATE,15
199,1026,DEVELOP,DEVELOP,239
199,121,subvert,SUBVERT,858
199,335,identify,IDENTIFY,644
199,131,OBLIGATE,OBLIGATE,410
199,185,make,MAKE,205
199,92,advise,ADVISE,241
199,1941,OBLIGATE,OBLIGATE,388
199,328,OBLIGATE,OBLIGATE,388
199,33,USE,USE,446
199,585,produce,PRODUCE,802
199,586,produce,PRODUCE,802
199,1092,produce,PRODUCE,802
199,4536,incorporate,INCORPORATE,828
199,4537,incorporate,INCORPORATE,828
199,279,subvert,SUBVERT,858
199,15,urge,URGE,872
199,58,OBLIGATE,OBLIGATE,925
200,192,OBLIGATE,OBLIGATE,15
200,199,EVALUATE,EVALUATE,716
200,273,DEVELOP,DEVELOP,151
200,259,recommend,RECOMMEND,880
200,235,OBLIGATE,OBLIGATE,232
200,422,USE,USE,276
200,52,provide,PROVIDE,316
200,450,provide,PROVIDE,316
200,328,OBLIGATE,OBLIGATE,388
200,320,OBLIGATE,OBLIGATE,388
200,21,OBLIGATE,OBLIGATE,388
200,1486,OBLIGATE,OBLIGATE,388
200,236,call,CALL,869
200,1105,articulate,ARTICULATE,493
200,267,OBLIGATE,OBLIGATE,674
200,358,OBLIGATE,OBLIGATE,674
200,1026,call,CALL,869
201,131,detail,DETAIL,823
201,372,OBLIGATE,OBLIGATE,42
201,1529,DEVELOP,DEVELOP,182
201,33,address,ADDRESS,822
201,185,OBLIGATE,OBLIGATE,868
201,247,recognize,RECOGNIZE,881
202,201,RESTRICT,RESTRICT,15
202,96,REGULATE,REGULATE,131
202,3836,AUTHORIZE,AUTHORIZE,656
202,585,enable,ENABLE,828
202,586,enable,ENABLE,828
202,1092,enable,ENABLE,828
203,201,RESTRICT,RESTRICT,15
203,202,RESTRICT,RESTRICT,15
203,131,RESTRICT,RESTRICT,15
203,109,OBLIGATE,OBLIGATE,656
203,1062,provide,PROVIDE,938
203,8,provide,PROVIDE,938
203,36,provide,PROVIDE,938
204,33,harm,HARM,15
204,146,harm,HARM,15
204,58,OBLIGATE,OBLIGATE,921
204,415,OBLIGATE,OBLIGATE,921
204,1313,OBLIGATE,OBLIGATE,921
204,35,OBLIGATE,OBLIGATE,921
204,1330,OBLIGATE,OBLIGATE,921
204,166,OBLIGATE,OBLIGATE,921
204,639,OBLIGATE,OBLIGATE,921
205,206,OBLIGATE,OBLIGATE,16
205,207,define,DEFINE,16
205,87,define,DEFINE,16
205,211,define,DEFINE,16
205,212,define,DEFINE,16
205,213,OBLIGATE,OBLIGATE,16
206,13,USE,USE,841
206,67,OBLIGATE,OBLIGATE,136
206,877,DEVELOP,DEVELOP,136
206,53,OBLIGATE,OBLIGATE,136
206,131,OBLIGATE,OBLIGATE,136
206,85,OBLIGATE,OBLIGATE,815
206,18,USE,USE,841
206,1121,OBLIGATE,OBLIGATE,227
206,92,OBLIGATE,OBLIGATE,227
206,639,recommend,RECOMMEND,227
206,1129,recommend,RECOMMEND,227
206,14,USE,USE,841
206,177,OBLIGATE,OBLIGATE,815
206,26,comprise,COMPRISE,913
206,1273,oblige,OBLIGE,937
207,206,define,DEFINE,16
207,210,define,DEFINE,16
207,257,OBLIGATE,OBLIGATE,328
207,5,OBLIGATE,OBLIGATE,328
207,876,OBLIGATE,OBLIGATE,328
207,467,OBLIGATE,OBLIGATE,328
207,259,recognize,RECOGNIZE,413
207,33,SUPPORT,SUPPORT,413
207,195,OBLIGATE,OBLIGATE,717
207,1230,OBLIGATE,OBLIGATE,717
207,644,oblige,OBLIGE,717
207,267,oblige,OBLIGE,717
207,13,oblige,OBLIGE,717
207,2,oblige,OBLIGE,717
207,323,oblige,OBLIGE,717
208,205,OBLIGATE,OBLIGATE,16
208,206,OBLIGATE,OBLIGATE,16
208,207,OBLIGATE,OBLIGATE,16
208,87,OBLIGATE,OBLIGATE,16
208,209,OBLIGATE,OBLIGATE,16
208,210,OBLIGATE,OBLIGATE,16
209,207,define,DEFINE,16
209,327,include,INCLUDE,297
209,52,include,INCLUDE,297
209,347,include,INCLUDE,297
210,13,DEVELOP,DEVELOP,317
210,4518,OBLIGATE,OBLIGATE,838
211,206,define,DEFINE,16
211,207,define,DEFINE,16
211,209,define,DEFINE,16
211,210,define,DEFINE,16
212,206,define,DEFINE,16
212,207,define,DEFINE,16
212,87,define,DEFINE,16
212,209,define,DEFINE,16
212,210,define,DEFINE,16
212,211,define,DEFINE,16
212,495,OBLIGATE,OBLIGATE,240
212,185,OBLIGATE,OBLIGATE,240
212,231,OBLIGATE,OBLIGATE,240
212,236,OBLIGATE,OBLIGATE,240
212,259,OBLIGATE,OBLIGATE,240
212,131,emphasize,EMPHASIZE,728
212,6,emphasize,EMPHASIZE,728
212,121,emphasize,EMPHASIZE,728
212,565,emphasize,EMPHASIZE,728
213,206,OBLIGATE,OBLIGATE,16
213,209,OBLIGATE,OBLIGATE,16
213,210,OBLIGATE,OBLIGATE,16
213,2583,DEVELOP,DEVELOP,727
213,3458,DEVELOP,DEVELOP,727
213,327,DEVELOP,DEVELOP,727
213,267,DEVELOP,DEVELOP,727
214,205,OBLIGATE,OBLIGATE,16
214,206,OBLIGATE,OBLIGATE,16
214,209,OBLIGATE,OBLIGATE,16
214,210,OBLIGATE,OBLIGATE,16
214,213,OBLIGATE,OBLIGATE,16
215,216,amend,AMEND,17
215,217,amend,AMEND,17
215,3,define,DEFINE,17
215,80,OBLIGATE,OBLIGATE,17
215,76,OBLIGATE,OBLIGATE,17
215,79,OBLIGATE,OBLIGATE,17
215,218,OBLIGATE,OBLIGATE,17
215,219,OBLIGATE,OBLIGATE,17
215,109,REGULATE,REGULATE,17
215,221,provide,PROVIDE,17
215,91,provide,PROVIDE,17
216,3,amend,AMEND,17
216,3342,OBLIGATE,OBLIGATE,545
216,63,OBLIGATE,OBLIGATE,545
216,146,OBLIGATE,OBLIGATE,545
216,4051,access,ACCESS,711
216,415,access,ACCESS,711
217,216,amend,AMEND,17
217,3,amend,AMEND,17
219,218,OBLIGATE,OBLIGATE,17
220,471,OBLIGATE,OBLIGATE,598
220,3,handle,HANDLE,760
221,91,provide,PROVIDE,17
222,224,REGULATE,REGULATE,18
222,109,REGULATE,REGULATE,18
222,96,REGULATE,REGULATE,18
223,2291,USE,USE,406
223,634,specify,SPECIFY,874
223,181,provide,PROVIDE,406
223,164,provide,PROVIDE,406
223,8,amend,AMEND,464
223,76,specify,SPECIFY,874
223,3458,OBLIGATE,OBLIGATE,727
223,225,urge,URGE,836
223,1976,OBLIGATE,OBLIGATE,777
223,271,DEVELOP,DEVELOP,793
223,236,DEVELOP,DEVELOP,793
223,131,specify,SPECIFY,874
223,136,urge,URGE,836
223,198,urge,URGE,836
223,314,specify,SPECIFY,874
223,53,specify,SPECIFY,874
225,372,OBLIGATE,OBLIGATE,42
225,18,OBLIGATE,OBLIGATE,777
225,201,OBLIGATE,OBLIGATE,42
225,111,exclude,EXCLUDE,918
225,1211,urge,URGE,137
225,185,personalize,PERSONALIZE,693
225,157,OBLIGATE,OBLIGATE,450
225,267,OBLIGATE,OBLIGATE,263
225,821,OBLIGATE,OBLIGATE,417
225,639,OBLIGATE,OBLIGATE,499
225,257,release,RELEASE,530
225,194,release,RELEASE,530
225,2747,OBLIGATE,OBLIGATE,586
225,1336,OBLIGATE,OBLIGATE,586
225,2748,OBLIGATE,OBLIGATE,586
225,13,OBLIGATE,OBLIGATE,777
225,136,manage,MANAGE,836
225,192,segment,SEGMENT,836
225,198,urge,URGE,836
225,236,REPORT,REPORT,859
225,379,REPORT,REPORT,859
225,450,REPORT,REPORT,859
225,2250,REPORT,REPORT,859
225,859,REPORT,REPORT,859
225,107,exclude,EXCLUDE,918
225,160,AUTHORIZE,AUTHORIZE,927
228,230,OBLIGATE,OBLIGATE,19
228,59,define,DEFINE,19
228,231,release,RELEASE,19
228,232,release,RELEASE,19
228,233,OBLIGATE,OBLIGATE,19
228,235,AUTHORIZE,AUTHORIZE,19
228,194,OBLIGATE,OBLIGATE,19
228,234,OBLIGATE,OBLIGATE,19
228,170,OBLIGATE,OBLIGATE,19
228,237,AUTHORIZE,AUTHORIZE,19
228,238,AUTHORIZE,AUTHORIZE,19
228,239,AUTHORIZE,AUTHORIZE,19
228,240,AUTHORIZE,AUTHORIZE,19
229,328,REGULATE,REGULATE,861
229,13,REGULATE,REGULATE,861
230,229,define,DEFINE,19
230,59,define,DEFINE,19
230,233,OBLIGATE,OBLIGATE,19
230,194,OBLIGATE,OBLIGATE,19
230,234,OBLIGATE,OBLIGATE,19
230,170,OBLIGATE,OBLIGATE,19
231,235,face,FACE,858
231,790,SUPPORT,SUPPORT,82
231,646,SUPPORT,SUPPORT,82
231,107,OBLIGATE,OBLIGATE,526
231,821,OBLIGATE,OBLIGATE,205
231,335,DEVELOP,DEVELOP,945
231,181,REPORT,REPORT,205
231,185,OBLIGATE,OBLIGATE,491
231,859,REPORT,REPORT,205
231,634,OBLIGATE,OBLIGATE,207
231,512,AUTHORIZE,AUTHORIZE,214
231,109,REGULATE,REGULATE,642
231,1198,OBLIGATE,OBLIGATE,516
231,319,OBLIGATE,OBLIGATE,516
231,273,OBLIGATE,OBLIGATE,516
231,3257,OBLIGATE,OBLIGATE,526
231,199,REPORT,REPORT,642
231,2074,REGULATE,REGULATE,642
231,148,RESTRICT,RESTRICT,712
231,422,meet,MEET,712
231,498,OBLIGATE,OBLIGATE,827
231,323,OBLIGATE,OBLIGATE,827
231,80,face,FACE,858
232,231,release,RELEASE,19
232,233,release,RELEASE,19
232,131,release,RELEASE,19
232,235,release,RELEASE,19
233,231,OBLIGATE,OBLIGATE,516
233,467,OBLIGATE,OBLIGATE,210
233,314,secure,SECURE,208
233,121,OBLIGATE,OBLIGATE,211
233,1356,OBLIGATE,OBLIGATE,245
233,828,OBLIGATE,OBLIGATE,245
233,21,call,CALL,630
233,193,OBLIGATE,OBLIGATE,405
233,2844,OBLIGATE,OBLIGATE,447
233,166,OBLIGATE,OBLIGATE,447
233,37,OBLIGATE,OBLIGATE,497
233,18,OBLIGATE,OBLIGATE,516
233,268,OBLIGATE,OBLIGATE,516
233,1198,OBLIGATE,OBLIGATE,516
233,320,OBLIGATE,OBLIGATE,765
233,495,call,CALL,630
233,181,OBLIGATE,OBLIGATE,748
233,2869,OBLIGATE,OBLIGATE,765
233,1072,OBLIGATE,OBLIGATE,765
233,63,OBLIGATE,OBLIGATE,765
233,585,OBLIGATE,OBLIGATE,806
233,2097,OBLIGATE,OBLIGATE,806
233,103,SUPPORT,SUPPORT,847
233,33,OBLIGATE,OBLIGATE,886
234,233,OBLIGATE,OBLIGATE,19
234,194,OBLIGATE,OBLIGATE,19
234,131,detail,DETAIL,823
234,170,OBLIGATE,OBLIGATE,868
234,144,AUTHORIZE,AUTHORIZE,731
234,278,AUTHORIZE,AUTHORIZE,731
234,935,OBLIGATE,OBLIGATE,99
234,876,OBLIGATE,OBLIGATE,328
234,257,OBLIGATE,OBLIGATE,328
234,283,OBLIGATE,OBLIGATE,328
234,5,OBLIGATE,OBLIGATE,328
234,916,OBLIGATE,OBLIGATE,328
234,1304,OBLIGATE,OBLIGATE,328
234,6,OBLIGATE,OBLIGATE,328
234,67,OBLIGATE,OBLIGATE,328
234,207,OBLIGATE,OBLIGATE,328
234,1500,OBLIGATE,OBLIGATE,328
234,467,OBLIGATE,OBLIGATE,328
234,914,OBLIGATE,OBLIGATE,328
234,2307,OBLIGATE,OBLIGATE,328
234,535,OBLIGATE,OBLIGATE,431
234,1106,OBLIGATE,OBLIGATE,431
234,276,include,INCLUDE,668
234,272,include,INCLUDE,668
234,298,include,INCLUDE,668
234,2909,include,INCLUDE,668
234,133,OBLIGATE,OBLIGATE,673
234,396,SUPPORT,SUPPORT,697
234,206,OBLIGATE,OBLIGATE,815
234,201,detail,DETAIL,823
234,1559,IMPLEMENT,IMPLEMENT,831
234,90,detail,DETAIL,823
234,4556,IMPLEMENT,IMPLEMENT,831
234,68,OBLIGATE,OBLIGATE,868
234,318,OBLIGATE,OBLIGATE,885
235,229,release,RELEASE,19
235,236,demonstrate,DEMONSTRATE,831
235,237,AUTHORIZE,AUTHORIZE,19
235,77,DEVELOP,DEVELOP,29
235,702,DEVELOP,DEVELOP,75
235,467,urge,URGE,947
235,148,hold,HOLD,824
235,821,OBLIGATE,OBLIGATE,156
235,18,recognize,RECOGNIZE,945
235,915,DEVELOP,DEVELOP,97
235,646,OBLIGATE,OBLIGATE,143
235,8,USE,USE,767
235,121,DEVELOP,DEVELOP,860
235,634,DEVELOP,DEVELOP,900
235,128,include,INCLUDE,281
235,157,RESTRICT,RESTRICT,752
235,1335,propose,PROPOSE,155
235,1105,DEVELOP,DEVELOP,860
235,259,OBLIGATE,OBLIGATE,164
235,1107,introduce,INTRODUCE,168
235,639,OBLIGATE,OBLIGATE,886
235,319,OBLIGATE,OBLIGATE,553
235,320,emphasize,EMPHASIZE,860
235,201,urge,URGE,185
235,181,commit,COMMIT,801
235,185,inform,INFORM,904
235,199,OBLIGATE,OBLIGATE,232
235,80,face,FACE,858
235,930,demonstrate,DEMONSTRATE,831
235,957,include,INCLUDE,281
235,314,OBLIGATE,OBLIGATE,629
235,3195,OBLIGATE,OBLIGATE,514
235,466,USE,USE,518
235,85,RESTRICT,RESTRICT,752
235,62,AUTHORIZE,AUTHORIZE,663
235,186,AUTHORIZE,AUTHORIZE,663
235,496,RESTRICT,RESTRICT,752
235,177,USE,USE,767
235,555,deem,DEEM,801
235,454,deem,DEEM,801
235,1332,OBLIGATE,OBLIGATE,818
235,549,OBLIGATE,OBLIGATE,818
235,337,align,ALIGN,823
235,1532,align,ALIGN,823
235,4553,demonstrate,DEMONSTRATE,831
235,33,violate,VIOLATE,929
235,1709,urge,URGE,832
235,76,cause,CAUSE,875
235,53,DEVELOP,DEVELOP,900
235,96,inform,INFORM,904
235,1678,recognize,RECOGNIZE,945
236,314,DEVELOP,DEVELOP,487
236,849,OBLIGATE,OBLIGATE,90
236,198,OBLIGATE,OBLIGATE,90
236,121,REPORT,REPORT,862
236,639,recommend,RECOMMEND,174
236,1026,call,CALL,869
236,186,AUTHORIZE,AUTHORIZE,122
236,549,emphasize,EMPHASIZE,141
236,259,REPORT,REPORT,862
236,1529,REPORT,REPORT,182
236,1532,REPORT,REPORT,182
236,353,REPORT,REPORT,182
236,1336,propose,PROPOSE,224
236,930,demonstrate,DEMONSTRATE,831
236,2128,OBLIGATE,OBLIGATE,288
236,279,DEVELOP,DEVELOP,868
236,1633,RESTRICT,RESTRICT,512
236,327,REGULATE,REGULATE,733
236,1403,AUTHORIZE,AUTHORIZE,512
236,1976,include,INCLUDE,521
236,18,IMPLEMENT,IMPLEMENT,803
236,4553,demonstrate,DEMONSTRATE,831
236,2250,REPORT,REPORT,859
237,641,OBLIGATE,OBLIGATE,68
237,199,AUTHORIZE,AUTHORIZE,317
238,235,AUTHORIZE,AUTHORIZE,19
238,237,AUTHORIZE,AUTHORIZE,19
238,240,AUTHORIZE,AUTHORIZE,19
238,1352,COORDINATE,COORDINATE,658
238,1758,COORDINATE,COORDINATE,658
238,335,COORDINATE,COORDINATE,658
238,40,DEVELOP,DEVELOP,658
239,235,AUTHORIZE,AUTHORIZE,19
239,236,AUTHORIZE,AUTHORIZE,19
239,237,AUTHORIZE,AUTHORIZE,19
239,238,AUTHORIZE,AUTHORIZE,19
239,240,AUTHORIZE,AUTHORIZE,19
240,235,AUTHORIZE,AUTHORIZE,19
240,237,AUTHORIZE,AUTHORIZE,19
240,257,OBLIGATE,OBLIGATE,328
240,5,OBLIGATE,OBLIGATE,328
240,1832,SUPPORT,SUPPORT,557
241,242,amend,AMEND,20
241,19,define,DEFINE,20
241,244,USE,USE,20
241,245,define,DEFINE,20
243,241,amend,AMEND,20
243,242,amend,AMEND,20
244,350,OBLIGATE,OBLIGATE,295
244,299,OBLIGATE,OBLIGATE,295
244,2742,broaden,BROADEN,419
244,1260,broaden,BROADEN,419
244,688,work,WORK,613
245,244,USE,USE,20
246,247,license,LICENSE,21
246,202,define,DEFINE,21
246,248,AUTHORIZE,AUTHORIZE,21
246,3,OBLIGATE,OBLIGATE,21
246,250,OBLIGATE,OBLIGATE,21
246,251,AUTHORIZE,AUTHORIZE,21
246,252,AUTHORIZE,AUTHORIZE,21
247,276,USE,USE,402
247,3555,OBLIGATE,OBLIGATE,591
247,54,RESTRICT,RESTRICT,782
247,131,REPORT,REPORT,828
248,202,OBLIGATE,OBLIGATE,21
248,613,include,INCLUDE,443
248,107,constitute,CONSTITUTE,252
248,192,SUPPORT,SUPPORT,157
248,1356,SUPPORT,SUPPORT,157
248,1967,constitute,CONSTITUTE,252
248,160,COORDINATE,COORDINATE,911
248,181,OBLIGATE,OBLIGATE,418
248,337,OBLIGATE,OBLIGATE,418
248,185,OBLIGATE,OBLIGATE,418
248,2,amend,AMEND,443
248,867,include,INCLUDE,443
248,422,include,INCLUDE,582
248,2859,include,INCLUDE,443
248,40,OBLIGATE,OBLIGATE,686
248,103,aim,AIM,443
248,1976,OBLIGATE,OBLIGATE,571
248,18,DEVELOP,DEVELOP,571
248,225,DEVELOP,DEVELOP,571
248,2032,include,INCLUDE,582
248,335,include,INCLUDE,582
248,52,consider,CONSIDER,683
248,327,OBLIGATE,OBLIGATE,686
248,2787,OBLIGATE,OBLIGATE,686
248,1503,OBLIGATE,OBLIGATE,686
248,322,OBLIGATE,OBLIGATE,686
248,195,make,MAKE,745
248,96,DEVELOP,DEVELOP,920
248,148,IMPLEMENT,IMPLEMENT,887
248,4806,IMPLEMENT,IMPLEMENT,887
248,4846,add,ADD,897
248,1390,enact,ENACT,898
248,886,COORDINATE,COORDINATE,911
248,2879,COORDINATE,COORDINATE,911
248,892,DEVELOP,DEVELOP,920
248,102,alter,ALTER,923
249,202,OBLIGATE,OBLIGATE,21
249,80,define,DEFINE,252
249,1262,RESTRICT,RESTRICT,890
249,225,exclude,EXCLUDE,890
249,102,AUTHORIZE,AUTHORIZE,906
250,248,OBLIGATE,OBLIGATE,887
250,249,OBLIGATE,OBLIGATE,21
250,886,constitute,CONSTITUTE,119
250,507,constitute,CONSTITUTE,119
250,21,constitute,CONSTITUTE,119
250,4451,OBLIGATE,OBLIGATE,887
250,90,OBLIGATE,OBLIGATE,887
251,247,AUTHORIZE,AUTHORIZE,21
251,248,AUTHORIZE,AUTHORIZE,21
251,252,AUTHORIZE,AUTHORIZE,21
252,248,AUTHORIZE,AUTHORIZE,21
252,249,exclude,EXCLUDE,890
252,813,OBLIGATE,OBLIGATE,252
252,59,OBLIGATE,OBLIGATE,712
252,1969,OBLIGATE,OBLIGATE,252
252,63,OBLIGATE,OBLIGATE,252
252,220,OBLIGATE,OBLIGATE,712
252,106,exclude,EXCLUDE,890
252,225,AUTHORIZE,AUTHORIZE,927
252,101,AUTHORIZE,AUTHORIZE,927
252,160,AUTHORIZE,AUTHORIZE,927
253,254,amend,AMEND,22
253,255,OBLIGATE,OBLIGATE,22
253,225,amend,AMEND,22
253,261,OBLIGATE,OBLIGATE,22
253,256,OBLIGATE,OBLIGATE,22
253,258,OBLIGATE,OBLIGATE,22
253,259,OBLIGATE,OBLIGATE,22
253,262,OBLIGATE,OBLIGATE,22
253,13,OBLIGATE,OBLIGATE,22
253,263,OBLIGATE,OBLIGATE,22
253,41,OBLIGATE,OBLIGATE,22
254,255,amend,AMEND,22
254,225,amend,AMEND,22
255,225,amend,AMEND,22
255,259,DEVELOP,DEVELOP,327
255,295,OBLIGATE,OBLIGATE,744
255,314,form,FORM,27
255,315,form,FORM,27
255,2,specify,SPECIFY,569
255,13,include,INCLUDE,563
255,292,consider,CONSIDER,674
255,542,OBLIGATE,OBLIGATE,53
255,621,SUPPORT,SUPPORT,66
255,622,SUPPORT,SUPPORT,66
255,384,SUPPORT,SUPPORT,66
255,198,SUPPORT,SUPPORT,66
255,624,OBLIGATE,OBLIGATE,66
255,625,OBLIGATE,OBLIGATE,66
255,279,include,INCLUDE,563
255,802,OBLIGATE,OBLIGATE,563
255,590,OBLIGATE,OBLIGATE,587
255,1941,OBLIGATE,OBLIGATE,587
255,162,OBLIGATE,OBLIGATE,615
255,2291,DEVELOP,DEVELOP,327
255,2302,DEVELOP,DEVELOP,327
255,62,OBLIGATE,OBLIGATE,343
255,1164,OBLIGATE,OBLIGATE,343
255,2368,OBLIGATE,OBLIGATE,343
255,63,OBLIGATE,OBLIGATE,628
255,580,detail,DETAIL,383
255,327,AUTHORIZE,AUTHORIZE,384
255,2549,detail,DETAIL,383
255,2550,detail,DETAIL,383
255,177,OBLIGATE,OBLIGATE,571
255,2552,detail,DETAIL,383
255,210,OBLIGATE,OBLIGATE,571
255,3405,OBLIGATE,OBLIGATE,563
255,1830,OBLIGATE,OBLIGATE,564
255,3410,OBLIGATE,OBLIGATE,564
255,2032,provide,PROVIDE,565
255,1958,provide,PROVIDE,565
255,248,OBLIGATE,OBLIGATE,571
255,103,OBLIGATE,OBLIGATE,587
255,2236,OBLIGATE,OBLIGATE,587
255,3532,OBLIGATE,OBLIGATE,588
255,926,OBLIGATE,OBLIGATE,615
255,323,OBLIGATE,OBLIGATE,615
255,485,OBLIGATE,OBLIGATE,627
255,3715,OBLIGATE,OBLIGATE,627
255,83,OBLIGATE,OBLIGATE,627
255,1901,OBLIGATE,OBLIGATE,628
255,807,OBLIGATE,OBLIGATE,661
255,3898,consider,CONSIDER,674
255,200,consider,CONSIDER,674
255,3674,OBLIGATE,OBLIGATE,680
255,3675,OBLIGATE,OBLIGATE,680
255,1032,OBLIGATE,OBLIGATE,696
255,777,OBLIGATE,OBLIGATE,744
255,1832,OBLIGATE,OBLIGATE,744
255,379,OBLIGATE,OBLIGATE,744
255,3380,OBLIGATE,OBLIGATE,744
255,4228,OBLIGATE,OBLIGATE,754
256,255,OBLIGATE,OBLIGATE,22
256,688,define,DEFINE,73
256,41,define,DEFINE,73
256,292,define,DEFINE,73
256,689,define,DEFINE,73
256,690,define,DEFINE,73
256,178,OBLIGATE,OBLIGATE,331
256,2232,OBLIGATE,OBLIGATE,331
256,957,OBLIGATE,OBLIGATE,331
256,535,OBLIGATE,OBLIGATE,331
256,318,OBLIGATE,OBLIGATE,331
256,2321,OBLIGATE,OBLIGATE,331
256,1238,OBLIGATE,OBLIGATE,331
256,2181,OBLIGATE,OBLIGATE,331
258,255,OBLIGATE,OBLIGATE,22
258,256,OBLIGATE,OBLIGATE,22
258,259,OBLIGATE,OBLIGATE,22
258,262,OBLIGATE,OBLIGATE,22
259,335,OBLIGATE,OBLIGATE,565
259,279,REPORT,REPORT,862
259,1504,AUTHORIZE,AUTHORIZE,177
259,575,amend,AMEND,178
259,13,SUPPORT,SUPPORT,216
259,1018,assert,ASSERT,240
260,687,incorporate,INCORPORATE,790
260,340,incorporate,INCORPORATE,790
260,688,OBLIGATE,OBLIGATE,73
260,52,REGULATE,REGULATE,362
260,2199,REGULATE,REGULATE,362
260,34,amend,AMEND,790
260,1046,incorporate,INCORPORATE,790
262,658,OBLIGATE,OBLIGATE,69
262,128,OBLIGATE,OBLIGATE,71
262,675,OBLIGATE,OBLIGATE,71
262,260,incorporate,INCORPORATE,790
262,687,incorporate,INCORPORATE,790
262,340,incorporate,INCORPORATE,790
262,41,define,DEFINE,73
262,689,define,DEFINE,73
262,690,define,DEFINE,73
262,6,OBLIGATE,OBLIGATE,367
262,235,DEVELOP,DEVELOP,191
262,1609,AUTHORIZE,AUTHORIZE,194
262,257,automate,AUTOMATE,338
262,1495,OBLIGATE,OBLIGATE,264
262,18,REGULATE,REGULATE,431
262,1544,OBLIGATE,OBLIGATE,286
262,2114,OBLIGATE,OBLIGATE,286
262,519,OBLIGATE,OBLIGATE,286
262,999,OBLIGATE,OBLIGATE,286
262,177,OBLIGATE,OBLIGATE,289
262,2146,OBLIGATE,OBLIGATE,291
262,2148,offer,OFFER,292
262,392,highlight,HIGHLIGHT,304
262,2285,benefit,BENEFIT,320
262,1423,OBLIGATE,OBLIGATE,330
262,1880,automate,AUTOMATE,338
262,1764,automate,AUTOMATE,338
262,311,automate,AUTOMATE,338
262,2397,OBLIGATE,OBLIGATE,367
262,2475,OBLIGATE,OBLIGATE,371
262,268,REGULATE,REGULATE,431
262,2868,DEVELOP,DEVELOP,448
262,223,DEVELOP,DEVELOP,448
262,192,OBLIGATE,OBLIGATE,718
262,3119,OBLIGATE,OBLIGATE,718
262,403,DEVELOP,DEVELOP,790
262,1046,incorporate,INCORPORATE,790
263,41,OBLIGATE,OBLIGATE,22
263,265,OBLIGATE,OBLIGATE,194
263,267,OBLIGATE,OBLIGATE,321
263,622,OBLIGATE,OBLIGATE,370
263,682,include,INCLUDE,72
263,617,include,INCLUDE,72
263,683,include,INCLUDE,72
263,40,OBLIGATE,OBLIGATE,74
263,1543,OBLIGATE,OBLIGATE,192
263,131,OBLIGATE,OBLIGATE,194
263,1416,OBLIGATE,OBLIGATE,194
263,487,OBLIGATE,OBLIGATE,198
263,2145,REPORT,REPORT,303
263,132,cover,COVER,291
263,1842,REPORT,REPORT,303
263,2196,REPORT,REPORT,303
263,318,REPORT,REPORT,303
263,1140,OBLIGATE,OBLIGATE,328
263,2264,REPORT,REPORT,316
263,323,REPORT,REPORT,316
263,62,REPORT,REPORT,316
263,168,OBLIGATE,OBLIGATE,326
263,2278,OBLIGATE,OBLIGATE,318
263,2308,OBLIGATE,OBLIGATE,328
263,2309,OBLIGATE,OBLIGATE,328
263,1689,OBLIGATE,OBLIGATE,328
263,2310,OBLIGATE,OBLIGATE,328
263,177,OBLIGATE,OBLIGATE,328
263,548,OBLIGATE,OBLIGATE,362
263,2465,OBLIGATE,OBLIGATE,367
263,2475,OBLIGATE,OBLIGATE,371
263,3121,OBLIGATE,OBLIGATE,494
264,265,OBLIGATE,OBLIGATE,23
264,263,OBLIGATE,OBLIGATE,23
264,266,AUTHORIZE,AUTHORIZE,23
264,267,cover,COVER,23
264,268,AUTHORIZE,AUTHORIZE,23
264,269,AUTHORIZE,AUTHORIZE,23
265,267,OBLIGATE,OBLIGATE,461
265,268,OBLIGATE,OBLIGATE,461
265,382,AUTHORIZE,AUTHORIZE,34
265,384,AUTHORIZE,AUTHORIZE,34
265,109,AUTHORIZE,AUTHORIZE,34
265,312,AUTHORIZE,AUTHORIZE,34
265,63,OBLIGATE,OBLIGATE,782
265,128,AUTHORIZE,AUTHORIZE,34
265,76,AUTHORIZE,AUTHORIZE,34
265,981,OBLIGATE,OBLIGATE,107
265,983,OBLIGATE,OBLIGATE,107
265,1148,REPORT,REPORT,127
265,323,REPORT,REPORT,127
265,58,REPORT,REPORT,127
265,878,OBLIGATE,OBLIGATE,139
265,401,OBLIGATE,OBLIGATE,184
265,639,OBLIGATE,OBLIGATE,184
265,1209,OBLIGATE,OBLIGATE,184
265,33,OBLIGATE,OBLIGATE,184
265,131,OBLIGATE,OBLIGATE,194
265,2736,OBLIGATE,OBLIGATE,418
265,1032,oblige,OBLIGE,431
265,833,oblige,OBLIGE,431
265,288,REPORT,REPORT,436
265,178,OBLIGATE,OBLIGATE,461
265,3608,OBLIGATE,OBLIGATE,604
265,379,OBLIGATE,OBLIGATE,604
265,468,OBLIGATE,OBLIGATE,604
265,40,OBLIGATE,OBLIGATE,678
266,468,reaffirm,REAFFIRM,151
266,1307,reaffirm,REAFFIRM,151
267,545,OBLIGATE,OBLIGATE,591
267,372,OBLIGATE,OBLIGATE,104
267,194,DEVELOP,DEVELOP,278
267,1941,OBLIGATE,OBLIGATE,289
267,622,OBLIGATE,OBLIGATE,294
267,687,offer,OFFER,292
267,327,DEVELOP,DEVELOP,727
267,259,provide,PROVIDE,325
267,121,OBLIGATE,OBLIGATE,377
267,77,OBLIGATE,OBLIGATE,379
267,185,OBLIGATE,OBLIGATE,396
267,1863,REGULATE,REGULATE,412
267,337,OBLIGATE,OBLIGATE,551
267,62,OBLIGATE,OBLIGATE,561
267,3555,OBLIGATE,OBLIGATE,591
267,2747,OBLIGATE,OBLIGATE,597
267,2748,OBLIGATE,OBLIGATE,597
267,1336,OBLIGATE,OBLIGATE,597
267,983,OBLIGATE,OBLIGATE,695
267,644,oblige,OBLIGE,717
267,33,OBLIGATE,OBLIGATE,717
267,2,oblige,OBLIGE,717
267,3458,DEVELOP,DEVELOP,727
267,273,exchange,EXCHANGE,788
268,13,DEVELOP,DEVELOP,812
268,279,DEVELOP,DEVELOP,24
268,96,set,SET,26
268,121,include,INCLUDE,35
268,813,EVALUATE,EVALUATE,86
268,350,OBLIGATE,OBLIGATE,420
268,314,OBLIGATE,OBLIGATE,453
268,220,OBLIGATE,OBLIGATE,520
268,995,OBLIGATE,OBLIGATE,549
268,585,OBLIGATE,OBLIGATE,567
268,1092,OBLIGATE,OBLIGATE,567
268,474,EVALUATE,EVALUATE,609
268,3555,EVALUATE,EVALUATE,609
268,3836,RESTRICT,RESTRICT,656
268,322,OBLIGATE,OBLIGATE,659
268,1230,OBLIGATE,OBLIGATE,659
268,2,have,HAVE,738
268,415,have,HAVE,738
268,164,IMPLEMENT,IMPLEMENT,944
269,268,AUTHORIZE,AUTHORIZE,23
271,273,OBLIGATE,OBLIGATE,688
271,3424,DEVELOP,DEVELOP,645
271,62,OBLIGATE,OBLIGATE,688
271,236,DEVELOP,DEVELOP,793
271,63,urge,URGE,827
272,271,OBLIGATE,OBLIGATE,24
272,273,OBLIGATE,OBLIGATE,24
272,274,OBLIGATE,OBLIGATE,24
272,279,OBLIGATE,OBLIGATE,24
272,399,AUTHORIZE,AUTHORIZE,440
272,276,include,INCLUDE,668
272,298,include,INCLUDE,668
272,2909,include,INCLUDE,668
273,3,DEVELOP,DEVELOP,934
273,8,IMPLEMENT,IMPLEMENT,151
273,164,RESTRICT,RESTRICT,168
273,201,emphasize,EMPHASIZE,468
273,319,OBLIGATE,OBLIGATE,516
273,18,provide,PROVIDE,529
273,3491,OBLIGATE,OBLIGATE,580
273,1336,OBLIGATE,OBLIGATE,580
273,185,reclassify,RECLASSIFY,583
273,337,state,STATE,940
274,235,USE,USE,212
274,1618,USE,USE,212
274,860,seek,SEEK,238
274,432,retrofit,RETROFIT,347
274,452,retrofit,RETROFIT,347
274,3010,RESTRICT,RESTRICT,471
274,1976,specify,SPECIFY,661
275,271,OBLIGATE,OBLIGATE,24
275,272,OBLIGATE,OBLIGATE,24
275,273,OBLIGATE,OBLIGATE,24
275,274,OBLIGATE,OBLIGATE,24
275,76,IMPLEMENT,IMPLEMENT,425
275,3862,amend,AMEND,663
275,285,USE,USE,688
275,3937,USE,USE,688
276,1856,REGULATE,REGULATE,236
276,353,OBLIGATE,OBLIGATE,860
277,276,OBLIGATE,OBLIGATE,24
277,76,OBLIGATE,OBLIGATE,24
277,278,COORDINATE,COORDINATE,421
277,279,COORDINATE,COORDINATE,421
277,40,COORDINATE,COORDINATE,421
277,280,COORDINATE,COORDINATE,421
277,267,RESTRICT,RESTRICT,254
277,978,RESTRICT,RESTRICT,254
278,76,pose,POSE,773
278,144,AUTHORIZE,AUTHORIZE,731
278,131,AUTHORIZE,AUTHORIZE,731
278,467,meet,MEET,43
278,320,meet,MEET,43
278,199,meet,MEET,43
278,103,meet,MEET,43
278,468,meet,MEET,43
278,701,pose,POSE,886
278,363,deem,DEEM,153
278,177,REGULATE,REGULATE,153
278,379,define,DEFINE,176
278,2,SUPPORT,SUPPORT,176
278,1495,SUPPORT,SUPPORT,176
278,267,exchange,EXCHANGE,788
278,487,OBLIGATE,OBLIGATE,198
278,280,AUTHORIZE,AUTHORIZE,663
278,850,DEVELOP,DEVELOP,700
278,247,DEVELOP,DEVELOP,700
278,1137,OBLIGATE,OBLIGATE,237
278,146,OBLIGATE,OBLIGATE,237
278,978,RESTRICT,RESTRICT,254
278,2176,USE,USE,299
278,386,include,INCLUDE,708
278,181,USE,USE,299
278,957,USE,USE,299
278,993,USE,USE,299
278,260,REGULATE,REGULATE,362
278,80,OBLIGATE,OBLIGATE,431
278,148,harm,HARM,491
278,3102,harm,HARM,491
278,3862,AUTHORIZE,AUTHORIZE,663
278,194,OBLIGATE,OBLIGATE,690
278,3956,OBLIGATE,OBLIGATE,690
278,5,OBLIGATE,OBLIGATE,690
278,360,OBLIGATE,OBLIGATE,690
278,1032,DEVELOP,DEVELOP,700
278,333,include,INCLUDE,708
278,1825,DEVELOP,DEVELOP,709
278,614,DEVELOP,DEVELOP,720
278,4082,DEVELOP,DEVELOP,720
278,2787,OBLIGATE,OBLIGATE,788
278,273,exchange,EXCHANGE,788
278,1787,OBLIGATE,OBLIGATE,788
278,395,identify,IDENTIFY,886
278,1364,identify,IDENTIFY,886
278,1764,pose,POSE,886
278,914,pose,POSE,886
279,1634,designate,DESIGNATE,687
279,312,aim,AIM,854
280,276,AUTHORIZE,AUTHORIZE,663
280,279,COORDINATE,COORDINATE,421
280,688,OBLIGATE,OBLIGATE,115
280,1053,cover,COVER,115
280,267,AUTHORIZE,AUTHORIZE,561
280,3397,AUTHORIZE,AUTHORIZE,561
280,62,AUTHORIZE,AUTHORIZE,774
280,3862,AUTHORIZE,AUTHORIZE,663
280,235,AUTHORIZE,AUTHORIZE,663
280,186,AUTHORIZE,AUTHORIZE,663
280,80,define,DEFINE,774
281,279,OBLIGATE,OBLIGATE,24
281,280,OBLIGATE,OBLIGATE,24
282,279,REPORT,REPORT,24
283,279,DEVELOP,DEVELOP,868
283,268,DEVELOP,DEVELOP,24
283,319,DEVELOP,DEVELOP,33
283,379,OBLIGATE,OBLIGATE,33
283,1046,commit,COMMIT,260
283,177,oblige,OBLIGE,820
283,1662,DEVELOP,DEVELOP,203
283,257,OBLIGATE,OBLIGATE,328
283,5,OBLIGATE,OBLIGATE,328
283,876,OBLIGATE,OBLIGATE,328
283,121,DEVELOP,DEVELOP,859
283,236,DEVELOP,DEVELOP,868
283,1384,include,INCLUDE,521
283,247,include,INCLUDE,521
283,1976,include,INCLUDE,521
283,327,oblige,OBLIGE,820
283,337,OBLIGATE,OBLIGATE,833
283,4284,OBLIGATE,OBLIGATE,833
283,4904,welcome,WELCOME,910
284,279,DEVELOP,DEVELOP,24
284,283,DEVELOP,DEVELOP,24
284,268,DEVELOP,DEVELOP,24
284,285,DEVELOP,DEVELOP,24
284,224,OBLIGATE,OBLIGATE,664
285,283,DEVELOP,DEVELOP,24
285,268,DEVELOP,DEVELOP,24
285,62,OBLIGATE,OBLIGATE,688
285,271,OBLIGATE,OBLIGATE,688
285,273,OBLIGATE,OBLIGATE,688
285,3,focus,FOCUS,688
285,451,focus,FOCUS,688
286,279,DEVELOP,DEVELOP,24
286,283,DEVELOP,DEVELOP,24
286,268,DEVELOP,DEVELOP,24
286,284,DEVELOP,DEVELOP,24
286,285,DEVELOP,DEVELOP,24
286,278,OBLIGATE,OBLIGATE,237
286,1122,RESTRICT,RESTRICT,157
286,50,RESTRICT,RESTRICT,157
286,121,uphold,UPHOLD,168
286,202,uphold,UPHOLD,168
286,185,recommend,RECOMMEND,205
286,235,recommend,RECOMMEND,205
286,924,recommend,RECOMMEND,205
286,1137,collect,COLLECT,590
286,146,OBLIGATE,OBLIGATE,237
286,301,OBLIGATE,OBLIGATE,237
286,131,collect,COLLECT,590
287,1711,pose,POSE,212
287,280,pose,POSE,212
287,1713,pose,POSE,212
288,279,designate,DESIGNATE,24
288,477,OBLIGATE,OBLIGATE,51
288,267,hire,HIRE,356
288,146,REPORT,REPORT,182
288,81,REPORT,REPORT,182
288,62,OBLIGATE,OBLIGATE,218
288,63,OBLIGATE,OBLIGATE,218
288,639,identify,IDENTIFY,265
288,340,hire,HIRE,356
288,412,OBLIGATE,OBLIGATE,360
288,328,REPORT,REPORT,436
288,52,identify,IDENTIFY,680
288,4518,request,REQUEST,838
288,21,specify,SPECIFY,874
288,422,specify,SPECIFY,874
288,314,specify,SPECIFY,874
288,131,specify,SPECIFY,874
288,223,specify,SPECIFY,874
288,53,specify,SPECIFY,874
288,634,specify,SPECIFY,874
288,76,specify,SPECIFY,874
289,290,OBLIGATE,OBLIGATE,25
289,291,OBLIGATE,OBLIGATE,25
289,292,OBLIGATE,OBLIGATE,25
289,293,OBLIGATE,OBLIGATE,25
289,81,OBLIGATE,OBLIGATE,25
289,224,OBLIGATE,OBLIGATE,25
290,291,DEVELOP,DEVELOP,255
290,292,OBLIGATE,OBLIGATE,25
290,293,OBLIGATE,OBLIGATE,25
290,81,OBLIGATE,OBLIGATE,25
291,81,OBLIGATE,OBLIGATE,25
291,555,AUTHORIZE,AUTHORIZE,55
291,2737,OBLIGATE,OBLIGATE,510
291,314,OBLIGATE,OBLIGATE,510
291,3471,enhance,ENHANCE,577
291,644,DEVELOP,DEVELOP,577
291,236,enhance,ENHANCE,577
291,1332,enhance,ENHANCE,577
292,291,OBLIGATE,OBLIGATE,25
292,81,OBLIGATE,OBLIGATE,25
292,40,necessitate,NECESSITATE,697
292,3,strengthen,STRENGTHEN,877
292,178,identify,IDENTIFY,40
292,442,identify,IDENTIFY,40
292,350,IMPLEMENT,IMPLEMENT,846
292,524,OBLIGATE,OBLIGATE,51
292,262,define,DEFINE,73
292,41,define,DEFINE,73
292,689,define,DEFINE,73
292,690,define,DEFINE,73
292,731,OBLIGATE,OBLIGATE,77
292,401,OBLIGATE,OBLIGATE,77
292,140,OBLIGATE,OBLIGATE,77
292,70,OBLIGATE,OBLIGATE,77
292,1745,OBLIGATE,OBLIGATE,218
292,590,add,ADD,364
292,1125,OBLIGATE,OBLIGATE,267
292,2121,OBLIGATE,OBLIGATE,287
292,714,OBLIGATE,OBLIGATE,287
292,644,DEVELOP,DEVELOP,289
292,639,include,INCLUDE,298
292,85,include,INCLUDE,298
292,2173,include,INCLUDE,298
292,2174,include,INCLUDE,298
292,993,OBLIGATE,OBLIGATE,299
292,1941,OBLIGATE,OBLIGATE,299
292,2179,OBLIGATE,OBLIGATE,299
292,2181,OBLIGATE,OBLIGATE,299
292,2260,OBLIGATE,OBLIGATE,315
292,210,DEVELOP,DEVELOP,317
292,359,DEVELOP,DEVELOP,317
292,452,OBLIGATE,OBLIGATE,350
292,831,OBLIGATE,OBLIGATE,350
292,177,SUPPORT,SUPPORT,736
292,1880,OBLIGATE,OBLIGATE,350
292,2401,OBLIGATE,OBLIGATE,350
292,278,AUTHORIZE,AUTHORIZE,663
292,2630,OBLIGATE,OBLIGATE,397
292,318,OBLIGATE,OBLIGATE,397
292,327,AUTHORIZE,AUTHORIZE,542
292,363,prioritize,PRIORITIZE,426
292,2920,amend,AMEND,456
292,1209,amend,AMEND,456
292,1150,amend,AMEND,456
292,418,OBLIGATE,OBLIGATE,504
292,358,OBLIGATE,OBLIGATE,504
292,440,prioritize,PRIORITIZE,678
292,151,REGULATE,REGULATE,505
292,59,AUTHORIZE,AUTHORIZE,506
292,58,AUTHORIZE,AUTHORIZE,506
292,54,AUTHORIZE,AUTHORIZE,506
292,3333,AUTHORIZE,AUTHORIZE,542
292,3334,AUTHORIZE,AUTHORIZE,542
292,919,OBLIGATE,OBLIGATE,549
292,3362,include,INCLUDE,549
292,995,OBLIGATE,OBLIGATE,549
292,268,OBLIGATE,OBLIGATE,549
292,1000,include,INCLUDE,549
292,311,OBLIGATE,OBLIGATE,566
292,3705,prioritize,PRIORITIZE,678
292,439,prioritize,PRIORITIZE,678
292,3862,AUTHORIZE,AUTHORIZE,663
292,235,AUTHORIZE,AUTHORIZE,663
292,62,AUTHORIZE,AUTHORIZE,663
292,280,AUTHORIZE,AUTHORIZE,663
292,3898,consider,CONSIDER,674
292,200,consider,CONSIDER,674
292,2559,OBLIGATE,OBLIGATE,701
292,26,OBLIGATE,OBLIGATE,701
292,379,OBLIGATE,OBLIGATE,701
292,347,SUPPORT,SUPPORT,736
292,138,strengthen,STRENGTHEN,877
292,1689,strengthen,STRENGTHEN,877
293,291,OBLIGATE,OBLIGATE,25
293,292,OBLIGATE,OBLIGATE,25
293,81,OBLIGATE,OBLIGATE,25
293,40,pose,POSE,676
293,278,OBLIGATE,OBLIGATE,198
293,276,AUTHORIZE,AUTHORIZE,684
293,271,AUTHORIZE,AUTHORIZE,684
293,267,AUTHORIZE,AUTHORIZE,440
293,62,AUTHORIZE,AUTHORIZE,684
293,2909,pose,POSE,676
294,291,DEVELOP,DEVELOP,26
294,40,DEVELOP,DEVELOP,26
294,298,OBLIGATE,OBLIGATE,255
294,295,OBLIGATE,OBLIGATE,255
294,366,OBLIGATE,OBLIGATE,255
295,314,leverage,LEVERAGE,763
295,236,REGULATE,REGULATE,733
295,3,REGULATE,REGULATE,733
295,2,OBLIGATE,OBLIGATE,795
295,328,OBLIGATE,OBLIGATE,653
295,283,OBLIGATE,OBLIGATE,33
295,34,REGULATE,REGULATE,733
295,41,OBLIGATE,OBLIGATE,33
295,199,OBLIGATE,OBLIGATE,37
295,929,SUPPORT,SUPPORT,98
295,235,USE,USE,518
295,646,enhance,ENHANCE,99
295,1005,SUPPORT,SUPPORT,110
295,363,OBLIGATE,OBLIGATE,673
295,40,REGULATE,REGULATE,733
295,327,REGULATE,REGULATE,733
295,1313,AUTHORIZE,AUTHORIZE,152
295,925,OBLIGATE,OBLIGATE,170
295,926,OBLIGATE,OBLIGATE,170
295,514,OBLIGATE,OBLIGATE,170
295,335,AUTHORIZE,AUTHORIZE,656
295,1643,OBLIGATE,OBLIGATE,200
295,1832,OBLIGATE,OBLIGATE,744
295,1320,select,SELECT,625
295,109,SUPPORT,SUPPORT,428
295,37,DEVELOP,DEVELOP,674
295,1758,OBLIGATE,OBLIGATE,244
295,1764,designate,DESIGNATE,244
295,1910,designate,DESIGNATE,244
295,366,OBLIGATE,OBLIGATE,255
295,924,OBLIGATE,OBLIGATE,414
295,936,OBLIGATE,OBLIGATE,414
295,647,SUPPORT,SUPPORT,428
295,2788,SUPPORT,SUPPORT,428
295,59,SUPPORT,SUPPORT,428
295,353,AUTHORIZE,AUTHORIZE,428
295,2976,contain,CONTAIN,466
295,2980,contain,CONTAIN,466
295,415,contain,CONTAIN,466
295,2982,contain,CONTAIN,466
295,509,preserve,PRESERVE,498
295,319,AUTHORIZE,AUTHORIZE,544
295,466,USE,USE,518
295,6,USE,USE,518
295,3217,USE,USE,518
295,85,USE,USE,518
295,1941,OBLIGATE,OBLIGATE,706
295,1139,AUTHORIZE,AUTHORIZE,544
295,1958,AUTHORIZE,AUTHORIZE,544
295,3341,AUTHORIZE,AUTHORIZE,544
295,268,OBLIGATE,OBLIGATE,547
295,995,OBLIGATE,OBLIGATE,549
295,291,OBLIGATE,OBLIGATE,556
295,418,AUTHORIZE,AUTHORIZE,564
295,3471,OBLIGATE,OBLIGATE,577
295,303,OBLIGATE,OBLIGATE,577
295,297,OBLIGATE,OBLIGATE,577
295,3624,OBLIGATE,OBLIGATE,607
295,62,OBLIGATE,OBLIGATE,767
295,187,OBLIGATE,OBLIGATE,614
295,3333,OBLIGATE,OBLIGATE,795
295,3836,AUTHORIZE,AUTHORIZE,656
295,202,AUTHORIZE,AUTHORIZE,656
295,311,AUTHORIZE,AUTHORIZE,656
295,524,enhance,ENHANCE,661
295,1957,DEVELOP,DEVELOP,674
295,2630,OBLIGATE,OBLIGATE,690
295,644,OBLIGATE,OBLIGATE,717
295,550,OBLIGATE,OBLIGATE,717
295,33,OBLIGATE,OBLIGATE,717
295,957,OBLIGATE,OBLIGATE,731
295,140,REGULATE,REGULATE,733
295,318,leverage,LEVERAGE,763
295,3288,REGULATE,REGULATE,733
295,777,OBLIGATE,OBLIGATE,744
295,4259,DEVELOP,DEVELOP,762
295,858,leverage,LEVERAGE,763
295,63,OBLIGATE,OBLIGATE,767
295,3502,OBLIGATE,OBLIGATE,795
296,291,OBLIGATE,OBLIGATE,25
296,131,include,INCLUDE,288
296,318,include,INCLUDE,288
296,402,include,INCLUDE,288
296,235,OBLIGATE,OBLIGATE,514
296,42,OBLIGATE,OBLIGATE,514
296,37,OBLIGATE,OBLIGATE,514
296,570,OBLIGATE,OBLIGATE,514
296,3195,OBLIGATE,OBLIGATE,514
296,392,OBLIGATE,OBLIGATE,607
296,295,OBLIGATE,OBLIGATE,607
296,3624,OBLIGATE,OBLIGATE,607
296,259,OBLIGATE,OBLIGATE,686
296,327,OBLIGATE,OBLIGATE,686
296,1415,OBLIGATE,OBLIGATE,686
296,2787,OBLIGATE,OBLIGATE,686
296,1503,OBLIGATE,OBLIGATE,686
296,322,OBLIGATE,OBLIGATE,686
297,37,integrate,INTEGRATE,548
297,52,provide,PROVIDE,316
297,40,REPORT,REPORT,720
297,688,OBLIGATE,OBLIGATE,291
297,6,REPORT,REPORT,720
297,268,OBLIGATE,OBLIGATE,291
297,347,OBLIGATE,OBLIGATE,291
297,450,provide,PROVIDE,316
297,298,REPORT,REPORT,720
297,200,provide,PROVIDE,316
297,487,OBLIGATE,OBLIGATE,391
297,327,integrate,INTEGRATE,548
297,555,integrate,INTEGRATE,548
297,379,integrate,INTEGRATE,548
297,3471,OBLIGATE,OBLIGATE,577
297,2909,define,DEFINE,672
297,4079,REPORT,REPORT,720
297,451,REPORT,REPORT,720
297,67,REPORT,REPORT,720
297,4938,SUPPORT,SUPPORT,917
297,1347,OBLIGATE,OBLIGATE,937
297,1273,OBLIGATE,OBLIGATE,937
297,206,OBLIGATE,OBLIGATE,937
298,96,OBLIGATE,OBLIGATE,26
298,3,REPORT,REPORT,720
298,379,integrate,INTEGRATE,548
298,131,REGULATE,REGULATE,255
298,146,REGULATE,REGULATE,255
298,347,OBLIGATE,OBLIGATE,291
298,450,insert,INSERT,558
298,688,OBLIGATE,OBLIGATE,291
298,279,determine,DETERMINE,630
298,151,OBLIGATE,OBLIGATE,377
298,121,OBLIGATE,OBLIGATE,377
298,177,OBLIGATE,OBLIGATE,384
298,2032,SUPPORT,SUPPORT,428
298,2787,SUPPORT,SUPPORT,428
298,327,integrate,INTEGRATE,548
298,555,integrate,INTEGRATE,548
298,37,integrate,INTEGRATE,548
298,2909,include,INCLUDE,668
298,4079,REPORT,REPORT,720
298,451,REPORT,REPORT,720
298,67,REPORT,REPORT,720
299,372,OBLIGATE,OBLIGATE,42
299,18,provide,PROVIDE,825
299,225,OBLIGATE,OBLIGATE,42
299,201,OBLIGATE,OBLIGATE,42
299,13,affect,AFFECT,286
299,450,OBLIGATE,OBLIGATE,69
299,231,demonstrate,DEMONSTRATE,946
299,867,REPORT,REPORT,91
299,335,implemene,IMPLEMENE,823
299,5,conduct,CONDUCT,831
299,84,adapt,ADAPT,206
299,177,adapt,ADAPT,206
299,877,OBLIGATE,OBLIGATE,211
299,198,IMPLEMENT,IMPLEMENT,825
299,467,IMPLEMENT,IMPLEMENT,242
299,1529,approach,APPROACH,260
299,2009,approach,APPROACH,260
299,2010,approach,APPROACH,260
299,314,provide,PROVIDE,825
299,267,OBLIGATE,OBLIGATE,295
299,350,OBLIGATE,OBLIGATE,295
299,2429,hold,HOLD,357
299,2874,include,INCLUDE,449
299,131,confirm,CONFIRM,804
299,2,include,INCLUDE,449
299,76,include,INCLUDE,449
299,121,OBLIGATE,OBLIGATE,498
299,96,include,INCLUDE,449
299,2990,OBLIGATE,OBLIGATE,467
299,634,OBLIGATE,OBLIGATE,498
299,319,OBLIGATE,OBLIGATE,518
299,1941,OBLIGATE,OBLIGATE,518
299,320,OBLIGATE,OBLIGATE,518
299,337,implemene,IMPLEMENE,823
299,4499,implemene,IMPLEMENE,823
299,4500,implemene,IMPLEMENE,823
299,109,IMPLEMENT,IMPLEMENT,825
299,4555,conduct,CONDUCT,831
300,291,DEVELOP,DEVELOP,26
300,294,DEVELOP,DEVELOP,26
300,40,SUPPORT,SUPPORT,26
300,298,OBLIGATE,OBLIGATE,26
300,3,SUPPORT,SUPPORT,26
300,302,SUPPORT,SUPPORT,26
300,303,SUPPORT,SUPPORT,26
300,304,REPORT,REPORT,26
300,305,REPORT,REPORT,26
300,18,set,SET,26
300,306,OBLIGATE,OBLIGATE,26
300,63,OBLIGATE,OBLIGATE,26
300,52,OBLIGATE,OBLIGATE,26
300,96,set,SET,26
300,268,set,SET,26
301,1137,OBLIGATE,OBLIGATE,237
301,146,OBLIGATE,OBLIGATE,237
301,278,OBLIGATE,OBLIGATE,237
301,392,emphasize,EMPHASIZE,258
301,37,emphasize,EMPHASIZE,258
301,2006,emphasize,EMPHASIZE,258
301,81,OBLIGATE,OBLIGATE,287
302,40,OBLIGATE,OBLIGATE,774
302,303,SUPPORT,SUPPORT,26
302,5,pose,POSE,195
302,276,OBLIGATE,OBLIGATE,668
302,3397,OBLIGATE,OBLIGATE,561
302,267,OBLIGATE,OBLIGATE,561
302,62,OBLIGATE,OBLIGATE,774
302,3627,OBLIGATE,OBLIGATE,608
302,3862,specify,SPECIFY,663
302,235,specify,SPECIFY,663
302,278,specify,SPECIFY,663
302,570,OBLIGATE,OBLIGATE,668
302,279,OBLIGATE,OBLIGATE,668
303,3,SUPPORT,SUPPORT,26
303,40,SUPPORT,SUPPORT,26
303,3471,OBLIGATE,OBLIGATE,577
303,644,DEVELOP,DEVELOP,577
303,291,DEVELOP,DEVELOP,577
303,297,OBLIGATE,OBLIGATE,577
304,298,REPORT,REPORT,26
304,18,REPORT,REPORT,26
304,103,OBLIGATE,OBLIGATE,87
304,645,OBLIGATE,OBLIGATE,87
304,231,OBLIGATE,OBLIGATE,489
304,268,OBLIGATE,OBLIGATE,489
304,1678,OBLIGATE,OBLIGATE,489
304,341,OBLIGATE,OBLIGATE,489
304,181,OBLIGATE,OBLIGATE,583
304,3511,OBLIGATE,OBLIGATE,583
305,298,REPORT,REPORT,26
305,304,REPORT,REPORT,26
306,298,OBLIGATE,OBLIGATE,26
306,63,OBLIGATE,OBLIGATE,577
306,52,OBLIGATE,OBLIGATE,26
306,96,OBLIGATE,OBLIGATE,26
306,268,OBLIGATE,OBLIGATE,26
306,3471,OBLIGATE,OBLIGATE,577
306,644,OBLIGATE,OBLIGATE,577
307,309,DEVELOP,DEVELOP,27
307,311,DEVELOP,DEVELOP,27
307,3,OBLIGATE,OBLIGATE,27
307,312,OBLIGATE,OBLIGATE,27
307,313,DEVELOP,DEVELOP,555
307,295,form,FORM,27
307,255,form,FORM,27
307,314,form,FORM,27
307,315,DEVELOP,DEVELOP,555
307,236,OBLIGATE,OBLIGATE,555
307,2,aim,AIM,27
307,316,form,FORM,555
307,317,DEVELOP,DEVELOP,27
307,318,aim,AIM,27
307,320,OBLIGATE,OBLIGATE,27
307,321,aim,AIM,27
307,322,aim,AIM,27
307,323,aim,AIM,27
307,386,DEVELOP,DEVELOP,555
307,2582,DEVELOP,DEVELOP,555
307,2594,OBLIGATE,OBLIGATE,555
307,3377,OBLIGATE,OBLIGATE,555
307,335,OBLIGATE,OBLIGATE,555
307,329,AUTHORIZE,AUTHORIZE,555
308,311,DEVELOP,DEVELOP,27
308,386,DEVELOP,DEVELOP,555
309,308,DEVELOP,DEVELOP,27
309,311,DEVELOP,DEVELOP,27
309,3,DEVELOP,DEVELOP,27
310,3,AUTHORIZE,AUTHORIZE,519
311,33,IMPLEMENT,IMPLEMENT,98
311,18,AUTHORIZE,AUTHORIZE,164
311,930,IMPLEMENT,IMPLEMENT,98
311,454,AUTHORIZE,AUTHORIZE,128
311,235,REGULATE,REGULATE,471
311,15,OBLIGATE,OBLIGATE,161
311,401,OBLIGATE,OBLIGATE,161
311,195,AUTHORIZE,AUTHORIZE,164
311,131,USE,USE,861
311,236,SUPPORT,SUPPORT,208
311,199,AUTHORIZE,AUTHORIZE,317
311,613,include,INCLUDE,288
311,237,AUTHORIZE,AUTHORIZE,317
311,384,OBLIGATE,OBLIGATE,317
311,257,automate,AUTOMATE,338
311,1764,automate,AUTOMATE,338
311,51,OBLIGATE,OBLIGATE,348
311,784,OBLIGATE,OBLIGATE,397
311,3188,DEVELOP,DEVELOP,513
311,3189,DEVELOP,DEVELOP,513
311,3190,DEVELOP,DEVELOP,513
311,675,DEVELOP,DEVELOP,513
311,3333,OBLIGATE,OBLIGATE,616
311,322,EVALUATE,EVALUATE,553
311,328,include,INCLUDE,599
311,327,OBLIGATE,OBLIGATE,616
311,177,SUPPORT,SUPPORT,620
311,821,REPORT,REPORT,624
311,3836,AUTHORIZE,AUTHORIZE,656
311,202,AUTHORIZE,AUTHORIZE,656
311,201,IMPLEMENT,IMPLEMENT,825
311,136,manage,MANAGE,836
311,225,manage,MANAGE,836
311,8,OBLIGATE,OBLIGATE,879
312,353,OBLIGATE,OBLIGATE,30
313,295,AUTHORIZE,AUTHORIZE,544
313,315,DEVELOP,DEVELOP,555
313,358,OBLIGATE,OBLIGATE,233
313,1827,OBLIGATE,OBLIGATE,233
313,1828,OBLIGATE,OBLIGATE,233
313,3340,AUTHORIZE,AUTHORIZE,544
313,319,AUTHORIZE,AUTHORIZE,544
313,1139,AUTHORIZE,AUTHORIZE,544
313,37,AUTHORIZE,AUTHORIZE,544
313,3341,AUTHORIZE,AUTHORIZE,544
313,66,AUTHORIZE,AUTHORIZE,544
313,2341,OBLIGATE,OBLIGATE,618
313,2785,OBLIGATE,OBLIGATE,618
313,144,OBLIGATE,OBLIGATE,690
313,3956,OBLIGATE,OBLIGATE,690
314,131,specify,SPECIFY,874
314,185,oblige,OBLIGE,79
314,247,predict,PREDICT,795
314,4499,implemene,IMPLEMENE,823
315,295,form,FORM,27
315,314,form,FORM,27
315,236,form,FORM,27
315,328,DEVELOP,DEVELOP,555
315,40,DEVELOP,DEVELOP,653
315,177,DEVELOP,DEVELOP,555
316,317,DEVELOP,DEVELOP,27
316,318,DEVELOP,DEVELOP,27
316,177,form,FORM,555
317,308,DEVELOP,DEVELOP,27
317,318,DEVELOP,DEVELOP,27
317,3,DEVELOP,DEVELOP,27
318,40,REGULATE,REGULATE,733
318,322,advocate,ADVOCATE,176
318,432,AUTHORIZE,AUTHORIZE,50
318,236,REGULATE,REGULATE,733
318,1650,OBLIGATE,OBLIGATE,200
318,350,include,INCLUDE,288
318,1690,secure,SECURE,208
318,1721,OBLIGATE,OBLIGATE,214
318,283,OBLIGATE,OBLIGATE,214
318,138,OBLIGATE,OBLIGATE,214
318,422,USE,USE,288
318,192,USE,USE,288
318,617,OBLIGATE,OBLIGATE,330
318,199,include,INCLUDE,288
318,613,include,INCLUDE,288
318,311,include,INCLUDE,288
318,63,AUTHORIZE,AUTHORIZE,616
318,2128,OBLIGATE,OBLIGATE,288
318,2130,OBLIGATE,OBLIGATE,288
318,402,include,INCLUDE,288
318,81,include,INCLUDE,288
318,314,leverage,LEVERAGE,763
318,957,OBLIGATE,OBLIGATE,331
318,2181,OBLIGATE,OBLIGATE,348
318,1140,OBLIGATE,OBLIGATE,348
318,335,OBLIGATE,OBLIGATE,348
318,210,OBLIGATE,OBLIGATE,384
318,2583,OBLIGATE,OBLIGATE,389
318,327,REGULATE,REGULATE,733
318,3305,SUPPORT,SUPPORT,534
318,3306,SUPPORT,SUPPORT,534
318,2747,OBLIGATE,OBLIGATE,580
318,265,AUTHORIZE,AUTHORIZE,616
318,140,REGULATE,REGULATE,733
318,1832,DEVELOP,DEVELOP,865
318,34,REGULATE,REGULATE,733
318,3288,REGULATE,REGULATE,733
318,858,leverage,LEVERAGE,763
318,412,DEVELOP,DEVELOP,865
318,4480,SUPPORT,SUPPORT,929
318,37,SUPPORT,SUPPORT,929
319,1381,OBLIGATE,OBLIGATE,160
319,466,OBLIGATE,OBLIGATE,518
319,3333,OBLIGATE,OBLIGATE,553
319,471,OBLIGATE,OBLIGATE,683
320,312,OBLIGATE,OBLIGATE,27
320,467,meet,MEET,43
320,199,incorporate,INCORPORATE,828
320,202,enable,ENABLE,828
320,181,OBLIGATE,OBLIGATE,126
320,18,oblige,OBLIGE,705
320,821,OBLIGATE,OBLIGATE,160
320,545,tailor,TAILOR,199
320,131,aim,AIM,859
320,2,SUPPORT,SUPPORT,714
320,328,DEVELOP,DEVELOP,805
320,268,RESTRICT,RESTRICT,656
320,220,OBLIGATE,OBLIGATE,540
320,647,DEVELOP,DEVELOP,564
320,905,DEVELOP,DEVELOP,564
320,210,DEVELOP,DEVELOP,564
320,485,plan,PLAN,609
320,350,plan,PLAN,609
320,3836,RESTRICT,RESTRICT,656
320,471,OBLIGATE,OBLIGATE,683
320,498,DEVELOP,DEVELOP,750
320,2869,OBLIGATE,OBLIGATE,765
320,585,enable,ENABLE,828
320,2097,enable,ENABLE,828
320,586,enable,ENABLE,828
320,1092,enable,ENABLE,828
320,4536,incorporate,INCORPORATE,828
320,4537,incorporate,INCORPORATE,828
320,4538,incorporate,INCORPORATE,828
320,368,REGULATE,REGULATE,851
320,876,provide,PROVIDE,851
320,1105,DEVELOP,DEVELOP,860
321,312,OBLIGATE,OBLIGATE,27
321,320,OBLIGATE,OBLIGATE,27
321,3,OBLIGATE,OBLIGATE,27
321,318,aim,AIM,27
321,322,aim,AIM,27
321,323,aim,AIM,27
321,2,aim,AIM,27
322,3333,EVALUATE,EVALUATE,553
322,3853,insert,INSERT,659
323,322,aim,AIM,27
323,2,REGULATE,REGULATE,915
323,639,OBLIGATE,OBLIGATE,71
323,779,subject,SUBJECT,81
323,58,OBLIGATE,OBLIGATE,456
323,327,AUTHORIZE,AUTHORIZE,826
323,168,REPORT,REPORT,316
323,13,oblige,OBLIGE,717
323,96,cap,CAP,454
323,3029,hold,HOLD,476
323,995,OBLIGATE,OBLIGATE,549
323,926,OBLIGATE,OBLIGATE,615
323,4591,recommend,RECOMMEND,837
323,4930,AUTHORIZE,AUTHORIZE,915
325,34,recommend,RECOMMEND,129
325,21,recommend,RECOMMEND,129
325,236,REPORT,REPORT,859
325,379,DEVELOP,DEVELOP,871
325,450,REPORT,REPORT,859
325,2250,REPORT,REPORT,859
325,225,REPORT,REPORT,859
325,859,REPORT,REPORT,859
325,1976,EVALUATE,EVALUATE,863
327,3,research,RESEARCH,924
327,350,OBLIGATE,OBLIGATE,361
327,3253,AUTHORIZE,AUTHORIZE,524
327,3333,OBLIGATE,OBLIGATE,616
327,555,OBLIGATE,OBLIGATE,548
327,3358,OBLIGATE,OBLIGATE,548
327,1328,OBLIGATE,OBLIGATE,551
327,3107,AUTHORIZE,AUTHORIZE,579
327,800,AUTHORIZE,AUTHORIZE,582
327,220,AUTHORIZE,AUTHORIZE,626
327,322,OBLIGATE,OBLIGATE,686
328,555,AUTHORIZE,AUTHORIZE,577
328,781,DEVELOP,DEVELOP,81
328,18,SUPPORT,SUPPORT,739
328,13,include,INCLUDE,935
328,276,delete,DELETE,829
328,33,include,INCLUDE,533
328,2,DEVELOP,DEVELOP,709
328,2792,terminate,TERMINATE,429
328,319,EVALUATE,EVALUATE,516
328,800,AUTHORIZE,AUTHORIZE,582
328,322,DEVELOP,DEVELOP,709
328,3713,REGULATE,REGULATE,627
328,3715,REGULATE,REGULATE,627
328,3333,OBLIGATE,OBLIGATE,653
328,457,REPORT,REPORT,778
329,178,AUTHORIZE,AUTHORIZE,525
329,265,AUTHORIZE,AUTHORIZE,616
329,63,AUTHORIZE,AUTHORIZE,616
329,318,AUTHORIZE,AUTHORIZE,616
329,328,specify,SPECIFY,632
329,3745,specify,SPECIFY,632
330,331,DEVELOP,DEVELOP,29
330,235,DEVELOP,DEVELOP,29
330,77,REGULATE,REGULATE,29
330,19,DEVELOP,DEVELOP,29
330,332,OBLIGATE,OBLIGATE,29
330,333,OBLIGATE,OBLIGATE,29
330,33,RESTRICT,RESTRICT,29
330,334,RESTRICT,RESTRICT,29
330,335,RESTRICT,RESTRICT,29
330,121,RESTRICT,RESTRICT,29
330,336,RESTRICT,RESTRICT,29
330,337,EVALUATE,EVALUATE,29
330,339,OBLIGATE,OBLIGATE,29
330,18,OBLIGATE,OBLIGATE,29
330,340,RESTRICT,RESTRICT,29
330,341,REGULATE,REGULATE,29
330,76,REGULATE,REGULATE,29
330,342,REGULATE,REGULATE,29
330,343,DEVELOP,DEVELOP,29
331,235,DEVELOP,DEVELOP,29
331,77,DEVELOP,DEVELOP,29
331,19,DEVELOP,DEVELOP,29
332,231,cross,CROSS,947
332,185,guide,GUIDE,113
332,860,guide,GUIDE,113
332,1032,USE,USE,858
332,121,guide,GUIDE,113
332,8,guide,GUIDE,113
332,195,OBLIGATE,OBLIGATE,168
332,59,REPORT,REPORT,858
332,1957,cross,CROSS,947
332,18,REPORT,REPORT,858
332,235,USE,USE,858
332,37,OBLIGATE,OBLIGATE,870
332,84,OBLIGATE,OBLIGATE,870
332,337,SUPPORT,SUPPORT,945
332,1487,SUPPORT,SUPPORT,947
332,838,SUPPORT,SUPPORT,947
332,1072,SUPPORT,SUPPORT,947
332,198,SUPPORT,SUPPORT,947
332,751,SUPPORT,SUPPORT,947
333,332,OBLIGATE,OBLIGATE,29
333,1396,incorporate,INCORPORATE,162
333,18,OBLIGATE,OBLIGATE,417
333,1398,incorporate,INCORPORATE,162
333,335,announce,ANNOUNCE,876
333,103,OBLIGATE,OBLIGATE,163
333,1406,OBLIGATE,OBLIGATE,163
333,13,OBLIGATE,OBLIGATE,163
333,1407,OBLIGATE,OBLIGATE,163
333,1236,OBLIGATE,OBLIGATE,163
333,233,OBLIGATE,OBLIGATE,211
333,859,oblige,OBLIGE,177
333,84,adapt,ADAPT,206
333,299,include,INCLUDE,449
333,177,adapt,ADAPT,206
333,877,OBLIGATE,OBLIGATE,211
333,1088,OBLIGATE,OBLIGATE,211
333,386,include,INCLUDE,708
333,70,OBLIGATE,OBLIGATE,211
333,41,OBLIGATE,OBLIGATE,211
333,1913,OBLIGATE,OBLIGATE,245
333,225,OBLIGATE,OBLIGATE,417
333,821,OBLIGATE,OBLIGATE,417
333,1212,OBLIGATE,OBLIGATE,417
333,2874,include,INCLUDE,449
333,1716,include,INCLUDE,449
333,2875,include,INCLUDE,449
333,76,include,INCLUDE,449
333,96,include,INCLUDE,449
333,3188,DEVELOP,DEVELOP,513
333,3189,DEVELOP,DEVELOP,513
333,3190,DEVELOP,DEVELOP,513
333,3191,DEVELOP,DEVELOP,513
333,311,DEVELOP,DEVELOP,513
333,675,DEVELOP,DEVELOP,513
333,3333,OBLIGATE,OBLIGATE,795
333,3502,OBLIGATE,OBLIGATE,795
333,295,OBLIGATE,OBLIGATE,795
333,379,OBLIGATE,OBLIGATE,795
333,914,OBLIGATE,OBLIGATE,886
333,468,OBLIGATE,OBLIGATE,886
333,33,OBLIGATE,OBLIGATE,886
334,77,RESTRICT,RESTRICT,29
334,33,RESTRICT,RESTRICT,29
334,335,RESTRICT,RESTRICT,29
334,121,RESTRICT,RESTRICT,29
334,336,RESTRICT,RESTRICT,29
335,33,DEVELOP,DEVELOP,159
335,164,violate,VIOLATE,142
335,1026,OBLIGATE,OBLIGATE,130
335,1167,OBLIGATE,OBLIGATE,130
335,1168,OBLIGATE,OBLIGATE,130
335,1336,propose,PROPOSE,224
335,15,OBLIGATE,OBLIGATE,161
335,247,declare,DECLARE,897
335,185,REPORT,REPORT,205
335,859,DEVELOP,DEVELOP,865
335,930,SUPPORT,SUPPORT,945
335,54,justify,JUSTIFY,830
335,2990,OBLIGATE,OBLIGATE,467
335,201,IMPLEMENT,IMPLEMENT,847
335,800,OBLIGATE,OBLIGATE,679
335,3532,OBLIGATE,OBLIGATE,593
335,3836,AUTHORIZE,AUTHORIZE,656
335,4499,implemene,IMPLEMENE,823
335,4546,OBLIGATE,OBLIGATE,830
335,4549,justify,JUSTIFY,830
336,33,RESTRICT,RESTRICT,29
336,335,RESTRICT,RESTRICT,29
336,121,USE,USE,113
336,235,OBLIGATE,OBLIGATE,685
336,109,USE,USE,113
336,634,OBLIGATE,OBLIGATE,808
336,195,impact,IMPACT,168
336,1451,impact,IMPACT,168
336,192,impact,IMPACT,168
336,3938,OBLIGATE,OBLIGATE,685
336,131,obtain,OBTAIN,814
336,4424,OBLIGATE,OBLIGATE,808
336,4440,OBLIGATE,OBLIGATE,811
336,206,OBLIGATE,OBLIGATE,811
336,146,OBLIGATE,OBLIGATE,811
336,157,OBLIGATE,OBLIGATE,811
337,3,OBLIGATE,OBLIGATE,833
337,185,opt,OPT,823
337,2874,AUTHORIZE,AUTHORIZE,449
337,13,AUTHORIZE,AUTHORIZE,449
337,96,AUTHORIZE,AUTHORIZE,449
337,2016,state,STATE,470
337,327,REGULATE,REGULATE,627
337,415,OBLIGATE,OBLIGATE,551
337,18,RESTRICT,RESTRICT,584
337,3519,RESTRICT,RESTRICT,584
337,314,implemene,IMPLEMENE,823
337,1532,align,ALIGN,823
337,335,implemene,IMPLEMENE,823
337,4499,implemene,IMPLEMENE,823
337,2788,initiate,INITIATE,823
338,362,RESTRICT,RESTRICT,112
338,1027,RESTRICT,RESTRICT,112
338,636,RESTRICT,RESTRICT,143
338,1028,RESTRICT,RESTRICT,143
338,235,target,TARGET,155
338,1253,RESTRICT,RESTRICT,143
338,131,RESTRICT,RESTRICT,143
338,1343,target,TARGET,155
338,1344,target,TARGET,155
339,231,OBLIGATE,OBLIGATE,489
339,120,OBLIGATE,OBLIGATE,202
339,198,OBLIGATE,OBLIGATE,489
339,914,SUPPORT,SUPPORT,224
339,311,SUPPORT,SUPPORT,224
339,468,SUPPORT,SUPPORT,224
339,138,SUPPORT,SUPPORT,224
339,103,OBLIGATE,OBLIGATE,251
339,131,OBLIGATE,OBLIGATE,251
339,495,OBLIGATE,OBLIGATE,251
339,304,OBLIGATE,OBLIGATE,489
339,268,OBLIGATE,OBLIGATE,489
339,1678,OBLIGATE,OBLIGATE,489
339,341,OBLIGATE,OBLIGATE,489
339,109,anticipate,ANTICIPATE,820
339,283,anticipate,ANTICIPATE,820
339,728,anticipate,ANTICIPATE,820
340,687,incorporate,INCORPORATE,790
340,131,drive,DRIVE,936
340,96,USE,USE,188
340,1046,incorporate,INCORPORATE,790
340,121,define,DEFINE,242
340,259,DEVELOP,DEVELOP,247
340,1933,OBLIGATE,OBLIGATE,247
340,13,REPORT,REPORT,729
340,1935,REPORT,REPORT,248
340,1936,REPORT,REPORT,248
340,85,OBLIGATE,OBLIGATE,549
340,267,hire,HIRE,356
340,995,OBLIGATE,OBLIGATE,549
340,2,OBLIGATE,OBLIGATE,549
340,35,RESTRICT,RESTRICT,579
340,164,affect,AFFECT,861
341,77,REGULATE,REGULATE,29
341,76,take,TAKE,732
341,373,AUTHORIZE,AUTHORIZE,32
341,424,OBLIGATE,OBLIGATE,38
341,187,OBLIGATE,OBLIGATE,682
341,1059,oblige,OBLIGE,116
341,109,take,TAKE,732
341,80,affect,AFFECT,930
341,59,REGULATE,REGULATE,156
341,273,REGULATE,REGULATE,156
341,1352,AUTHORIZE,AUTHORIZE,156
341,320,AUTHORIZE,AUTHORIZE,156
341,1459,AUTHORIZE,AUTHORIZE,172
341,1472,pose,POSE,172
341,229,pose,POSE,172
341,268,REPORT,REPORT,732
341,13,OBLIGATE,OBLIGATE,520
341,1678,OBLIGATE,OBLIGATE,489
341,220,OBLIGATE,OBLIGATE,520
341,1177,fail,FAIL,610
341,3523,affect,AFFECT,930
341,894,OBLIGATE,OBLIGATE,682
341,3009,REPORT,REPORT,732
341,3132,initiate,INITIATE,842
341,327,define,DEFINE,732
341,1444,COORDINATE,COORDINATE,810
341,1096,initiate,INITIATE,842
341,102,RESTRICT,RESTRICT,941
341,248,initiate,INITIATE,897
341,4451,initiate,INITIATE,897
341,146,initiate,INITIATE,897
341,164,affect,AFFECT,930
341,100,RESTRICT,RESTRICT,941
342,77,REGULATE,REGULATE,29
342,341,REGULATE,REGULATE,202
342,76,REGULATE,REGULATE,29
342,3,amend,AMEND,450
342,224,DEVELOP,DEVELOP,32
342,1099,AUTHORIZE,AUTHORIZE,121
342,109,REGULATE,REGULATE,202
342,121,amend,AMEND,450
342,2878,amend,AMEND,450
342,40,amend,AMEND,450
342,1035,amend,AMEND,450
342,159,amend,AMEND,450
342,3866,send,SEND,665
342,96,send,SEND,665
344,345,amend,AMEND,30
344,347,amend,AMEND,30
344,52,amend,AMEND,30
344,177,AUTHORIZE,AUTHORIZE,30
344,313,AUTHORIZE,AUTHORIZE,30
344,349,AUTHORIZE,AUTHORIZE,30
344,328,AUTHORIZE,AUTHORIZE,30
344,348,OBLIGATE,OBLIGATE,30
344,3,OBLIGATE,OBLIGATE,30
344,248,OBLIGATE,OBLIGATE,30
344,236,OBLIGATE,OBLIGATE,30
344,350,OBLIGATE,OBLIGATE,30
344,351,OBLIGATE,OBLIGATE,30
344,352,OBLIGATE,OBLIGATE,30
344,353,OBLIGATE,OBLIGATE,30
344,312,AUTHORIZE,AUTHORIZE,30
344,354,DEVELOP,DEVELOP,30
344,355,DEVELOP,DEVELOP,30
344,356,DEVELOP,DEVELOP,30
344,295,prioritize,PRIORITIZE,30
345,347,amend,AMEND,628
345,3718,amend,AMEND,628
346,318,DEVELOP,DEVELOP,628
346,349,SUPPORT,SUPPORT,628
346,379,SUPPORT,SUPPORT,628
346,3720,SUPPORT,SUPPORT,628
346,40,focus,FOCUS,687
346,2051,focus,FOCUS,687
347,52,include,INCLUDE,297
347,328,OBLIGATE,OBLIGATE,592
347,268,OBLIGATE,OBLIGATE,291
347,450,OBLIGATE,OBLIGATE,291
347,859,OBLIGATE,OBLIGATE,375
347,422,OBLIGATE,OBLIGATE,592
347,784,OBLIGATE,OBLIGATE,592
347,1678,OBLIGATE,OBLIGATE,592
348,346,DEVELOP,DEVELOP,628
348,318,DEVELOP,DEVELOP,628
350,353,OBLIGATE,OBLIGATE,30
350,312,OBLIGATE,OBLIGATE,30
350,1168,OBLIGATE,OBLIGATE,130
350,276,OBLIGATE,OBLIGATE,201
350,2128,OBLIGATE,OBLIGATE,288
351,349,REPORT,REPORT,243
351,3,REPORT,REPORT,243
351,350,OBLIGATE,OBLIGATE,30
351,353,OBLIGATE,OBLIGATE,30
351,312,OBLIGATE,OBLIGATE,30
351,1901,REPORT,REPORT,243
351,481,pertain,PERTAIN,396
351,2460,pertain,PERTAIN,396
351,2032,OBLIGATE,OBLIGATE,618
352,351,OBLIGATE,OBLIGATE,30
352,353,OBLIGATE,OBLIGATE,30
352,312,OBLIGATE,OBLIGATE,30
352,806,DEVELOP,DEVELOP,243
352,1901,OBLIGATE,OBLIGATE,628
352,255,OBLIGATE,OBLIGATE,628
352,63,OBLIGATE,OBLIGATE,628
354,349,launch,LAUNCH,243
354,328,launch,LAUNCH,243
354,355,DEVELOP,DEVELOP,30
354,356,DEVELOP,DEVELOP,30
354,67,launch,LAUNCH,243
355,356,DEVELOP,DEVELOP,30
356,279,pose,POSE,773
356,936,pose,POSE,773
356,1323,pose,POSE,773
356,76,pose,POSE,773
356,3,AUTHORIZE,AUTHORIZE,774
356,280,AUTHORIZE,AUTHORIZE,774
356,80,define,DEFINE,774
356,62,AUTHORIZE,AUTHORIZE,774
356,1137,AUTHORIZE,AUTHORIZE,774
357,358,OBLIGATE,OBLIGATE,31
357,224,provide,PROVIDE,31
357,359,OBLIGATE,OBLIGATE,31
357,360,OBLIGATE,OBLIGATE,31
357,361,OBLIGATE,OBLIGATE,31
357,131,AUTHORIZE,AUTHORIZE,31
357,362,OBLIGATE,OBLIGATE,31
357,328,OBLIGATE,OBLIGATE,31
357,67,OBLIGATE,OBLIGATE,31
357,144,AUTHORIZE,AUTHORIZE,31
357,278,AUTHORIZE,AUTHORIZE,31
357,234,AUTHORIZE,AUTHORIZE,31
357,366,provide,PROVIDE,31
358,1825,OBLIGATE,OBLIGATE,233
359,3,SUPPORT,SUPPORT,731
359,360,OBLIGATE,OBLIGATE,731
359,361,OBLIGATE,OBLIGATE,31
359,358,OBLIGATE,OBLIGATE,691
359,362,OBLIGATE,OBLIGATE,690
359,67,OBLIGATE,OBLIGATE,31
359,2,OBLIGATE,OBLIGATE,37
359,413,OBLIGATE,OBLIGATE,37
359,210,DEVELOP,DEVELOP,317
359,13,DEVELOP,DEVELOP,317
359,418,amend,AMEND,572
359,481,amend,AMEND,572
359,1830,OBLIGATE,OBLIGATE,690
359,532,OBLIGATE,OBLIGATE,691
359,535,OBLIGATE,OBLIGATE,691
359,363,SUPPORT,SUPPORT,731
359,364,SUPPORT,SUPPORT,731
360,2,OBLIGATE,OBLIGATE,37
360,751,DEVELOP,DEVELOP,79
360,85,plan,PLAN,457
360,181,contain,CONTAIN,79
360,195,OBLIGATE,OBLIGATE,168
360,332,OBLIGATE,OBLIGATE,168
360,21,OBLIGATE,OBLIGATE,311
360,233,OBLIGATE,OBLIGATE,311
360,2806,request,REQUEST,432
360,496,request,REQUEST,432
360,957,OBLIGATE,OBLIGATE,438
360,2490,OBLIGATE,OBLIGATE,438
360,283,OBLIGATE,OBLIGATE,438
360,109,IMPLEMENT,IMPLEMENT,825
360,2891,plan,PLAN,457
360,220,OBLIGATE,OBLIGATE,540
360,320,OBLIGATE,OBLIGATE,540
360,422,OBLIGATE,OBLIGATE,540
360,59,OBLIGATE,OBLIGATE,540
360,3195,OBLIGATE,OBLIGATE,540
360,194,OBLIGATE,OBLIGATE,690
360,18,produce,PRODUCE,802
360,144,OBLIGATE,OBLIGATE,690
360,3956,OBLIGATE,OBLIGATE,690
360,70,produce,PRODUCE,802
360,34,produce,PRODUCE,802
360,199,produce,PRODUCE,802
360,585,produce,PRODUCE,802
360,2097,produce,PRODUCE,802
360,586,produce,PRODUCE,802
360,1092,produce,PRODUCE,802
360,299,IMPLEMENT,IMPLEMENT,825
360,198,IMPLEMENT,IMPLEMENT,825
361,3,OBLIGATE,OBLIGATE,731
361,360,OBLIGATE,OBLIGATE,31
361,414,AUTHORIZE,AUTHORIZE,37
361,415,AUTHORIZE,AUTHORIZE,37
361,358,OBLIGATE,OBLIGATE,690
361,194,OBLIGATE,OBLIGATE,690
361,18,OBLIGATE,OBLIGATE,731
361,295,OBLIGATE,OBLIGATE,731
361,957,OBLIGATE,OBLIGATE,731
361,3381,OBLIGATE,OBLIGATE,731
362,358,OBLIGATE,OBLIGATE,690
362,67,OBLIGATE,OBLIGATE,31
362,773,oblige,OBLIGE,80
362,33,oblige,OBLIGE,80
362,636,RESTRICT,RESTRICT,112
362,859,emphasize,EMPHASIZE,141
362,549,emphasize,EMPHASIZE,141
362,876,EVALUATE,EVALUATE,536
362,34,DEVELOP,DEVELOP,167
362,1121,OBLIGATE,OBLIGATE,227
362,379,address,ADDRESS,859
362,92,OBLIGATE,OBLIGATE,227
362,350,OBLIGATE,OBLIGATE,269
362,2047,OBLIGATE,OBLIGATE,269
362,151,OBLIGATE,OBLIGATE,377
362,298,OBLIGATE,OBLIGATE,377
362,1926,OBLIGATE,OBLIGATE,377
362,121,investigate,INVESTIGATE,850
362,2640,OBLIGATE,OBLIGATE,399
362,1487,OBLIGATE,OBLIGATE,399
362,1313,OBLIGATE,OBLIGATE,399
362,392,OBLIGATE,OBLIGATE,399
362,235,meet,MEET,485
362,320,meet,MEET,485
362,3312,EVALUATE,EVALUATE,536
362,1444,EVALUATE,EVALUATE,536
362,322,amend,AMEND,659
362,52,amend,AMEND,659
362,297,EVALUATE,EVALUATE,739
362,4156,EVALUATE,EVALUATE,739
362,283,emphasize,EMPHASIZE,839
362,509,investigate,INVESTIGATE,850
362,59,investigate,INVESTIGATE,850
362,70,investigate,INVESTIGATE,850
362,1139,investigate,INVESTIGATE,850
362,1810,investigate,INVESTIGATE,850
362,195,address,ADDRESS,859
362,1415,address,ADDRESS,859
362,1230,address,ADDRESS,859
362,4672,address,ADDRESS,859
363,35,OBLIGATE,OBLIGATE,361
363,379,prepare,PREPARE,129
363,276,deem,DEEM,153
363,1320,provide,PROVIDE,769
363,1941,OBLIGATE,OBLIGATE,361
363,131,prioritize,PRIORITIZE,426
363,327,provide,PROVIDE,769
363,2,SUPPORT,SUPPORT,728
363,2902,SUPPORT,SUPPORT,453
363,386,AUTHORIZE,AUTHORIZE,512
363,422,OBLIGATE,OBLIGATE,592
363,784,OBLIGATE,OBLIGATE,592
363,1678,OBLIGATE,OBLIGATE,592
363,415,SUPPORT,SUPPORT,631
363,364,SUPPORT,SUPPORT,731
364,2640,compose,COMPOSE,399
364,3,train,TRAIN,938
364,13,OBLIGATE,OBLIGATE,553
364,319,OBLIGATE,OBLIGATE,553
364,402,OBLIGATE,OBLIGATE,632
364,131,provide,PROVIDE,632
364,1410,provide,PROVIDE,632
364,1328,provide,PROVIDE,632
364,314,OBLIGATE,OBLIGATE,763
364,157,OBLIGATE,OBLIGATE,763
364,3333,OBLIGATE,OBLIGATE,795
364,2,OBLIGATE,OBLIGATE,795
365,3,enter,ENTER,37
365,418,enter,ENTER,37
365,363,enter,ENTER,37
366,195,SUPPORT,SUPPORT,89
366,138,SUPPORT,SUPPORT,89
366,34,SUPPORT,SUPPORT,89
366,565,SUPPORT,SUPPORT,89
366,40,IMPLEMENT,IMPLEMENT,471
366,876,IMPLEMENT,IMPLEMENT,246
366,1236,OBLIGATE,OBLIGATE,140
366,109,DEVELOP,DEVELOP,715
366,1163,OBLIGATE,OBLIGATE,162
366,33,OBLIGATE,OBLIGATE,162
366,1419,head,HEAD,164
366,81,DEVELOP,DEVELOP,165
366,1423,DEVELOP,DEVELOP,165
366,128,OBLIGATE,OBLIGATE,181
366,121,REGULATE,REGULATE,213
366,860,OBLIGATE,OBLIGATE,380
366,259,recognize,RECOGNIZE,413
366,1716,REGULATE,REGULATE,213
366,92,IMPLEMENT,IMPLEMENT,246
366,298,OBLIGATE,OBLIGATE,255
366,350,OBLIGATE,OBLIGATE,277
366,328,SUPPORT,SUPPORT,380
366,207,recognize,RECOGNIZE,413
366,468,IMPLEMENT,IMPLEMENT,471
366,1307,IMPLEMENT,IMPLEMENT,471
366,103,OBLIGATE,OBLIGATE,748
366,41,clarify,CLARIFY,829
366,335,IMPLEMENT,IMPLEMENT,847
366,514,IMPLEMENT,IMPLEMENT,847
366,4490,IMPLEMENT,IMPLEMENT,847
366,201,IMPLEMENT,IMPLEMENT,847
366,59,OBLIGATE,OBLIGATE,933
366,311,OBLIGATE,OBLIGATE,879
366,924,OBLIGATE,OBLIGATE,879
367,164,amend,AMEND,32
367,103,amend,AMEND,32
367,370,amend,AMEND,32
367,335,DEVELOP,DEVELOP,32
367,3,DEVELOP,DEVELOP,32
367,224,DEVELOP,DEVELOP,32
367,332,OBLIGATE,OBLIGATE,32
367,371,OBLIGATE,OBLIGATE,32
367,341,AUTHORIZE,AUTHORIZE,32
367,288,OBLIGATE,OBLIGATE,32
367,233,RESTRICT,RESTRICT,32
367,373,AUTHORIZE,AUTHORIZE,32
367,374,AUTHORIZE,AUTHORIZE,32
367,375,confirm,CONFIRM,32
367,376,confirm,CONFIRM,32
367,342,DEVELOP,DEVELOP,32
368,136,RESTRICT,RESTRICT,802
368,18,RESTRICT,RESTRICT,802
368,259,REGULATE,REGULATE,851
368,157,depict,DEPICT,853
369,367,amend,AMEND,32
369,368,amend,AMEND,32
369,164,amend,AMEND,32
369,103,amend,AMEND,32
369,370,amend,AMEND,32
369,224,amend,AMEND,32
370,368,amend,AMEND,32
370,164,amend,AMEND,32
370,103,amend,AMEND,32
371,332,OBLIGATE,OBLIGATE,32
371,341,OBLIGATE,OBLIGATE,32
373,220,AUTHORIZE,AUTHORIZE,38
373,148,set,SET,529
373,8,set,SET,529
373,3866,AUTHORIZE,AUTHORIZE,665
373,3287,AUTHORIZE,AUTHORIZE,665
373,340,AUTHORIZE,AUTHORIZE,782
373,327,AUTHORIZE,AUTHORIZE,782
373,894,expedite,EXPEDITE,906
374,341,AUTHORIZE,AUTHORIZE,32
374,373,AUTHORIZE,AUTHORIZE,32
375,224,confirm,CONFIRM,32
375,376,confirm,CONFIRM,32
375,639,SUPPORT,SUPPORT,176
375,231,OBLIGATE,OBLIGATE,489
375,333,OBLIGATE,OBLIGATE,489
375,314,complement,COMPLEMENT,823
375,5,OBLIGATE,OBLIGATE,489
375,337,complement,COMPLEMENT,823
375,1108,complement,COMPLEMENT,823
376,368,confirm,CONFIRM,32
376,224,confirm,CONFIRM,32
376,69,DEVELOP,DEVELOP,202
377,319,DEVELOP,DEVELOP,33
377,378,DEVELOP,DEVELOP,33
377,224,incorporate,INCORPORATE,33
377,292,incorporate,INCORPORATE,33
377,295,OBLIGATE,OBLIGATE,33
377,379,OBLIGATE,OBLIGATE,33
377,41,OBLIGATE,OBLIGATE,33
377,380,incorporate,INCORPORATE,33
378,319,DEVELOP,DEVELOP,559
378,67,DEVELOP,DEVELOP,559
378,283,DEVELOP,DEVELOP,33
378,292,DEVELOP,DEVELOP,33
378,290,DEVELOP,DEVELOP,255
378,291,DEVELOP,DEVELOP,255
378,2791,DEVELOP,DEVELOP,429
378,178,DEVELOP,DEVELOP,429
378,2792,DEVELOP,DEVELOP,429
378,3,DEVELOP,DEVELOP,559
378,2551,DEVELOP,DEVELOP,429
379,335,SUPPORT,SUPPORT,825
379,53,OBLIGATE,OBLIGATE,136
379,185,recommend,RECOMMEND,186
379,622,OBLIGATE,OBLIGATE,199
379,26,SUPPORT,SUPPORT,864
379,92,OBLIGATE,OBLIGATE,227
379,63,OBLIGATE,OBLIGATE,767
379,2788,SUPPORT,SUPPORT,428
379,327,integrate,INTEGRATE,548
379,555,integrate,INTEGRATE,548
379,259,OBLIGATE,OBLIGATE,565
379,198,OBLIGATE,OBLIGATE,604
379,3608,OBLIGATE,OBLIGATE,604
379,876,OBLIGATE,OBLIGATE,604
379,2128,DEVELOP,DEVELOP,607
379,121,investigate,INVESTIGATE,850
379,131,aim,AIM,859
379,3333,OBLIGATE,OBLIGATE,795
379,2250,REPORT,REPORT,859
379,859,REPORT,REPORT,859
379,1230,address,ADDRESS,859
380,67,incorporate,INCORPORATE,33
380,3,incorporate,INCORPORATE,33
380,283,incorporate,INCORPORATE,33
380,292,incorporate,INCORPORATE,33
381,382,AUTHORIZE,AUTHORIZE,34
381,383,AUTHORIZE,AUTHORIZE,34
381,384,OBLIGATE,OBLIGATE,34
381,109,AUTHORIZE,AUTHORIZE,34
381,312,AUTHORIZE,AUTHORIZE,34
381,265,AUTHORIZE,AUTHORIZE,34
381,63,AUTHORIZE,AUTHORIZE,34
381,128,AUTHORIZE,AUTHORIZE,34
381,76,AUTHORIZE,AUTHORIZE,34
381,237,OBLIGATE,OBLIGATE,34
381,385,OBLIGATE,OBLIGATE,34
381,350,OBLIGATE,OBLIGATE,34
381,386,OBLIGATE,OBLIGATE,34
381,387,OBLIGATE,OBLIGATE,34
382,384,AUTHORIZE,AUTHORIZE,34
382,312,AUTHORIZE,AUTHORIZE,34
382,63,AUTHORIZE,AUTHORIZE,34
382,2844,OBLIGATE,OBLIGATE,447
382,198,OBLIGATE,OBLIGATE,447
382,177,REGULATE,REGULATE,503
382,13,REGULATE,REGULATE,503
382,236,REGULATE,REGULATE,503
383,382,AUTHORIZE,AUTHORIZE,34
383,384,identify,IDENTIFY,62
383,109,AUTHORIZE,AUTHORIZE,34
383,312,AUTHORIZE,AUTHORIZE,34
383,265,AUTHORIZE,AUTHORIZE,34
383,63,AUTHORIZE,AUTHORIZE,34
383,128,AUTHORIZE,AUTHORIZE,34
383,76,AUTHORIZE,AUTHORIZE,34
383,237,identify,IDENTIFY,62
384,312,AUTHORIZE,AUTHORIZE,34
384,63,AUTHORIZE,AUTHORIZE,34
384,621,OBLIGATE,OBLIGATE,319
384,622,OBLIGATE,OBLIGATE,319
384,198,SUPPORT,SUPPORT,66
384,13,OBLIGATE,OBLIGATE,317
385,350,OBLIGATE,OBLIGATE,34
385,386,OBLIGATE,OBLIGATE,34
385,387,OBLIGATE,OBLIGATE,34
386,350,plan,PLAN,787
386,34,affect,AFFECT,91
386,639,OBLIGATE,OBLIGATE,639
386,323,OBLIGATE,OBLIGATE,739
386,177,OBLIGATE,OBLIGATE,728
386,784,OBLIGATE,OBLIGATE,926
386,379,OBLIGATE,OBLIGATE,565
386,259,OBLIGATE,OBLIGATE,565
386,335,OBLIGATE,OBLIGATE,565
386,236,OBLIGATE,OBLIGATE,565
386,3471,incentivize,INCENTIVIZE,577
386,555,incentivize,INCENTIVIZE,577
386,80,DEVELOP,DEVELOP,589
386,364,provide,PROVIDE,632
386,1410,provide,PROVIDE,632
386,1328,provide,PROVIDE,632
386,402,OBLIGATE,OBLIGATE,639
386,481,OBLIGATE,OBLIGATE,728
386,485,plan,PLAN,787
386,83,plan,PLAN,787
386,327,DEVELOP,DEVELOP,907
387,237,OBLIGATE,OBLIGATE,34
387,350,OBLIGATE,OBLIGATE,34
387,386,OBLIGATE,OBLIGATE,34
388,389,OBLIGATE,OBLIGATE,35
388,40,OBLIGATE,OBLIGATE,35
388,390,OBLIGATE,OBLIGATE,35
388,392,REGULATE,REGULATE,35
388,393,REGULATE,REGULATE,35
388,121,include,INCLUDE,35
388,8,OBLIGATE,OBLIGATE,35
388,394,OBLIGATE,OBLIGATE,35
388,198,OBLIGATE,OBLIGATE,35
388,268,include,INCLUDE,35
388,395,include,INCLUDE,35
388,396,include,INCLUDE,35
389,40,OBLIGATE,OBLIGATE,644
390,389,OBLIGATE,OBLIGATE,35
390,40,OBLIGATE,OBLIGATE,35
391,388,OBLIGATE,OBLIGATE,35
391,52,OBLIGATE,OBLIGATE,35
392,40,AUTHORIZE,AUTHORIZE,644
392,37,emphasize,EMPHASIZE,258
392,1825,SUPPORT,SUPPORT,394
392,13,OBLIGATE,OBLIGATE,706
392,128,USE,USE,398
392,2640,OBLIGATE,OBLIGATE,399
392,1487,OBLIGATE,OBLIGATE,399
392,1313,OBLIGATE,OBLIGATE,399
392,363,SUPPORT,SUPPORT,436
392,58,compose,COMPOSE,506
392,25,compose,COMPOSE,506
392,54,compose,COMPOSE,506
392,291,OBLIGATE,OBLIGATE,556
392,6,OBLIGATE,OBLIGATE,607
392,2787,OBLIGATE,OBLIGATE,607
392,3624,OBLIGATE,OBLIGATE,607
392,1941,OBLIGATE,OBLIGATE,706
392,178,DEVELOP,DEVELOP,726
392,131,DEVELOP,DEVELOP,726
392,364,OBLIGATE,OBLIGATE,763
392,858,OBLIGATE,OBLIGATE,763
392,314,OBLIGATE,OBLIGATE,763
392,157,OBLIGATE,OBLIGATE,763
392,206,comprise,COMPRISE,913
392,26,comprise,COMPRISE,913
393,392,REGULATE,REGULATE,35
393,52,REGULATE,REGULATE,35
393,1148,OBLIGATE,OBLIGATE,127
393,67,OBLIGATE,OBLIGATE,127
393,549,OBLIGATE,OBLIGATE,152
393,2618,OBLIGATE,OBLIGATE,393
393,2122,OBLIGATE,OBLIGATE,456
393,363,OBLIGATE,OBLIGATE,673
393,295,OBLIGATE,OBLIGATE,673
393,130,OBLIGATE,OBLIGATE,673
394,121,OBLIGATE,OBLIGATE,35
394,8,OBLIGATE,OBLIGATE,35
394,198,OBLIGATE,OBLIGATE,35
395,121,OBLIGATE,OBLIGATE,885
395,268,include,INCLUDE,35
395,9,enact,ENACT,97
395,235,enact,ENACT,97
395,335,enact,ENACT,97
395,372,REGULATE,REGULATE,104
395,1163,OBLIGATE,OBLIGATE,232
395,109,OBLIGATE,OBLIGATE,232
395,860,OBLIGATE,OBLIGATE,756
395,350,OBLIGATE,OBLIGATE,258
395,320,meet,MEET,446
395,3312,DEVELOP,DEVELOP,536
395,1444,DEVELOP,DEVELOP,536
395,2,compose,COMPOSE,641
395,2938,compose,COMPOSE,641
395,379,compose,COMPOSE,641
395,422,OBLIGATE,OBLIGATE,756
395,195,OBLIGATE,OBLIGATE,756
395,639,OBLIGATE,OBLIGATE,885
395,701,identify,IDENTIFY,886
395,1364,identify,IDENTIFY,886
396,121,include,INCLUDE,35
396,268,include,INCLUDE,35
396,395,include,INCLUDE,35
396,467,include,INCLUDE,281
396,634,OBLIGATE,OBLIGATE,207
396,1059,oblige,OBLIGE,116
396,109,OBLIGATE,OBLIGATE,143
396,341,oblige,OBLIGE,116
396,80,oblige,OBLIGE,116
396,128,include,INCLUDE,281
396,235,RESTRICT,RESTRICT,902
396,646,OBLIGATE,OBLIGATE,143
396,1179,OBLIGATE,OBLIGATE,143
396,468,OBLIGATE,OBLIGATE,143
396,231,OBLIGATE,OBLIGATE,207
396,18,include,INCLUDE,281
396,1036,include,INCLUDE,281
396,639,include,INCLUDE,281
396,30,include,INCLUDE,281
396,37,include,INCLUDE,281
396,957,include,INCLUDE,281
396,220,OBLIGATE,OBLIGATE,498
396,70,OBLIGATE,OBLIGATE,498
396,34,OBLIGATE,OBLIGATE,498
396,195,OBLIGATE,OBLIGATE,498
396,442,DEVELOP,DEVELOP,498
396,21,DEVELOP,DEVELOP,498
396,131,SUPPORT,SUPPORT,697
396,858,oblige,OBLIGE,706
396,4024,oblige,OBLIGE,706
396,1169,include,INCLUDE,710
397,398,DEVELOP,DEVELOP,36
397,207,OBLIGATE,OBLIGATE,36
397,401,OBLIGATE,OBLIGATE,36
397,3,SUPPORT,SUPPORT,36
397,402,OBLIGATE,OBLIGATE,36
397,404,OBLIGATE,OBLIGATE,36
397,405,prioritize,PRIORITIZE,36
397,406,OBLIGATE,OBLIGATE,36
397,85,prioritize,PRIORITIZE,36
397,36,prioritize,PRIORITIZE,36
397,192,prioritize,PRIORITIZE,36
397,327,prioritize,PRIORITIZE,36
397,41,SUPPORT,SUPPORT,36
397,409,OBLIGATE,OBLIGATE,36
397,410,OBLIGATE,OBLIGATE,36
397,323,SUPPORT,SUPPORT,36
398,207,DEVELOP,DEVELOP,36
398,401,DEVELOP,DEVELOP,36
401,402,OBLIGATE,OBLIGATE,36
401,350,OBLIGATE,OBLIGATE,226
401,1230,OBLIGATE,OBLIGATE,174
401,26,OBLIGATE,OBLIGATE,602
401,198,OBLIGATE,OBLIGATE,604
401,3608,oblige,OBLIGE,604
401,323,OBLIGATE,OBLIGATE,604
401,2910,OBLIGATE,OBLIGATE,604
402,350,REPORT,REPORT,630
402,1410,OBLIGATE,OBLIGATE,566
402,185,REPORT,REPORT,630
403,401,OBLIGATE,OBLIGATE,36
403,402,OBLIGATE,OBLIGATE,36
403,1941,designate,DESIGNATE,384
403,328,designate,DESIGNATE,384
403,35,designate,DESIGNATE,384
403,2559,DEVELOP,DEVELOP,701
403,41,DEVELOP,DEVELOP,701
404,401,OBLIGATE,OBLIGATE,36
404,402,OBLIGATE,OBLIGATE,36
404,403,OBLIGATE,OBLIGATE,36
405,207,OBLIGATE,OBLIGATE,36
405,406,OBLIGATE,OBLIGATE,36
405,85,prioritize,PRIORITIZE,36
405,36,prioritize,PRIORITIZE,36
405,192,prioritize,PRIORITIZE,36
405,327,REGULATE,REGULATE,733
405,412,SUPPORT,SUPPORT,37
405,18,DEVELOP,DEVELOP,860
405,363,SUPPORT,SUPPORT,153
405,177,REGULATE,REGULATE,733
405,1320,SUPPORT,SUPPORT,153
405,1321,SUPPORT,SUPPORT,153
405,1322,SUPPORT,SUPPORT,153
405,3381,AUTHORIZE,AUTHORIZE,557
405,1593,AUTHORIZE,AUTHORIZE,557
405,1833,AUTHORIZE,AUTHORIZE,557
405,1826,AUTHORIZE,AUTHORIZE,557
405,3950,OBLIGATE,OBLIGATE,690
405,295,REGULATE,REGULATE,733
405,2630,OBLIGATE,OBLIGATE,690
405,3895,REGULATE,REGULATE,733
405,2783,REGULATE,REGULATE,733
405,140,REGULATE,REGULATE,733
405,1832,REGULATE,REGULATE,733
405,34,REGULATE,REGULATE,733
405,4126,REGULATE,REGULATE,733
405,318,REGULATE,REGULATE,733
405,40,REGULATE,REGULATE,733
405,3288,REGULATE,REGULATE,733
405,570,REGULATE,REGULATE,733
405,236,REGULATE,REGULATE,733
405,1835,REGULATE,REGULATE,733
405,69,DEVELOP,DEVELOP,860
406,207,OBLIGATE,OBLIGATE,36
406,403,OBLIGATE,OBLIGATE,36
407,1444,OBLIGATE,OBLIGATE,167
407,327,AUTHORIZE,AUTHORIZE,723
407,34,REGULATE,REGULATE,938
407,35,oblige,OBLIGE,921
407,166,oblige,OBLIGE,921
407,1654,OBLIGATE,OBLIGATE,921
407,1081,oblige,OBLIGE,921
407,1969,oblige,OBLIGE,921
407,892,OBLIGATE,OBLIGATE,921
407,109,OBLIGATE,OBLIGATE,921
407,4952,OBLIGATE,OBLIGATE,921
407,178,REGULATE,REGULATE,938
407,1618,REGULATE,REGULATE,938
408,1797,OBLIGATE,OBLIGATE,228
408,67,OBLIGATE,OBLIGATE,228
408,1140,OBLIGATE,OBLIGATE,228
409,3,OBLIGATE,OBLIGATE,36
410,409,OBLIGATE,OBLIGATE,36
410,2775,DEVELOP,DEVELOP,426
410,2583,DEVELOP,DEVELOP,426
410,2776,DEVELOP,DEVELOP,426
410,2777,DEVELOP,DEVELOP,426
410,131,amend,AMEND,780
410,337,amend,AMEND,780
410,1546,USE,USE,699
410,3999,USE,USE,699
410,1645,AUTHORIZE,AUTHORIZE,776
410,4302,AUTHORIZE,AUTHORIZE,776
410,299,amend,AMEND,780
411,199,OBLIGATE,OBLIGATE,37
411,3,enter,ENTER,37
411,295,OBLIGATE,OBLIGATE,37
411,405,SUPPORT,SUPPORT,37
411,412,SUPPORT,SUPPORT,37
411,363,enter,ENTER,37
411,359,OBLIGATE,OBLIGATE,37
411,360,OBLIGATE,OBLIGATE,37
411,413,OBLIGATE,OBLIGATE,37
411,361,AUTHORIZE,AUTHORIZE,37
411,414,AUTHORIZE,AUTHORIZE,37
411,415,AUTHORIZE,AUTHORIZE,37
411,416,SUPPORT,SUPPORT,37
411,63,OBLIGATE,OBLIGATE,37
411,276,OBLIGATE,OBLIGATE,37
411,417,OBLIGATE,OBLIGATE,37
411,418,enter,ENTER,37
411,365,enter,ENTER,37
411,419,AUTHORIZE,AUTHORIZE,37
412,644,OBLIGATE,OBLIGATE,197
412,1976,incorporate,INCORPORATE,265
412,96,OBLIGATE,OBLIGATE,359
412,109,OBLIGATE,OBLIGATE,360
413,360,OBLIGATE,OBLIGATE,37
413,2,OBLIGATE,OBLIGATE,37
413,2910,OBLIGATE,OBLIGATE,454
414,3,OBLIGATE,OBLIGATE,190
414,415,AUTHORIZE,AUTHORIZE,37
414,402,OBLIGATE,OBLIGATE,566
414,1410,OBLIGATE,OBLIGATE,566
414,3987,OBLIGATE,OBLIGATE,697
414,18,OBLIGATE,OBLIGATE,697
415,8,OBLIGATE,OBLIGATE,502
415,2976,contain,CONTAIN,466
415,2980,contain,CONTAIN,466
415,2982,contain,CONTAIN,466
415,3987,OBLIGATE,OBLIGATE,697
415,350,OBLIGATE,OBLIGATE,848
415,58,OBLIGATE,OBLIGATE,921
416,85,OBLIGATE,OBLIGATE,39
416,111,manipulate,MANIPULATE,145
416,1262,manipulate,MANIPULATE,145
416,1476,urge,URGE,216
416,1163,urge,URGE,216
416,50,urge,URGE,216
416,821,OBLIGATE,OBLIGATE,241
416,452,OBLIGATE,OBLIGATE,350
416,268,AUTHORIZE,AUTHORIZE,418
416,3134,incite,INCITE,499
416,3139,incite,INCITE,499
416,358,OBLIGATE,OBLIGATE,554
416,40,DEVELOP,DEVELOP,678
416,37,OBLIGATE,OBLIGATE,600
416,3333,OBLIGATE,OBLIGATE,691
416,207,OBLIGATE,OBLIGATE,717
416,195,OBLIGATE,OBLIGATE,717
416,1230,OBLIGATE,OBLIGATE,717
416,41,OBLIGATE,OBLIGATE,717
416,267,SUPPORT,SUPPORT,727
416,4440,REGULATE,REGULATE,811
416,249,AUTHORIZE,AUTHORIZE,906
416,102,AUTHORIZE,AUTHORIZE,906
417,63,OBLIGATE,OBLIGATE,37
417,276,OBLIGATE,OBLIGATE,37
417,328,OBLIGATE,OBLIGATE,632
417,364,OBLIGATE,OBLIGATE,632
417,402,OBLIGATE,OBLIGATE,632
417,131,OBLIGATE,OBLIGATE,674
417,200,OBLIGATE,OBLIGATE,674
417,358,OBLIGATE,OBLIGATE,674
418,3,demonstrate,DEMONSTRATE,737
418,363,enter,ENTER,37
418,291,DEVELOP,DEVELOP,577
418,133,specify,SPECIFY,312
418,358,OBLIGATE,OBLIGATE,571
418,416,OBLIGATE,OBLIGATE,554
418,647,DEVELOP,DEVELOP,564
418,905,DEVELOP,DEVELOP,564
418,320,DEVELOP,DEVELOP,564
418,210,DEVELOP,DEVELOP,564
418,1832,OBLIGATE,OBLIGATE,564
418,280,OBLIGATE,OBLIGATE,564
418,402,OBLIGATE,OBLIGATE,566
418,1410,OBLIGATE,OBLIGATE,566
418,414,OBLIGATE,OBLIGATE,566
418,50,OBLIGATE,OBLIGATE,571
418,3471,DEVELOP,DEVELOP,577
418,644,DEVELOP,DEVELOP,577
418,303,DEVELOP,DEVELOP,577
418,151,OBLIGATE,OBLIGATE,629
418,314,OBLIGATE,OBLIGATE,629
418,3119,OBLIGATE,OBLIGATE,629
418,235,OBLIGATE,OBLIGATE,629
418,67,OBLIGATE,OBLIGATE,730
418,273,demonstrate,DEMONSTRATE,737
418,1607,demonstrate,DEMONSTRATE,737
418,63,OBLIGATE,OBLIGATE,744
420,421,RESTRICT,RESTRICT,38
420,224,include,INCLUDE,38
420,423,deem,DEEM,38
420,341,OBLIGATE,OBLIGATE,38
420,424,DEVELOP,DEVELOP,38
420,220,AUTHORIZE,AUTHORIZE,38
420,373,AUTHORIZE,AUTHORIZE,38
420,425,AUTHORIZE,AUTHORIZE,38
420,76,AUTHORIZE,AUTHORIZE,38
420,427,invalidate,INVALIDATE,38
420,415,DEVELOP,DEVELOP,38
422,1087,impact,IMPACT,646
422,585,RESTRICT,RESTRICT,120
422,1092,RESTRICT,RESTRICT,120
422,131,USE,USE,938
422,314,specify,SPECIFY,874
422,485,OBLIGATE,OBLIGATE,256
422,335,include,INCLUDE,582
422,192,USE,USE,288
422,267,OBLIGATE,OBLIGATE,648
422,223,specify,SPECIFY,874
422,181,qualify,QUALIFY,406
422,634,specify,SPECIFY,874
422,2686,qualify,QUALIFY,406
422,202,demonstrate,DEMONSTRATE,409
422,613,AUTHORIZE,AUTHORIZE,503
422,322,AUTHORIZE,AUTHORIZE,503
422,319,EVALUATE,EVALUATE,516
422,328,OBLIGATE,OBLIGATE,592
422,320,aim,AIM,859
422,220,impact,IMPACT,646
422,340,OBLIGATE,OBLIGATE,520
422,386,AUTHORIZE,AUTHORIZE,568
422,2032,include,INCLUDE,582
422,784,OBLIGATE,OBLIGATE,592
422,1678,OBLIGATE,OBLIGATE,592
422,327,OBLIGATE,OBLIGATE,592
422,368,REGULATE,REGULATE,851
422,639,REGULATE,REGULATE,851
422,259,REGULATE,REGULATE,851
422,876,provide,PROVIDE,851
422,379,aim,AIM,859
422,53,specify,SPECIFY,874
422,76,specify,SPECIFY,874
424,8,DEVELOP,DEVELOP,38
424,415,DEVELOP,DEVELOP,38
425,220,AUTHORIZE,AUTHORIZE,626
425,373,AUTHORIZE,AUTHORIZE,38
425,109,AUTHORIZE,AUTHORIZE,499
425,187,AUTHORIZE,AUTHORIZE,626
425,3134,AUTHORIZE,AUTHORIZE,499
425,3707,AUTHORIZE,AUTHORIZE,626
425,327,AUTHORIZE,AUTHORIZE,626
426,420,invalidate,INVALIDATE,38
426,427,invalidate,INVALIDATE,38
426,373,recover,RECOVER,747
426,4199,recover,RECOVER,747
426,4200,recover,RECOVER,747
426,342,provide,PROVIDE,760
428,429,DEVELOP,DEVELOP,39
428,267,DEVELOP,DEVELOP,39
428,430,DEVELOP,DEVELOP,39
428,432,define,DEFINE,39
428,178,IMPLEMENT,IMPLEMENT,39
428,431,define,DEFINE,39
428,335,OBLIGATE,OBLIGATE,39
428,85,OBLIGATE,OBLIGATE,39
428,416,OBLIGATE,OBLIGATE,39
428,433,incorporate,INCORPORATE,39
428,13,OBLIGATE,OBLIGATE,39
428,434,OBLIGATE,OBLIGATE,39
428,52,OBLIGATE,OBLIGATE,39
428,255,OBLIGATE,OBLIGATE,39
428,435,define,DEFINE,39
430,267,advise,ADVISE,681
430,3923,advise,ADVISE,681
431,178,IMPLEMENT,IMPLEMENT,39
431,335,OBLIGATE,OBLIGATE,39
431,85,OBLIGATE,OBLIGATE,39
431,416,OBLIGATE,OBLIGATE,39
431,435,define,DEFINE,39
432,312,meet,MEET,50
432,828,OBLIGATE,OBLIGATE,262
432,225,OBLIGATE,OBLIGATE,271
432,622,OBLIGATE,OBLIGATE,294
432,452,retrofit,RETROFIT,347
434,13,OBLIGATE,OBLIGATE,39
434,52,OBLIGATE,OBLIGATE,39
434,255,OBLIGATE,OBLIGATE,39
436,178,identify,IDENTIFY,40
436,40,set,SET,40
436,52,set,SET,40
436,328,set,SET,40
436,438,OBLIGATE,OBLIGATE,40
436,3,OBLIGATE,OBLIGATE,40
436,439,OBLIGATE,OBLIGATE,40
436,440,OBLIGATE,OBLIGATE,40
436,441,OBLIGATE,OBLIGATE,40
436,442,identify,IDENTIFY,40
436,292,identify,IDENTIFY,40
436,18,OBLIGATE,OBLIGATE,40
436,443,OBLIGATE,OBLIGATE,40
436,444,OBLIGATE,OBLIGATE,40
437,313,OBLIGATE,OBLIGATE,503
437,177,OBLIGATE,OBLIGATE,503
438,439,OBLIGATE,OBLIGATE,40
438,2125,OBLIGATE,OBLIGATE,288
438,318,OBLIGATE,OBLIGATE,288
438,63,OBLIGATE,OBLIGATE,288
438,13,cover,COVER,437
438,350,OBLIGATE,OBLIGATE,288
438,2128,OBLIGATE,OBLIGATE,288
438,236,OBLIGATE,OBLIGATE,288
438,2130,OBLIGATE,OBLIGATE,288
438,320,DEVELOP,DEVELOP,437
438,2835,cover,COVER,437
438,2837,cover,COVER,437
438,146,cover,COVER,437
438,646,cover,COVER,437
438,925,OBLIGATE,OBLIGATE,885
439,3,OBLIGATE,OBLIGATE,40
440,438,OBLIGATE,OBLIGATE,40
440,3,EVALUATE,EVALUATE,505
440,439,prioritize,PRIORITIZE,678
441,438,OBLIGATE,OBLIGATE,40
441,3,OBLIGATE,OBLIGATE,40
441,439,OBLIGATE,OBLIGATE,40
441,440,OBLIGATE,OBLIGATE,40
442,178,identify,IDENTIFY,40
442,52,OBLIGATE,OBLIGATE,625
442,585,USE,USE,59
442,586,USE,USE,59
442,120,OBLIGATE,OBLIGATE,82
442,736,OBLIGATE,OBLIGATE,82
442,136,OBLIGATE,OBLIGATE,82
442,181,OBLIGATE,OBLIGATE,82
442,299,OBLIGATE,OBLIGATE,498
442,634,OBLIGATE,OBLIGATE,498
442,21,DEVELOP,DEVELOP,498
442,13,REGULATE,REGULATE,501
442,177,REGULATE,REGULATE,501
442,198,REGULATE,REGULATE,501
442,109,deem,DEEM,726
442,3707,OBLIGATE,OBLIGATE,626
442,320,DEVELOP,DEVELOP,626
442,1716,DEVELOP,DEVELOP,626
442,3708,OBLIGATE,OBLIGATE,626
442,1880,OBLIGATE,OBLIGATE,626
442,146,OBLIGATE,OBLIGATE,626
443,18,OBLIGATE,OBLIGATE,40
444,40,OBLIGATE,OBLIGATE,678
444,590,REPORT,REPORT,358
444,63,REPORT,REPORT,358
444,1140,OBLIGATE,OBLIGATE,344
444,13,REPORT,REPORT,358
444,96,REPORT,REPORT,358
444,265,OBLIGATE,OBLIGATE,678
446,454,DEVELOP,DEVELOP,128
447,2844,define,DEFINE,462
448,267,OBLIGATE,OBLIGATE,683
448,248,consider,CONSIDER,683
448,52,consider,CONSIDER,683
450,488,define,DEFINE,46
450,379,REPORT,REPORT,859
450,1948,OBLIGATE,OBLIGATE,250
450,2250,define,DEFINE,931
450,350,DEVELOP,DEVELOP,374
450,63,DEVELOP,DEVELOP,374
450,639,DEVELOP,DEVELOP,374
450,452,OBLIGATE,OBLIGATE,405
450,199,OBLIGATE,OBLIGATE,410
450,202,OBLIGATE,OBLIGATE,410
450,926,OBLIGATE,OBLIGATE,615
450,859,REPORT,REPORT,859
452,477,define,DEFINE,45
452,3,define,DEFINE,696
454,555,deem,DEEM,801
455,456,OBLIGATE,OBLIGATE,42
455,457,OBLIGATE,OBLIGATE,42
455,13,oblige,OBLIGE,42
455,458,address,ADDRESS,42
455,372,OBLIGATE,OBLIGATE,42
455,299,OBLIGATE,OBLIGATE,42
455,37,OBLIGATE,OBLIGATE,42
455,225,OBLIGATE,OBLIGATE,42
455,201,OBLIGATE,OBLIGATE,42
455,464,address,ADDRESS,42
455,85,address,ADDRESS,42
455,33,REGULATE,REGULATE,42
455,121,REGULATE,REGULATE,42
455,395,REGULATE,REGULATE,42
455,144,oblige,OBLIGE,42
455,63,oblige,OBLIGE,42
457,456,OBLIGATE,OBLIGATE,42
458,456,OBLIGATE,OBLIGATE,42
458,457,OBLIGATE,OBLIGATE,42
458,13,OBLIGATE,OBLIGATE,42
458,85,address,ADDRESS,42
464,458,address,ADDRESS,42
464,85,address,ADDRESS,42
464,923,OBLIGATE,OBLIGATE,193
464,535,OBLIGATE,OBLIGATE,193
464,1603,OBLIGATE,OBLIGATE,193
464,13,OBLIGATE,OBLIGATE,344
464,235,OBLIGATE,OBLIGATE,420
465,467,meet,MEET,43
465,320,meet,MEET,43
465,199,meet,MEET,43
465,103,meet,MEET,43
465,468,meet,MEET,43
465,278,meet,MEET,43
467,199,meet,MEET,43
467,166,OBLIGATE,OBLIGATE,80
467,549,propose,PROPOSE,133
467,198,provide,PROVIDE,514
467,18,include,INCLUDE,281
467,639,include,INCLUDE,281
467,735,USE,USE,285
467,157,USE,USE,285
467,257,OBLIGATE,OBLIGATE,328
467,5,OBLIGATE,OBLIGATE,328
467,876,OBLIGATE,OBLIGATE,328
467,121,insist,INSIST,497
467,3116,REPORT,REPORT,493
467,1105,REGULATE,REGULATE,497
467,337,inform,INFORM,823
467,185,reach,REACH,855
467,1451,OBLIGATE,OBLIGATE,856
468,320,DEVELOP,DEVELOP,750
468,199,DEVELOP,DEVELOP,239
468,103,welcome,WELCOME,881
468,235,consider,CONSIDER,839
468,813,EVALUATE,EVALUATE,86
468,268,EVALUATE,EVALUATE,86
468,926,OBLIGATE,OBLIGATE,98
468,121,REPORT,REPORT,862
468,185,OBLIGATE,OBLIGATE,112
468,1026,DEVELOP,DEVELOP,239
468,236,REPORT,REPORT,862
468,1038,introduce,INTRODUCE,113
468,101,introduce,INTRODUCE,113
468,192,EVALUATE,EVALUATE,124
468,335,DEVELOP,DEVELOP,865
468,1179,OBLIGATE,OBLIGATE,143
468,109,OBLIGATE,OBLIGATE,162
468,1307,IMPLEMENT,IMPLEMENT,471
468,1105,welcome,WELCOME,881
468,69,DEVELOP,DEVELOP,865
468,8,OBLIGATE,OBLIGATE,162
468,33,OBLIGATE,OBLIGATE,886
468,85,OBLIGATE,OBLIGATE,886
468,1485,commit,COMMIT,459
468,37,propose,PROPOSE,452
468,701,welcome,WELCOME,881
468,1486,OBLIGATE,OBLIGATE,478
468,1476,SUPPORT,SUPPORT,216
468,59,SUPPORT,SUPPORT,216
468,311,SUPPORT,SUPPORT,224
468,138,SUPPORT,SUPPORT,224
468,21,OBLIGATE,OBLIGATE,241
468,1891,OBLIGATE,OBLIGATE,241
468,148,DEVELOP,DEVELOP,246
468,259,recommend,RECOMMEND,880
468,1956,take,TAKE,251
468,1957,take,TAKE,251
468,1209,take,TAKE,251
468,1958,take,TAKE,251
468,1996,DEVELOP,DEVELOP,257
468,1618,DEVELOP,DEVELOP,257
468,2891,emphasize,EMPHASIZE,452
468,200,recommend,RECOMMEND,880
468,2599,articulate,ARTICULATE,493
468,198,provide,PROVIDE,514
468,1556,provide,PROVIDE,514
468,3608,OBLIGATE,OBLIGATE,604
468,379,OBLIGATE,OBLIGATE,604
468,498,DEVELOP,DEVELOP,750
468,1866,DEVELOP,DEVELOP,750
468,206,OBLIGATE,OBLIGATE,815
468,617,OBLIGATE,OBLIGATE,815
468,223,advise,ADVISE,836
468,15,SUPPORT,SUPPORT,872
468,639,SUPPORT,SUPPORT,872
468,1423,SUPPORT,SUPPORT,872
468,1487,prioritize,PRIORITIZE,879
468,1729,prioritize,PRIORITIZE,879
468,1046,welcome,WELCOME,881
468,233,OBLIGATE,OBLIGATE,886
471,3,OBLIGATE,OBLIGATE,598
475,2503,OBLIGATE,OBLIGATE,591
475,13,OBLIGATE,OBLIGATE,706
475,177,OBLIGATE,OBLIGATE,706
476,477,define,DEFINE,45
476,3,define,DEFINE,45
476,478,AUTHORIZE,AUTHORIZE,45
476,479,RESTRICT,RESTRICT,45
476,480,RESTRICT,RESTRICT,45
476,51,define,DEFINE,45
476,452,define,DEFINE,45
476,481,define,DEFINE,45
478,477,AUTHORIZE,AUTHORIZE,45
478,3,AUTHORIZE,AUTHORIZE,45
478,276,intend,INTEND,704
480,479,RESTRICT,RESTRICT,45
480,51,RESTRICT,RESTRICT,45
480,2307,REPORT,REPORT,530
480,1941,identify,IDENTIFY,530
480,688,identify,IDENTIFY,530
480,63,REPORT,REPORT,530
480,13,identify,IDENTIFY,530
480,85,identify,IDENTIFY,530
481,477,define,DEFINE,45
481,452,define,DEFINE,696
481,323,OBLIGATE,OBLIGATE,396
481,18,amend,AMEND,436
482,483,amend,AMEND,46
482,484,define,DEFINE,46
482,195,define,DEFINE,46
482,52,USE,USE,46
482,131,specify,SPECIFY,46
482,487,OBLIGATE,OBLIGATE,46
482,3,define,DEFINE,46
482,450,OBLIGATE,OBLIGATE,46
482,488,define,DEFINE,46
482,489,OBLIGATE,OBLIGATE,46
483,484,amend,AMEND,46
483,195,amend,AMEND,46
483,485,amend,AMEND,46
483,52,amend,AMEND,46
484,488,define,DEFINE,46
484,1087,RESTRICT,RESTRICT,120
484,199,EVALUATE,EVALUATE,405
484,1403,OBLIGATE,OBLIGATE,755
484,276,OBLIGATE,OBLIGATE,755
485,83,plan,PLAN,787
485,474,EVALUATE,EVALUATE,609
485,3555,EVALUATE,EVALUATE,609
485,268,EVALUATE,EVALUATE,609
485,63,EVALUATE,EVALUATE,609
485,3713,DEVELOP,DEVELOP,627
485,3715,OBLIGATE,OBLIGATE,627
486,13,oblige,OBLIGE,756
487,131,OBLIGATE,OBLIGATE,46
487,276,OBLIGATE,OBLIGATE,198
487,267,OBLIGATE,OBLIGATE,391
487,484,fail,FAIL,404
487,51,imply,IMPLY,470
487,109,alter,ALTER,470
487,869,alter,ALTER,470
487,3471,incentivize,INCENTIVIZE,577
487,555,incentivize,INCENTIVIZE,577
487,386,incentivize,INCENTIVIZE,577
488,3,define,DEFINE,46
489,485,OBLIGATE,OBLIGATE,46
489,450,OBLIGATE,OBLIGATE,46
491,644,amend,AMEND,521
491,3233,amend,AMEND,521
491,3,amend,AMEND,521
491,2,amend,AMEND,521
493,494,recognize,RECOGNIZE,48
493,495,recognize,RECOGNIZE,48
493,496,consider,CONSIDER,48
493,498,recommend,RECOMMEND,48
493,497,SUPPORT,SUPPORT,48
493,157,consider,CONSIDER,48
493,148,consider,CONSIDER,48
493,63,consider,CONSIDER,48
493,500,SUPPORT,SUPPORT,48
493,501,SUPPORT,SUPPORT,48
493,502,note,NOTE,48
493,52,note,NOTE,48
494,495,recognize,RECOGNIZE,48
494,496,lack,LACK,162
494,498,recognize,RECOGNIZE,48
494,797,lack,LACK,162
494,90,lack,LACK,162
495,496,recognize,RECOGNIZE,48
495,1167,OBLIGATE,OBLIGATE,130
495,1168,OBLIGATE,OBLIGATE,130
495,350,OBLIGATE,OBLIGATE,130
495,1396,USE,USE,162
495,85,OBLIGATE,OBLIGATE,240
495,166,AUTHORIZE,AUTHORIZE,163
495,18,launch,LAUNCH,183
495,67,provide,PROVIDE,183
495,34,provide,PROVIDE,183
495,644,OBLIGATE,OBLIGATE,197
495,412,OBLIGATE,OBLIGATE,197
495,185,opt,OPT,823
495,231,OBLIGATE,OBLIGATE,240
495,21,call,CALL,630
495,320,call,CALL,630
495,327,OBLIGATE,OBLIGATE,701
495,322,DEVELOP,DEVELOP,728
495,1958,DEVELOP,DEVELOP,728
495,337,opt,OPT,823
495,1709,opt,OPT,823
496,157,RESTRICT,RESTRICT,752
496,148,consider,CONSIDER,48
496,63,consider,CONSIDER,48
496,2806,fail,FAIL,432
496,85,RESTRICT,RESTRICT,752
497,496,reduce,REDUCE,48
497,498,SUPPORT,SUPPORT,48
497,501,SUPPORT,SUPPORT,48
498,779,subject,SUBJECT,81
498,323,OBLIGATE,OBLIGATE,827
498,328,subject,SUBJECT,81
498,121,dictate,DICTATE,158
498,236,dictate,DICTATE,158
498,131,dictate,DICTATE,158
498,3532,OBLIGATE,OBLIGATE,593
498,335,OBLIGATE,OBLIGATE,593
498,85,OBLIGATE,OBLIGATE,593
498,148,AUTHORIZE,AUTHORIZE,784
500,497,SUPPORT,SUPPORT,48
500,501,SUPPORT,SUPPORT,48
500,1220,SUPPORT,SUPPORT,138
500,379,SUPPORT,SUPPORT,138
503,63,offer,OFFER,49
503,2,DEVELOP,DEVELOP,49
503,504,DEVELOP,DEVELOP,49
503,505,propose,PROPOSE,49
503,105,propose,PROPOSE,49
503,506,OBLIGATE,OBLIGATE,49
503,507,OBLIGATE,OBLIGATE,49
503,181,OBLIGATE,OBLIGATE,49
503,508,suggest,SUGGEST,49
503,164,suggest,SUGGEST,49
503,512,offer,OFFER,49
503,513,offer,OFFER,49
503,514,offer,OFFER,49
504,63,DEVELOP,DEVELOP,49
504,2,DEVELOP,DEVELOP,49
504,886,RESTRICT,RESTRICT,121
504,157,RESTRICT,RESTRICT,932
504,148,RESTRICT,RESTRICT,121
504,4331,DEVELOP,DEVELOP,784
504,107,OBLIGATE,OBLIGATE,784
504,18,OBLIGATE,OBLIGATE,784
504,4993,RESTRICT,RESTRICT,932
506,507,OBLIGATE,OBLIGATE,49
506,181,OBLIGATE,OBLIGATE,49
507,181,OBLIGATE,OBLIGATE,49
507,886,constitute,CONSTITUTE,119
507,21,provide,PROVIDE,581
508,164,suggest,SUGGEST,49
508,273,provide,PROVIDE,529
508,18,provide,PROVIDE,529
508,3288,provide,PROVIDE,529
509,121,investigate,INVESTIGATE,850
509,8,OBLIGATE,OBLIGATE,168
509,164,investigate,INVESTIGATE,850
509,70,investigate,INVESTIGATE,850
509,379,investigate,INVESTIGATE,850
512,894,OBLIGATE,OBLIGATE,95
512,185,AUTHORIZE,AUTHORIZE,821
513,63,offer,OFFER,49
513,512,offer,OFFER,49
513,514,offer,OFFER,49
513,37,OBLIGATE,OBLIGATE,92
513,52,OBLIGATE,OBLIGATE,92
513,297,OBLIGATE,OBLIGATE,92
513,366,OBLIGATE,OBLIGATE,162
513,1163,OBLIGATE,OBLIGATE,162
513,33,OBLIGATE,OBLIGATE,162
513,131,OBLIGATE,OBLIGATE,162
513,401,clarify,CLARIFY,165
513,14,clarify,CLARIFY,165
514,63,offer,OFFER,49
514,512,offer,OFFER,49
514,138,SUPPORT,SUPPORT,883
514,926,OBLIGATE,OBLIGATE,170
514,335,IMPLEMENT,IMPLEMENT,847
514,37,SUPPORT,SUPPORT,185
514,146,SUPPORT,SUPPORT,185
514,1364,offer,OFFER,239
514,1444,OBLIGATE,OBLIGATE,536
514,1107,OBLIGATE,OBLIGATE,536
514,1941,OBLIGATE,OBLIGATE,715
514,4490,IMPLEMENT,IMPLEMENT,847
514,236,call,CALL,869
514,201,IMPLEMENT,IMPLEMENT,847
514,320,emphasize,EMPHASIZE,860
514,235,emphasize,EMPHASIZE,860
514,200,call,CALL,869
514,1026,call,CALL,869
515,516,AUTHORIZE,AUTHORIZE,50
515,318,AUTHORIZE,AUTHORIZE,50
515,432,RESTRICT,RESTRICT,50
515,517,AUTHORIZE,AUTHORIZE,50
515,518,AUTHORIZE,AUTHORIZE,50
515,312,meet,MEET,50
515,347,REGULATE,REGULATE,50
515,96,OBLIGATE,OBLIGATE,50
515,519,RESTRICT,RESTRICT,50
515,109,OBLIGATE,OBLIGATE,50
515,520,OBLIGATE,OBLIGATE,50
515,521,OBLIGATE,OBLIGATE,50
515,522,OBLIGATE,OBLIGATE,50
516,318,AUTHORIZE,AUTHORIZE,50
516,432,AUTHORIZE,AUTHORIZE,50
516,328,OBLIGATE,OBLIGATE,565
516,386,OBLIGATE,OBLIGATE,565
516,18,OBLIGATE,OBLIGATE,565
516,1314,OBLIGATE,OBLIGATE,565
516,1321,OBLIGATE,OBLIGATE,565
516,379,OBLIGATE,OBLIGATE,565
516,259,OBLIGATE,OBLIGATE,565
516,335,OBLIGATE,OBLIGATE,565
516,236,OBLIGATE,OBLIGATE,565
516,177,OBLIGATE,OBLIGATE,574
516,3427,form,FORM,636
516,3424,OBLIGATE,OBLIGATE,569
516,3428,define,DEFINE,658
516,575,OBLIGATE,OBLIGATE,574
516,3305,SUPPORT,SUPPORT,574
516,1293,SUPPORT,SUPPORT,574
516,237,form,FORM,636
516,3845,define,DEFINE,658
516,3759,define,DEFINE,658
516,40,define,DEFINE,658
516,3763,define,DEFINE,658
517,518,AUTHORIZE,AUTHORIZE,50
519,96,AUTHORIZE,AUTHORIZE,50
519,432,RESTRICT,RESTRICT,50
519,1544,OBLIGATE,OBLIGATE,286
519,76,codify,CODIFY,789
519,993,codify,CODIFY,789
520,109,OBLIGATE,OBLIGATE,50
520,521,OBLIGATE,OBLIGATE,50
520,1050,amend,AMEND,115
520,1051,amend,AMEND,115
520,1052,amend,AMEND,115
520,3,amend,AMEND,115
520,13,AUTHORIZE,AUTHORIZE,418
520,1108,AUTHORIZE,AUTHORIZE,122
520,186,AUTHORIZE,AUTHORIZE,122
520,236,AUTHORIZE,AUTHORIZE,122
520,2733,AUTHORIZE,AUTHORIZE,418
520,1444,OBLIGATE,OBLIGATE,461
520,1140,OBLIGATE,OBLIGATE,461
521,109,OBLIGATE,OBLIGATE,50
522,109,OBLIGATE,OBLIGATE,50
522,520,OBLIGATE,OBLIGATE,50
522,521,OBLIGATE,OBLIGATE,50
522,63,OBLIGATE,OBLIGATE,50
522,590,REPORT,REPORT,436
522,265,REPORT,REPORT,436
522,328,OBLIGATE,OBLIGATE,759
522,288,REPORT,REPORT,436
522,133,OBLIGATE,OBLIGATE,673
522,234,OBLIGATE,OBLIGATE,673
522,4245,OBLIGATE,OBLIGATE,759
523,350,OBLIGATE,OBLIGATE,661
523,292,OBLIGATE,OBLIGATE,51
523,255,OBLIGATE,OBLIGATE,661
523,524,enhance,ENHANCE,661
523,40,AUTHORIZE,AUTHORIZE,661
523,525,specify,SPECIFY,51
523,18,specify,SPECIFY,51
523,323,OBLIGATE,OBLIGATE,661
523,526,AUTHORIZE,AUTHORIZE,661
523,177,AUTHORIZE,AUTHORIZE,661
523,392,emphasize,EMPHASIZE,258
523,288,include,INCLUDE,661
523,528,OBLIGATE,OBLIGATE,51
523,529,OBLIGATE,OBLIGATE,661
523,121,EVALUATE,EVALUATE,661
523,860,OBLIGATE,OBLIGATE,258
523,395,OBLIGATE,OBLIGATE,258
523,807,OBLIGATE,OBLIGATE,661
523,109,OBLIGATE,OBLIGATE,258
523,2003,OBLIGATE,OBLIGATE,258
523,33,OBLIGATE,OBLIGATE,258
523,1654,OBLIGATE,OBLIGATE,258
523,2004,OBLIGATE,OBLIGATE,258
523,2005,OBLIGATE,OBLIGATE,258
523,301,emphasize,EMPHASIZE,258
523,37,emphasize,EMPHASIZE,258
523,2006,emphasize,EMPHASIZE,258
523,236,EVALUATE,EVALUATE,661
523,295,enhance,ENHANCE,661
523,1977,OBLIGATE,OBLIGATE,661
523,1976,specify,SPECIFY,661
523,274,specify,SPECIFY,661
524,177,AUTHORIZE,AUTHORIZE,51
524,236,enhance,ENHANCE,661
524,51,RESTRICT,RESTRICT,696
524,268,OBLIGATE,OBLIGATE,696
525,350,specify,SPECIFY,51
525,18,specify,SPECIFY,51
525,323,specify,SPECIFY,51
526,524,AUTHORIZE,AUTHORIZE,51
526,177,AUTHORIZE,AUTHORIZE,661
526,40,AUTHORIZE,AUTHORIZE,661
526,477,AUTHORIZE,AUTHORIZE,661
526,527,AUTHORIZE,AUTHORIZE,661
526,109,OBLIGATE,OBLIGATE,258
526,2003,OBLIGATE,OBLIGATE,258
526,33,OBLIGATE,OBLIGATE,258
528,477,OBLIGATE,OBLIGATE,51
528,288,OBLIGATE,OBLIGATE,51
528,529,OBLIGATE,OBLIGATE,51
529,524,OBLIGATE,OBLIGATE,661
529,477,OBLIGATE,OBLIGATE,51
529,288,OBLIGATE,OBLIGATE,51
529,350,OBLIGATE,OBLIGATE,661
529,807,OBLIGATE,OBLIGATE,661
529,255,OBLIGATE,OBLIGATE,661
530,40,OBLIGATE,OBLIGATE,52
530,224,OBLIGATE,OBLIGATE,52
530,534,EVALUATE,EVALUATE,52
530,535,EVALUATE,EVALUATE,52
530,536,EVALUATE,EVALUATE,52
530,537,EVALUATE,EVALUATE,52
530,538,EVALUATE,EVALUATE,52
530,131,EVALUATE,EVALUATE,52
530,481,EVALUATE,EVALUATE,52
530,539,OBLIGATE,OBLIGATE,52
530,50,OBLIGATE,OBLIGATE,52
532,40,OBLIGATE,OBLIGATE,691
532,52,address,ADDRESS,511
532,319,OBLIGATE,OBLIGATE,691
532,177,OBLIGATE,OBLIGATE,691
532,3958,OBLIGATE,OBLIGATE,691
532,575,OBLIGATE,OBLIGATE,691
532,358,OBLIGATE,OBLIGATE,691
532,3504,OBLIGATE,OBLIGATE,691
532,613,OBLIGATE,OBLIGATE,691
532,1597,OBLIGATE,OBLIGATE,691
532,3333,OBLIGATE,OBLIGATE,691
532,3334,OBLIGATE,OBLIGATE,691
532,416,OBLIGATE,OBLIGATE,691
532,1825,OBLIGATE,OBLIGATE,691
532,3720,OBLIGATE,OBLIGATE,691
534,535,EVALUATE,EVALUATE,52
534,536,EVALUATE,EVALUATE,52
534,537,EVALUATE,EVALUATE,52
535,536,EVALUATE,EVALUATE,52
535,923,OBLIGATE,OBLIGATE,193
535,728,SUPPORT,SUPPORT,206
535,617,SUPPORT,SUPPORT,206
535,1956,take,TAKE,251
535,1957,take,TAKE,251
535,468,take,TAKE,251
535,1209,take,TAKE,251
535,1958,take,TAKE,251
535,438,aim,AIM,288
535,2125,aim,AIM,288
535,268,OBLIGATE,OBLIGATE,291
535,347,OBLIGATE,OBLIGATE,291
535,450,OBLIGATE,OBLIGATE,291
535,297,OBLIGATE,OBLIGATE,291
535,298,OBLIGATE,OBLIGATE,291
535,6,OBLIGATE,OBLIGATE,291
535,225,OBLIGATE,OBLIGATE,313
535,178,OBLIGATE,OBLIGATE,331
535,957,OBLIGATE,OBLIGATE,331
535,318,OBLIGATE,OBLIGATE,331
535,131,enhance,ENHANCE,783
535,148,OBLIGATE,OBLIGATE,431
535,1106,OBLIGATE,OBLIGATE,431
535,1111,DEVELOP,DEVELOP,568
535,644,DEVELOP,DEVELOP,568
535,177,OBLIGATE,OBLIGATE,691
535,532,OBLIGATE,OBLIGATE,691
535,358,enhance,ENHANCE,783
535,1901,enhance,ENHANCE,783
535,320,incorporate,INCORPORATE,828
535,4536,incorporate,INCORPORATE,828
535,4537,incorporate,INCORPORATE,828
535,4538,incorporate,INCORPORATE,828
535,199,incorporate,INCORPORATE,828
535,3119,SUPPORT,SUPPORT,863
535,1341,SUPPORT,SUPPORT,863
535,103,SUPPORT,SUPPORT,863
535,1891,SUPPORT,SUPPORT,863
536,328,incorporate,INCORPORATE,764
536,131,incorporate,INCORPORATE,764
537,535,EVALUATE,EVALUATE,52
537,536,EVALUATE,EVALUATE,52
538,532,EVALUATE,EVALUATE,52
538,131,EVALUATE,EVALUATE,52
538,481,EVALUATE,EVALUATE,52
539,50,OBLIGATE,OBLIGATE,52
539,543,COORDINATE,COORDINATE,54
539,3,COORDINATE,COORDINATE,54
539,52,COORDINATE,COORDINATE,54
539,13,OBLIGATE,OBLIGATE,351
539,311,OBLIGATE,OBLIGATE,317
539,2273,OBLIGATE,OBLIGATE,317
539,384,OBLIGATE,OBLIGATE,317
539,267,OBLIGATE,OBLIGATE,356
539,350,REPORT,REPORT,356
539,133,hire,HIRE,356
539,288,hire,HIRE,356
539,340,hire,HIRE,356
539,2426,OBLIGATE,OBLIGATE,356
539,644,OBLIGATE,OBLIGATE,521
539,278,OBLIGATE,OBLIGATE,521
539,37,OBLIGATE,OBLIGATE,650
539,3812,OBLIGATE,OBLIGATE,650
539,809,OBLIGATE,OBLIGATE,650
540,40,OBLIGATE,OBLIGATE,53
540,255,OBLIGATE,OBLIGATE,53
540,542,OBLIGATE,OBLIGATE,53
541,187,make,MAKE,745
541,4181,make,MAKE,745
541,195,make,MAKE,745
541,248,make,MAKE,745
541,4182,make,MAKE,745
542,40,OBLIGATE,OBLIGATE,53
543,3,OBLIGATE,OBLIGATE,54
543,545,reduce,REDUCE,724
543,63,OBLIGATE,OBLIGATE,724
544,543,extend,EXTEND,724
544,178,extend,EXTEND,724
545,659,OBLIGATE,OBLIGATE,69
545,257,OBLIGATE,OBLIGATE,264
546,543,reduce,REDUCE,724
546,545,reduce,REDUCE,724
547,548,designate,DESIGNATE,55
547,549,AUTHORIZE,AUTHORIZE,55
547,550,AUTHORIZE,AUTHORIZE,55
547,273,AUTHORIZE,AUTHORIZE,55
547,551,AUTHORIZE,AUTHORIZE,55
547,552,request,REQUEST,55
547,553,request,REQUEST,55
547,554,request,REQUEST,55
547,555,AUTHORIZE,AUTHORIZE,55
547,291,AUTHORIZE,AUTHORIZE,55
547,556,AUTHORIZE,AUTHORIZE,55
548,549,AUTHORIZE,AUTHORIZE,55
548,550,AUTHORIZE,AUTHORIZE,55
548,323,designate,DESIGNATE,55
548,13,OBLIGATE,OBLIGATE,362
548,1863,include,INCLUDE,412
548,607,include,INCLUDE,412
548,2307,include,INCLUDE,412
548,271,DEVELOP,DEVELOP,645
548,3424,DEVELOP,DEVELOP,645
549,859,emphasize,EMPHASIZE,141
549,199,SUPPORT,SUPPORT,493
549,4904,urge,URGE,910
550,549,AUTHORIZE,AUTHORIZE,55
550,1538,plan,PLAN,182
550,85,OBLIGATE,OBLIGATE,533
550,328,DEVELOP,DEVELOP,191
550,318,EVALUATE,EVALUATE,191
550,201,grade,GRADE,260
550,350,DEVELOP,DEVELOP,374
550,63,DEVELOP,DEVELOP,374
550,639,DEVELOP,DEVELOP,374
550,2497,DEVELOP,DEVELOP,374
550,450,OBLIGATE,OBLIGATE,615
550,335,REPORT,REPORT,703
550,859,OBLIGATE,OBLIGATE,533
550,1169,OBLIGATE,OBLIGATE,533
550,1107,OBLIGATE,OBLIGATE,533
550,926,OBLIGATE,OBLIGATE,615
550,4010,REPORT,REPORT,703
550,1825,DEVELOP,DEVELOP,709
550,644,OBLIGATE,OBLIGATE,717
550,33,OBLIGATE,OBLIGATE,717
550,267,OBLIGATE,OBLIGATE,717
550,131,OBLIGATE,OBLIGATE,744
550,2291,OBLIGATE,OBLIGATE,744
550,81,AUTHORIZE,AUTHORIZE,838
551,3,AUTHORIZE,AUTHORIZE,55
551,323,AUTHORIZE,AUTHORIZE,55
551,52,AUTHORIZE,AUTHORIZE,55
552,553,request,REQUEST,55
552,554,request,REQUEST,55
553,554,request,REQUEST,55
554,3,request,REQUEST,55
554,52,request,REQUEST,55
554,18,OBLIGATE,OBLIGATE,278
554,1314,OBLIGATE,OBLIGATE,278
554,450,OBLIGATE,OBLIGATE,278
554,2081,OBLIGATE,OBLIGATE,278
554,580,oblige,OBLIGE,670
555,3358,OBLIGATE,OBLIGATE,548
556,555,AUTHORIZE,AUTHORIZE,55
556,291,AUTHORIZE,AUTHORIZE,55
556,1662,OBLIGATE,OBLIGATE,591
556,675,OBLIGATE,OBLIGATE,591
556,3119,OBLIGATE,OBLIGATE,870
556,33,OBLIGATE,OBLIGATE,888
557,558,provide,PROVIDE,56
557,550,AUTHORIZE,AUTHORIZE,56
557,3,REGULATE,REGULATE,56
557,548,AUTHORIZE,AUTHORIZE,56
557,560,designate,DESIGNATE,56
557,561,provide,PROVIDE,56
557,323,designate,DESIGNATE,56
557,52,REGULATE,REGULATE,56
557,328,include,INCLUDE,56
557,562,OBLIGATE,OBLIGATE,56
557,563,SUPPORT,SUPPORT,56
557,564,COORDINATE,COORDINATE,56
557,366,COORDINATE,COORDINATE,56
557,555,include,INCLUDE,56
557,565,include,INCLUDE,56
557,273,REGULATE,REGULATE,56
558,550,AUTHORIZE,AUTHORIZE,56
558,561,provide,PROVIDE,56
560,3,OBLIGATE,OBLIGATE,193
560,323,designate,DESIGNATE,56
560,52,designate,DESIGNATE,56
560,288,REGULATE,REGULATE,159
560,1601,OBLIGATE,OBLIGATE,193
560,267,OBLIGATE,OBLIGATE,193
560,2747,DEVELOP,DEVELOP,420
560,1336,DEVELOP,DEVELOP,420
560,1844,DEVELOP,DEVELOP,420
560,2748,DEVELOP,DEVELOP,420
560,954,AUTHORIZE,AUTHORIZE,749
562,3,OBLIGATE,OBLIGATE,56
562,52,OBLIGATE,OBLIGATE,56
562,487,OBLIGATE,OBLIGATE,198
562,276,OBLIGATE,OBLIGATE,198
564,366,COORDINATE,COORDINATE,56
565,328,include,INCLUDE,56
565,555,include,INCLUDE,56
565,195,SUPPORT,SUPPORT,89
565,138,SUPPORT,SUPPORT,89
565,34,SUPPORT,SUPPORT,89
565,131,emphasize,EMPHASIZE,728
565,121,emphasize,EMPHASIZE,728
566,567,AUTHORIZE,AUTHORIZE,57
566,485,AUTHORIZE,AUTHORIZE,57
566,267,oblige,OBLIGE,57
566,545,OBLIGATE,OBLIGATE,57
566,568,OBLIGATE,OBLIGATE,57
566,569,OBLIGATE,OBLIGATE,57
566,192,OBLIGATE,OBLIGATE,57
566,570,oblige,OBLIGE,57
566,571,oblige,OBLIGE,57
566,572,AUTHORIZE,AUTHORIZE,57
566,573,AUTHORIZE,AUTHORIZE,57
566,560,AUTHORIZE,AUTHORIZE,57
567,62,OBLIGATE,OBLIGATE,273
568,267,OBLIGATE,OBLIGATE,57
568,545,OBLIGATE,OBLIGATE,57
568,646,OBLIGATE,OBLIGATE,767
568,2,OBLIGATE,OBLIGATE,767
569,267,OBLIGATE,OBLIGATE,57
569,545,OBLIGATE,OBLIGATE,57
569,568,OBLIGATE,OBLIGATE,57
570,267,oblige,OBLIGE,727
570,571,OBLIGATE,OBLIGATE,756
570,319,OBLIGATE,OBLIGATE,518
570,328,oblige,OBLIGE,727
570,432,REPORT,REPORT,301
570,40,REGULATE,REGULATE,733
570,109,OBLIGATE,OBLIGATE,425
570,178,OBLIGATE,OBLIGATE,726
570,1880,OBLIGATE,OBLIGATE,429
570,2825,OBLIGATE,OBLIGATE,435
570,466,OBLIGATE,OBLIGATE,518
570,2,OBLIGATE,OBLIGATE,435
570,30,OBLIGATE,OBLIGATE,495
570,21,OBLIGATE,OBLIGATE,495
570,63,OBLIGATE,OBLIGATE,790
570,121,OBLIGATE,OBLIGATE,509
570,235,OBLIGATE,OBLIGATE,514
570,37,OBLIGATE,OBLIGATE,588
570,42,OBLIGATE,OBLIGATE,514
570,3195,OBLIGATE,OBLIGATE,514
570,33,OBLIGATE,OBLIGATE,518
570,1941,OBLIGATE,OBLIGATE,518
570,62,OBLIGATE,OBLIGATE,668
570,1140,OBLIGATE,OBLIGATE,528
570,177,REGULATE,REGULATE,733
570,481,EVALUATE,EVALUATE,572
570,3532,OBLIGATE,OBLIGATE,593
570,3533,OBLIGATE,OBLIGATE,593
570,498,OBLIGATE,OBLIGATE,593
570,335,OBLIGATE,OBLIGATE,593
570,3607,OBLIGATE,OBLIGATE,604
570,2503,OBLIGATE,OBLIGATE,624
570,276,OBLIGATE,OBLIGATE,668
570,279,OBLIGATE,OBLIGATE,668
570,981,OBLIGATE,OBLIGATE,689
570,993,OBLIGATE,OBLIGATE,689
570,984,OBLIGATE,OBLIGATE,689
570,919,OBLIGATE,OBLIGATE,714
570,1139,OBLIGATE,OBLIGATE,721
570,220,OBLIGATE,OBLIGATE,726
570,140,REGULATE,REGULATE,733
570,1832,REGULATE,REGULATE,733
570,295,REGULATE,REGULATE,733
570,34,REGULATE,REGULATE,733
570,4126,REGULATE,REGULATE,733
570,318,REGULATE,REGULATE,733
570,3288,REGULATE,REGULATE,733
570,327,REGULATE,REGULATE,733
570,236,REGULATE,REGULATE,733
570,1835,REGULATE,REGULATE,733
570,4158,OBLIGATE,OBLIGATE,740
570,195,OBLIGATE,OBLIGATE,756
571,267,oblige,OBLIGE,57
571,138,DEVELOP,DEVELOP,158
571,131,DEVELOP,DEVELOP,158
571,333,OBLIGATE,OBLIGATE,242
571,195,OBLIGATE,OBLIGATE,756
572,560,AUTHORIZE,AUTHORIZE,57
573,572,AUTHORIZE,AUTHORIZE,57
573,560,AUTHORIZE,AUTHORIZE,57
574,13,OBLIGATE,OBLIGATE,58
574,522,OBLIGATE,OBLIGATE,58
574,577,seek,SEEK,58
574,578,aim,AIM,58
574,579,aim,AIM,58
574,580,aim,AIM,58
577,735,USE,USE,285
577,157,USE,USE,285
577,467,USE,USE,285
578,580,aim,AIM,58
578,2825,OBLIGATE,OBLIGATE,435
578,466,OBLIGATE,OBLIGATE,435
578,2,OBLIGATE,OBLIGATE,435
578,570,OBLIGATE,OBLIGATE,435
579,578,aim,AIM,58
579,580,aim,AIM,58
580,3,SUPPORT,SUPPORT,868
580,432,OBLIGATE,OBLIGATE,262
580,131,SUPPORT,SUPPORT,868
580,828,OBLIGATE,OBLIGATE,262
580,63,detail,DETAIL,383
580,327,detail,DETAIL,383
580,288,USE,USE,451
580,56,USE,USE,451
580,76,DEVELOP,DEVELOP,464
580,78,DEVELOP,DEVELOP,464
580,79,DEVELOP,DEVELOP,464
580,198,OBLIGATE,OBLIGATE,670
580,1107,OBLIGATE,OBLIGATE,670
580,320,OBLIGATE,OBLIGATE,670
580,52,OBLIGATE,OBLIGATE,696
580,4397,acknowledge,ACKNOWLEDGE,803
580,4398,acknowledge,ACKNOWLEDGE,803
580,3008,acknowledge,ACKNOWLEDGE,803
580,4399,acknowledge,ACKNOWLEDGE,803
580,1042,acknowledge,ACKNOWLEDGE,803
580,1108,acknowledge,ACKNOWLEDGE,803
580,3095,acknowledge,ACKNOWLEDGE,803
580,1163,acknowledge,ACKNOWLEDGE,803
581,442,cover,COVER,59
581,583,RESTRICT,RESTRICT,59
581,584,cover,COVER,59
581,585,USE,USE,59
581,586,USE,USE,59
581,587,cover,COVER,59
582,581,RESTRICT,RESTRICT,59
582,442,RESTRICT,RESTRICT,59
582,583,RESTRICT,RESTRICT,59
582,584,RESTRICT,RESTRICT,59
582,585,RESTRICT,RESTRICT,59
582,586,RESTRICT,RESTRICT,59
583,442,RESTRICT,RESTRICT,59
583,584,RESTRICT,RESTRICT,59
584,442,cover,COVER,59
584,587,cover,COVER,59
585,3,rely,RELY,280
587,442,cover,COVER,59
587,1059,oblige,OBLIGE,116
587,120,oblige,OBLIGE,120
587,1064,oblige,OBLIGE,116
587,109,oblige,OBLIGE,116
587,1086,oblige,OBLIGE,120
587,1087,oblige,OBLIGE,120
587,131,oblige,OBLIGE,120
588,589,AUTHORIZE,AUTHORIZE,60
588,590,AUTHORIZE,AUTHORIZE,60
588,177,AUTHORIZE,AUTHORIZE,60
588,286,OBLIGATE,OBLIGATE,60
588,278,OBLIGATE,OBLIGATE,60
588,13,designate,DESIGNATE,60
588,591,REPORT,REPORT,60
588,592,designate,DESIGNATE,60
588,328,AUTHORIZE,AUTHORIZE,60
588,312,AUTHORIZE,AUTHORIZE,60
590,267,OBLIGATE,OBLIGATE,104
590,1620,OBLIGATE,OBLIGATE,196
590,265,REPORT,REPORT,436
590,63,detail,DETAIL,383
590,1192,charge,CHARGE,237
590,806,OBLIGATE,OBLIGATE,315
590,37,OBLIGATE,OBLIGATE,315
590,26,OBLIGATE,OBLIGATE,315
590,2350,OBLIGATE,OBLIGATE,337
590,828,DEVELOP,DEVELOP,364
590,1140,OBLIGATE,OBLIGATE,344
590,570,include,INCLUDE,352
590,2408,OBLIGATE,OBLIGATE,352
590,876,OBLIGATE,OBLIGATE,354
590,639,DEVELOP,DEVELOP,374
590,350,DEVELOP,DEVELOP,374
590,35,OBLIGATE,OBLIGATE,361
590,2496,DEVELOP,DEVELOP,374
590,2497,DEVELOP,DEVELOP,374
590,450,DEVELOP,DEVELOP,374
590,550,DEVELOP,DEVELOP,374
590,2030,DEVELOP,DEVELOP,374
590,2498,DEVELOP,DEVELOP,374
590,580,detail,DETAIL,383
590,327,OBLIGATE,OBLIGATE,592
590,2549,detail,DETAIL,383
590,2550,detail,DETAIL,383
590,2552,detail,DETAIL,383
590,777,OBLIGATE,OBLIGATE,395
590,2623,OBLIGATE,OBLIGATE,395
590,288,REPORT,REPORT,436
590,103,OBLIGATE,OBLIGATE,587
590,2236,OBLIGATE,OBLIGATE,587
590,3558,OBLIGATE,OBLIGATE,592
590,422,OBLIGATE,OBLIGATE,592
590,784,OBLIGATE,OBLIGATE,592
590,3559,OBLIGATE,OBLIGATE,592
590,1678,OBLIGATE,OBLIGATE,592
590,2378,OBLIGATE,OBLIGATE,592
590,3560,OBLIGATE,OBLIGATE,592
590,363,OBLIGATE,OBLIGATE,592
591,13,REPORT,REPORT,60
591,131,OBLIGATE,OBLIGATE,79
591,728,OBLIGATE,OBLIGATE,882
591,85,OBLIGATE,OBLIGATE,79
591,933,OBLIGATE,OBLIGATE,99
591,934,OBLIGATE,OBLIGATE,99
591,234,provide,PROVIDE,529
591,3282,provide,PROVIDE,529
591,1579,provide,PROVIDE,529
591,273,provide,PROVIDE,529
591,508,provide,PROVIDE,529
591,18,provide,PROVIDE,529
591,3288,provide,PROVIDE,529
591,335,OBLIGATE,OBLIGATE,882
591,1557,OBLIGATE,OBLIGATE,882
591,109,OBLIGATE,OBLIGATE,882
592,13,designate,DESIGNATE,60
593,549,AUTHORIZE,AUTHORIZE,61
593,594,AUTHORIZE,AUTHORIZE,61
593,595,set,SET,61
593,597,designate,DESIGNATE,61
593,40,designate,DESIGNATE,61
593,599,AUTHORIZE,AUTHORIZE,61
594,549,AUTHORIZE,AUTHORIZE,61
597,40,designate,DESIGNATE,61
599,596,AUTHORIZE,AUTHORIZE,61
600,385,OBLIGATE,OBLIGATE,62
600,383,identify,IDENTIFY,62
600,601,OBLIGATE,OBLIGATE,62
600,237,meet,MEET,62
600,602,include,INCLUDE,62
600,384,identify,IDENTIFY,62
600,603,meet,MEET,62
600,267,OBLIGATE,OBLIGATE,62
600,13,OBLIGATE,OBLIGATE,62
600,263,OBLIGATE,OBLIGATE,62
601,383,OBLIGATE,OBLIGATE,62
603,237,meet,MEET,62
604,605,accelerate,ACCELERATE,63
604,606,accelerate,ACCELERATE,63
604,607,accelerate,ACCELERATE,63
604,267,OBLIGATE,OBLIGATE,63
604,288,OBLIGATE,OBLIGATE,63
605,606,accelerate,ACCELERATE,63
605,607,accelerate,ACCELERATE,63
606,607,accelerate,ACCELERATE,63
607,1863,include,INCLUDE,412
607,3,SUPPORT,SUPPORT,830
608,140,AUTHORIZE,AUTHORIZE,64
608,198,AUTHORIZE,AUTHORIZE,64
608,609,AUTHORIZE,AUTHORIZE,64
608,610,AUTHORIZE,AUTHORIZE,64
608,611,AUTHORIZE,AUTHORIZE,64
609,140,AUTHORIZE,AUTHORIZE,64
609,610,AUTHORIZE,AUTHORIZE,64
609,580,USE,USE,670
610,140,AUTHORIZE,AUTHORIZE,64
610,198,AUTHORIZE,AUTHORIZE,64
611,140,AUTHORIZE,AUTHORIZE,64
611,198,AUTHORIZE,AUTHORIZE,64
611,609,AUTHORIZE,AUTHORIZE,64
611,610,AUTHORIZE,AUTHORIZE,64
612,63,OBLIGATE,OBLIGATE,65
612,613,strengthen,STRENGTHEN,65
612,614,undermine,UNDERMINE,65
612,33,undermine,UNDERMINE,65
612,615,undermine,UNDERMINE,65
612,616,undermine,UNDERMINE,65
612,617,undermine,UNDERMINE,65
612,618,undermine,UNDERMINE,65
612,619,OBLIGATE,OBLIGATE,65
612,62,OBLIGATE,OBLIGATE,65
613,358,conduct,CONDUCT,233
613,199,include,INCLUDE,288
613,322,AUTHORIZE,AUTHORIZE,503
613,3504,OBLIGATE,OBLIGATE,691
614,33,undermine,UNDERMINE,65
614,617,undermine,UNDERMINE,65
614,276,DEVELOP,DEVELOP,720
614,52,DEVELOP,DEVELOP,720
615,614,undermine,UNDERMINE,65
615,33,undermine,UNDERMINE,65
615,617,undermine,UNDERMINE,65
616,614,undermine,UNDERMINE,65
616,33,undermine,UNDERMINE,65
616,615,undermine,UNDERMINE,65
616,617,undermine,UNDERMINE,65
616,618,undermine,UNDERMINE,65
617,33,undermine,UNDERMINE,65
617,622,include,INCLUDE,72
617,327,DEVELOP,DEVELOP,135
617,323,DEVELOP,DEVELOP,135
617,199,OBLIGATE,OBLIGATE,410
617,613,include,INCLUDE,288
617,311,include,INCLUDE,288
617,314,OBLIGATE,OBLIGATE,330
617,84,OBLIGATE,OBLIGATE,402
617,319,OBLIGATE,OBLIGATE,516
617,177,SUPPORT,SUPPORT,574
617,236,SUPPORT,SUPPORT,574
617,21,DEVELOP,DEVELOP,705
617,235,DEVELOP,DEVELOP,705
617,930,DEVELOP,DEVELOP,705
617,138,DEVELOP,DEVELOP,705
617,206,OBLIGATE,OBLIGATE,815
617,85,OBLIGATE,OBLIGATE,815
618,248,undermine,UNDERMINE,65
618,614,undermine,UNDERMINE,65
618,33,undermine,UNDERMINE,65
618,615,undermine,UNDERMINE,65
618,617,undermine,UNDERMINE,65
619,62,OBLIGATE,OBLIGATE,65
619,736,OBLIGATE,OBLIGATE,845
619,53,OBLIGATE,OBLIGATE,844
619,120,OBLIGATE,OBLIGATE,844
619,4620,OBLIGATE,OBLIGATE,845
619,3,OBLIGATE,OBLIGATE,845
619,340,OBLIGATE,OBLIGATE,845
619,4506,impact,IMPACT,857
620,262,OBLIGATE,OBLIGATE,66
620,621,SUPPORT,SUPPORT,66
620,622,SUPPORT,SUPPORT,66
620,384,SUPPORT,SUPPORT,66
620,255,OBLIGATE,OBLIGATE,66
620,40,OBLIGATE,OBLIGATE,66
620,198,SUPPORT,SUPPORT,66
620,609,OBLIGATE,OBLIGATE,66
620,623,OBLIGATE,OBLIGATE,66
620,624,OBLIGATE,OBLIGATE,66
620,625,OBLIGATE,OBLIGATE,66
620,626,OBLIGATE,OBLIGATE,66
622,621,OBLIGATE,OBLIGATE,319
623,255,OBLIGATE,OBLIGATE,66
623,40,OBLIGATE,OBLIGATE,66
623,624,OBLIGATE,OBLIGATE,66
623,625,OBLIGATE,OBLIGATE,66
623,626,OBLIGATE,OBLIGATE,66
623,2145,OBLIGATE,OBLIGATE,291
623,826,OBLIGATE,OBLIGATE,291
623,13,OBLIGATE,OBLIGATE,291
623,2146,OBLIGATE,OBLIGATE,291
624,40,OBLIGATE,OBLIGATE,66
624,327,OBLIGATE,OBLIGATE,548
624,555,OBLIGATE,OBLIGATE,548
624,3357,OBLIGATE,OBLIGATE,548
624,3358,OBLIGATE,OBLIGATE,548
624,198,OBLIGATE,OBLIGATE,670
624,580,OBLIGATE,OBLIGATE,670
625,40,OBLIGATE,OBLIGATE,66
625,624,OBLIGATE,OBLIGATE,66
625,580,OBLIGATE,OBLIGATE,670
625,1107,OBLIGATE,OBLIGATE,670
625,320,OBLIGATE,OBLIGATE,670
625,347,OBLIGATE,OBLIGATE,707
625,6,OBLIGATE,OBLIGATE,707
626,255,OBLIGATE,OBLIGATE,66
626,40,OBLIGATE,OBLIGATE,66
626,624,OBLIGATE,OBLIGATE,66
626,625,OBLIGATE,OBLIGATE,66
627,235,RESTRICT,RESTRICT,67
627,629,produce,PRODUCE,67
627,3,produce,PRODUCE,67
627,120,RESTRICT,RESTRICT,67
627,630,RESTRICT,RESTRICT,67
627,631,DEVELOP,DEVELOP,67
627,632,DEVELOP,DEVELOP,67
627,633,DEVELOP,DEVELOP,67
627,81,RESTRICT,RESTRICT,67
627,146,OBLIGATE,OBLIGATE,67
627,634,OBLIGATE,OBLIGATE,67
627,59,OBLIGATE,OBLIGATE,67
627,635,OBLIGATE,OBLIGATE,67
627,80,OBLIGATE,OBLIGATE,67
627,109,OBLIGATE,OBLIGATE,67
627,636,RESTRICT,RESTRICT,67
627,148,RESTRICT,RESTRICT,67
627,637,produce,PRODUCE,67
627,121,produce,PRODUCE,67
630,235,commit,COMMIT,801
630,120,RESTRICT,RESTRICT,845
630,3,RESTRICT,RESTRICT,845
630,1059,cause,CAUSE,116
630,1062,cause,CAUSE,116
630,80,commit,COMMIT,801
630,877,OBLIGATE,OBLIGATE,211
630,299,OBLIGATE,OBLIGATE,211
630,21,OBLIGATE,OBLIGATE,424
630,335,OBLIGATE,OBLIGATE,424
630,236,OBLIGATE,OBLIGATE,799
630,121,OBLIGATE,OBLIGATE,799
630,2771,OBLIGATE,OBLIGATE,424
630,585,discriminate,DISCRIMINATE,753
630,4391,commit,COMMIT,801
630,181,commit,COMMIT,801
630,4392,commit,COMMIT,801
630,736,RESTRICT,RESTRICT,845
631,632,DEVELOP,DEVELOP,67
631,633,DEVELOP,DEVELOP,67
631,908,DEVELOP,DEVELOP,97
631,235,DEVELOP,DEVELOP,97
631,915,DEVELOP,DEVELOP,97
631,916,DEVELOP,DEVELOP,207
631,917,DEVELOP,DEVELOP,97
632,633,DEVELOP,DEVELOP,67
633,3,DEVELOP,DEVELOP,67
634,467,OBLIGATE,OBLIGATE,664
634,121,OBLIGATE,OBLIGATE,498
634,1087,COORDINATE,COORDINATE,120
634,1709,specify,SPECIFY,211
634,148,oblige,OBLIGE,211
634,2291,USE,USE,406
634,2686,qualify,QUALIFY,406
634,131,specify,SPECIFY,874
634,3967,OBLIGATE,OBLIGATE,692
634,268,OBLIGATE,OBLIGATE,692
634,314,specify,SPECIFY,874
634,53,DEVELOP,DEVELOP,900
635,80,OBLIGATE,OBLIGATE,67
635,201,AUTHORIZE,AUTHORIZE,76
635,644,OBLIGATE,OBLIGATE,79
635,1996,OBLIGATE,OBLIGATE,257
636,81,RESTRICT,RESTRICT,67
636,148,RESTRICT,RESTRICT,67
636,198,RESTRICT,RESTRICT,97
636,103,RESTRICT,RESTRICT,97
636,131,RESTRICT,RESTRICT,143
636,157,RESTRICT,RESTRICT,207
637,121,produce,PRODUCE,67
637,164,amend,AMEND,210
637,1346,amend,AMEND,210
637,33,OBLIGATE,OBLIGATE,750
637,4280,OBLIGATE,OBLIGATE,770
637,109,OBLIGATE,OBLIGATE,770
637,320,OBLIGATE,OBLIGATE,770
637,1019,OBLIGATE,OBLIGATE,770
637,1866,OBLIGATE,OBLIGATE,770
637,4530,oblige,OBLIGE,827
637,4531,oblige,OBLIGE,827
637,77,oblige,OBLIGE,827
638,639,OBLIGATE,OBLIGATE,68
638,640,OBLIGATE,OBLIGATE,68
638,237,OBLIGATE,OBLIGATE,68
638,641,OBLIGATE,OBLIGATE,68
638,642,OBLIGATE,OBLIGATE,68
638,643,OBLIGATE,OBLIGATE,68
638,644,OBLIGATE,OBLIGATE,68
638,3,OBLIGATE,OBLIGATE,68
638,645,OBLIGATE,OBLIGATE,68
638,244,OBLIGATE,OBLIGATE,68
638,646,OBLIGATE,OBLIGATE,68
638,647,OBLIGATE,OBLIGATE,68
638,651,OBLIGATE,OBLIGATE,68
638,652,OBLIGATE,OBLIGATE,68
638,654,DEVELOP,DEVELOP,68
638,655,OBLIGATE,OBLIGATE,68
638,656,OBLIGATE,OBLIGATE,68
639,237,OBLIGATE,OBLIGATE,68
639,641,OBLIGATE,OBLIGATE,68
639,131,include,INCLUDE,298
639,2,REGULATE,REGULATE,332
639,1017,DEVELOP,DEVELOP,112
639,1062,oblige,OBLIGE,190
639,201,emphasize,EMPHASIZE,468
639,957,include,INCLUDE,281
639,1046,OBLIGATE,OBLIGATE,157
639,259,REGULATE,REGULATE,851
639,1129,recommend,RECOMMEND,227
639,1948,IMPLEMENT,IMPLEMENT,250
639,350,DEVELOP,DEVELOP,374
639,1927,REGULATE,REGULATE,332
639,96,take,TAKE,806
639,63,DEVELOP,DEVELOP,374
639,8,emphasize,EMPHASIZE,879
639,314,intend,INTEND,489
639,3569,OBLIGATE,OBLIGATE,595
639,198,OBLIGATE,OBLIGATE,604
639,379,OBLIGATE,OBLIGATE,604
639,983,OBLIGATE,OBLIGATE,695
639,368,REGULATE,REGULATE,851
639,15,SUPPORT,SUPPORT,872
642,639,OBLIGATE,OBLIGATE,68
642,237,OBLIGATE,OBLIGATE,68
642,641,OBLIGATE,OBLIGATE,68
643,786,OBLIGATE,OBLIGATE,431
643,236,OBLIGATE,OBLIGATE,431
643,1032,OBLIGATE,OBLIGATE,431
643,3408,OBLIGATE,OBLIGATE,564
643,358,OBLIGATE,OBLIGATE,564
644,379,define,DEFINE,176
644,2,oblige,OBLIGE,717
644,63,REPORT,REPORT,718
644,13,oblige,OBLIGE,717
644,273,REPORT,REPORT,718
644,323,oblige,OBLIGE,717
644,177,OBLIGATE,OBLIGATE,619
644,402,REPORT,REPORT,630
644,646,REPORT,REPORT,630
644,185,REPORT,REPORT,630
644,350,REPORT,REPORT,630
644,1046,REPORT,REPORT,630
644,3424,OBLIGATE,OBLIGATE,645
644,33,OBLIGATE,OBLIGATE,717
645,644,OBLIGATE,OBLIGATE,68
645,244,OBLIGATE,OBLIGATE,68
645,103,OBLIGATE,OBLIGATE,87
645,148,OBLIGATE,OBLIGATE,232
645,327,AUTHORIZE,AUTHORIZE,433
645,138,AUTHORIZE,AUTHORIZE,433
645,2818,AUTHORIZE,AUTHORIZE,433
645,415,AUTHORIZE,AUTHORIZE,433
645,59,AUTHORIZE,AUTHORIZE,433
645,335,OBLIGATE,OBLIGATE,804
645,109,DEVELOP,DEVELOP,812
645,121,guide,GUIDE,855
645,395,guide,GUIDE,855
646,790,SUPPORT,SUPPORT,82
646,33,advise,ADVISE,157
646,121,oblige,OBLIGE,257
646,13,cover,COVER,437
646,2835,cover,COVER,437
646,185,OBLIGATE,OBLIGATE,767
646,350,REPORT,REPORT,630
647,646,OBLIGATE,OBLIGATE,68
647,2788,SUPPORT,SUPPORT,428
647,379,SUPPORT,SUPPORT,428
647,905,DEVELOP,DEVELOP,564
647,210,DEVELOP,DEVELOP,564
651,3495,RESTRICT,RESTRICT,581
651,1679,RESTRICT,RESTRICT,581
651,157,RESTRICT,RESTRICT,581
651,3498,RESTRICT,RESTRICT,581
654,1559,REGULATE,REGULATE,825
654,1368,RESTRICT,RESTRICT,247
654,235,withstand,WITHSTAND,493
654,646,oblige,OBLIGE,257
654,121,oblige,OBLIGE,257
654,3081,OBLIGATE,OBLIGATE,487
654,1019,OBLIGATE,OBLIGATE,750
654,5,REGULATE,REGULATE,825
654,201,REGULATE,REGULATE,825
654,2304,REGULATE,REGULATE,825
655,656,OBLIGATE,OBLIGATE,68
655,13,OBLIGATE,OBLIGATE,73
655,2201,OBLIGATE,OBLIGATE,304
656,283,DEVELOP,DEVELOP,902
656,33,SUPPORT,SUPPORT,921
657,262,OBLIGATE,OBLIGATE,69
657,178,OBLIGATE,OBLIGATE,69
657,658,OBLIGATE,OBLIGATE,69
657,659,OBLIGATE,OBLIGATE,69
657,660,OBLIGATE,OBLIGATE,69
657,545,OBLIGATE,OBLIGATE,69
657,661,OBLIGATE,OBLIGATE,69
657,379,OBLIGATE,OBLIGATE,69
657,662,OBLIGATE,OBLIGATE,69
657,663,oblige,OBLIGE,69
657,13,OBLIGATE,OBLIGATE,69
657,299,OBLIGATE,OBLIGATE,69
658,178,OBLIGATE,OBLIGATE,69
658,659,OBLIGATE,OBLIGATE,69
658,660,OBLIGATE,OBLIGATE,69
658,545,OBLIGATE,OBLIGATE,69
658,450,OBLIGATE,OBLIGATE,69
660,545,OBLIGATE,OBLIGATE,69
661,379,OBLIGATE,OBLIGATE,69
661,450,OBLIGATE,OBLIGATE,69
661,192,anticipate,ANTICIPATE,240
662,661,OBLIGATE,OBLIGATE,69
662,379,OBLIGATE,OBLIGATE,69
663,2145,cover,COVER,291
663,262,OBLIGATE,OBLIGATE,291
663,623,OBLIGATE,OBLIGATE,291
663,826,OBLIGATE,OBLIGATE,291
663,13,cover,COVER,291
663,2146,OBLIGATE,OBLIGATE,291
663,263,cover,COVER,291
663,132,cover,COVER,291
663,178,OBLIGATE,OBLIGATE,312
663,311,OBLIGATE,OBLIGATE,312
663,2244,OBLIGATE,OBLIGATE,312
664,665,OBLIGATE,OBLIGATE,70
664,666,OBLIGATE,OBLIGATE,70
664,667,OBLIGATE,OBLIGATE,70
664,224,OBLIGATE,OBLIGATE,70
664,668,OBLIGATE,OBLIGATE,70
666,665,DEVELOP,DEVELOP,667
666,3874,DEVELOP,DEVELOP,667
666,850,DEVELOP,DEVELOP,729
667,665,OBLIGATE,OBLIGATE,70
667,3873,OBLIGATE,OBLIGATE,763
667,392,OBLIGATE,OBLIGATE,763
667,364,OBLIGATE,OBLIGATE,763
667,858,OBLIGATE,OBLIGATE,763
667,314,OBLIGATE,OBLIGATE,763
667,157,OBLIGATE,OBLIGATE,763
667,4263,OBLIGATE,OBLIGATE,763
667,670,OBLIGATE,OBLIGATE,763
667,671,OBLIGATE,OBLIGATE,763
667,1619,OBLIGATE,OBLIGATE,763
668,667,OBLIGATE,OBLIGATE,763
668,3873,OBLIGATE,OBLIGATE,763
668,392,OBLIGATE,OBLIGATE,763
668,364,OBLIGATE,OBLIGATE,763
668,858,OBLIGATE,OBLIGATE,763
668,314,OBLIGATE,OBLIGATE,763
668,157,OBLIGATE,OBLIGATE,763
668,4263,OBLIGATE,OBLIGATE,763
668,670,OBLIGATE,OBLIGATE,763
668,671,OBLIGATE,OBLIGATE,763
668,3994,OBLIGATE,OBLIGATE,763
668,1619,OBLIGATE,OBLIGATE,763
670,514,exclude,EXCLUDE,98
670,934,exclude,EXCLUDE,99
670,33,exclude,EXCLUDE,99
670,936,exclude,EXCLUDE,99
670,319,OBLIGATE,OBLIGATE,518
670,466,OBLIGATE,OBLIGATE,518
670,1941,OBLIGATE,OBLIGATE,518
670,1169,OBLIGATE,OBLIGATE,518
670,109,OBLIGATE,OBLIGATE,518
670,2047,OBLIGATE,OBLIGATE,518
670,3219,OBLIGATE,OBLIGATE,518
670,3873,OBLIGATE,OBLIGATE,763
670,392,OBLIGATE,OBLIGATE,763
670,364,OBLIGATE,OBLIGATE,763
670,858,OBLIGATE,OBLIGATE,763
670,314,OBLIGATE,OBLIGATE,763
670,157,OBLIGATE,OBLIGATE,763
670,4263,OBLIGATE,OBLIGATE,763
670,671,OBLIGATE,OBLIGATE,763
670,1619,OBLIGATE,OBLIGATE,763
671,268,OBLIGATE,OBLIGATE,291
671,347,OBLIGATE,OBLIGATE,291
671,450,OBLIGATE,OBLIGATE,291
671,297,OBLIGATE,OBLIGATE,291
671,535,OBLIGATE,OBLIGATE,291
671,688,OBLIGATE,OBLIGATE,291
671,298,include,INCLUDE,668
671,6,OBLIGATE,OBLIGATE,291
671,52,OBLIGATE,OBLIGATE,291
671,178,SUPPORT,SUPPORT,320
671,276,include,INCLUDE,668
671,272,include,INCLUDE,668
671,234,include,INCLUDE,668
671,2909,include,INCLUDE,668
671,3873,OBLIGATE,OBLIGATE,763
671,392,OBLIGATE,OBLIGATE,763
671,364,OBLIGATE,OBLIGATE,763
671,858,OBLIGATE,OBLIGATE,763
671,314,OBLIGATE,OBLIGATE,763
671,157,OBLIGATE,OBLIGATE,763
671,4263,OBLIGATE,OBLIGATE,763
672,673,OBLIGATE,OBLIGATE,71
672,262,OBLIGATE,OBLIGATE,71
672,128,OBLIGATE,OBLIGATE,71
672,674,OBLIGATE,OBLIGATE,71
672,639,OBLIGATE,OBLIGATE,71
672,323,OBLIGATE,OBLIGATE,71
672,676,identify,IDENTIFY,71
672,677,identify,IDENTIFY,71
672,263,OBLIGATE,OBLIGATE,71
674,262,OBLIGATE,OBLIGATE,71
674,128,OBLIGATE,OBLIGATE,71
674,639,OBLIGATE,OBLIGATE,71
674,675,OBLIGATE,OBLIGATE,71
674,323,OBLIGATE,OBLIGATE,71
675,128,OBLIGATE,OBLIGATE,71
675,639,OBLIGATE,OBLIGATE,71
675,323,OBLIGATE,OBLIGATE,71
675,283,DEVELOP,DEVELOP,203
675,2,DEVELOP,DEVELOP,203
675,1662,OBLIGATE,OBLIGATE,591
675,3188,DEVELOP,DEVELOP,513
675,3189,DEVELOP,DEVELOP,513
676,677,identify,IDENTIFY,71
676,52,define,DEFINE,265
676,2027,define,DEFINE,265
676,2024,OBLIGATE,OBLIGATE,369
676,13,OBLIGATE,OBLIGATE,580
676,3491,OBLIGATE,OBLIGATE,580
676,273,OBLIGATE,OBLIGATE,580
676,3493,OBLIGATE,OBLIGATE,580
676,3,OBLIGATE,OBLIGATE,586
676,2747,specify,SPECIFY,597
676,876,OBLIGATE,OBLIGATE,586
676,3577,specify,SPECIFY,597
676,3490,specify,SPECIFY,597
676,3579,specify,SPECIFY,597
677,675,identify,IDENTIFY,71
678,622,include,INCLUDE,72
678,679,define,DEFINE,72
678,680,OBLIGATE,OBLIGATE,72
678,177,AUTHORIZE,AUTHORIZE,72
678,681,include,INCLUDE,72
678,263,include,INCLUDE,72
678,682,include,INCLUDE,72
678,617,include,INCLUDE,72
678,683,include,INCLUDE,72
678,684,define,DEFINE,72
681,622,include,INCLUDE,72
681,263,include,INCLUDE,72
681,682,include,INCLUDE,72
681,617,include,INCLUDE,72
681,683,include,INCLUDE,72
682,622,include,INCLUDE,72
682,617,include,INCLUDE,72
682,323,OBLIGATE,OBLIGATE,189
683,622,include,INCLUDE,72
683,682,include,INCLUDE,72
683,617,include,INCLUDE,72
685,262,define,DEFINE,73
685,686,define,DEFINE,73
685,260,OBLIGATE,OBLIGATE,73
685,687,OBLIGATE,OBLIGATE,73
685,340,OBLIGATE,OBLIGATE,73
685,13,OBLIGATE,OBLIGATE,73
685,655,OBLIGATE,OBLIGATE,73
685,256,define,DEFINE,73
685,41,define,DEFINE,73
685,3,define,DEFINE,73
685,292,define,DEFINE,73
685,689,define,DEFINE,73
685,690,define,DEFINE,73
686,262,DEVELOP,DEVELOP,790
686,403,DEVELOP,DEVELOP,790
686,63,OBLIGATE,OBLIGATE,790
687,1046,incorporate,INCORPORATE,790
687,4904,DEVELOP,DEVELOP,910
687,549,urge,URGE,910
688,14,REPORT,REPORT,280
688,828,OBLIGATE,OBLIGATE,634
688,268,OBLIGATE,OBLIGATE,291
688,63,REPORT,REPORT,530
688,85,provide,PROVIDE,922
688,327,provide,PROVIDE,922
689,41,define,DEFINE,73
689,3,define,DEFINE,73
690,41,define,DEFINE,73
690,3,define,DEFINE,73
690,689,define,DEFINE,73
691,262,OBLIGATE,OBLIGATE,74
691,692,OBLIGATE,OBLIGATE,74
691,40,OBLIGATE,OBLIGATE,74
691,693,EVALUATE,EVALUATE,74
691,694,EVALUATE,EVALUATE,74
691,695,EVALUATE,EVALUATE,74
691,696,EVALUATE,EVALUATE,74
691,697,EVALUATE,EVALUATE,74
691,698,EVALUATE,EVALUATE,74
691,699,EVALUATE,EVALUATE,74
691,13,OBLIGATE,OBLIGATE,74
691,263,OBLIGATE,OBLIGATE,74
693,40,EVALUATE,EVALUATE,74
693,695,EVALUATE,EVALUATE,74
693,696,EVALUATE,EVALUATE,74
693,697,EVALUATE,EVALUATE,74
693,698,EVALUATE,EVALUATE,74
694,693,EVALUATE,EVALUATE,74
694,695,EVALUATE,EVALUATE,74
694,696,EVALUATE,EVALUATE,74
694,697,EVALUATE,EVALUATE,74
694,698,EVALUATE,EVALUATE,74
695,697,EVALUATE,EVALUATE,74
695,698,EVALUATE,EVALUATE,74
696,695,EVALUATE,EVALUATE,74
696,697,EVALUATE,EVALUATE,74
696,698,EVALUATE,EVALUATE,74
697,698,EVALUATE,EVALUATE,74
699,6,EVALUATE,EVALUATE,74
699,40,EVALUATE,EVALUATE,74
700,235,OBLIGATE,OBLIGATE,75
700,701,SUPPORT,SUPPORT,75
700,702,DEVELOP,DEVELOP,75
700,703,DEVELOP,DEVELOP,75
700,3,SUPPORT,SUPPORT,75
700,103,OBLIGATE,OBLIGATE,75
700,468,OBLIGATE,OBLIGATE,75
700,704,OBLIGATE,OBLIGATE,75
700,121,OBLIGATE,OBLIGATE,75
700,705,OBLIGATE,OBLIGATE,75
700,706,AUTHORIZE,AUTHORIZE,75
700,708,OBLIGATE,OBLIGATE,75
700,709,SUPPORT,SUPPORT,75
700,710,DEVELOP,DEVELOP,75
700,715,REGULATE,REGULATE,75
700,716,REGULATE,REGULATE,75
700,717,AUTHORIZE,AUTHORIZE,75
700,278,AUTHORIZE,AUTHORIZE,75
700,718,AUTHORIZE,AUTHORIZE,75
700,719,AUTHORIZE,AUTHORIZE,75
701,702,OBLIGATE,OBLIGATE,434
701,703,OBLIGATE,OBLIGATE,459
701,1485,OBLIGATE,OBLIGATE,459
701,1486,SUPPORT,SUPPORT,175
701,1698,endorse,ENDORSE,209
701,148,impact,IMPACT,209
701,81,incorporate,INCORPORATE,209
701,320,incorporate,INCORPORATE,209
701,335,impact,IMPACT,209
701,195,impact,IMPACT,209
701,52,OBLIGATE,OBLIGATE,434
701,138,OBLIGATE,OBLIGATE,434
701,1405,OBLIGATE,OBLIGATE,459
701,1332,OBLIGATE,OBLIGATE,818
701,549,OBLIGATE,OBLIGATE,818
701,1046,welcome,WELCOME,881
701,1105,welcome,WELCOME,881
701,639,OBLIGATE,OBLIGATE,885
701,121,OBLIGATE,OBLIGATE,885
701,1364,identify,IDENTIFY,886
701,1764,pose,POSE,886
703,235,DEVELOP,DEVELOP,75
703,702,DEVELOP,DEVELOP,75
703,1485,OBLIGATE,OBLIGATE,459
703,138,OBLIGATE,OBLIGATE,873
703,1729,OBLIGATE,OBLIGATE,873
704,235,RESTRICT,RESTRICT,902
704,103,DEVELOP,DEVELOP,122
704,468,OBLIGATE,OBLIGATE,75
704,1105,stress,STRESS,869
704,279,subvert,SUBVERT,858
704,199,subvert,SUBVERT,858
704,121,subvert,SUBVERT,858
704,69,stress,STRESS,869
704,120,RESTRICT,RESTRICT,902
704,396,RESTRICT,RESTRICT,902
705,121,OBLIGATE,OBLIGATE,75
706,121,OBLIGATE,OBLIGATE,75
706,705,OBLIGATE,OBLIGATE,75
706,278,AUTHORIZE,AUTHORIZE,75
707,1406,OBLIGATE,OBLIGATE,163
707,13,OBLIGATE,OBLIGATE,163
707,1407,OBLIGATE,OBLIGATE,163
707,1236,OBLIGATE,OBLIGATE,163
707,1486,REGULATE,REGULATE,459
707,236,REGULATE,REGULATE,459
707,335,IMPLEMENT,IMPLEMENT,822
707,235,REGULATE,REGULATE,459
707,1557,REGULATE,REGULATE,459
707,467,REPORT,REPORT,493
707,3323,DEVELOP,DEVELOP,539
707,926,DEVELOP,DEVELOP,539
707,2,DEVELOP,DEVELOP,539
707,4010,REGULATE,REGULATE,818
707,550,REPORT,REPORT,703
707,4490,IMPLEMENT,IMPLEMENT,822
707,1046,IMPLEMENT,IMPLEMENT,822
707,498,SUPPORT,SUPPORT,847
707,231,OBLIGATE,OBLIGATE,827
707,177,OBLIGATE,OBLIGATE,848
707,350,OBLIGATE,OBLIGATE,848
707,1487,OBLIGATE,OBLIGATE,848
707,21,OBLIGATE,OBLIGATE,848
707,1853,OBLIGATE,OBLIGATE,848
707,2486,DEVELOP,DEVELOP,863
707,701,DEVELOP,DEVELOP,863
707,3119,EVALUATE,EVALUATE,863
707,1976,EVALUATE,EVALUATE,863
707,325,EVALUATE,EVALUATE,863
707,40,stress,STRESS,878
707,386,set,SET,933
708,701,OBLIGATE,OBLIGATE,75
708,235,override,OVERRIDE,97
708,335,REPORT,REPORT,205
708,821,override,OVERRIDE,97
708,148,override,OVERRIDE,97
708,914,override,OVERRIDE,97
708,21,REPORT,REPORT,205
708,231,REPORT,REPORT,205
708,181,REPORT,REPORT,205
708,185,REPORT,REPORT,205
708,859,REPORT,REPORT,205
708,3367,OBLIGATE,OBLIGATE,550
708,3987,oblige,OBLIGE,697
708,3990,oblige,OBLIGE,697
709,710,DEVELOP,DEVELOP,75
709,701,welcome,WELCOME,881
709,1981,SUPPORT,SUPPORT,254
709,1713,SUPPORT,SUPPORT,254
709,62,OBLIGATE,OBLIGATE,375
709,177,OBLIGATE,OBLIGATE,375
709,34,OBLIGATE,OBLIGATE,375
709,67,OBLIGATE,OBLIGATE,375
709,514,SUPPORT,SUPPORT,883
709,103,welcome,WELCOME,881
709,1486,OBLIGATE,OBLIGATE,478
709,468,welcome,WELCOME,881
709,2996,OBLIGATE,OBLIGATE,478
709,320,emphasize,EMPHASIZE,859
709,69,emphasize,EMPHASIZE,859
709,580,SUPPORT,SUPPORT,868
709,131,SUPPORT,SUPPORT,868
709,4682,OBLIGATE,OBLIGATE,870
709,4715,OBLIGATE,OBLIGATE,870
709,2486,OBLIGATE,OBLIGATE,870
709,3728,deepen,DEEPEN,877
709,4762,deepen,DEEPEN,877
709,1046,welcome,WELCOME,881
709,1105,welcome,WELCOME,881
709,235,urge,URGE,947
712,3,receive,RECEIVE,106
712,81,receive,RECEIVE,106
713,33,IMPLEMENT,IMPLEMENT,98
713,18,OBLIGATE,OBLIGATE,209
713,930,IMPLEMENT,IMPLEMENT,98
713,311,IMPLEMENT,IMPLEMENT,98
713,103,OBLIGATE,OBLIGATE,209
713,2762,OBLIGATE,OBLIGATE,423
713,13,OBLIGATE,OBLIGATE,423
713,565,AUTHORIZE,AUTHORIZE,708
714,2121,OBLIGATE,OBLIGATE,287
714,401,OBLIGATE,OBLIGATE,602
714,37,SUPPORT,SUPPORT,929
714,177,SUPPORT,SUPPORT,633
714,4480,SUPPORT,SUPPORT,929
714,318,SUPPORT,SUPPORT,929
715,716,REGULATE,REGULATE,75
716,5,emphasize,EMPHASIZE,83
717,706,AUTHORIZE,AUTHORIZE,75
717,278,AUTHORIZE,AUTHORIZE,75
717,718,AUTHORIZE,AUTHORIZE,75
717,559,OBLIGATE,OBLIGATE,265
717,63,possess,POSSESS,314
717,786,OBLIGATE,OBLIGATE,323
717,131,OBLIGATE,OBLIGATE,323
717,2291,OBLIGATE,OBLIGATE,323
717,52,OBLIGATE,OBLIGATE,329
717,2313,OBLIGATE,OBLIGATE,329
717,2314,OBLIGATE,OBLIGATE,329
717,1941,DEVELOP,DEVELOP,396
717,320,DEVELOP,DEVELOP,396
717,2600,DEVELOP,DEVELOP,396
717,3688,OBLIGATE,OBLIGATE,622
717,3689,OBLIGATE,OBLIGATE,622
718,701,violate,VIOLATE,929
718,706,AUTHORIZE,AUTHORIZE,75
718,278,AUTHORIZE,AUTHORIZE,75
718,235,violate,VIOLATE,929
718,33,violate,VIOLATE,929
720,721,AUTHORIZE,AUTHORIZE,76
720,722,AUTHORIZE,AUTHORIZE,76
720,279,REGULATE,REGULATE,76
720,109,REGULATE,REGULATE,76
720,8,AUTHORIZE,AUTHORIZE,76
720,68,REGULATE,REGULATE,76
720,723,AUTHORIZE,AUTHORIZE,76
720,724,OBLIGATE,OBLIGATE,76
720,170,OBLIGATE,OBLIGATE,76
720,725,OBLIGATE,OBLIGATE,76
720,157,AUTHORIZE,AUTHORIZE,76
720,726,OBLIGATE,OBLIGATE,76
720,131,OBLIGATE,OBLIGATE,76
720,728,RESTRICT,RESTRICT,76
720,415,reach,REACH,76
720,729,AUTHORIZE,AUTHORIZE,76
720,730,AUTHORIZE,AUTHORIZE,76
720,635,AUTHORIZE,AUTHORIZE,76
720,201,AUTHORIZE,AUTHORIZE,76
721,722,REGULATE,REGULATE,76
721,279,REGULATE,REGULATE,76
721,109,REGULATE,REGULATE,76
721,8,REGULATE,REGULATE,76
721,68,REGULATE,REGULATE,76
721,723,AUTHORIZE,AUTHORIZE,76
721,728,RESTRICT,RESTRICT,76
721,635,AUTHORIZE,AUTHORIZE,76
721,201,AUTHORIZE,AUTHORIZE,76
721,895,OBLIGATE,OBLIGATE,95
721,512,OBLIGATE,OBLIGATE,95
721,139,OBLIGATE,OBLIGATE,95
721,131,OBLIGATE,OBLIGATE,95
722,279,REGULATE,REGULATE,76
722,109,REGULATE,REGULATE,76
722,8,AUTHORIZE,AUTHORIZE,76
722,68,REGULATE,REGULATE,76
722,157,AUTHORIZE,AUTHORIZE,76
722,726,OBLIGATE,OBLIGATE,76
722,131,OBLIGATE,OBLIGATE,76
724,148,OBLIGATE,OBLIGATE,76
724,34,OBLIGATE,OBLIGATE,888
724,3,violate,VIOLATE,913
724,33,OBLIGATE,OBLIGATE,888
724,70,OBLIGATE,OBLIGATE,888
724,131,OBLIGATE,OBLIGATE,888
725,148,OBLIGATE,OBLIGATE,76
725,859,OBLIGATE,OBLIGATE,177
725,1483,OBLIGATE,OBLIGATE,177
725,1503,OBLIGATE,OBLIGATE,177
726,157,OBLIGATE,OBLIGATE,531
726,131,OBLIGATE,OBLIGATE,76
726,1819,DEVELOP,DEVELOP,231
726,728,DEVELOP,DEVELOP,231
726,3294,OBLIGATE,OBLIGATE,531
726,471,OBLIGATE,OBLIGATE,531
726,220,OBLIGATE,OBLIGATE,531
728,617,DEVELOP,DEVELOP,705
728,257,OBLIGATE,OBLIGATE,328
728,283,anticipate,ANTICIPATE,820
728,5,OBLIGATE,OBLIGATE,328
728,876,OBLIGATE,OBLIGATE,328
728,67,OBLIGATE,OBLIGATE,328
728,207,OBLIGATE,OBLIGATE,328
728,467,OBLIGATE,OBLIGATE,328
728,84,OBLIGATE,OBLIGATE,402
728,199,OBLIGATE,OBLIGATE,410
728,21,DEVELOP,DEVELOP,705
728,235,DEVELOP,DEVELOP,705
728,930,SUPPORT,SUPPORT,945
728,138,DEVELOP,DEVELOP,705
728,109,OBLIGATE,OBLIGATE,882
728,335,SUPPORT,SUPPORT,945
728,1557,OBLIGATE,OBLIGATE,882
729,415,reach,REACH,76
729,721,AUTHORIZE,AUTHORIZE,76
729,635,AUTHORIZE,AUTHORIZE,76
729,201,AUTHORIZE,AUTHORIZE,76
730,721,AUTHORIZE,AUTHORIZE,76
730,729,AUTHORIZE,AUTHORIZE,76
730,635,AUTHORIZE,AUTHORIZE,76
730,201,AUTHORIZE,AUTHORIZE,76
731,350,DEVELOP,DEVELOP,77
731,54,DEVELOP,DEVELOP,77
731,401,OBLIGATE,OBLIGATE,77
731,735,OBLIGATE,OBLIGATE,77
731,140,OBLIGATE,OBLIGATE,77
731,3,OBLIGATE,OBLIGATE,77
731,70,OBLIGATE,OBLIGATE,77
731,40,DEVELOP,DEVELOP,77
731,733,OBLIGATE,OBLIGATE,77
731,177,compile,COMPILE,77
731,52,compile,COMPILE,77
731,50,compile,COMPILE,77
731,53,DEVELOP,DEVELOP,77
731,736,DEVELOP,DEVELOP,77
731,13,OBLIGATE,OBLIGATE,77
731,14,OBLIGATE,OBLIGATE,77
731,738,OBLIGATE,OBLIGATE,77
732,731,DEVELOP,DEVELOP,77
732,350,DEVELOP,DEVELOP,77
732,54,DEVELOP,DEVELOP,77
732,401,DEVELOP,DEVELOP,77
734,731,OBLIGATE,OBLIGATE,77
734,733,OBLIGATE,OBLIGATE,77
736,735,USE,USE,285
736,53,OBLIGATE,OBLIGATE,844
736,743,conduct,CONDUCT,78
736,136,OBLIGATE,OBLIGATE,82
736,323,OBLIGATE,OBLIGATE,456
736,34,OBLIGATE,OBLIGATE,456
736,3,OBLIGATE,OBLIGATE,845
736,577,’,’,285
736,157,USE,USE,285
736,13,rely,RELY,280
736,585,rely,RELY,280
736,467,USE,USE,285
736,54,RESTRICT,RESTRICT,782
736,247,RESTRICT,RESTRICT,782
736,340,OBLIGATE,OBLIGATE,845
736,14,OBLIGATE,OBLIGATE,809
737,731,propose,PROPOSE,77
738,14,OBLIGATE,OBLIGATE,809
738,688,REPORT,REPORT,280
738,3,OBLIGATE,OBLIGATE,916
738,131,REPORT,REPORT,280
738,178,OBLIGATE,OBLIGATE,461
738,267,OBLIGATE,OBLIGATE,461
738,265,OBLIGATE,OBLIGATE,461
738,1415,OBLIGATE,OBLIGATE,461
738,224,set,SET,913
739,736,conduct,CONDUCT,78
739,740,conduct,CONDUCT,78
739,742,conduct,CONDUCT,78
739,743,conduct,CONDUCT,78
739,744,OBLIGATE,OBLIGATE,78
739,586,OBLIGATE,OBLIGATE,78
739,745,OBLIGATE,OBLIGATE,78
739,185,OBLIGATE,OBLIGATE,78
739,746,OBLIGATE,OBLIGATE,78
739,102,OBLIGATE,OBLIGATE,78
739,340,OBLIGATE,OBLIGATE,78
739,747,REGULATE,REGULATE,78
740,736,USE,USE,857
740,741,conduct,CONDUCT,78
740,743,conduct,CONDUCT,78
740,1257,USE,USE,857
740,102,USE,USE,857
741,736,conduct,CONDUCT,78
741,743,conduct,CONDUCT,78
741,1218,provide,PROVIDE,800
742,736,conduct,CONDUCT,78
742,740,conduct,CONDUCT,78
742,741,conduct,CONDUCT,78
742,743,conduct,CONDUCT,78
744,741,OBLIGATE,OBLIGATE,78
744,586,OBLIGATE,OBLIGATE,78
744,877,amend,AMEND,268
744,198,amend,AMEND,268
744,50,amend,AMEND,268
745,744,OBLIGATE,OBLIGATE,78
745,586,OBLIGATE,OBLIGATE,78
746,741,OBLIGATE,OBLIGATE,78
746,185,OBLIGATE,OBLIGATE,78
746,131,OBLIGATE,OBLIGATE,78
747,131,REGULATE,REGULATE,78
748,749,DEVELOP,DEVELOP,79
748,750,DEVELOP,DEVELOP,79
748,360,contain,CONTAIN,79
748,751,DEVELOP,DEVELOP,79
748,131,OBLIGATE,OBLIGATE,79
748,85,OBLIGATE,OBLIGATE,79
748,181,OBLIGATE,OBLIGATE,79
748,752,contain,CONTAIN,79
748,728,OBLIGATE,OBLIGATE,79
748,591,OBLIGATE,OBLIGATE,79
748,753,OBLIGATE,OBLIGATE,79
748,754,OBLIGATE,OBLIGATE,79
748,311,OBLIGATE,OBLIGATE,79
748,755,OBLIGATE,OBLIGATE,79
748,756,OBLIGATE,OBLIGATE,79
748,146,oblige,OBLIGE,79
748,757,oblige,OBLIGE,79
748,185,oblige,OBLIGE,79
748,635,OBLIGATE,OBLIGATE,79
748,644,OBLIGATE,OBLIGATE,79
748,758,OBLIGATE,OBLIGATE,79
748,21,set,SET,79
748,759,set,SET,79
748,103,OBLIGATE,OBLIGATE,79
748,760,OBLIGATE,OBLIGATE,79
748,761,OBLIGATE,OBLIGATE,79
748,5,OBLIGATE,OBLIGATE,79
749,360,DEVELOP,DEVELOP,79
749,751,specify,SPECIFY,882
750,749,specify,SPECIFY,882
750,360,DEVELOP,DEVELOP,79
750,751,specify,SPECIFY,882
750,3,DEVELOP,DEVELOP,868
750,109,DEVELOP,DEVELOP,868
750,283,DEVELOP,DEVELOP,868
750,138,DEVELOP,DEVELOP,868
751,200,OBLIGATE,OBLIGATE,882
751,1487,SUPPORT,SUPPORT,947
751,838,SUPPORT,SUPPORT,947
751,1072,SUPPORT,SUPPORT,947
751,198,SUPPORT,SUPPORT,947
752,360,contain,CONTAIN,79
752,335,OBLIGATE,OBLIGATE,882
752,181,contain,CONTAIN,79
752,6,OBLIGATE,OBLIGATE,882
752,1019,OBLIGATE,OBLIGATE,882
753,131,OBLIGATE,OBLIGATE,79
753,728,OBLIGATE,OBLIGATE,79
753,591,OBLIGATE,OBLIGATE,79
753,85,OBLIGATE,OBLIGATE,79
754,311,OBLIGATE,OBLIGATE,79
754,314,OBLIGATE,OBLIGATE,79
755,754,OBLIGATE,OBLIGATE,79
755,311,OBLIGATE,OBLIGATE,79
755,314,OBLIGATE,OBLIGATE,79
755,756,OBLIGATE,OBLIGATE,79
756,754,OBLIGATE,OBLIGATE,79
756,314,OBLIGATE,OBLIGATE,79
756,751,OBLIGATE,OBLIGATE,882
756,200,OBLIGATE,OBLIGATE,882
757,131,oblige,OBLIGE,79
757,314,oblige,OBLIGE,79
757,146,oblige,OBLIGE,79
757,185,oblige,OBLIGE,79
758,635,OBLIGATE,OBLIGATE,79
758,644,OBLIGATE,OBLIGATE,79
759,21,set,SET,79
760,85,OBLIGATE,OBLIGATE,79
760,103,OBLIGATE,OBLIGATE,79
760,121,REGULATE,REGULATE,804
760,247,REGULATE,REGULATE,804
760,34,REGULATE,REGULATE,804
760,1230,REGULATE,REGULATE,804
761,181,OBLIGATE,OBLIGATE,79
761,5,OBLIGATE,OBLIGATE,79
762,763,set,SET,80
762,764,set,SET,80
762,259,emphasize,EMPHASIZE,80
762,765,emphasize,EMPHASIZE,80
762,766,emphasize,EMPHASIZE,80
762,166,OBLIGATE,OBLIGATE,80
762,467,OBLIGATE,OBLIGATE,80
762,767,OBLIGATE,OBLIGATE,80
762,768,stress,STRESS,80
762,769,stress,STRESS,80
762,770,stress,STRESS,80
762,771,stress,STRESS,80
762,772,stress,STRESS,80
762,773,oblige,OBLIGE,80
762,33,oblige,OBLIGE,80
762,362,oblige,OBLIGE,80
762,85,emphasize,EMPHASIZE,80
762,138,emphasize,EMPHASIZE,80
762,774,emphasize,EMPHASIZE,80
762,775,emphasize,EMPHASIZE,80
763,259,set,SET,80
764,763,set,SET,80
764,259,set,SET,80
767,166,OBLIGATE,OBLIGATE,80
767,467,OBLIGATE,OBLIGATE,80
768,340,OBLIGATE,OBLIGATE,248
769,768,stress,STRESS,80
770,768,stress,STRESS,80
770,769,stress,STRESS,80
770,771,stress,STRESS,80
770,772,stress,STRESS,80
771,768,stress,STRESS,80
771,769,stress,STRESS,80
771,166,OBLIGATE,OBLIGATE,208
771,8,emphasize,EMPHASIZE,879
771,639,emphasize,EMPHASIZE,879
772,768,stress,STRESS,80
772,769,stress,STRESS,80
772,771,stress,STRESS,80
772,21,specify,SPECIFY,874
772,4740,specify,SPECIFY,874
772,4741,specify,SPECIFY,874
772,422,specify,SPECIFY,874
772,314,specify,SPECIFY,874
772,131,specify,SPECIFY,874
772,984,specify,SPECIFY,874
772,223,specify,SPECIFY,874
772,53,specify,SPECIFY,874
772,634,specify,SPECIFY,874
772,1163,specify,SPECIFY,874
772,288,specify,SPECIFY,874
772,4744,specify,SPECIFY,874
772,76,specify,SPECIFY,874
773,259,OBLIGATE,OBLIGATE,216
773,33,oblige,OBLIGE,80
773,850,REGULATE,REGULATE,177
773,279,REGULATE,REGULATE,177
773,8,REGULATE,REGULATE,177
773,103,OBLIGATE,OBLIGATE,216
774,259,emphasize,EMPHASIZE,80
774,85,emphasize,EMPHASIZE,80
774,138,emphasize,EMPHASIZE,80
775,259,emphasize,EMPHASIZE,80
775,85,emphasize,EMPHASIZE,80
775,138,emphasize,EMPHASIZE,80
775,774,emphasize,EMPHASIZE,80
776,777,OBLIGATE,OBLIGATE,81
776,5,REGULATE,REGULATE,81
776,778,OBLIGATE,OBLIGATE,81
776,779,subject,SUBJECT,81
776,498,subject,SUBJECT,81
776,323,subject,SUBJECT,81
776,328,DEVELOP,DEVELOP,81
776,780,DEVELOP,DEVELOP,81
776,781,DEVELOP,DEVELOP,81
776,782,DEVELOP,DEVELOP,81
776,131,DEVELOP,DEVELOP,81
776,783,DEVELOP,DEVELOP,81
776,785,OBLIGATE,OBLIGATE,81
777,5,OBLIGATE,OBLIGATE,81
777,779,OBLIGATE,OBLIGATE,81
777,1941,OBLIGATE,OBLIGATE,395
777,3424,OBLIGATE,OBLIGATE,645
777,62,OBLIGATE,OBLIGATE,645
777,644,OBLIGATE,OBLIGATE,645
777,328,OBLIGATE,OBLIGATE,645
777,109,OBLIGATE,OBLIGATE,645
777,13,OBLIGATE,OBLIGATE,645
777,1832,OBLIGATE,OBLIGATE,744
777,379,OBLIGATE,OBLIGATE,744
777,63,urge,URGE,827
777,271,urge,URGE,827
778,777,OBLIGATE,OBLIGATE,81
778,5,OBLIGATE,OBLIGATE,81
778,779,OBLIGATE,OBLIGATE,81
778,498,OBLIGATE,OBLIGATE,81
778,103,define,DEFINE,866
780,781,DEVELOP,DEVELOP,81
780,328,DEVELOP,DEVELOP,81
780,782,DEVELOP,DEVELOP,81
780,131,DEVELOP,DEVELOP,81
780,783,DEVELOP,DEVELOP,81
781,131,DEVELOP,DEVELOP,81
782,781,DEVELOP,DEVELOP,81
782,328,DEVELOP,DEVELOP,81
782,131,DEVELOP,DEVELOP,81
782,783,DEVELOP,DEVELOP,81
782,838,OBLIGATE,OBLIGATE,89
782,3,SUPPORT,SUPPORT,883
782,6,OBLIGATE,OBLIGATE,200
782,1646,OBLIGATE,OBLIGATE,200
782,1648,OBLIGATE,OBLIGATE,200
782,4790,SUPPORT,SUPPORT,883
783,781,DEVELOP,DEVELOP,81
783,328,DEVELOP,DEVELOP,81
783,131,RESTRICT,RESTRICT,694
783,157,RESTRICT,RESTRICT,694
784,1062,OBLIGATE,OBLIGATE,444
784,328,OBLIGATE,OBLIGATE,592
784,327,OBLIGATE,OBLIGATE,592
785,235,USE,USE,212
785,1618,USE,USE,212
785,274,USE,USE,212
785,1313,produce,PRODUCE,384
785,850,produce,PRODUCE,384
785,2568,produce,PRODUCE,384
785,1941,OBLIGATE,OBLIGATE,395
785,13,OBLIGATE,OBLIGATE,395
785,1209,OBLIGATE,OBLIGATE,395
785,2925,mobilize,MOBILIZE,457
786,52,OBLIGATE,OBLIGATE,272
786,6,OBLIGATE,OBLIGATE,651
786,2291,OBLIGATE,OBLIGATE,323
786,481,OBLIGATE,OBLIGATE,323
786,279,discuss,DISCUSS,358
786,1032,OBLIGATE,OBLIGATE,431
787,13,oblige,OBLIGE,115
787,85,oblige,OBLIGE,115
787,1055,oblige,OBLIGE,115
787,333,OBLIGATE,OBLIGATE,163
787,335,OBLIGATE,OBLIGATE,163
787,235,OBLIGATE,OBLIGATE,163
787,360,OBLIGATE,OBLIGATE,814
787,5,IMPLEMENT,IMPLEMENT,835
787,957,IMPLEMENT,IMPLEMENT,835
787,736,ban,BAN,844
787,53,ban,BAN,844
787,1880,ban,BAN,844
787,4618,ban,BAN,844
788,789,reiterate,REITERATE,82
788,790,reiterate,REITERATE,82
788,120,reiterate,REITERATE,82
788,791,clarify,CLARIFY,82
788,442,OBLIGATE,OBLIGATE,82
788,736,OBLIGATE,OBLIGATE,82
788,136,OBLIGATE,OBLIGATE,82
788,181,OBLIGATE,OBLIGATE,82
788,792,fail,FAIL,82
788,231,SUPPORT,SUPPORT,82
788,646,SUPPORT,SUPPORT,82
788,107,SUPPORT,SUPPORT,82
788,52,reiterate,REITERATE,82
791,790,clarify,CLARIFY,82
791,120,clarify,CLARIFY,82
793,794,provide,PROVIDE,83
793,795,OBLIGATE,OBLIGATE,83
793,796,provide,PROVIDE,83
793,131,OBLIGATE,OBLIGATE,83
793,109,OBLIGATE,OBLIGATE,83
793,21,OBLIGATE,OBLIGATE,83
796,794,provide,PROVIDE,83
796,5,provide,PROVIDE,83
797,3,DEVELOP,DEVELOP,247
797,33,OBLIGATE,OBLIGATE,160
797,13,OBLIGATE,OBLIGATE,160
797,192,OBLIGATE,OBLIGATE,160
797,1381,OBLIGATE,OBLIGATE,160
797,320,lack,LACK,162
797,496,lack,LACK,162
797,340,DEVELOP,DEVELOP,247
797,936,DEVELOP,DEVELOP,247
797,1926,DEVELOP,DEVELOP,247
797,259,DEVELOP,DEVELOP,247
798,716,emphasize,EMPHASIZE,83
798,5,emphasize,EMPHASIZE,83
799,255,OBLIGATE,OBLIGATE,84
799,40,OBLIGATE,OBLIGATE,84
799,801,OBLIGATE,OBLIGATE,84
799,279,AUTHORIZE,AUTHORIZE,84
799,802,OBLIGATE,OBLIGATE,84
799,803,OBLIGATE,OBLIGATE,84
799,237,OBLIGATE,OBLIGATE,84
799,804,OBLIGATE,OBLIGATE,84
799,570,OBLIGATE,OBLIGATE,84
801,255,OBLIGATE,OBLIGATE,563
803,255,OBLIGATE,OBLIGATE,563
803,802,OBLIGATE,OBLIGATE,563
803,3405,OBLIGATE,OBLIGATE,563
804,255,OBLIGATE,OBLIGATE,84
804,802,OBLIGATE,OBLIGATE,84
804,803,OBLIGATE,OBLIGATE,84
804,237,OBLIGATE,OBLIGATE,84
805,806,OBLIGATE,OBLIGATE,85
805,809,OBLIGATE,OBLIGATE,85
805,37,OBLIGATE,OBLIGATE,85
805,224,OBLIGATE,OBLIGATE,85
806,37,OBLIGATE,OBLIGATE,315
806,177,OBLIGATE,OBLIGATE,562
806,379,OBLIGATE,OBLIGATE,315
806,26,OBLIGATE,OBLIGATE,315
806,13,OBLIGATE,OBLIGATE,382
806,1209,OBLIGATE,OBLIGATE,382
806,416,OBLIGATE,OBLIGATE,554
806,418,OBLIGATE,OBLIGATE,554
806,178,OBLIGATE,OBLIGATE,554
807,526,OBLIGATE,OBLIGATE,258
807,109,OBLIGATE,OBLIGATE,258
807,2003,OBLIGATE,OBLIGATE,258
807,33,OBLIGATE,OBLIGATE,258
807,121,SUPPORT,SUPPORT,345
807,860,SUPPORT,SUPPORT,345
807,395,SUPPORT,SUPPORT,345
807,318,OBLIGATE,OBLIGATE,353
807,225,OBLIGATE,OBLIGATE,370
807,2472,OBLIGATE,OBLIGATE,370
807,2473,OBLIGATE,OBLIGATE,370
807,2077,streamline,STREAMLINE,391
807,613,streamline,STREAMLINE,391
807,1500,DEVELOP,DEVELOP,562
807,3532,OBLIGATE,OBLIGATE,588
807,335,OBLIGATE,OBLIGATE,593
807,2747,specify,SPECIFY,597
807,3577,specify,SPECIFY,597
807,3490,specify,SPECIFY,597
807,3579,specify,SPECIFY,597
807,3528,specify,SPECIFY,597
807,676,specify,SPECIFY,597
807,285,focus,FOCUS,688
807,451,focus,FOCUS,688
807,177,OBLIGATE,OBLIGATE,848
807,415,OBLIGATE,OBLIGATE,848
807,81,OBLIGATE,OBLIGATE,848
807,487,DEVELOP,DEVELOP,907
809,806,OBLIGATE,OBLIGATE,85
809,37,OBLIGATE,OBLIGATE,650
809,58,compose,COMPOSE,506
809,392,OBLIGATE,OBLIGATE,556
809,25,compose,COMPOSE,506
809,2623,compose,COMPOSE,506
809,54,AUTHORIZE,AUTHORIZE,782
809,291,OBLIGATE,OBLIGATE,556
809,295,OBLIGATE,OBLIGATE,556
809,177,include,INCLUDE,562
809,3812,OBLIGATE,OBLIGATE,650
809,340,AUTHORIZE,AUTHORIZE,782
809,327,AUTHORIZE,AUTHORIZE,782
809,373,AUTHORIZE,AUTHORIZE,782
809,105,AUTHORIZE,AUTHORIZE,782
809,736,OBLIGATE,OBLIGATE,809
809,4430,OBLIGATE,OBLIGATE,809
809,14,OBLIGATE,OBLIGATE,809
811,3,OBLIGATE,OBLIGATE,86
811,59,OBLIGATE,OBLIGATE,86
811,814,OBLIGATE,OBLIGATE,86
811,813,EVALUATE,EVALUATE,86
811,268,EVALUATE,EVALUATE,86
811,63,EVALUATE,EVALUATE,86
811,815,EVALUATE,EVALUATE,86
811,103,EVALUATE,EVALUATE,86
811,468,EVALUATE,EVALUATE,86
812,811,amend,AMEND,86
812,249,amend,AMEND,86
812,2742,amend,AMEND,419
812,2743,amend,AMEND,419
814,249,OBLIGATE,OBLIGATE,86
815,813,OBLIGATE,OBLIGATE,719
815,268,EVALUATE,EVALUATE,86
815,63,OBLIGATE,OBLIGATE,119
815,103,EVALUATE,EVALUATE,86
815,468,EVALUATE,EVALUATE,86
815,13,OBLIGATE,OBLIGATE,719
815,960,OBLIGATE,OBLIGATE,719
815,109,OBLIGATE,OBLIGATE,719
816,817,OBLIGATE,OBLIGATE,87
816,818,OBLIGATE,OBLIGATE,87
816,304,OBLIGATE,OBLIGATE,87
816,103,OBLIGATE,OBLIGATE,87
816,645,OBLIGATE,OBLIGATE,87
816,822,REGULATE,REGULATE,87
816,823,REGULATE,REGULATE,87
816,824,REGULATE,REGULATE,87
816,109,specify,SPECIFY,87
816,825,specify,SPECIFY,87
816,826,designate,DESIGNATE,87
817,818,OBLIGATE,OBLIGATE,87
817,304,OBLIGATE,OBLIGATE,87
817,103,OBLIGATE,OBLIGATE,87
817,645,OBLIGATE,OBLIGATE,87
818,304,OBLIGATE,OBLIGATE,87
818,103,OBLIGATE,OBLIGATE,87
818,645,OBLIGATE,OBLIGATE,87
818,120,define,DEFINE,900
819,103,dictate,DICTATE,164
819,1105,dictate,DICTATE,164
819,121,dictate,DICTATE,164
819,9,dictate,DICTATE,164
819,81,dictate,DICTATE,164
819,311,dictate,DICTATE,164
819,1332,COORDINATE,COORDINATE,556
819,236,COORDINATE,COORDINATE,556
819,268,COORDINATE,COORDINATE,556
819,6,OBLIGATE,OBLIGATE,607
819,2787,OBLIGATE,OBLIGATE,607
819,379,OBLIGATE,OBLIGATE,607
819,18,OBLIGATE,OBLIGATE,607
819,392,OBLIGATE,OBLIGATE,607
819,21,call,CALL,630
819,3726,call,CALL,630
819,233,call,CALL,630
819,320,call,CALL,630
819,3727,call,CALL,630
819,495,call,CALL,630
819,1451,OBLIGATE,OBLIGATE,856
819,467,OBLIGATE,OBLIGATE,856
819,335,OBLIGATE,OBLIGATE,856
820,1104,DEVELOP,DEVELOP,122
820,1105,DEVELOP,DEVELOP,122
820,103,DEVELOP,DEVELOP,122
820,704,DEVELOP,DEVELOP,122
820,81,DEVELOP,DEVELOP,133
820,617,OBLIGATE,OBLIGATE,140
820,1235,OBLIGATE,OBLIGATE,140
820,1236,USE,USE,841
820,109,OBLIGATE,OBLIGATE,140
820,1237,OBLIGATE,OBLIGATE,140
820,366,OBLIGATE,OBLIGATE,140
820,1800,RESTRICT,RESTRICT,229
820,422,RESTRICT,RESTRICT,229
820,2538,OBLIGATE,OBLIGATE,381
820,2539,OBLIGATE,OBLIGATE,381
820,13,USE,USE,841
820,878,OBLIGATE,OBLIGATE,381
820,1179,OBLIGATE,OBLIGATE,381
820,2873,include,INCLUDE,449
820,2874,include,INCLUDE,449
820,1716,include,INCLUDE,449
820,333,include,INCLUDE,449
820,299,include,INCLUDE,449
820,2,include,INCLUDE,449
820,2875,include,INCLUDE,449
820,76,include,INCLUDE,449
820,96,include,INCLUDE,449
820,220,OBLIGATE,OBLIGATE,498
820,396,OBLIGATE,OBLIGATE,498
820,70,produce,PRODUCE,802
820,34,produce,PRODUCE,802
820,195,OBLIGATE,OBLIGATE,498
820,18,USE,USE,841
820,4395,produce,PRODUCE,802
820,1036,produce,PRODUCE,802
820,360,produce,PRODUCE,802
820,199,produce,PRODUCE,802
820,120,produce,PRODUCE,802
820,585,produce,PRODUCE,802
820,2097,produce,PRODUCE,802
820,586,produce,PRODUCE,802
820,1092,produce,PRODUCE,802
820,4454,DEVELOP,DEVELOP,815
820,206,USE,USE,841
820,14,USE,USE,841
820,634,DEVELOP,DEVELOP,900
820,53,DEVELOP,DEVELOP,900
820,235,DEVELOP,DEVELOP,900
820,818,DEVELOP,DEVELOP,900
821,1381,OBLIGATE,OBLIGATE,160
821,319,OBLIGATE,OBLIGATE,160
822,138,recognize,RECOGNIZE,929
822,131,recognize,RECOGNIZE,929
822,340,define,DEFINE,242
822,121,OBLIGATE,OBLIGATE,818
822,1898,define,DEFINE,242
822,259,define,DEFINE,242
822,109,define,DEFINE,242
822,40,DEVELOP,DEVELOP,792
822,33,DEVELOP,DEVELOP,792
822,81,DEVELOP,DEVELOP,792
822,1019,OBLIGATE,OBLIGATE,818
822,69,recognize,RECOGNIZE,929
823,822,REGULATE,REGULATE,87
823,824,REGULATE,REGULATE,87
824,822,REGULATE,REGULATE,87
825,109,specify,SPECIFY,87
826,121,REGULATE,REGULATE,112
826,1020,REGULATE,REGULATE,112
826,1021,REGULATE,REGULATE,112
826,1023,REGULATE,REGULATE,112
826,1025,REGULATE,REGULATE,112
826,942,REGULATE,REGULATE,112
826,876,REGULATE,REGULATE,112
826,109,REGULATE,REGULATE,112
826,1161,OBLIGATE,OBLIGATE,129
826,2145,OBLIGATE,OBLIGATE,291
826,13,OBLIGATE,OBLIGATE,291
826,2146,OBLIGATE,OBLIGATE,291
826,1364,OBLIGATE,OBLIGATE,327
826,1918,OBLIGATE,OBLIGATE,345
826,639,OBLIGATE,OBLIGATE,345
826,926,OBLIGATE,OBLIGATE,615
826,550,OBLIGATE,OBLIGATE,615
826,450,OBLIGATE,OBLIGATE,615
827,622,OBLIGATE,OBLIGATE,88
827,828,OBLIGATE,OBLIGATE,88
827,829,OBLIGATE,OBLIGATE,88
827,830,OBLIGATE,OBLIGATE,88
827,168,OBLIGATE,OBLIGATE,88
827,831,OBLIGATE,OBLIGATE,88
828,687,appoint,APPOINT,192
828,1764,include,INCLUDE,267
828,131,hold,HOLD,662
829,622,OBLIGATE,OBLIGATE,88
830,622,OBLIGATE,OBLIGATE,88
830,168,OBLIGATE,OBLIGATE,88
831,622,OBLIGATE,OBLIGATE,88
831,830,OBLIGATE,OBLIGATE,88
831,168,OBLIGATE,OBLIGATE,88
831,18,oblige,OBLIGE,93
831,51,oblige,OBLIGE,93
831,164,OBLIGATE,OBLIGATE,93
831,432,OBLIGATE,OBLIGATE,294
831,63,OBLIGATE,OBLIGATE,326
831,13,OBLIGATE,OBLIGATE,326
831,644,OBLIGATE,OBLIGATE,326
831,452,OBLIGATE,OBLIGATE,350
831,177,DEVELOP,DEVELOP,392
831,416,OBLIGATE,OBLIGATE,350
831,1880,OBLIGATE,OBLIGATE,350
831,2401,OBLIGATE,OBLIGATE,350
831,279,discuss,DISCUSS,358
831,786,discuss,DISCUSS,358
831,327,accommodate,ACCOMMODATE,389
831,52,accommodate,ACCOMMODATE,389
831,6,DEVELOP,DEVELOP,392
831,40,DEVELOP,DEVELOP,392
831,2612,DEVELOP,DEVELOP,392
831,178,DEVELOP,DEVELOP,461
831,109,DEVELOP,DEVELOP,461
831,639,DEVELOP,DEVELOP,474
831,3020,DEVELOP,DEVELOP,474
832,833,DEVELOP,DEVELOP,89
832,834,RESTRICT,RESTRICT,89
832,69,OBLIGATE,OBLIGATE,89
832,379,OBLIGATE,OBLIGATE,89
832,835,OBLIGATE,OBLIGATE,89
832,836,SUPPORT,SUPPORT,89
832,837,SUPPORT,SUPPORT,89
832,782,OBLIGATE,OBLIGATE,89
832,838,OBLIGATE,OBLIGATE,89
832,839,OBLIGATE,OBLIGATE,89
832,840,OBLIGATE,OBLIGATE,89
832,366,SUPPORT,SUPPORT,89
832,195,SUPPORT,SUPPORT,89
832,34,SUPPORT,SUPPORT,89
832,565,SUPPORT,SUPPORT,89
832,841,REGULATE,REGULATE,89
832,842,REGULATE,REGULATE,89
832,843,REGULATE,REGULATE,89
832,109,REGULATE,REGULATE,89
832,844,REGULATE,REGULATE,89
832,33,RESTRICT,RESTRICT,89
832,120,RESTRICT,RESTRICT,89
832,845,RESTRICT,RESTRICT,89
832,846,RESTRICT,RESTRICT,89
833,379,DEVELOP,DEVELOP,89
833,2515,OBLIGATE,OBLIGATE,377
833,267,OBLIGATE,OBLIGATE,377
833,151,OBLIGATE,OBLIGATE,377
833,450,define,DEFINE,883
833,2250,define,DEFINE,883
835,69,OBLIGATE,OBLIGATE,89
835,335,OBLIGATE,OBLIGATE,89
835,379,OBLIGATE,OBLIGATE,89
835,320,OBLIGATE,OBLIGATE,89
836,335,SUPPORT,SUPPORT,945
836,837,SUPPORT,SUPPORT,89
836,259,SUPPORT,SUPPORT,89
836,1593,OBLIGATE,OBLIGATE,191
836,85,OBLIGATE,OBLIGATE,191
836,1766,emphasize,EMPHASIZE,222
836,787,emphasize,EMPHASIZE,222
836,3183,OBLIGATE,OBLIGATE,512
836,2623,OBLIGATE,OBLIGATE,512
836,850,reaffirm,REAFFIRM,860
836,728,SUPPORT,SUPPORT,945
836,930,SUPPORT,SUPPORT,945
836,4630,urge,URGE,946
837,335,SUPPORT,SUPPORT,89
837,259,SUPPORT,SUPPORT,89
837,1485,call,CALL,175
837,1487,call,CALL,175
837,859,call,CALL,175
837,121,call,CALL,175
837,177,SUPPORT,SUPPORT,728
837,363,SUPPORT,SUPPORT,728
837,2,SUPPORT,SUPPORT,728
838,3333,EVALUATE,EVALUATE,553
838,5,EVALUATE,EVALUATE,553
838,2250,EVALUATE,EVALUATE,553
838,13,OBLIGATE,OBLIGATE,709
838,481,OBLIGATE,OBLIGATE,728
838,1487,SUPPORT,SUPPORT,947
838,1072,SUPPORT,SUPPORT,947
838,198,SUPPORT,SUPPORT,947
839,782,OBLIGATE,OBLIGATE,89
839,838,OBLIGATE,OBLIGATE,89
839,840,OBLIGATE,OBLIGATE,89
840,782,OBLIGATE,OBLIGATE,89
840,838,OBLIGATE,OBLIGATE,89
841,842,REGULATE,REGULATE,89
841,109,REGULATE,REGULATE,89
841,844,REGULATE,REGULATE,89
841,3,REGULATE,REGULATE,89
842,259,REGULATE,REGULATE,89
842,109,REGULATE,REGULATE,89
842,8,emphasize,EMPHASIZE,879
842,639,emphasize,EMPHASIZE,879
842,771,emphasize,EMPHASIZE,879
843,335,enact,ENACT,97
843,138,REGULATE,REGULATE,89
843,841,REGULATE,REGULATE,89
843,842,REGULATE,REGULATE,89
843,109,REGULATE,REGULATE,89
843,844,REGULATE,REGULATE,89
843,9,enact,ENACT,97
843,235,enact,ENACT,97
843,395,enact,ENACT,97
843,911,enact,ENACT,97
843,923,REPORT,REPORT,854
844,335,REPORT,REPORT,835
844,320,REGULATE,REGULATE,89
844,842,REGULATE,REGULATE,89
844,109,REGULATE,REGULATE,89
844,69,REPORT,REPORT,835
844,4575,REPORT,REPORT,835
844,40,REPORT,REPORT,835
844,121,REPORT,REPORT,835
844,859,REPORT,REPORT,835
844,5,REPORT,REPORT,835
844,2757,REPORT,REPORT,835
845,33,RESTRICT,RESTRICT,89
845,120,DEVELOP,DEVELOP,156
845,846,RESTRICT,RESTRICT,89
845,332,guide,GUIDE,113
845,185,guide,GUIDE,113
845,860,OBLIGATE,OBLIGATE,168
845,1032,OBLIGATE,OBLIGATE,168
845,121,compose,COMPOSE,641
845,1346,DEVELOP,DEVELOP,156
845,1216,DEVELOP,DEVELOP,156
845,509,OBLIGATE,OBLIGATE,168
845,2833,OBLIGATE,OBLIGATE,437
845,110,OBLIGATE,OBLIGATE,437
845,2834,OBLIGATE,OBLIGATE,437
845,396,DEVELOP,DEVELOP,498
845,177,DEVELOP,DEVELOP,498
845,2,compose,COMPOSE,641
845,2938,compose,COMPOSE,641
845,395,compose,COMPOSE,641
845,1290,compose,COMPOSE,641
845,379,compose,COMPOSE,641
846,33,RESTRICT,RESTRICT,89
846,120,RESTRICT,RESTRICT,89
846,121,incorporate,INCORPORATE,471
846,1163,REGULATE,REGULATE,129
846,157,incorporate,INCORPORATE,471
846,103,incorporate,INCORPORATE,471
847,849,OBLIGATE,OBLIGATE,90
847,853,OBLIGATE,OBLIGATE,90
847,854,include,INCLUDE,90
847,855,include,INCLUDE,90
847,856,include,INCLUDE,90
847,850,OBLIGATE,OBLIGATE,90
847,198,OBLIGATE,OBLIGATE,90
847,121,OBLIGATE,OBLIGATE,90
847,859,OBLIGATE,OBLIGATE,90
847,860,OBLIGATE,OBLIGATE,90
847,236,OBLIGATE,OBLIGATE,90
850,849,OBLIGATE,OBLIGATE,90
850,198,OBLIGATE,OBLIGATE,90
850,121,OBLIGATE,OBLIGATE,90
850,236,OBLIGATE,OBLIGATE,90
850,3,prioritize,PRIORITIZE,860
850,276,DEVELOP,DEVELOP,703
850,67,AUTHORIZE,AUTHORIZE,154
850,279,REGULATE,REGULATE,177
850,8,REGULATE,REGULATE,177
850,259,prioritize,PRIORITIZE,860
850,247,DEVELOP,DEVELOP,700
850,3182,OBLIGATE,OBLIGATE,698
850,320,OBLIGATE,OBLIGATE,698
850,21,OBLIGATE,OBLIGATE,698
853,849,OBLIGATE,OBLIGATE,90
854,856,include,INCLUDE,90
855,854,include,INCLUDE,90
855,856,include,INCLUDE,90
855,1079,SUPPORT,SUPPORT,118
855,1081,SUPPORT,SUPPORT,118
855,36,SUPPORT,SUPPORT,118
857,2794,REGULATE,REGULATE,429
858,85,OBLIGATE,OBLIGATE,603
858,364,OBLIGATE,OBLIGATE,763
858,314,leverage,LEVERAGE,763
858,157,OBLIGATE,OBLIGATE,763
858,62,OBLIGATE,OBLIGATE,767
858,646,OBLIGATE,OBLIGATE,767
858,185,OBLIGATE,OBLIGATE,767
859,849,OBLIGATE,OBLIGATE,90
859,198,OBLIGATE,OBLIGATE,90
859,185,REPORT,REPORT,205
859,1018,REPORT,REPORT,240
860,849,OBLIGATE,OBLIGATE,90
860,850,OBLIGATE,OBLIGATE,90
860,198,OBLIGATE,OBLIGATE,90
860,121,charge,CHARGE,896
860,859,OBLIGATE,OBLIGATE,90
860,236,strengthen,STRENGTHEN,837
860,185,guide,GUIDE,113
860,1032,OBLIGATE,OBLIGATE,168
860,509,OBLIGATE,OBLIGATE,168
860,1163,OBLIGATE,OBLIGATE,232
860,109,OBLIGATE,OBLIGATE,232
860,148,OBLIGATE,OBLIGATE,232
860,350,OBLIGATE,OBLIGATE,258
860,983,OBLIGATE,OBLIGATE,300
860,1209,OBLIGATE,OBLIGATE,473
860,70,OBLIGATE,OBLIGATE,333
860,320,meet,MEET,446
860,33,OBLIGATE,OBLIGATE,473
860,67,OBLIGATE,OBLIGATE,473
860,1444,charge,CHARGE,896
860,422,USE,USE,791
860,206,OBLIGATE,OBLIGATE,815
860,957,OBLIGATE,OBLIGATE,815
860,63,OBLIGATE,OBLIGATE,827
860,2429,OBLIGATE,OBLIGATE,827
860,314,OBLIGATE,OBLIGATE,827
860,235,urge,URGE,832
860,335,charge,CHARGE,896
860,1709,urge,URGE,832
860,1678,strengthen,STRENGTHEN,837
860,1026,strengthen,STRENGTHEN,837
860,878,charge,CHARGE,896
861,1832,OBLIGATE,OBLIGATE,233
861,295,OBLIGATE,OBLIGATE,233
861,1833,OBLIGATE,OBLIGATE,233
861,34,OBLIGATE,OBLIGATE,233
861,1320,OBLIGATE,OBLIGATE,233
861,109,OBLIGATE,OBLIGATE,233
863,865,provide,PROVIDE,91
863,467,OBLIGATE,OBLIGATE,91
863,866,affect,AFFECT,91
863,34,affect,AFFECT,91
863,70,affect,AFFECT,91
863,386,affect,AFFECT,91
863,231,DEVELOP,DEVELOP,91
863,867,REPORT,REPORT,91
863,120,DEVELOP,DEVELOP,91
863,299,REPORT,REPORT,91
863,396,OBLIGATE,OBLIGATE,91
863,634,OBLIGATE,OBLIGATE,91
863,869,DEVELOP,DEVELOP,91
863,187,REPORT,REPORT,91
863,341,REPORT,REPORT,91
863,2,provide,PROVIDE,91
863,109,provide,PROVIDE,91
863,50,provide,PROVIDE,91
864,863,define,DEFINE,91
864,467,DEVELOP,DEVELOP,821
864,235,OBLIGATE,OBLIGATE,213
864,103,OBLIGATE,OBLIGATE,210
864,18,impact,IMPACT,97
864,1167,provide,PROVIDE,130
864,1346,DEVELOP,DEVELOP,156
864,1216,DEVELOP,DEVELOP,156
864,845,DEVELOP,DEVELOP,156
864,120,OBLIGATE,OBLIGATE,210
864,1455,make,MAKE,169
864,634,USE,USE,496
864,231,OBLIGATE,OBLIGATE,210
864,339,OBLIGATE,OBLIGATE,202
864,341,OBLIGATE,OBLIGATE,202
864,146,OBLIGATE,OBLIGATE,207
864,1350,OBLIGATE,OBLIGATE,207
864,333,OBLIGATE,OBLIGATE,213
864,1716,USE,USE,496
864,3127,USE,USE,496
866,34,affect,AFFECT,91
866,70,affect,AFFECT,91
866,386,affect,AFFECT,91
867,231,REPORT,REPORT,91
867,422,include,INCLUDE,443
867,613,include,INCLUDE,443
868,863,OBLIGATE,OBLIGATE,91
868,467,OBLIGATE,OBLIGATE,91
868,634,OBLIGATE,OBLIGATE,91
868,37,SUPPORT,SUPPORT,185
868,1558,SUPPORT,SUPPORT,185
868,146,SUPPORT,SUPPORT,185
868,514,SUPPORT,SUPPORT,185
868,335,SUPPORT,SUPPORT,185
868,320,OBLIGATE,OBLIGATE,210
869,231,DEVELOP,DEVELOP,91
869,109,fail,FAIL,821
869,146,fail,FAIL,821
869,1198,fail,FAIL,821
870,872,OBLIGATE,OBLIGATE,92
870,18,OBLIGATE,OBLIGATE,92
870,51,OBLIGATE,OBLIGATE,92
870,876,necessitate,NECESSITATE,92
870,513,OBLIGATE,OBLIGATE,92
870,873,OBLIGATE,OBLIGATE,92
870,874,OBLIGATE,OBLIGATE,92
870,37,OBLIGATE,OBLIGATE,92
870,52,OBLIGATE,OBLIGATE,92
870,297,OBLIGATE,OBLIGATE,92
870,2,OBLIGATE,OBLIGATE,92
870,639,OBLIGATE,OBLIGATE,92
870,8,necessitate,NECESSITATE,92
870,6,necessitate,NECESSITATE,92
870,54,necessitate,NECESSITATE,92
870,877,necessitate,NECESSITATE,92
870,206,OBLIGATE,OBLIGATE,92
870,13,OBLIGATE,OBLIGATE,92
870,878,OBLIGATE,OBLIGATE,92
871,870,OBLIGATE,OBLIGATE,92
871,872,OBLIGATE,OBLIGATE,92
871,18,OBLIGATE,OBLIGATE,92
871,51,OBLIGATE,OBLIGATE,92
872,51,OBLIGATE,OBLIGATE,92
872,876,OBLIGATE,OBLIGATE,92
872,265,OBLIGATE,OBLIGATE,139
872,878,OBLIGATE,OBLIGATE,139
872,34,OBLIGATE,OBLIGATE,167
872,1444,OBLIGATE,OBLIGATE,167
872,121,OBLIGATE,OBLIGATE,181
872,259,OBLIGATE,OBLIGATE,167
872,21,OBLIGATE,OBLIGATE,167
872,1105,OBLIGATE,OBLIGATE,181
872,236,OBLIGATE,OBLIGATE,181
872,103,OBLIGATE,OBLIGATE,181
872,468,OBLIGATE,OBLIGATE,181
872,993,OBLIGATE,OBLIGATE,299
872,1941,OBLIGATE,OBLIGATE,299
872,2179,OBLIGATE,OBLIGATE,299
872,292,OBLIGATE,OBLIGATE,299
872,267,OBLIGATE,OBLIGATE,308
872,177,OBLIGATE,OBLIGATE,600
872,416,OBLIGATE,OBLIGATE,600
872,37,OBLIGATE,OBLIGATE,600
872,570,OBLIGATE,OBLIGATE,721
872,1139,OBLIGATE,OBLIGATE,721
872,206,OBLIGATE,OBLIGATE,913
873,513,OBLIGATE,OBLIGATE,92
873,37,appoint,APPOINT,226
873,52,OBLIGATE,OBLIGATE,92
873,297,OBLIGATE,OBLIGATE,92
873,401,AUTHORIZE,AUTHORIZE,165
873,131,AUTHORIZE,AUTHORIZE,165
873,14,appoint,APPOINT,226
873,1797,RESTRICT,RESTRICT,228
873,1140,RESTRICT,RESTRICT,228
873,70,RESTRICT,RESTRICT,228
873,41,designate,DESIGNATE,809
873,1121,OBLIGATE,OBLIGATE,914
874,513,OBLIGATE,OBLIGATE,92
874,873,OBLIGATE,OBLIGATE,92
874,37,OBLIGATE,OBLIGATE,92
874,52,OBLIGATE,OBLIGATE,92
874,297,OBLIGATE,OBLIGATE,92
874,2337,RESTRICT,RESTRICT,334
874,1157,receive,RECEIVE,900
874,1444,receive,RECEIVE,900
875,870,OBLIGATE,OBLIGATE,92
875,52,OBLIGATE,OBLIGATE,92
875,2,OBLIGATE,OBLIGATE,92
875,639,OBLIGATE,OBLIGATE,92
875,51,OBLIGATE,OBLIGATE,92
876,8,necessitate,NECESSITATE,92
876,54,necessitate,NECESSITATE,92
876,1020,REGULATE,REGULATE,112
876,1023,REGULATE,REGULATE,112
876,1025,REGULATE,REGULATE,112
876,466,OBLIGATE,OBLIGATE,201
876,92,IMPLEMENT,IMPLEMENT,246
876,257,OBLIGATE,OBLIGATE,328
876,2748,OBLIGATE,OBLIGATE,597
876,3608,OBLIGATE,OBLIGATE,604
876,800,OBLIGATE,OBLIGATE,636
877,876,necessitate,NECESSITATE,92
877,8,necessitate,NECESSITATE,92
877,54,necessitate,NECESSITATE,92
877,3,research,RESEARCH,924
877,454,DEVELOP,DEVELOP,128
877,140,DEVELOP,DEVELOP,136
877,67,DEVELOP,DEVELOP,136
877,634,oblige,OBLIGE,211
877,235,IMPLEMENT,IMPLEMENT,807
877,386,OBLIGATE,OBLIGATE,211
877,148,oblige,OBLIGE,211
877,96,OBLIGATE,OBLIGATE,454
877,4419,OBLIGATE,OBLIGATE,807
877,26,OBLIGATE,OBLIGATE,901
877,177,research,RESEARCH,924
877,327,research,RESEARCH,924
878,206,OBLIGATE,OBLIGATE,92
878,128,OBLIGATE,OBLIGATE,381
878,688,OBLIGATE,OBLIGATE,848
878,1444,OBLIGATE,OBLIGATE,896
878,335,charge,CHARGE,896
878,121,charge,CHARGE,896
879,831,oblige,OBLIGE,93
879,880,RESTRICT,RESTRICT,93
879,51,RESTRICT,RESTRICT,93
879,164,OBLIGATE,OBLIGATE,93
879,881,charge,CHARGE,93
879,144,REGULATE,REGULATE,93
882,879,charge,CHARGE,93
882,881,charge,CHARGE,93
883,3001,define,DEFINE,470
885,886,OBLIGATE,OBLIGATE,94
885,887,set,SET,94
885,889,occur,OCCUR,94
885,90,occur,OCCUR,94
885,187,OBLIGATE,OBLIGATE,94
885,635,expedite,EXPEDITE,94
885,892,set,SET,94
886,249,OBLIGATE,OBLIGATE,906
886,21,constitute,CONSTITUTE,119
886,157,RESTRICT,RESTRICT,121
886,148,RESTRICT,RESTRICT,121
886,273,OBLIGATE,OBLIGATE,121
886,131,provide,PROVIDE,642
886,50,OBLIGATE,OBLIGATE,712
886,231,OBLIGATE,OBLIGATE,712
886,160,COORDINATE,COORDINATE,911
886,2879,COORDINATE,COORDINATE,911
888,969,generate,GENERATE,104
888,5,generate,GENERATE,104
889,886,amend,AMEND,890
889,2291,USE,USE,406
889,223,USE,USE,406
889,634,qualify,QUALIFY,406
889,181,qualify,QUALIFY,406
889,422,qualify,QUALIFY,406
889,2686,qualify,QUALIFY,406
889,131,qualify,QUALIFY,406
889,1230,include,INCLUDE,892
889,164,include,INCLUDE,892
889,3009,include,INCLUDE,892
889,33,REPORT,REPORT,892
889,146,OBLIGATE,OBLIGATE,892
889,3508,include,INCLUDE,898
889,4849,include,INCLUDE,898
889,3132,RESTRICT,RESTRICT,909
890,885,OBLIGATE,OBLIGATE,94
890,886,OBLIGATE,OBLIGATE,94
890,187,OBLIGATE,OBLIGATE,94
891,885,AUTHORIZE,AUTHORIZE,94
891,635,AUTHORIZE,AUTHORIZE,94
892,1444,dissolve,DISSOLVE,167
892,224,take,TAKE,908
892,3,consider,CONSIDER,898
892,96,DEVELOP,DEVELOP,920
892,35,oblige,OBLIGE,921
892,166,oblige,OBLIGE,921
892,1654,OBLIGATE,OBLIGATE,921
892,1081,oblige,OBLIGE,921
892,109,OBLIGATE,OBLIGATE,921
892,18,take,TAKE,931
893,721,OBLIGATE,OBLIGATE,95
893,895,OBLIGATE,OBLIGATE,95
893,512,OBLIGATE,OBLIGATE,95
893,898,fail,FAIL,95
893,899,fail,FAIL,95
893,320,fail,FAIL,95
893,139,OBLIGATE,OBLIGATE,95
893,131,OBLIGATE,OBLIGATE,95
894,96,REGULATE,REGULATE,131
895,512,OBLIGATE,OBLIGATE,95
898,899,fail,FAIL,95
898,320,fail,FAIL,95
899,320,fail,FAIL,95
900,901,OBLIGATE,OBLIGATE,96
900,902,OBLIGATE,OBLIGATE,96
900,185,set,SET,96
900,90,OBLIGATE,OBLIGATE,96
900,903,OBLIGATE,OBLIGATE,96
900,3,set,SET,96
900,904,OBLIGATE,OBLIGATE,96
900,906,OBLIGATE,OBLIGATE,96
900,109,set,SET,96
900,750,OBLIGATE,OBLIGATE,96
900,76,set,SET,96
900,907,set,SET,96
901,902,OBLIGATE,OBLIGATE,96
901,185,OBLIGATE,OBLIGATE,96
901,90,OBLIGATE,OBLIGATE,96
901,181,OBLIGATE,OBLIGATE,96
901,903,OBLIGATE,OBLIGATE,96
902,185,OBLIGATE,OBLIGATE,96
902,90,OBLIGATE,OBLIGATE,96
902,903,OBLIGATE,OBLIGATE,96
903,185,OBLIGATE,OBLIGATE,96
903,90,OBLIGATE,OBLIGATE,96
903,905,OBLIGATE,OBLIGATE,96
904,905,OBLIGATE,OBLIGATE,96
905,210,DEVELOP,DEVELOP,564
905,18,OBLIGATE,OBLIGATE,777
906,109,OBLIGATE,OBLIGATE,96
906,750,OBLIGATE,OBLIGATE,96
907,185,set,SET,96
907,109,set,SET,96
907,76,set,SET,96
907,3199,OBLIGATE,OBLIGATE,528
907,4215,OBLIGATE,OBLIGATE,750
907,4216,OBLIGATE,OBLIGATE,750
908,843,enact,ENACT,97
908,9,enact,ENACT,97
908,910,AUTHORIZE,AUTHORIZE,97
908,235,DEVELOP,DEVELOP,97
908,335,override,OVERRIDE,97
908,395,enact,ENACT,97
908,911,enact,ENACT,97
908,148,override,OVERRIDE,97
908,636,RESTRICT,RESTRICT,97
908,913,RESTRICT,RESTRICT,97
908,198,RESTRICT,RESTRICT,97
908,103,impact,IMPACT,97
908,134,RESTRICT,RESTRICT,97
908,821,override,OVERRIDE,97
908,708,override,OVERRIDE,97
908,914,override,OVERRIDE,97
908,18,impact,IMPACT,97
908,864,impact,IMPACT,97
908,915,AUTHORIZE,AUTHORIZE,97
908,916,DEVELOP,DEVELOP,97
908,207,launch,LAUNCH,97
908,85,launch,LAUNCH,97
908,327,launch,LAUNCH,97
908,919,launch,LAUNCH,97
908,34,launch,LAUNCH,97
908,76,AUTHORIZE,AUTHORIZE,97
909,908,enact,ENACT,97
909,843,enact,ENACT,97
909,9,enact,ENACT,97
909,235,enact,ENACT,97
909,335,enact,ENACT,97
909,395,enact,ENACT,97
909,911,enact,ENACT,97
911,9,enact,ENACT,97
911,235,enact,ENACT,97
911,335,enact,ENACT,97
911,395,enact,ENACT,97
911,148,enact,ENACT,97
912,908,RESTRICT,RESTRICT,97
912,235,RESTRICT,RESTRICT,97
912,636,RESTRICT,RESTRICT,97
912,913,RESTRICT,RESTRICT,97
912,198,RESTRICT,RESTRICT,97
912,103,RESTRICT,RESTRICT,97
912,134,RESTRICT,RESTRICT,97
913,636,RESTRICT,RESTRICT,97
913,198,RESTRICT,RESTRICT,97
913,103,RESTRICT,RESTRICT,97
913,134,RESTRICT,RESTRICT,97
914,235,EVALUATE,EVALUATE,832
914,335,override,OVERRIDE,97
914,821,override,OVERRIDE,97
914,148,override,OVERRIDE,97
914,146,AUTHORIZE,AUTHORIZE,132
914,185,AUTHORIZE,AUTHORIZE,132
914,1180,AUTHORIZE,AUTHORIZE,132
914,259,emphasize,EMPHASIZE,151
914,311,SUPPORT,SUPPORT,224
914,15,urge,URGE,872
914,401,OBLIGATE,OBLIGATE,161
914,13,SUPPORT,SUPPORT,224
914,1111,OBLIGATE,OBLIGATE,161
914,81,OBLIGATE,OBLIGATE,161
914,195,AUTHORIZE,AUTHORIZE,164
914,1415,AUTHORIZE,AUTHORIZE,164
914,131,AUTHORIZE,AUTHORIZE,164
914,468,OBLIGATE,OBLIGATE,886
914,138,SUPPORT,SUPPORT,224
914,257,OBLIGATE,OBLIGATE,328
914,5,OBLIGATE,OBLIGATE,328
914,876,OBLIGATE,OBLIGATE,328
914,916,OBLIGATE,OBLIGATE,328
914,1304,OBLIGATE,OBLIGATE,328
914,6,OBLIGATE,OBLIGATE,328
914,67,OBLIGATE,OBLIGATE,328
914,207,OBLIGATE,OBLIGATE,328
914,467,OBLIGATE,OBLIGATE,328
914,728,OBLIGATE,OBLIGATE,328
914,37,OBLIGATE,OBLIGATE,497
914,233,OBLIGATE,OBLIGATE,497
914,2429,hold,HOLD,818
914,1163,urge,URGE,872
914,1366,urge,URGE,872
914,199,urge,URGE,872
914,701,pose,POSE,886
914,1764,pose,POSE,886
915,76,AUTHORIZE,AUTHORIZE,97
916,235,DEVELOP,DEVELOP,97
916,915,DEVELOP,DEVELOP,97
916,33,OBLIGATE,OBLIGATE,162
916,109,OBLIGATE,OBLIGATE,162
916,1105,DEVELOP,DEVELOP,246
916,103,DEVELOP,DEVELOP,246
916,468,DEVELOP,DEVELOP,246
916,259,DEVELOP,DEVELOP,246
916,257,OBLIGATE,OBLIGATE,328
916,283,OBLIGATE,OBLIGATE,328
916,5,OBLIGATE,OBLIGATE,328
916,876,OBLIGATE,OBLIGATE,328
916,6,OBLIGATE,OBLIGATE,328
916,67,OBLIGATE,OBLIGATE,328
916,207,OBLIGATE,OBLIGATE,328
916,467,OBLIGATE,OBLIGATE,328
916,728,OBLIGATE,OBLIGATE,328
916,30,DEVELOP,DEVELOP,902
916,81,DEVELOP,DEVELOP,902
916,2,DEVELOP,DEVELOP,902
916,21,DEVELOP,DEVELOP,902
917,908,DEVELOP,DEVELOP,97
917,235,DEVELOP,DEVELOP,97
917,915,DEVELOP,DEVELOP,97
917,916,DEVELOP,DEVELOP,97
917,3,initiate,INITIATE,207
917,109,initiate,INITIATE,207
918,908,launch,LAUNCH,97
918,207,launch,LAUNCH,97
918,85,launch,LAUNCH,97
918,327,launch,LAUNCH,97
918,919,launch,LAUNCH,97
918,34,launch,LAUNCH,97
919,207,launch,LAUNCH,97
919,85,launch,LAUNCH,97
919,327,launch,LAUNCH,97
919,34,launch,LAUNCH,97
919,53,OBLIGATE,OBLIGATE,279
919,276,OBLIGATE,OBLIGATE,279
919,1032,OBLIGATE,OBLIGATE,279
919,3362,OBLIGATE,OBLIGATE,549
919,929,amend,AMEND,714
920,921,OBLIGATE,OBLIGATE,98
920,33,IMPLEMENT,IMPLEMENT,98
920,922,OBLIGATE,OBLIGATE,98
920,923,OBLIGATE,OBLIGATE,98
920,924,OBLIGATE,OBLIGATE,98
920,67,OBLIGATE,OBLIGATE,98
920,925,OBLIGATE,OBLIGATE,98
920,926,OBLIGATE,OBLIGATE,98
920,468,OBLIGATE,OBLIGATE,98
920,929,SUPPORT,SUPPORT,98
920,295,SUPPORT,SUPPORT,98
920,930,IMPLEMENT,IMPLEMENT,98
920,311,IMPLEMENT,IMPLEMENT,98
920,713,IMPLEMENT,IMPLEMENT,98
920,514,exclude,EXCLUDE,98
920,670,exclude,EXCLUDE,98
921,33,OBLIGATE,OBLIGATE,98
921,138,OBLIGATE,OBLIGATE,98
922,18,OBLIGATE,OBLIGATE,98
922,33,OBLIGATE,OBLIGATE,473
922,1209,OBLIGATE,OBLIGATE,473
922,2336,OBLIGATE,OBLIGATE,473
922,860,OBLIGATE,OBLIGATE,473
922,70,OBLIGATE,OBLIGATE,333
922,6,OBLIGATE,OBLIGATE,473
922,67,OBLIGATE,OBLIGATE,473
923,3,REPORT,REPORT,854
923,924,OBLIGATE,OBLIGATE,98
923,67,OBLIGATE,OBLIGATE,98
923,5,OBLIGATE,OBLIGATE,170
923,131,OBLIGATE,OBLIGATE,170
924,3,IMPLEMENT,IMPLEMENT,883
924,67,OBLIGATE,OBLIGATE,98
924,181,make,MAKE,205
924,185,recommend,RECOMMEND,205
924,235,recommend,RECOMMEND,205
924,199,make,MAKE,205
924,148,REGULATE,REGULATE,865
924,322,REGULATE,REGULATE,865
924,8,OBLIGATE,OBLIGATE,879
924,311,OBLIGATE,OBLIGATE,879
924,859,IMPLEMENT,IMPLEMENT,883
925,926,OBLIGATE,OBLIGATE,170
925,468,OBLIGATE,OBLIGATE,98
925,514,OBLIGATE,OBLIGATE,170
927,1461,manage,MANAGE,170
927,1462,manage,MANAGE,170
927,138,DEVELOP,DEVELOP,828
927,914,OBLIGATE,OBLIGATE,886
927,333,OBLIGATE,OBLIGATE,886
927,468,OBLIGATE,OBLIGATE,886
927,33,OBLIGATE,OBLIGATE,886
929,18,DEVELOP,DEVELOP,860
929,194,DEVELOP,DEVELOP,860
931,295,enhance,ENHANCE,99
931,235,enhance,ENHANCE,99
931,646,enhance,ENHANCE,99
931,932,REGULATE,REGULATE,99
931,933,OBLIGATE,OBLIGATE,99
931,934,exclude,EXCLUDE,99
931,591,OBLIGATE,OBLIGATE,99
931,121,OBLIGATE,OBLIGATE,99
931,109,OBLIGATE,OBLIGATE,99
931,935,OBLIGATE,OBLIGATE,99
931,876,OBLIGATE,OBLIGATE,99
931,21,comply,COMPLY,99
931,670,exclude,EXCLUDE,99
931,33,exclude,EXCLUDE,99
931,936,exclude,EXCLUDE,99
931,937,OBLIGATE,OBLIGATE,99
931,938,OBLIGATE,OBLIGATE,99
931,939,OBLIGATE,OBLIGATE,99
932,3,REGULATE,REGULATE,99
933,934,OBLIGATE,OBLIGATE,99
934,3,OBLIGATE,OBLIGATE,518
934,33,exclude,EXCLUDE,99
934,936,exclude,EXCLUDE,99
934,319,OBLIGATE,OBLIGATE,518
934,1941,OBLIGATE,OBLIGATE,518
934,37,OBLIGATE,OBLIGATE,518
934,320,OBLIGATE,OBLIGATE,518
934,299,OBLIGATE,OBLIGATE,518
935,121,OBLIGATE,OBLIGATE,99
935,109,provide,PROVIDE,891
935,876,OBLIGATE,OBLIGATE,99
935,146,DEVELOP,DEVELOP,169
935,164,exclude,EXCLUDE,465
935,2,EVALUATE,EVALUATE,510
935,181,act,ACT,932
935,107,act,ACT,932
935,96,act,ACT,932
936,33,exclude,EXCLUDE,99
936,131,OBLIGATE,OBLIGATE,134
936,340,DEVELOP,DEVELOP,247
936,259,DEVELOP,DEVELOP,247
936,379,OBLIGATE,OBLIGATE,313
936,924,OBLIGATE,OBLIGATE,414
936,545,pose,POSE,773
936,279,pose,POSE,773
938,3,OBLIGATE,OBLIGATE,99
938,937,OBLIGATE,OBLIGATE,99
938,939,OBLIGATE,OBLIGATE,99
939,937,OBLIGATE,OBLIGATE,99
939,707,EVALUATE,EVALUATE,863
939,3119,EVALUATE,EVALUATE,863
939,1976,EVALUATE,EVALUATE,863
939,325,EVALUATE,EVALUATE,863
942,121,REGULATE,REGULATE,112
942,1020,REGULATE,REGULATE,112
942,1021,REGULATE,REGULATE,112
942,1023,REGULATE,REGULATE,112
942,1025,REGULATE,REGULATE,112
942,876,REGULATE,REGULATE,112
942,109,REGULATE,REGULATE,112
942,236,REGULATE,REGULATE,112
942,1169,OBLIGATE,OBLIGATE,242
952,224,include,INCLUDE,102
952,954,OBLIGATE,OBLIGATE,102
952,955,OBLIGATE,OBLIGATE,102
952,957,OBLIGATE,OBLIGATE,102
952,3,OBLIGATE,OBLIGATE,102
952,13,OBLIGATE,OBLIGATE,102
952,959,OBLIGATE,OBLIGATE,102
953,952,DEVELOP,DEVELOP,102
953,177,DEVELOP,DEVELOP,102
953,954,DEVELOP,DEVELOP,603
953,3605,DEVELOP,DEVELOP,603
955,954,prioritize,PRIORITIZE,603
955,957,REGULATE,REGULATE,603
955,3,OBLIGATE,OBLIGATE,603
955,85,OBLIGATE,OBLIGATE,603
955,858,OBLIGATE,OBLIGATE,603
956,952,OBLIGATE,OBLIGATE,102
956,177,REGULATE,REGULATE,603
956,954,prioritize,PRIORITIZE,603
956,955,REGULATE,REGULATE,603
956,957,REGULATE,REGULATE,603
956,3605,REGULATE,REGULATE,603
957,954,OBLIGATE,OBLIGATE,102
957,15,SUPPORT,SUPPORT,161
957,859,OBLIGATE,OBLIGATE,215
957,18,compose,COMPOSE,756
957,220,DEVELOP,DEVELOP,726
958,952,OBLIGATE,OBLIGATE,102
958,177,OBLIGATE,OBLIGATE,102
958,3,OBLIGATE,OBLIGATE,102
958,13,OBLIGATE,OBLIGATE,102
958,959,OBLIGATE,OBLIGATE,102
959,3,OBLIGATE,OBLIGATE,102
959,13,OBLIGATE,OBLIGATE,102
960,813,OBLIGATE,OBLIGATE,719
960,13,OBLIGATE,OBLIGATE,719
960,63,OBLIGATE,OBLIGATE,119
960,67,OBLIGATE,OBLIGATE,636
960,168,OBLIGATE,OBLIGATE,636
961,952,include,INCLUDE,102
961,177,include,INCLUDE,102
962,448,OBLIGATE,OBLIGATE,103
962,320,OBLIGATE,OBLIGATE,103
963,320,OBLIGATE,OBLIGATE,683
963,448,OBLIGATE,OBLIGATE,683
963,267,OBLIGATE,OBLIGATE,683
965,590,OBLIGATE,OBLIGATE,104
965,966,OBLIGATE,OBLIGATE,104
965,967,OBLIGATE,OBLIGATE,104
965,267,OBLIGATE,OBLIGATE,104
965,372,REGULATE,REGULATE,104
965,148,REGULATE,REGULATE,104
965,121,REGULATE,REGULATE,104
965,395,REGULATE,REGULATE,104
965,539,OBLIGATE,OBLIGATE,104
966,590,OBLIGATE,OBLIGATE,104
966,267,OBLIGATE,OBLIGATE,104
966,969,generate,GENERATE,104
966,5,generate,GENERATE,104
966,888,generate,GENERATE,104
967,590,OBLIGATE,OBLIGATE,104
967,966,generate,GENERATE,104
967,267,OBLIGATE,OBLIGATE,104
967,969,generate,GENERATE,104
967,5,generate,GENERATE,104
967,888,generate,GENERATE,104
967,181,include,INCLUDE,655
967,3765,include,INCLUDE,655
967,101,include,INCLUDE,655
967,185,include,INCLUDE,655
967,69,SUPPORT,SUPPORT,822
967,4485,SUPPORT,SUPPORT,822
967,4486,SUPPORT,SUPPORT,822
967,4487,SUPPORT,SUPPORT,822
967,4488,SUPPORT,SUPPORT,822
968,372,OBLIGATE,OBLIGATE,104
968,267,OBLIGATE,OBLIGATE,104
968,969,OBLIGATE,OBLIGATE,104
969,372,OBLIGATE,OBLIGATE,104
969,267,OBLIGATE,OBLIGATE,104
969,5,generate,GENERATE,104
970,975,distribute,DISTRIBUTE,105
970,107,distribute,DISTRIBUTE,105
970,59,IMPLEMENT,IMPLEMENT,105
970,976,IMPLEMENT,IMPLEMENT,105
972,111,define,DEFINE,488
973,131,RESTRICT,RESTRICT,694
973,248,initiate,INITIATE,897
973,4451,initiate,INITIATE,897
973,146,initiate,INITIATE,897
973,341,initiate,INITIATE,897
973,107,IMPLEMENT,IMPLEMENT,944
973,268,IMPLEMENT,IMPLEMENT,944
973,164,IMPLEMENT,IMPLEMENT,944
975,107,exclude,EXCLUDE,671
975,248,distribute,DISTRIBUTE,105
976,59,IMPLEMENT,IMPLEMENT,105
976,56,DEVELOP,DEVELOP,671
977,224,include,INCLUDE,106
977,13,OBLIGATE,OBLIGATE,106
977,59,OBLIGATE,OBLIGATE,106
977,979,receive,RECEIVE,106
977,81,receive,RECEIVE,106
977,712,receive,RECEIVE,106
977,366,include,INCLUDE,106
977,876,include,INCLUDE,106
977,980,include,INCLUDE,106
978,18,REPORT,REPORT,212
978,280,RESTRICT,RESTRICT,254
978,267,RESTRICT,RESTRICT,254
979,3,receive,RECEIVE,106
979,81,receive,RECEIVE,106
979,712,receive,RECEIVE,106
979,3433,OBLIGATE,OBLIGATE,570
980,366,include,INCLUDE,106
980,876,include,INCLUDE,106
981,63,REPORT,REPORT,107
981,3,OBLIGATE,OBLIGATE,689
981,168,REPORT,REPORT,107
981,100,OBLIGATE,OBLIGATE,689
982,981,OBLIGATE,OBLIGATE,107
982,265,OBLIGATE,OBLIGATE,107
982,63,OBLIGATE,OBLIGATE,107
982,983,OBLIGATE,OBLIGATE,107
982,984,OBLIGATE,OBLIGATE,107
984,981,OBLIGATE,OBLIGATE,689
984,265,OBLIGATE,OBLIGATE,107
984,983,OBLIGATE,OBLIGATE,689
984,340,whistleblower,WHISTLEBLOWER,214
984,1046,whistleblower,WHISTLEBLOWER,214
984,3134,incite,INCITE,499
984,178,incite,INCITE,499
984,3139,incite,INCITE,499
984,177,incite,INCITE,499
984,416,incite,INCITE,499
984,21,specify,SPECIFY,874
984,422,specify,SPECIFY,874
984,314,specify,SPECIFY,874
984,131,specify,SPECIFY,874
984,223,specify,SPECIFY,874
984,53,specify,SPECIFY,874
984,634,specify,SPECIFY,874
984,1163,specify,SPECIFY,874
984,288,specify,SPECIFY,874
984,76,specify,SPECIFY,874
985,981,OBLIGATE,OBLIGATE,689
985,40,OBLIGATE,OBLIGATE,586
985,168,REPORT,REPORT,107
985,2747,OBLIGATE,OBLIGATE,597
985,1336,OBLIGATE,OBLIGATE,586
985,639,OBLIGATE,OBLIGATE,597
985,3577,OBLIGATE,OBLIGATE,597
985,267,OBLIGATE,OBLIGATE,597
985,993,OBLIGATE,OBLIGATE,689
985,13,OBLIGATE,OBLIGATE,689
986,981,OBLIGATE,OBLIGATE,689
986,100,OBLIGATE,OBLIGATE,689
986,13,OBLIGATE,OBLIGATE,689
986,3949,OBLIGATE,OBLIGATE,689
987,981,OBLIGATE,OBLIGATE,689
987,100,OBLIGATE,OBLIGATE,689
987,986,OBLIGATE,OBLIGATE,689
987,13,OBLIGATE,OBLIGATE,689
987,3947,OBLIGATE,OBLIGATE,689
987,3948,OBLIGATE,OBLIGATE,689
987,3949,OBLIGATE,OBLIGATE,689
992,981,REPORT,REPORT,107
992,63,REPORT,REPORT,107
992,13,REPORT,REPORT,107
992,993,REPORT,REPORT,107
992,1347,oblige,OBLIGE,937
992,1273,oblige,OBLIGE,937
992,206,oblige,OBLIGE,937
992,5022,oblige,OBLIGE,937
993,981,OBLIGATE,OBLIGATE,689
993,63,REPORT,REPORT,107
993,386,OBLIGATE,OBLIGATE,299
993,52,USE,USE,299
993,181,USE,USE,299
993,957,USE,USE,299
993,1941,OBLIGATE,OBLIGATE,299
993,2181,OBLIGATE,OBLIGATE,299
993,983,OBLIGATE,OBLIGATE,689
993,984,OBLIGATE,OBLIGATE,689
993,76,codify,CODIFY,789
993,80,amend,AMEND,789
993,79,amend,AMEND,789
994,555,RESTRICT,RESTRICT,108
994,996,USE,USE,108
994,997,USE,USE,108
994,52,USE,USE,108
994,998,AUTHORIZE,AUTHORIZE,108
994,999,AUTHORIZE,AUTHORIZE,108
994,128,AUTHORIZE,AUTHORIZE,108
994,1000,alter,ALTER,108
996,555,USE,USE,108
996,52,USE,USE,108
997,555,USE,USE,108
997,996,USE,USE,108
997,52,USE,USE,108
998,555,AUTHORIZE,AUTHORIZE,108
998,999,AUTHORIZE,AUTHORIZE,108
998,128,AUTHORIZE,AUTHORIZE,108
999,555,AUTHORIZE,AUTHORIZE,108
999,128,AUTHORIZE,AUTHORIZE,108
999,244,OBLIGATE,OBLIGATE,286
1000,555,invalidate,INVALIDATE,108
1000,3362,include,INCLUDE,549
1001,3,IMPLEMENT,IMPLEMENT,109
1001,224,IMPLEMENT,IMPLEMENT,109
1003,2965,define,DEFINE,464
1003,2966,define,DEFINE,464
1003,3866,send,SEND,665
1003,342,send,SEND,665
1005,3,OBLIGATE,OBLIGATE,110
1005,613,OBLIGATE,OBLIGATE,110
1005,1008,OBLIGATE,OBLIGATE,110
1005,1009,OBLIGATE,OBLIGATE,110
1005,13,OBLIGATE,OBLIGATE,110
1005,363,SUPPORT,SUPPORT,110
1005,40,SUPPORT,SUPPORT,110
1007,1005,OBLIGATE,OBLIGATE,110
1007,3,OBLIGATE,OBLIGATE,462
1007,613,OBLIGATE,OBLIGATE,110
1007,131,OBLIGATE,OBLIGATE,462
1008,1009,OBLIGATE,OBLIGATE,110
1008,13,OBLIGATE,OBLIGATE,110
1009,13,OBLIGATE,OBLIGATE,110
1010,1005,OBLIGATE,OBLIGATE,110
1010,1008,OBLIGATE,OBLIGATE,110
1010,1009,OBLIGATE,OBLIGATE,110
1010,13,OBLIGATE,OBLIGATE,110
1011,52,OBLIGATE,OBLIGATE,111
1011,570,OBLIGATE,OBLIGATE,111
1011,1012,provide,PROVIDE,111
1011,1013,OBLIGATE,OBLIGATE,111
1011,1014,provide,PROVIDE,111
1012,52,OBLIGATE,OBLIGATE,647
1012,570,OBLIGATE,OBLIGATE,111
1012,1014,suggest,SUGGEST,259
1013,570,OBLIGATE,OBLIGATE,259
1015,1016,DEVELOP,DEVELOP,112
1015,33,DEVELOP,DEVELOP,112
1015,1017,DEVELOP,DEVELOP,112
1015,1018,OBLIGATE,OBLIGATE,112
1015,1019,DEVELOP,DEVELOP,112
1015,121,OBLIGATE,OBLIGATE,112
1015,639,oblige,OBLIGE,112
1015,236,OBLIGATE,OBLIGATE,112
1015,3,OBLIGATE,OBLIGATE,112
1015,826,REGULATE,REGULATE,112
1015,1020,REGULATE,REGULATE,112
1015,1021,REGULATE,REGULATE,112
1015,1022,REGULATE,REGULATE,112
1015,1023,REGULATE,REGULATE,112
1015,1024,REGULATE,REGULATE,112
1015,1025,REGULATE,REGULATE,112
1015,942,REGULATE,REGULATE,112
1015,876,REGULATE,REGULATE,112
1015,109,oblige,OBLIGE,112
1015,185,OBLIGATE,OBLIGATE,112
1015,103,oblige,OBLIGE,112
1015,1026,OBLIGATE,OBLIGATE,112
1015,468,OBLIGATE,OBLIGATE,112
1015,362,RESTRICT,RESTRICT,112
1015,338,RESTRICT,RESTRICT,112
1015,1027,RESTRICT,RESTRICT,112
1015,636,RESTRICT,RESTRICT,112
1015,1028,RESTRICT,RESTRICT,112
1015,235,IMPLEMENT,IMPLEMENT,112
1015,1029,oblige,OBLIGE,112
1015,101,OBLIGATE,OBLIGATE,112
1016,33,DEVELOP,DEVELOP,112
1016,1017,DEVELOP,DEVELOP,112
1016,1019,DEVELOP,DEVELOP,112
1016,121,RESTRICT,RESTRICT,512
1016,639,DEVELOP,DEVELOP,112
1016,236,RESTRICT,RESTRICT,512
1016,3,IMPLEMENT,IMPLEMENT,151
1016,273,IMPLEMENT,IMPLEMENT,151
1016,109,IMPLEMENT,IMPLEMENT,151
1016,8,IMPLEMENT,IMPLEMENT,151
1016,15,OBLIGATE,OBLIGATE,161
1016,401,OBLIGATE,OBLIGATE,161
1016,1111,OBLIGATE,OBLIGATE,161
1016,311,OBLIGATE,OBLIGATE,161
1016,914,OBLIGATE,OBLIGATE,161
1016,283,RESTRICT,RESTRICT,512
1016,1832,RESTRICT,RESTRICT,512
1016,1633,RESTRICT,RESTRICT,512
1016,279,RESTRICT,RESTRICT,512
1017,33,DEVELOP,DEVELOP,112
1019,33,DEVELOP,DEVELOP,112
1019,1017,DEVELOP,DEVELOP,112
1019,121,OBLIGATE,OBLIGATE,818
1019,639,DEVELOP,DEVELOP,112
1019,109,OBLIGATE,OBLIGATE,770
1019,231,OBLIGATE,OBLIGATE,205
1019,821,OBLIGATE,OBLIGATE,205
1019,5,OBLIGATE,OBLIGATE,205
1019,340,guide,GUIDE,242
1019,1423,guide,GUIDE,242
1019,103,guide,GUIDE,242
1019,2844,manage,MANAGE,439
1019,4280,OBLIGATE,OBLIGATE,770
1019,320,OBLIGATE,OBLIGATE,770
1019,2835,OBLIGATE,OBLIGATE,878
1019,6,OBLIGATE,OBLIGATE,882
1021,121,REGULATE,REGULATE,112
1021,1020,REGULATE,REGULATE,112
1021,1023,REGULATE,REGULATE,112
1021,1025,REGULATE,REGULATE,112
1021,876,REGULATE,REGULATE,112
1021,109,REGULATE,REGULATE,112
1021,3,REGULATE,REGULATE,112
1022,121,REGULATE,REGULATE,112
1022,826,REGULATE,REGULATE,112
1022,1020,REGULATE,REGULATE,112
1022,1021,REGULATE,REGULATE,112
1022,1023,REGULATE,REGULATE,112
1022,1024,REGULATE,REGULATE,112
1022,1025,REGULATE,REGULATE,112
1022,942,REGULATE,REGULATE,112
1022,876,REGULATE,REGULATE,112
1022,109,REGULATE,REGULATE,112
1023,1020,REGULATE,REGULATE,112
1023,1025,REGULATE,REGULATE,112
1024,121,REGULATE,REGULATE,112
1024,826,REGULATE,REGULATE,112
1024,1020,REGULATE,REGULATE,112
1024,1021,REGULATE,REGULATE,112
1024,1023,REGULATE,REGULATE,112
1024,1025,REGULATE,REGULATE,112
1024,942,REGULATE,REGULATE,112
1024,876,REGULATE,REGULATE,112
1024,109,REGULATE,REGULATE,112
1025,1020,REGULATE,REGULATE,112
1026,185,OBLIGATE,OBLIGATE,112
1026,1167,OBLIGATE,OBLIGATE,130
1026,1168,OBLIGATE,OBLIGATE,130
1026,131,OBLIGATE,OBLIGATE,804
1027,362,RESTRICT,RESTRICT,112
1027,636,RESTRICT,RESTRICT,112
1028,362,RESTRICT,RESTRICT,112
1028,1027,RESTRICT,RESTRICT,112
1028,636,RESTRICT,RESTRICT,143
1028,235,RESTRICT,RESTRICT,143
1028,1253,RESTRICT,RESTRICT,143
1028,131,RESTRICT,RESTRICT,143
1029,639,oblige,OBLIGE,112
1029,109,oblige,OBLIGE,112
1029,103,oblige,OBLIGE,112
1029,185,subject,SUBJECT,239
1029,1880,subject,SUBJECT,239
1029,8,subject,SUBJECT,239
1029,1411,OBLIGATE,OBLIGATE,242
1031,332,guide,GUIDE,113
1031,185,guide,GUIDE,113
1031,19,REGULATE,REGULATE,113
1031,845,guide,GUIDE,113
1031,860,guide,GUIDE,113
1031,1032,guide,GUIDE,113
1031,121,USE,USE,113
1031,8,OBLIGATE,OBLIGATE,113
1031,235,USE,USE,113
1031,1033,OBLIGATE,OBLIGATE,113
1031,103,OBLIGATE,OBLIGATE,113
1031,85,OBLIGATE,OBLIGATE,113
1031,1036,OBLIGATE,OBLIGATE,113
1031,201,RESTRICT,RESTRICT,113
1031,109,USE,USE,113
1031,1037,USE,USE,113
1031,336,USE,USE,113
1031,634,USE,USE,113
1031,170,USE,USE,113
1031,468,introduce,INTRODUCE,113
1031,1038,introduce,INTRODUCE,113
1031,101,introduce,INTRODUCE,113
1031,90,introduce,INTRODUCE,113
1031,192,REGULATE,REGULATE,113
1031,195,REGULATE,REGULATE,113
1031,1039,REGULATE,REGULATE,113
1032,185,guide,GUIDE,113
1032,121,OBLIGATE,OBLIGATE,168
1032,509,OBLIGATE,OBLIGATE,168
1032,53,OBLIGATE,OBLIGATE,279
1032,54,justify,JUSTIFY,830
1032,276,OBLIGATE,OBLIGATE,279
1032,236,OBLIGATE,OBLIGATE,431
1032,833,oblige,OBLIGE,431
1032,268,OBLIGATE,OBLIGATE,700
1032,850,DEVELOP,DEVELOP,700
1032,247,DEVELOP,DEVELOP,700
1032,18,OBLIGATE,OBLIGATE,700
1032,63,OBLIGATE,OBLIGATE,700
1032,328,OBLIGATE,OBLIGATE,700
1032,1119,OBLIGATE,OBLIGATE,704
1032,4197,lessen,LESSEN,747
1032,335,justify,JUSTIFY,830
1032,4549,justify,JUSTIFY,830
1032,235,USE,USE,858
1033,8,OBLIGATE,OBLIGATE,113
1033,235,OBLIGATE,OBLIGATE,113
1034,120,oblige,OBLIGE,245
1034,1914,oblige,OBLIGE,245
1034,1915,oblige,OBLIGE,245
1035,8,amend,AMEND,450
1035,3,amend,AMEND,450
1035,121,amend,AMEND,450
1035,2878,amend,AMEND,450
1035,40,amend,AMEND,450
1035,159,amend,AMEND,450
1036,103,OBLIGATE,OBLIGATE,113
1036,85,OBLIGATE,OBLIGATE,113
1036,18,produce,PRODUCE,802
1036,235,include,INCLUDE,281
1036,120,produce,PRODUCE,802
1036,2104,include,INCLUDE,281
1036,70,produce,PRODUCE,802
1036,34,produce,PRODUCE,802
1036,4395,produce,PRODUCE,802
1036,360,produce,PRODUCE,802
1036,199,produce,PRODUCE,802
1036,585,produce,PRODUCE,802
1036,2097,produce,PRODUCE,802
1036,586,produce,PRODUCE,802
1036,1092,produce,PRODUCE,802
1036,368,undergo,UNDERGO,842
1036,131,USE,USE,861
1036,311,USE,USE,861
1037,121,USE,USE,113
1037,235,USE,USE,113
1037,109,USE,USE,113
1037,336,USE,USE,113
1037,634,USE,USE,113
1037,170,USE,USE,113
1038,101,introduce,INTRODUCE,113
1039,192,REGULATE,REGULATE,113
1039,195,REGULATE,REGULATE,113
1039,58,OBLIGATE,OBLIGATE,925
1039,199,OBLIGATE,OBLIGATE,925
1040,1041,plan,PLAN,114
1040,1042,plan,PLAN,114
1040,314,enable,ENABLE,114
1040,1043,dictate,DICTATE,114
1040,5,dictate,DICTATE,114
1040,132,dictate,DICTATE,114
1040,138,REPORT,REPORT,114
1040,103,REPORT,REPORT,114
1040,69,REPORT,REPORT,114
1040,639,REPORT,REPORT,114
1040,1044,enable,ENABLE,114
1040,283,plan,PLAN,114
1040,1046,plan,PLAN,114
1040,177,plan,PLAN,114
1040,1047,plan,PLAN,114
1040,1048,plan,PLAN,114
1043,5,dictate,DICTATE,114
1044,314,enable,ENABLE,114
1046,957,OBLIGATE,OBLIGATE,157
1046,131,OBLIGATE,OBLIGATE,157
1046,402,REPORT,REPORT,630
1046,259,OBLIGATE,OBLIGATE,485
1046,3118,explain,EXPLAIN,493
1046,646,REPORT,REPORT,630
1046,185,REPORT,REPORT,630
1046,350,REPORT,REPORT,630
1046,335,IMPLEMENT,IMPLEMENT,822
1047,283,plan,PLAN,114
1047,1046,plan,PLAN,114
1047,177,plan,PLAN,114
1048,283,plan,PLAN,114
1048,1046,plan,PLAN,114
1048,177,plan,PLAN,114
1048,1047,plan,PLAN,114
1049,1050,amend,AMEND,115
1049,520,amend,AMEND,115
1049,1051,amend,AMEND,115
1049,1052,define,DEFINE,115
1049,13,oblige,OBLIGE,115
1049,280,cover,COVER,115
1049,688,OBLIGATE,OBLIGATE,115
1049,1053,cover,COVER,115
1049,85,oblige,OBLIGE,115
1049,1054,define,DEFINE,115
1049,787,oblige,OBLIGE,115
1049,1055,oblige,OBLIGE,115
1049,1056,oblige,OBLIGE,115
1049,1057,define,DEFINE,115
1049,1058,DEVELOP,DEVELOP,115
1050,1051,amend,AMEND,115
1050,3,amend,AMEND,115
1051,3,amend,AMEND,115
1052,1050,amend,AMEND,115
1052,1051,amend,AMEND,115
1052,1057,define,DEFINE,115
1054,13,oblige,OBLIGE,115
1054,85,oblige,OBLIGE,115
1054,787,oblige,OBLIGE,115
1054,1055,oblige,OBLIGE,115
1054,1056,oblige,OBLIGE,115
1054,1052,define,DEFINE,115
1054,1057,define,DEFINE,115
1055,13,oblige,OBLIGE,115
1055,85,oblige,OBLIGE,115
1055,21,OBLIGATE,OBLIGATE,311
1055,2239,OBLIGATE,OBLIGATE,311
1056,3,oblige,OBLIGE,115
1056,13,oblige,OBLIGE,115
1056,85,oblige,OBLIGE,115
1056,787,oblige,OBLIGE,115
1056,1055,oblige,OBLIGE,115
1057,3,define,DEFINE,115
1059,735,integrate,INTEGRATE,116
1059,120,RESTRICT,RESTRICT,116
1059,80,oblige,OBLIGE,116
1059,821,OBLIGATE,OBLIGATE,116
1059,192,OBLIGATE,OBLIGATE,116
1059,109,oblige,OBLIGE,116
1059,18,OBLIGATE,OBLIGATE,116
1059,639,OBLIGATE,OBLIGATE,116
1059,373,RESTRICT,RESTRICT,116
1060,1059,enact,ENACT,116
1060,120,enact,ENACT,116
1060,1061,enact,ENACT,116
1061,1059,enact,ENACT,116
1061,120,enact,ENACT,116
1061,1218,provide,PROVIDE,800
1061,741,provide,PROVIDE,800
1061,4609,affect,AFFECT,861
1061,164,affect,AFFECT,861
1061,340,affect,AFFECT,861
1062,3,provide,PROVIDE,938
1062,80,cause,CAUSE,116
1062,1848,OBLIGATE,OBLIGATE,235
1062,1927,OBLIGATE,OBLIGATE,247
1062,1928,OBLIGATE,OBLIGATE,247
1062,13,OBLIGATE,OBLIGATE,247
1063,1059,OBLIGATE,OBLIGATE,116
1063,120,OBLIGATE,OBLIGATE,116
1063,821,OBLIGATE,OBLIGATE,116
1063,396,OBLIGATE,OBLIGATE,116
1063,864,OBLIGATE,OBLIGATE,156
1063,1348,OBLIGATE,OBLIGATE,156
1063,868,OBLIGATE,OBLIGATE,210
1063,320,OBLIGATE,OBLIGATE,210
1064,1059,oblige,OBLIGE,116
1064,109,oblige,OBLIGE,116
1065,1059,oblige,OBLIGE,116
1065,1064,oblige,OBLIGE,116
1065,587,oblige,OBLIGE,116
1065,109,oblige,OBLIGE,116
1066,1059,integrate,INTEGRATE,116
1067,319,OBLIGATE,OBLIGATE,117
1067,1068,OBLIGATE,OBLIGATE,117
1067,1069,OBLIGATE,OBLIGATE,117
1067,320,OBLIGATE,OBLIGATE,117
1067,1070,OBLIGATE,OBLIGATE,117
1067,1071,OBLIGATE,OBLIGATE,117
1067,21,OBLIGATE,OBLIGATE,117
1067,1072,OBLIGATE,OBLIGATE,117
1067,570,OBLIGATE,OBLIGATE,117
1067,1073,OBLIGATE,OBLIGATE,117
1068,319,make,MAKE,729
1068,1069,OBLIGATE,OBLIGATE,765
1068,2869,make,MAKE,729
1068,3872,make,MAKE,729
1068,1941,OBLIGATE,OBLIGATE,765
1069,319,make,MAKE,729
1069,320,OBLIGATE,OBLIGATE,765
1069,2869,OBLIGATE,OBLIGATE,765
1069,3872,make,MAKE,729
1069,1941,OBLIGATE,OBLIGATE,765
1069,1137,OBLIGATE,OBLIGATE,765
1069,1072,OBLIGATE,OBLIGATE,765
1069,2093,OBLIGATE,OBLIGATE,765
1069,13,OBLIGATE,OBLIGATE,765
1069,63,OBLIGATE,OBLIGATE,765
1069,4109,OBLIGATE,OBLIGATE,765
1069,1880,OBLIGATE,OBLIGATE,765
1069,233,OBLIGATE,OBLIGATE,765
1069,4267,OBLIGATE,OBLIGATE,765
1070,21,OBLIGATE,OBLIGATE,117
1070,1072,OBLIGATE,OBLIGATE,117
1070,319,OBLIGATE,OBLIGATE,117
1070,570,OBLIGATE,OBLIGATE,117
1070,1073,OBLIGATE,OBLIGATE,117
1071,1070,OBLIGATE,OBLIGATE,117
1071,21,OBLIGATE,OBLIGATE,117
1071,1072,OBLIGATE,OBLIGATE,765
1071,2869,OBLIGATE,OBLIGATE,765
1071,1137,OBLIGATE,OBLIGATE,765
1071,319,DEVELOP,DEVELOP,729
1071,1069,OBLIGATE,OBLIGATE,765
1071,1941,OBLIGATE,OBLIGATE,765
1071,2093,OBLIGATE,OBLIGATE,765
1071,320,OBLIGATE,OBLIGATE,765
1071,13,OBLIGATE,OBLIGATE,765
1071,63,OBLIGATE,OBLIGATE,765
1071,4109,OBLIGATE,OBLIGATE,765
1071,1880,OBLIGATE,OBLIGATE,765
1071,233,OBLIGATE,OBLIGATE,765
1071,4267,OBLIGATE,OBLIGATE,765
1072,21,OBLIGATE,OBLIGATE,117
1072,340,REPORT,REPORT,729
1072,13,OBLIGATE,OBLIGATE,765
1072,2869,OBLIGATE,OBLIGATE,765
1072,1941,OBLIGATE,OBLIGATE,765
1072,320,OBLIGATE,OBLIGATE,765
1072,63,OBLIGATE,OBLIGATE,765
1072,288,urge,URGE,945
1072,1487,SUPPORT,SUPPORT,947
1072,198,SUPPORT,SUPPORT,947
1073,319,OBLIGATE,OBLIGATE,117
1073,570,OBLIGATE,OBLIGATE,117
1074,327,include,INCLUDE,118
1074,207,OBLIGATE,OBLIGATE,118
1074,18,OBLIGATE,OBLIGATE,118
1074,1077,OBLIGATE,OBLIGATE,118
1074,1078,SUPPORT,SUPPORT,118
1074,1079,SUPPORT,SUPPORT,118
1074,1080,SUPPORT,SUPPORT,118
1074,855,SUPPORT,SUPPORT,118
1074,1081,SUPPORT,SUPPORT,118
1074,36,SUPPORT,SUPPORT,118
1074,1082,include,INCLUDE,118
1074,1083,include,INCLUDE,118
1077,327,OBLIGATE,OBLIGATE,118
1077,207,OBLIGATE,OBLIGATE,118
1077,18,OBLIGATE,OBLIGATE,118
1077,177,SUPPORT,SUPPORT,534
1077,318,SUPPORT,SUPPORT,534
1077,3305,SUPPORT,SUPPORT,534
1077,3306,SUPPORT,SUPPORT,534
1077,36,provide,PROVIDE,938
1077,2559,OBLIGATE,OBLIGATE,701
1077,292,OBLIGATE,OBLIGATE,701
1077,26,OBLIGATE,OBLIGATE,701
1077,379,OBLIGATE,OBLIGATE,701
1077,178,provide,PROVIDE,938
1077,1062,provide,PROVIDE,938
1077,203,provide,PROVIDE,938
1078,1079,SUPPORT,SUPPORT,118
1078,1080,SUPPORT,SUPPORT,118
1078,855,SUPPORT,SUPPORT,118
1078,1081,SUPPORT,SUPPORT,118
1078,36,SUPPORT,SUPPORT,118
1078,1325,AUTHORIZE,AUTHORIZE,154
1078,1327,AUTHORIZE,AUTHORIZE,154
1078,850,AUTHORIZE,AUTHORIZE,154
1078,34,OBLIGATE,OBLIGATE,673
1078,67,AUTHORIZE,AUTHORIZE,154
1078,35,pursue,PURSUE,384
1078,2151,OBLIGATE,OBLIGATE,293
1078,177,pursue,PURSUE,384
1078,267,OBLIGATE,OBLIGATE,293
1078,63,OBLIGATE,OBLIGATE,361
1078,350,OBLIGATE,OBLIGATE,361
1078,1976,OBLIGATE,OBLIGATE,361
1078,1941,OBLIGATE,OBLIGATE,361
1078,327,AUTHORIZE,AUTHORIZE,413
1078,13,include,INCLUDE,384
1078,2095,include,INCLUDE,384
1078,2554,include,INCLUDE,384
1078,131,include,INCLUDE,384
1078,1543,pursue,PURSUE,384
1078,2047,include,INCLUDE,384
1078,66,pursue,PURSUE,384
1078,323,pursue,PURSUE,384
1078,2557,pursue,PURSUE,384
1078,2057,pursue,PURSUE,384
1078,2558,pursue,PURSUE,384
1078,2559,pursue,PURSUE,384
1078,1320,select,SELECT,625
1078,2707,AUTHORIZE,AUTHORIZE,413
1078,1833,OBLIGATE,OBLIGATE,572
1078,295,OBLIGATE,OBLIGATE,673
1078,3705,select,SELECT,625
1078,1733,OBLIGATE,OBLIGATE,653
1078,363,OBLIGATE,OBLIGATE,673
1078,130,OBLIGATE,OBLIGATE,673
1078,3894,OBLIGATE,OBLIGATE,673
1078,393,OBLIGATE,OBLIGATE,673
1079,3,SUPPORT,SUPPORT,118
1079,1081,SUPPORT,SUPPORT,118
1079,36,SUPPORT,SUPPORT,118
1080,1079,SUPPORT,SUPPORT,118
1080,855,SUPPORT,SUPPORT,118
1080,1081,SUPPORT,SUPPORT,118
1080,36,SUPPORT,SUPPORT,118
1081,35,oblige,OBLIGE,921
1081,166,oblige,OBLIGE,921
1082,327,include,INCLUDE,118
1083,3,include,INCLUDE,118
1083,327,include,INCLUDE,118
1083,85,include,INCLUDE,118
1083,1082,include,INCLUDE,118
1084,886,constitute,CONSTITUTE,119
1084,507,constitute,CONSTITUTE,119
1084,21,constitute,CONSTITUTE,119
1084,250,constitute,CONSTITUTE,119
1084,813,OBLIGATE,OBLIGATE,719
1084,59,oblige,OBLIGE,719
1084,90,OBLIGATE,OBLIGATE,119
1084,1085,OBLIGATE,OBLIGATE,119
1084,13,OBLIGATE,OBLIGATE,719
1084,815,OBLIGATE,OBLIGATE,719
1084,960,OBLIGATE,OBLIGATE,719
1084,63,OBLIGATE,OBLIGATE,119
1084,2886,REPORT,REPORT,719
1084,76,OBLIGATE,OBLIGATE,719
1084,80,OBLIGATE,OBLIGATE,719
1084,153,oblige,OBLIGE,719
1085,813,OBLIGATE,OBLIGATE,119
1085,59,OBLIGATE,OBLIGATE,119
1085,90,OBLIGATE,OBLIGATE,119
1085,416,manipulate,MANIPULATE,145
1085,111,manipulate,MANIPULATE,145
1085,1260,manipulate,MANIPULATE,145
1085,1261,manipulate,MANIPULATE,145
1085,1262,manipulate,MANIPULATE,145
1086,1087,AUTHORIZE,AUTHORIZE,120
1086,1088,define,DEFINE,120
1086,422,RESTRICT,RESTRICT,120
1086,585,RESTRICT,RESTRICT,120
1086,1092,RESTRICT,RESTRICT,120
1086,314,demonstrate,DEMONSTRATE,120
1086,484,define,DEFINE,120
1086,120,define,DEFINE,120
1086,1096,AUTHORIZE,AUTHORIZE,120
1086,634,COORDINATE,COORDINATE,120
1086,1094,COORDINATE,COORDINATE,120
1086,1097,AUTHORIZE,AUTHORIZE,120
1087,131,AUTHORIZE,AUTHORIZE,120
1087,314,demonstrate,DEMONSTRATE,120
1087,220,impact,IMPACT,646
1088,1087,RESTRICT,RESTRICT,120
1088,422,RESTRICT,RESTRICT,120
1088,585,RESTRICT,RESTRICT,120
1088,1092,RESTRICT,RESTRICT,120
1088,131,OBLIGATE,OBLIGATE,685
1088,484,define,DEFINE,120
1088,877,OBLIGATE,OBLIGATE,211
1088,386,OBLIGATE,OBLIGATE,211
1088,70,OBLIGATE,OBLIGATE,211
1088,41,OBLIGATE,OBLIGATE,211
1088,495,OBLIGATE,OBLIGATE,685
1089,1086,RESTRICT,RESTRICT,120
1089,1087,RESTRICT,RESTRICT,120
1089,1088,RESTRICT,RESTRICT,120
1089,422,RESTRICT,RESTRICT,120
1089,585,RESTRICT,RESTRICT,120
1089,1092,RESTRICT,RESTRICT,120
1089,314,RESTRICT,RESTRICT,120
1090,1086,demonstrate,DEMONSTRATE,120
1090,1087,demonstrate,DEMONSTRATE,120
1090,1088,RESTRICT,RESTRICT,120
1090,422,RESTRICT,RESTRICT,120
1090,1089,RESTRICT,RESTRICT,120
1090,585,RESTRICT,RESTRICT,120
1090,1092,RESTRICT,RESTRICT,120
1090,131,demonstrate,DEMONSTRATE,120
1090,314,demonstrate,DEMONSTRATE,120
1090,120,demonstrate,DEMONSTRATE,120
1090,1105,OBLIGATE,OBLIGATE,818
1091,1086,RESTRICT,RESTRICT,120
1091,1087,impact,IMPACT,646
1091,1088,RESTRICT,RESTRICT,120
1091,422,impact,IMPACT,646
1091,1089,RESTRICT,RESTRICT,120
1091,1090,RESTRICT,RESTRICT,120
1091,585,RESTRICT,RESTRICT,836
1091,1092,RESTRICT,RESTRICT,120
1091,484,RESTRICT,RESTRICT,120
1091,120,warn,WARN,836
1091,220,impact,IMPACT,646
1091,4452,RESTRICT,RESTRICT,814
1091,5,RESTRICT,RESTRICT,814
1091,586,RESTRICT,RESTRICT,836
1091,4584,warn,WARN,836
1091,223,warn,WARN,836
1091,4586,segment,SEGMENT,836
1091,225,segment,SEGMENT,836
1091,192,segment,SEGMENT,836
1091,90,subvert,SUBVERT,858
1091,279,subvert,SUBVERT,858
1091,199,subvert,SUBVERT,858
1091,704,subvert,SUBVERT,858
1091,121,subvert,SUBVERT,858
1092,585,enable,ENABLE,828
1092,586,enable,ENABLE,828
1093,1086,demonstrate,DEMONSTRATE,120
1093,1087,demonstrate,DEMONSTRATE,120
1093,1090,demonstrate,DEMONSTRATE,120
1093,131,demonstrate,DEMONSTRATE,120
1093,314,demonstrate,DEMONSTRATE,120
1093,1096,demonstrate,DEMONSTRATE,120
1094,1087,COORDINATE,COORDINATE,120
1094,634,COORDINATE,COORDINATE,120
1095,1086,oblige,OBLIGE,120
1095,1087,oblige,OBLIGE,120
1095,131,oblige,OBLIGE,120
1095,587,oblige,OBLIGE,120
1095,2,USE,USE,767
1095,8,USE,USE,767
1095,21,USE,USE,767
1095,177,USE,USE,767
1095,1134,USE,USE,767
1095,235,USE,USE,767
1096,1087,AUTHORIZE,AUTHORIZE,120
1096,63,OBLIGATE,OBLIGATE,462
1096,177,OBLIGATE,OBLIGATE,633
1096,350,OBLIGATE,OBLIGATE,633
1098,1086,AUTHORIZE,AUTHORIZE,120
1098,1097,AUTHORIZE,AUTHORIZE,120
1099,159,RESTRICT,RESTRICT,121
1099,504,RESTRICT,RESTRICT,121
1099,886,OBLIGATE,OBLIGATE,121
1099,157,RESTRICT,RESTRICT,121
1099,148,DEVELOP,DEVELOP,121
1099,76,define,DEFINE,121
1099,1100,define,DEFINE,121
1099,41,clarify,CLARIFY,121
1099,273,OBLIGATE,OBLIGATE,121
1100,109,OBLIGATE,OBLIGATE,489
1100,187,OBLIGATE,OBLIGATE,489
1100,101,DEVELOP,DEVELOP,943
1100,3868,DEVELOP,DEVELOP,943
1101,366,DEVELOP,DEVELOP,184
1101,121,DEVELOP,DEVELOP,184
1101,860,DEVELOP,DEVELOP,184
1101,18,OBLIGATE,OBLIGATE,896
1101,876,OBLIGATE,OBLIGATE,896
1101,33,OBLIGATE,OBLIGATE,896
1102,1103,DEVELOP,DEVELOP,122
1102,820,DEVELOP,DEVELOP,122
1102,1104,DEVELOP,DEVELOP,122
1102,1105,provide,PROVIDE,122
1102,103,provide,PROVIDE,122
1102,704,DEVELOP,DEVELOP,122
1102,1106,OBLIGATE,OBLIGATE,122
1102,1107,provide,PROVIDE,122
1102,1108,AUTHORIZE,AUTHORIZE,122
1102,186,AUTHORIZE,AUTHORIZE,122
1102,520,AUTHORIZE,AUTHORIZE,122
1102,6,designate,DESIGNATE,122
1102,873,COORDINATE,COORDINATE,122
1102,1110,COORDINATE,COORDINATE,122
1102,1111,OBLIGATE,OBLIGATE,122
1102,1112,OBLIGATE,OBLIGATE,122
1102,1113,OBLIGATE,OBLIGATE,122
1103,820,DEVELOP,DEVELOP,122
1103,1104,DEVELOP,DEVELOP,122
1103,1105,DEVELOP,DEVELOP,122
1103,103,DEVELOP,DEVELOP,122
1103,704,DEVELOP,DEVELOP,122
1104,1105,DEVELOP,DEVELOP,122
1104,103,DEVELOP,DEVELOP,122
1104,704,DEVELOP,DEVELOP,122
1105,1107,provide,PROVIDE,122
1105,335,DEVELOP,DEVELOP,865
1105,33,OBLIGATE,OBLIGATE,162
1105,121,DEVELOP,DEVELOP,860
1105,859,DEVELOP,DEVELOP,865
1105,148,DEVELOP,DEVELOP,246
1105,1046,welcome,WELCOME,881
1106,131,OBLIGATE,OBLIGATE,431
1106,148,OBLIGATE,OBLIGATE,431
1107,335,OBLIGATE,OBLIGATE,533
1107,859,OBLIGATE,OBLIGATE,533
1108,186,AUTHORIZE,AUTHORIZE,122
1108,4397,acknowledge,ACKNOWLEDGE,803
1108,4398,acknowledge,ACKNOWLEDGE,803
1108,3008,acknowledge,ACKNOWLEDGE,803
1108,1042,acknowledge,ACKNOWLEDGE,803
1108,337,complement,COMPLEMENT,823
1109,1102,COORDINATE,COORDINATE,122
1109,873,COORDINATE,COORDINATE,122
1109,1110,COORDINATE,COORDINATE,122
1110,873,COORDINATE,COORDINATE,122
1111,131,DEVELOP,DEVELOP,779
1111,15,OBLIGATE,OBLIGATE,161
1111,401,OBLIGATE,OBLIGATE,161
1111,311,OBLIGATE,OBLIGATE,161
1111,235,OBLIGATE,OBLIGATE,886
1111,69,seek,SEEK,222
1111,514,seek,SEEK,222
1111,1423,OBLIGATE,OBLIGATE,242
1111,1895,OBLIGATE,OBLIGATE,242
1111,495,OBLIGATE,OBLIGATE,242
1111,2345,OBLIGATE,OBLIGATE,336
1111,1444,OBLIGATE,OBLIGATE,336
1111,1209,OBLIGATE,OBLIGATE,336
1111,422,explore,EXPLORE,457
1111,314,explore,EXPLORE,457
1111,138,explore,EXPLORE,457
1111,644,DEVELOP,DEVELOP,568
1111,236,OBLIGATE,OBLIGATE,744
1111,52,OBLIGATE,OBLIGATE,744
1111,276,OBLIGATE,OBLIGATE,744
1111,1364,OBLIGATE,OBLIGATE,886
1111,639,OBLIGATE,OBLIGATE,886
1112,1111,OBLIGATE,OBLIGATE,122
1112,1113,OBLIGATE,OBLIGATE,122
1113,1111,OBLIGATE,OBLIGATE,122
1113,1941,OBLIGATE,OBLIGATE,384
1113,3,OBLIGATE,OBLIGATE,384
1113,177,OBLIGATE,OBLIGATE,384
1113,318,OBLIGATE,OBLIGATE,384
1113,210,OBLIGATE,OBLIGATE,384
1114,1115,DEVELOP,DEVELOP,123
1114,259,DEVELOP,DEVELOP,123
1114,1116,DEVELOP,DEVELOP,123
1114,1119,compose,COMPOSE,123
1114,199,OBLIGATE,OBLIGATE,123
1114,1026,OBLIGATE,OBLIGATE,123
1114,121,OBLIGATE,OBLIGATE,123
1114,335,OBLIGATE,OBLIGATE,123
1114,236,OBLIGATE,OBLIGATE,123
1114,103,OBLIGATE,OBLIGATE,123
1114,40,OBLIGATE,OBLIGATE,123
1114,21,OBLIGATE,OBLIGATE,123
1114,1120,OBLIGATE,OBLIGATE,123
1114,81,compose,COMPOSE,123
1114,1121,SUPPORT,SUPPORT,123
1114,37,SUPPORT,SUPPORT,123
1115,259,DEVELOP,DEVELOP,123
1115,3,DEVELOP,DEVELOP,123
1115,1116,DEVELOP,DEVELOP,123
1115,1119,DEVELOP,DEVELOP,123
1116,259,DEVELOP,DEVELOP,123
1118,225,OBLIGATE,OBLIGATE,777
1118,223,OBLIGATE,OBLIGATE,777
1118,1976,OBLIGATE,OBLIGATE,777
1118,148,REGULATE,REGULATE,865
1118,322,REGULATE,REGULATE,865
1118,924,REGULATE,REGULATE,865
1119,276,OBLIGATE,OBLIGATE,704
1120,1119,OBLIGATE,OBLIGATE,123
1120,21,OBLIGATE,OBLIGATE,123
1120,81,OBLIGATE,OBLIGATE,123
1120,467,OBLIGATE,OBLIGATE,381
1121,379,OBLIGATE,OBLIGATE,532
1121,92,OBLIGATE,OBLIGATE,227
1121,36,comprise,COMPRISE,473
1121,18,OBLIGATE,OBLIGATE,532
1122,192,RESTRICT,RESTRICT,157
1122,50,RESTRICT,RESTRICT,157
1123,1124,EVALUATE,EVALUATE,124
1123,192,OBLIGATE,OBLIGATE,124
1123,335,EVALUATE,EVALUATE,124
1123,468,EVALUATE,EVALUATE,124
1123,103,EVALUATE,EVALUATE,124
1123,1125,EVALUATE,EVALUATE,124
1123,121,OBLIGATE,OBLIGATE,124
1123,1129,OBLIGATE,OBLIGATE,124
1123,1126,conduct,CONDUCT,124
1123,1127,conduct,CONDUCT,124
1123,1128,conduct,CONDUCT,124
1123,138,conduct,CONDUCT,124
1123,33,conduct,CONDUCT,124
1123,6,OBLIGATE,OBLIGATE,124
1123,1132,OBLIGATE,OBLIGATE,124
1123,1133,OBLIGATE,OBLIGATE,124
1123,1134,OBLIGATE,OBLIGATE,124
1123,52,OBLIGATE,OBLIGATE,124
1124,192,EVALUATE,EVALUATE,124
1124,335,EVALUATE,EVALUATE,124
1124,468,EVALUATE,EVALUATE,124
1124,103,EVALUATE,EVALUATE,124
1124,1125,EVALUATE,EVALUATE,124
1124,121,EVALUATE,EVALUATE,124
1125,192,EVALUATE,EVALUATE,124
1125,335,EVALUATE,EVALUATE,124
1125,468,EVALUATE,EVALUATE,124
1125,103,EVALUATE,EVALUATE,124
1125,121,EVALUATE,EVALUATE,124
1125,288,affect,AFFECT,267
1125,327,SUPPORT,SUPPORT,686
1125,3943,SUPPORT,SUPPORT,686
1126,1127,conduct,CONDUCT,124
1126,138,conduct,CONDUCT,124
1126,33,conduct,CONDUCT,124
1127,138,conduct,CONDUCT,124
1127,33,conduct,CONDUCT,124
1128,1126,conduct,CONDUCT,124
1128,1127,conduct,CONDUCT,124
1128,138,conduct,CONDUCT,124
1128,33,conduct,CONDUCT,124
1128,9,SUPPORT,SUPPORT,242
1129,3,recommend,RECOMMEND,227
1130,1123,OBLIGATE,OBLIGATE,124
1130,121,OBLIGATE,OBLIGATE,124
1130,1131,OBLIGATE,OBLIGATE,124
1130,6,OBLIGATE,OBLIGATE,124
1130,1132,OBLIGATE,OBLIGATE,124
1131,1123,OBLIGATE,OBLIGATE,124
1131,121,OBLIGATE,OBLIGATE,124
1131,6,OBLIGATE,OBLIGATE,124
1131,1132,OBLIGATE,OBLIGATE,124
1132,121,DEVELOP,DEVELOP,860
1132,235,DEVELOP,DEVELOP,860
1132,1105,DEVELOP,DEVELOP,860
1133,3,OBLIGATE,OBLIGATE,124
1134,1133,OBLIGATE,OBLIGATE,124
1134,2,USE,USE,767
1134,8,USE,USE,767
1134,21,USE,USE,767
1134,177,OBLIGATE,OBLIGATE,922
1134,235,USE,USE,767
1134,267,OBLIGATE,OBLIGATE,783
1134,63,OBLIGATE,OBLIGATE,783
1134,103,SUPPORT,SUPPORT,847
1134,233,SUPPORT,SUPPORT,847
1134,3049,SUPPORT,SUPPORT,847
1134,328,OBLIGATE,OBLIGATE,922
1135,59,DEVELOP,DEVELOP,125
1135,3,conduct,CONDUCT,125
1135,451,DEVELOP,DEVELOP,125
1135,140,DEVELOP,DEVELOP,125
1135,206,OBLIGATE,OBLIGATE,125
1135,1140,OBLIGATE,OBLIGATE,125
1135,1141,OBLIGATE,OBLIGATE,125
1135,96,set,SET,125
1136,1135,DEVELOP,DEVELOP,125
1136,59,DEVELOP,DEVELOP,125
1136,3,DEVELOP,DEVELOP,125
1136,451,DEVELOP,DEVELOP,125
1136,140,DEVELOP,DEVELOP,125
1137,146,OBLIGATE,OBLIGATE,237
1137,131,collect,COLLECT,590
1137,2869,OBLIGATE,OBLIGATE,765
1137,3,AUTHORIZE,AUTHORIZE,774
1137,386,OBLIGATE,OBLIGATE,708
1137,59,OBLIGATE,OBLIGATE,708
1137,319,DEVELOP,DEVELOP,729
1137,1941,OBLIGATE,OBLIGATE,765
1137,1072,OBLIGATE,OBLIGATE,765
1137,320,OBLIGATE,OBLIGATE,765
1137,13,OBLIGATE,OBLIGATE,765
1137,63,OBLIGATE,OBLIGATE,765
1137,233,OBLIGATE,OBLIGATE,765
1137,280,AUTHORIZE,AUTHORIZE,774
1137,62,AUTHORIZE,AUTHORIZE,774
1137,202,REGULATE,REGULATE,925
1139,18,OBLIGATE,OBLIGATE,721
1139,412,plan,PLAN,222
1139,131,serve,SERVE,222
1139,1768,serve,SERVE,222
1139,319,AUTHORIZE,AUTHORIZE,544
1139,37,AUTHORIZE,AUTHORIZE,544
1139,1958,AUTHORIZE,AUTHORIZE,544
1139,3341,AUTHORIZE,AUTHORIZE,544
1139,177,AUTHORIZE,AUTHORIZE,544
1139,509,investigate,INVESTIGATE,850
1139,59,investigate,INVESTIGATE,850
1139,70,investigate,INVESTIGATE,850
1139,121,investigate,INVESTIGATE,850
1139,1810,investigate,INVESTIGATE,850
1139,379,investigate,INVESTIGATE,850
1139,1209,charge,CHARGE,888
1139,33,charge,CHARGE,888
1140,96,OBLIGATE,OBLIGATE,125
1140,268,OBLIGATE,OBLIGATE,896
1140,18,OBLIGATE,OBLIGATE,167
1140,70,RESTRICT,RESTRICT,228
1140,177,OBLIGATE,OBLIGATE,328
1140,267,OBLIGATE,OBLIGATE,348
1140,335,OBLIGATE,OBLIGATE,348
1140,1444,OBLIGATE,OBLIGATE,896
1140,62,OBLIGATE,OBLIGATE,528
1140,878,OBLIGATE,OBLIGATE,896
1140,81,OBLIGATE,OBLIGATE,914
1141,206,OBLIGATE,OBLIGATE,125
1141,1140,OBLIGATE,OBLIGATE,125
1141,96,OBLIGATE,OBLIGATE,125
1141,328,OBLIGATE,OBLIGATE,922
1141,688,OBLIGATE,OBLIGATE,922
1141,59,OBLIGATE,OBLIGATE,922
1142,1143,OBLIGATE,OBLIGATE,126
1142,3,define,DEFINE,126
1142,52,define,DEFINE,126
1142,1144,define,DEFINE,126
1142,181,certify,CERTIFY,126
1142,320,OBLIGATE,OBLIGATE,126
1142,1145,OBLIGATE,OBLIGATE,126
1142,131,certify,CERTIFY,126
1142,187,OBLIGATE,OBLIGATE,126
1142,148,OBLIGATE,OBLIGATE,126
1142,1146,AUTHORIZE,AUTHORIZE,126
1142,1147,AUTHORIZE,AUTHORIZE,126
1143,3,define,DEFINE,126
1143,52,define,DEFINE,126
1143,1144,REGULATE,REGULATE,131
1143,202,REGULATE,REGULATE,131
1143,181,OBLIGATE,OBLIGATE,126
1143,320,OBLIGATE,OBLIGATE,126
1143,1145,OBLIGATE,OBLIGATE,126
1143,1176,REGULATE,REGULATE,131
1143,96,issue,ISSUE,131
1144,3,define,DEFINE,126
1144,52,define,DEFINE,126
1144,1176,REGULATE,REGULATE,131
1144,202,OBLIGATE,OBLIGATE,372
1144,96,REGULATE,REGULATE,131
1144,2483,OBLIGATE,OBLIGATE,372
1145,202,OBLIGATE,OBLIGATE,126
1145,181,OBLIGATE,OBLIGATE,126
1145,320,OBLIGATE,OBLIGATE,126
1146,1177,OBLIGATE,OBLIGATE,131
1146,148,OBLIGATE,OBLIGATE,131
1147,1146,OBLIGATE,OBLIGATE,131
1147,4413,AUTHORIZE,AUTHORIZE,806
1147,96,AUTHORIZE,AUTHORIZE,806
1147,328,AUTHORIZE,AUTHORIZE,924
1148,323,REPORT,REPORT,127
1148,34,address,ADDRESS,127
1148,736,address,ADDRESS,127
1148,67,OBLIGATE,OBLIGATE,127
1148,58,REPORT,REPORT,127
1149,1148,AUTHORIZE,AUTHORIZE,127
1149,323,DEVELOP,DEVELOP,127
1149,1150,DEVELOP,DEVELOP,127
1150,1148,address,ADDRESS,127
1150,323,OBLIGATE,OBLIGATE,456
1150,34,OBLIGATE,OBLIGATE,456
1150,736,OBLIGATE,OBLIGATE,456
1150,67,address,ADDRESS,127
1150,1209,amend,AMEND,456
1151,1148,define,DEFINE,127
1151,67,OBLIGATE,OBLIGATE,127
1151,393,OBLIGATE,OBLIGATE,127
1152,1148,AUTHORIZE,AUTHORIZE,127
1152,1149,AUTHORIZE,AUTHORIZE,127
1155,877,DEVELOP,DEVELOP,128
1155,446,DEVELOP,DEVELOP,128
1156,3,DEVELOP,DEVELOP,128
1156,877,DEVELOP,DEVELOP,128
1156,446,DEVELOP,DEVELOP,128
1156,1155,DEVELOP,DEVELOP,128
1157,335,necessitate,NECESSITATE,612
1157,247,necessitate,NECESSITATE,612
1157,52,OBLIGATE,OBLIGATE,650
1157,3,OBLIGATE,OBLIGATE,650
1157,422,OBLIGATE,OBLIGATE,650
1157,1444,receive,RECEIVE,900
1158,877,enable,ENABLE,454
1158,446,cap,CAP,454
1158,96,cap,CAP,454
1158,323,cap,CAP,454
1159,1160,OBLIGATE,OBLIGATE,129
1159,826,OBLIGATE,OBLIGATE,129
1159,1161,OBLIGATE,OBLIGATE,129
1159,865,OBLIGATE,OBLIGATE,129
1159,3,explore,EXPLORE,129
1159,59,OBLIGATE,OBLIGATE,129
1159,1162,OBLIGATE,OBLIGATE,129
1159,18,OBLIGATE,OBLIGATE,129
1159,1163,REGULATE,REGULATE,129
1159,846,REGULATE,REGULATE,129
1159,325,recommend,RECOMMEND,129
1159,34,recommend,RECOMMEND,129
1159,21,recommend,RECOMMEND,129
1159,35,prepare,PREPARE,129
1159,67,prepare,PREPARE,129
1159,363,prepare,PREPARE,129
1159,379,explore,EXPLORE,129
1159,259,enhance,ENHANCE,129
1159,53,explore,EXPLORE,129
1160,826,OBLIGATE,OBLIGATE,129
1160,1161,OBLIGATE,OBLIGATE,129
1161,3,OBLIGATE,OBLIGATE,129
1162,8,OBLIGATE,OBLIGATE,129
1162,59,OBLIGATE,OBLIGATE,129
1162,3,OBLIGATE,OBLIGATE,129
1162,121,OBLIGATE,OBLIGATE,129
1162,18,OBLIGATE,OBLIGATE,129
1162,1118,REGULATE,REGULATE,865
1162,148,REGULATE,REGULATE,865
1162,322,REGULATE,REGULATE,865
1162,924,REGULATE,REGULATE,865
1163,121,OBLIGATE,OBLIGATE,232
1163,33,OBLIGATE,OBLIGATE,162
1163,131,specify,SPECIFY,874
1163,235,highlight,HIGHLIGHT,206
1163,1476,urge,URGE,216
1163,206,recommend,RECOMMEND,227
1163,639,recommend,RECOMMEND,227
1163,1129,recommend,RECOMMEND,227
1163,109,OBLIGATE,OBLIGATE,232
1163,192,assert,ASSERT,240
1163,1018,assert,ASSERT,240
1163,259,SUPPORT,SUPPORT,247
1163,1654,SUPPORT,SUPPORT,247
1163,4397,acknowledge,ACKNOWLEDGE,803
1163,4398,acknowledge,ACKNOWLEDGE,803
1163,3008,acknowledge,ACKNOWLEDGE,803
1163,4399,acknowledge,ACKNOWLEDGE,803
1163,1042,acknowledge,ACKNOWLEDGE,803
1163,1108,acknowledge,ACKNOWLEDGE,803
1163,3095,acknowledge,ACKNOWLEDGE,803
1163,15,urge,URGE,872
1163,1366,urge,URGE,872
1163,199,urge,URGE,872
1163,21,specify,SPECIFY,874
1163,422,specify,SPECIFY,874
1163,314,specify,SPECIFY,874
1163,223,specify,SPECIFY,874
1163,53,specify,SPECIFY,874
1163,634,specify,SPECIFY,874
1163,288,specify,SPECIFY,874
1163,76,specify,SPECIFY,874
1164,53,OBLIGATE,OBLIGATE,166
1164,2362,OBLIGATE,OBLIGATE,340
1164,62,OBLIGATE,OBLIGATE,343
1164,350,OBLIGATE,OBLIGATE,343
1164,33,SUPPORT,SUPPORT,413
1166,1167,provide,PROVIDE,130
1166,1168,OBLIGATE,OBLIGATE,130
1166,21,OBLIGATE,OBLIGATE,130
1166,1169,OBLIGATE,OBLIGATE,130
1166,335,OBLIGATE,OBLIGATE,130
1166,1026,OBLIGATE,OBLIGATE,130
1166,121,OBLIGATE,OBLIGATE,130
1166,495,OBLIGATE,OBLIGATE,130
1166,350,OBLIGATE,OBLIGATE,130
1166,81,OBLIGATE,OBLIGATE,130
1166,53,OBLIGATE,OBLIGATE,130
1166,1171,provide,PROVIDE,130
1166,864,provide,PROVIDE,130
1166,1172,command,COMMAND,130
1166,1173,command,COMMAND,130
1167,1168,OBLIGATE,OBLIGATE,130
1167,350,OBLIGATE,OBLIGATE,130
1169,1167,OBLIGATE,OBLIGATE,130
1169,1168,OBLIGATE,OBLIGATE,130
1169,21,OBLIGATE,OBLIGATE,130
1169,335,OBLIGATE,OBLIGATE,533
1169,1026,OBLIGATE,OBLIGATE,130
1169,121,dictate,DICTATE,158
1169,236,dictate,DICTATE,158
1169,131,dictate,DICTATE,158
1169,498,dictate,DICTATE,158
1169,319,OBLIGATE,OBLIGATE,518
1169,466,OBLIGATE,OBLIGATE,518
1169,1941,OBLIGATE,OBLIGATE,518
1169,109,OBLIGATE,OBLIGATE,518
1169,2047,OBLIGATE,OBLIGATE,518
1169,85,OBLIGATE,OBLIGATE,533
1169,859,OBLIGATE,OBLIGATE,533
1169,1107,OBLIGATE,OBLIGATE,533
1169,639,OBLIGATE,OBLIGATE,916
1171,1167,provide,PROVIDE,130
1171,864,provide,PROVIDE,130
1172,1173,command,COMMAND,130
1173,3,command,COMMAND,130
1175,1176,REGULATE,REGULATE,131
1175,1144,REGULATE,REGULATE,131
1175,202,oblige,OBLIGE,131
1175,1143,issue,ISSUE,131
1175,96,REGULATE,REGULATE,131
1175,83,OBLIGATE,OBLIGATE,131
1175,101,OBLIGATE,OBLIGATE,131
1175,181,oblige,OBLIGE,131
1175,1177,OBLIGATE,OBLIGATE,131
1175,1146,OBLIGATE,OBLIGATE,131
1175,148,OBLIGATE,OBLIGATE,131
1175,1147,OBLIGATE,OBLIGATE,131
1175,894,REGULATE,REGULATE,131
1176,202,REGULATE,REGULATE,131
1176,96,REGULATE,REGULATE,131
1177,148,OBLIGATE,OBLIGATE,131
1177,224,OBLIGATE,OBLIGATE,664
1177,109,OBLIGATE,OBLIGATE,664
1177,76,OBLIGATE,OBLIGATE,897
1177,146,OBLIGATE,OBLIGATE,903
1177,111,OBLIGATE,OBLIGATE,903
1178,1179,IMPLEMENT,IMPLEMENT,132
1178,177,IMPLEMENT,IMPLEMENT,132
1178,33,OBLIGATE,OBLIGATE,132
1178,914,AUTHORIZE,AUTHORIZE,132
1178,146,AUTHORIZE,AUTHORIZE,132
1178,90,AUTHORIZE,AUTHORIZE,132
1178,185,AUTHORIZE,AUTHORIZE,132
1178,1180,AUTHORIZE,AUTHORIZE,132
1178,109,OBLIGATE,OBLIGATE,132
1178,892,enact,ENACT,132
1179,177,IMPLEMENT,IMPLEMENT,132
1179,235,OBLIGATE,OBLIGATE,143
1179,109,OBLIGATE,OBLIGATE,143
1179,13,OBLIGATE,OBLIGATE,381
1179,878,OBLIGATE,OBLIGATE,381
1179,128,OBLIGATE,OBLIGATE,381
1180,3,OBLIGATE,OBLIGATE,164
1180,33,AUTHORIZE,AUTHORIZE,132
1180,146,AUTHORIZE,AUTHORIZE,132
1180,185,OBLIGATE,OBLIGATE,164
1180,131,OBLIGATE,OBLIGATE,164
1181,1178,OBLIGATE,OBLIGATE,132
1181,33,OBLIGATE,OBLIGATE,132
1181,109,OBLIGATE,OBLIGATE,132
1183,128,pose,POSE,133
1183,820,DEVELOP,DEVELOP,133
1183,81,DEVELOP,DEVELOP,133
1183,1184,DEVELOP,DEVELOP,133
1183,1185,propose,PROPOSE,133
1183,199,OBLIGATE,OBLIGATE,133
1183,235,pose,POSE,133
1183,467,propose,PROPOSE,133
1183,549,propose,PROPOSE,133
1184,128,DEVELOP,DEVELOP,133
1184,820,DEVELOP,DEVELOP,133
1184,81,DEVELOP,DEVELOP,133
1184,3,DEVELOP,DEVELOP,133
1187,1189,AUTHORIZE,AUTHORIZE,134
1187,335,REPORT,REPORT,134
1187,121,OBLIGATE,OBLIGATE,134
1187,1190,REPORT,REPORT,134
1187,3,AUTHORIZE,AUTHORIZE,134
1187,90,RESTRICT,RESTRICT,134
1187,199,OBLIGATE,OBLIGATE,134
1187,236,OBLIGATE,OBLIGATE,134
1187,828,RESTRICT,RESTRICT,134
1187,1191,forbid,FORBID,134
1187,235,forbid,FORBID,134
1187,936,OBLIGATE,OBLIGATE,134
1187,131,OBLIGATE,OBLIGATE,134
1187,450,AUTHORIZE,AUTHORIZE,134
1188,1187,REPORT,REPORT,134
1188,335,REPORT,REPORT,134
1188,121,REPORT,REPORT,134
1188,1190,REPORT,REPORT,134
1188,3,REPORT,REPORT,134
1190,335,REPORT,REPORT,134
1190,121,subvert,SUBVERT,858
1190,90,subvert,SUBVERT,858
1190,279,subvert,SUBVERT,858
1190,199,subvert,SUBVERT,858
1190,704,subvert,SUBVERT,858
1190,1091,subvert,SUBVERT,858
1190,4793,strengthen,STRENGTHEN,883
1191,235,forbid,FORBID,134
1192,63,OBLIGATE,OBLIGATE,329
1192,13,OBLIGATE,OBLIGATE,329
1192,1941,OBLIGATE,OBLIGATE,509
1192,328,designate,DESIGNATE,384
1192,35,designate,DESIGNATE,384
1192,403,designate,DESIGNATE,384
1192,235,OBLIGATE,OBLIGATE,509
1192,140,OBLIGATE,OBLIGATE,509
1193,1797,OBLIGATE,OBLIGATE,228
1193,1798,OBLIGATE,OBLIGATE,228
1195,1196,OBLIGATE,OBLIGATE,135
1195,1198,OBLIGATE,OBLIGATE,135
1195,617,DEVELOP,DEVELOP,135
1195,327,DEVELOP,DEVELOP,135
1195,323,USE,USE,135
1195,1203,USE,USE,135
1195,1205,USE,USE,135
1196,1198,OBLIGATE,OBLIGATE,135
1196,617,OBLIGATE,OBLIGATE,135
1196,8,constitute,CONSTITUTE,475
1197,1195,DEVELOP,DEVELOP,135
1197,1196,OBLIGATE,OBLIGATE,135
1197,1198,OBLIGATE,OBLIGATE,135
1197,617,DEVELOP,DEVELOP,135
1197,1204,DEVELOP,DEVELOP,135
1197,327,DEVELOP,DEVELOP,135
1197,323,DEVELOP,DEVELOP,135
1197,1200,DEVELOP,DEVELOP,135
1198,18,OBLIGATE,OBLIGATE,516
1198,268,OBLIGATE,OBLIGATE,516
1198,109,fail,FAIL,821
1198,467,rebut,REBUT,821
1199,1195,DEVELOP,DEVELOP,135
1199,1197,DEVELOP,DEVELOP,135
1199,617,DEVELOP,DEVELOP,135
1199,327,DEVELOP,DEVELOP,135
1199,323,DEVELOP,DEVELOP,135
1199,1200,DEVELOP,DEVELOP,135
1200,1195,DEVELOP,DEVELOP,135
1200,617,DEVELOP,DEVELOP,135
1200,327,DEVELOP,DEVELOP,135
1200,323,DEVELOP,DEVELOP,135
1201,327,meet,MEET,135
1201,323,meet,MEET,135
1202,327,meet,MEET,135
1202,323,meet,MEET,135
1202,1201,meet,MEET,135
1203,323,USE,USE,135
1204,1195,USE,USE,135
1204,323,USE,USE,135
1204,1203,USE,USE,135
1204,1205,USE,USE,135
1205,323,USE,USE,135
1205,1203,USE,USE,135
1206,206,OBLIGATE,OBLIGATE,136
1206,140,DEVELOP,DEVELOP,136
1206,67,include,INCLUDE,136
1206,877,DEVELOP,DEVELOP,136
1206,1207,charge,CHARGE,136
1206,379,OBLIGATE,OBLIGATE,136
1206,53,OBLIGATE,OBLIGATE,136
1206,195,OBLIGATE,OBLIGATE,136
1206,131,OBLIGATE,OBLIGATE,136
1206,85,include,INCLUDE,136
1206,18,OBLIGATE,OBLIGATE,136
1206,13,OBLIGATE,OBLIGATE,136
1206,1209,OBLIGATE,OBLIGATE,136
1206,40,include,INCLUDE,136
1207,206,charge,CHARGE,136
1209,206,OBLIGATE,OBLIGATE,136
1209,67,OBLIGATE,OBLIGATE,473
1209,85,OBLIGATE,OBLIGATE,136
1209,44,OBLIGATE,OBLIGATE,148
1209,33,DEVELOP,DEVELOP,896
1209,1957,take,TAKE,251
1209,1958,take,TAKE,251
1209,70,OBLIGATE,OBLIGATE,333
1209,1444,OBLIGATE,OBLIGATE,901
1209,267,OBLIGATE,OBLIGATE,382
1209,327,DEVELOP,DEVELOP,392
1209,96,OBLIGATE,OBLIGATE,379
1209,63,OBLIGATE,OBLIGATE,379
1209,34,DEVELOP,DEVELOP,392
1209,1941,OBLIGATE,OBLIGATE,395
1209,320,DEVELOP,DEVELOP,461
1209,268,DEVELOP,DEVELOP,461
1209,8,propose,PROPOSE,839
1209,21,DEVELOP,DEVELOP,896
1209,235,DEVELOP,DEVELOP,896
1210,1211,appear,APPEAR,137
1210,1212,note,NOTE,137
1210,1218,become,BECOME,137
1210,100,appear,APPEAR,137
1210,450,appear,APPEAR,137
1210,1213,note,NOTE,137
1210,1214,note,NOTE,137
1210,1215,note,NOTE,137
1210,983,recognize,RECOGNIZE,137
1210,984,recognize,RECOGNIZE,137
1210,1216,SUPPORT,SUPPORT,137
1210,1217,SUPPORT,SUPPORT,137
1210,66,SUPPORT,SUPPORT,137
1210,337,SUPPORT,SUPPORT,137
1210,1219,become,BECOME,137
1211,450,appear,APPEAR,137
1212,225,OBLIGATE,OBLIGATE,417
1212,111,urge,URGE,137
1212,1211,urge,URGE,137
1212,1214,note,NOTE,137
1212,3,USE,USE,377
1212,151,USE,USE,377
1212,2516,USE,USE,377
1212,2517,USE,USE,377
1212,2016,USE,USE,377
1212,821,OBLIGATE,OBLIGATE,417
1212,18,OBLIGATE,OBLIGATE,417
1213,225,note,NOTE,137
1213,1212,note,NOTE,137
1213,1214,note,NOTE,137
1213,1215,note,NOTE,137
1213,3,note,NOTE,137
1215,1212,note,NOTE,137
1215,1214,note,NOTE,137
1216,337,SUPPORT,SUPPORT,137
1216,1346,DEVELOP,DEVELOP,156
1216,120,DEVELOP,DEVELOP,156
1217,1216,SUPPORT,SUPPORT,137
1217,66,SUPPORT,SUPPORT,137
1217,337,SUPPORT,SUPPORT,137
1220,876,urge,URGE,138
1220,1222,SUPPORT,SUPPORT,138
1220,13,OBLIGATE,OBLIGATE,138
1220,3,OBLIGATE,OBLIGATE,138
1220,81,OBLIGATE,OBLIGATE,138
1220,877,OBLIGATE,OBLIGATE,138
1220,634,OBLIGATE,OBLIGATE,138
1220,379,SUPPORT,SUPPORT,138
1221,1220,urge,URGE,138
1221,876,urge,URGE,138
1223,1220,OBLIGATE,OBLIGATE,138
1223,13,OBLIGATE,OBLIGATE,138
1224,1220,OBLIGATE,OBLIGATE,138
1224,13,OBLIGATE,OBLIGATE,138
1224,1223,OBLIGATE,OBLIGATE,138
1225,1220,SUPPORT,SUPPORT,138
1225,1226,SUPPORT,SUPPORT,138
1225,1227,SUPPORT,SUPPORT,138
1225,500,SUPPORT,SUPPORT,138
1225,379,SUPPORT,SUPPORT,138
1226,1220,SUPPORT,SUPPORT,138
1226,1227,SUPPORT,SUPPORT,138
1226,500,SUPPORT,SUPPORT,138
1226,379,SUPPORT,SUPPORT,138
1227,1220,SUPPORT,SUPPORT,138
1227,500,SUPPORT,SUPPORT,138
1227,379,SUPPORT,SUPPORT,138
1228,131,OBLIGATE,OBLIGATE,139
1228,1222,emphasize,EMPHASIZE,139
1228,265,OBLIGATE,OBLIGATE,139
1228,872,OBLIGATE,OBLIGATE,139
1228,878,OBLIGATE,OBLIGATE,139
1228,34,recognize,RECOGNIZE,139
1228,1229,recognize,RECOGNIZE,139
1228,1230,recognize,RECOGNIZE,139
1228,247,recognize,RECOGNIZE,139
1228,81,acknowledge,ACKNOWLEDGE,139
1228,3,emphasize,EMPHASIZE,139
1228,639,emphasize,EMPHASIZE,139
1228,201,emphasize,EMPHASIZE,139
1229,34,USE,USE,861
1229,1230,recognize,RECOGNIZE,139
1229,247,recognize,RECOGNIZE,139
1229,70,USE,USE,861
1229,136,USE,USE,861
1229,195,USE,USE,861
1229,80,USE,USE,861
1230,247,REGULATE,REGULATE,804
1230,18,OBLIGATE,OBLIGATE,174
1230,2932,SUPPORT,SUPPORT,457
1230,322,OBLIGATE,OBLIGATE,659
1230,164,include,INCLUDE,892
1231,1232,request,REQUEST,140
1231,13,request,REQUEST,140
1231,1234,request,REQUEST,140
1231,820,OBLIGATE,OBLIGATE,140
1231,617,OBLIGATE,OBLIGATE,140
1231,1235,OBLIGATE,OBLIGATE,140
1231,1236,OBLIGATE,OBLIGATE,140
1231,109,OBLIGATE,OBLIGATE,140
1231,1237,OBLIGATE,OBLIGATE,140
1231,366,OBLIGATE,OBLIGATE,140
1231,1238,OBLIGATE,OBLIGATE,140
1231,94,transmit,TRANSMIT,140
1232,13,request,REQUEST,140
1232,1234,request,REQUEST,140
1232,1251,OBLIGATE,OBLIGATE,143
1232,128,OBLIGATE,OBLIGATE,143
1232,235,OBLIGATE,OBLIGATE,143
1232,646,OBLIGATE,OBLIGATE,143
1232,396,OBLIGATE,OBLIGATE,143
1233,1231,request,REQUEST,140
1233,1232,request,REQUEST,140
1233,13,request,REQUEST,140
1233,1234,request,REQUEST,140
1234,13,request,REQUEST,140
1235,617,OBLIGATE,OBLIGATE,140
1235,821,OBLIGATE,OBLIGATE,140
1236,109,OBLIGATE,OBLIGATE,140
1236,103,OBLIGATE,OBLIGATE,163
1236,1406,OBLIGATE,OBLIGATE,163
1236,13,USE,USE,841
1236,1407,OBLIGATE,OBLIGATE,163
1236,206,USE,USE,841
1236,18,USE,USE,841
1236,14,USE,USE,841
1237,1236,OBLIGATE,OBLIGATE,140
1237,109,OBLIGATE,OBLIGATE,162
1237,366,OBLIGATE,OBLIGATE,140
1237,131,OBLIGATE,OBLIGATE,162
1237,8,OBLIGATE,OBLIGATE,162
1237,916,OBLIGATE,OBLIGATE,162
1237,1105,OBLIGATE,OBLIGATE,162
1238,993,OBLIGATE,OBLIGATE,299
1238,1941,OBLIGATE,OBLIGATE,299
1238,2179,OBLIGATE,OBLIGATE,299
1238,292,OBLIGATE,OBLIGATE,299
1238,872,OBLIGATE,OBLIGATE,299
1238,2345,DEVELOP,DEVELOP,336
1238,1415,OBLIGATE,OBLIGATE,348
1238,318,OBLIGATE,OBLIGATE,348
1238,1140,OBLIGATE,OBLIGATE,348
1238,51,OBLIGATE,OBLIGATE,348
1238,37,OBLIGATE,OBLIGATE,348
1238,1668,OBLIGATE,OBLIGATE,348
1238,54,OBLIGATE,OBLIGATE,348
1239,1231,OBLIGATE,OBLIGATE,140
1239,1238,OBLIGATE,OBLIGATE,140
1240,451,recognize,RECOGNIZE,141
1240,140,aim,AIM,141
1240,3,aim,AIM,141
1240,67,recognize,RECOGNIZE,141
1240,1243,aim,AIM,141
1240,1241,OBLIGATE,OBLIGATE,141
1240,1242,OBLIGATE,OBLIGATE,141
1240,40,OBLIGATE,OBLIGATE,141
1240,259,SUPPORT,SUPPORT,141
1240,69,SUPPORT,SUPPORT,141
1240,362,emphasize,EMPHASIZE,141
1240,236,emphasize,EMPHASIZE,141
1240,859,emphasize,EMPHASIZE,141
1240,549,emphasize,EMPHASIZE,141
1240,18,highlight,HIGHLIGHT,141
1240,70,aim,AIM,141
1241,1242,OBLIGATE,OBLIGATE,141
1241,40,OBLIGATE,OBLIGATE,141
1242,40,OBLIGATE,OBLIGATE,141
1244,1245,IMPLEMENT,IMPLEMENT,142
1244,13,OBLIGATE,OBLIGATE,142
1244,1246,OBLIGATE,OBLIGATE,142
1244,1247,OBLIGATE,OBLIGATE,142
1244,40,impact,IMPACT,142
1244,3,impact,IMPACT,142
1244,1248,impact,IMPACT,142
1244,18,impact,IMPACT,142
1244,148,impact,IMPACT,142
1244,1249,OBLIGATE,OBLIGATE,142
1244,146,violate,VIOLATE,142
1244,8,violate,VIOLATE,142
1244,335,violate,VIOLATE,142
1244,164,IMPLEMENT,IMPLEMENT,142
1245,877,amend,AMEND,268
1245,744,amend,AMEND,268
1245,50,amend,AMEND,268
1246,13,OBLIGATE,OBLIGATE,142
1246,1247,OBLIGATE,OBLIGATE,142
1246,1250,OBLIGATE,OBLIGATE,142
1247,13,OBLIGATE,OBLIGATE,142
1247,18,USE,USE,930
1247,484,inform,INFORM,930
1247,131,inform,INFORM,930
1247,148,inform,INFORM,930
1247,96,inform,INFORM,930
1248,40,impact,IMPACT,142
1248,18,AUTHORIZE,AUTHORIZE,164
1248,148,impact,IMPACT,142
1248,195,AUTHORIZE,AUTHORIZE,164
1248,311,AUTHORIZE,AUTHORIZE,164
1248,1415,AUTHORIZE,AUTHORIZE,164
1248,914,AUTHORIZE,AUTHORIZE,164
1248,131,AUTHORIZE,AUTHORIZE,164
1248,876,IMPLEMENT,IMPLEMENT,246
1248,366,IMPLEMENT,IMPLEMENT,246
1248,92,IMPLEMENT,IMPLEMENT,246
1251,128,OBLIGATE,OBLIGATE,143
1251,235,RESTRICT,RESTRICT,143
1251,646,OBLIGATE,OBLIGATE,143
1251,396,OBLIGATE,OBLIGATE,143
1251,1179,OBLIGATE,OBLIGATE,143
1251,468,OBLIGATE,OBLIGATE,143
1251,109,OBLIGATE,OBLIGATE,143
1251,338,RESTRICT,RESTRICT,143
1251,1253,RESTRICT,RESTRICT,143
1251,1028,RESTRICT,RESTRICT,143
1251,636,RESTRICT,RESTRICT,143
1251,131,RESTRICT,RESTRICT,143
1251,157,RESTRICT,RESTRICT,143
1251,59,OBLIGATE,OBLIGATE,143
1251,1255,OBLIGATE,OBLIGATE,143
1251,33,AUTHORIZE,AUTHORIZE,143
1251,416,manipulate,MANIPULATE,145
1251,111,manipulate,MANIPULATE,145
1251,1260,manipulate,MANIPULATE,145
1251,1261,manipulate,MANIPULATE,145
1251,1262,manipulate,MANIPULATE,145
1251,1085,manipulate,MANIPULATE,145
1252,1251,OBLIGATE,OBLIGATE,143
1252,235,OBLIGATE,OBLIGATE,143
1252,396,OBLIGATE,OBLIGATE,143
1252,1179,OBLIGATE,OBLIGATE,143
1252,468,OBLIGATE,OBLIGATE,143
1252,109,OBLIGATE,OBLIGATE,143
1252,120,OBLIGATE,OBLIGATE,143
1253,235,RESTRICT,RESTRICT,143
1253,636,RESTRICT,RESTRICT,143
1253,131,RESTRICT,RESTRICT,143
1254,1251,RESTRICT,RESTRICT,143
1254,235,RESTRICT,RESTRICT,143
1254,131,RESTRICT,RESTRICT,143
1254,157,RESTRICT,RESTRICT,143
1255,59,OBLIGATE,OBLIGATE,143
1256,736,request,REQUEST,144
1256,735,request,REQUEST,144
1256,1257,EVALUATE,EVALUATE,144
1256,1258,request,REQUEST,144
1256,577,request,REQUEST,144
1256,157,RESTRICT,RESTRICT,144
1256,1259,RESTRICT,RESTRICT,144
1257,736,USE,USE,857
1257,3,EVALUATE,EVALUATE,144
1257,577,EVALUATE,EVALUATE,144
1257,102,USE,USE,857
1258,736,USE,USE,285
1258,735,USE,USE,285
1258,1257,EVALUATE,EVALUATE,144
1258,577,USE,USE,285
1258,131,amend,AMEND,146
1258,585,rely,RELY,280
1258,2097,rely,RELY,280
1258,102,rely,RELY,280
1258,13,rely,RELY,280
1258,157,USE,USE,285
1258,467,USE,USE,285
1259,736,RESTRICT,RESTRICT,144
1259,3,RESTRICT,RESTRICT,144
1259,157,RESTRICT,RESTRICT,144
1259,577,RESTRICT,RESTRICT,144
1260,111,intend,INTEND,903
1260,1262,impersonate,IMPERSONATE,252
1260,80,define,DEFINE,252
1260,157,criminalize,CRIMINALIZE,941
1260,337,represent,REPRESENT,884
1261,416,manipulate,MANIPULATE,145
1261,111,manipulate,MANIPULATE,145
1261,1260,represent,REPRESENT,884
1261,1262,manipulate,MANIPULATE,145
1261,2742,broaden,BROADEN,419
1261,244,broaden,BROADEN,419
1261,181,OBLIGATE,OBLIGATE,535
1261,337,represent,REPRESENT,884
1263,4451,OBLIGATE,OBLIGATE,887
1263,3,OBLIGATE,OBLIGATE,898
1263,248,meet,MEET,920
1263,33,REPORT,REPORT,892
1263,889,REPORT,REPORT,892
1263,101,meet,MEET,920
1263,320,meet,MEET,920
1265,736,OBLIGATE,OBLIGATE,146
1265,1258,amend,AMEND,146
1265,1267,OBLIGATE,OBLIGATE,146
1265,13,OBLIGATE,OBLIGATE,146
1265,33,OBLIGATE,OBLIGATE,146
1265,14,OBLIGATE,OBLIGATE,146
1265,738,OBLIGATE,OBLIGATE,146
1266,1265,amend,AMEND,146
1266,736,’,’,285
1266,1258,USE,USE,285
1266,131,amend,AMEND,146
1266,735,USE,USE,285
1266,157,USE,USE,285
1266,577,’,’,285
1266,467,USE,USE,285
1267,131,OBLIGATE,OBLIGATE,146
1268,1265,OBLIGATE,OBLIGATE,146
1268,736,OBLIGATE,OBLIGATE,146
1268,131,OBLIGATE,OBLIGATE,146
1268,13,OBLIGATE,OBLIGATE,146
1268,688,OBLIGATE,OBLIGATE,146
1269,1273,OBLIGATE,OBLIGATE,147
1269,1272,comprise,COMPRISE,147
1269,1209,OBLIGATE,OBLIGATE,147
1269,3,OBLIGATE,OBLIGATE,147
1270,1269,DEVELOP,DEVELOP,147
1270,1271,DEVELOP,DEVELOP,147
1271,1269,DEVELOP,DEVELOP,147
1272,34,comprise,COMPRISE,167
1272,1445,OBLIGATE,OBLIGATE,843
1272,121,comprise,COMPRISE,167
1272,2337,compose,COMPOSE,334
1272,13,OBLIGATE,OBLIGATE,843
1272,2181,OBLIGATE,OBLIGATE,843
1272,2888,OBLIGATE,OBLIGATE,843
1275,1279,OBLIGATE,OBLIGATE,148
1275,1280,advise,ADVISE,148
1275,1276,OBLIGATE,OBLIGATE,148
1275,37,OBLIGATE,OBLIGATE,148
1275,1087,OBLIGATE,OBLIGATE,148
1275,1281,OBLIGATE,OBLIGATE,148
1275,1282,OBLIGATE,OBLIGATE,148
1275,13,OBLIGATE,OBLIGATE,148
1275,1209,OBLIGATE,OBLIGATE,148
1275,44,OBLIGATE,OBLIGATE,148
1276,37,OBLIGATE,OBLIGATE,148
1276,1087,OBLIGATE,OBLIGATE,148
1276,13,OBLIGATE,OBLIGATE,148
1276,1209,OBLIGATE,OBLIGATE,148
1276,44,OBLIGATE,OBLIGATE,148
1278,1275,OBLIGATE,OBLIGATE,148
1278,1279,OBLIGATE,OBLIGATE,148
1280,3,advise,ADVISE,148
1281,1276,OBLIGATE,OBLIGATE,148
1281,37,OBLIGATE,OBLIGATE,148
1281,1087,OBLIGATE,OBLIGATE,148
1281,1282,OBLIGATE,OBLIGATE,148
1282,1276,OBLIGATE,OBLIGATE,148
1282,37,OBLIGATE,OBLIGATE,148
1282,1087,OBLIGATE,OBLIGATE,148
1283,1284,OBLIGATE,OBLIGATE,149
1283,1285,IMPLEMENT,IMPLEMENT,149
1283,1286,IMPLEMENT,IMPLEMENT,149
1283,1287,OBLIGATE,OBLIGATE,149
1283,1288,OBLIGATE,OBLIGATE,149
1283,1289,offer,OFFER,149
1283,1291,OBLIGATE,OBLIGATE,149
1283,1292,OBLIGATE,OBLIGATE,149
1283,1293,OBLIGATE,OBLIGATE,149
1283,35,OBLIGATE,OBLIGATE,149
1283,1294,OBLIGATE,OBLIGATE,149
1283,1295,OBLIGATE,OBLIGATE,149
1284,1286,IMPLEMENT,IMPLEMENT,149
1284,1287,OBLIGATE,OBLIGATE,149
1284,1288,OBLIGATE,OBLIGATE,149
1284,177,DEVELOP,DEVELOP,924
1284,4963,DEVELOP,DEVELOP,924
1285,1284,IMPLEMENT,IMPLEMENT,149
1285,1286,IMPLEMENT,IMPLEMENT,149
1285,1290,IMPLEMENT,IMPLEMENT,149
1288,1287,OBLIGATE,OBLIGATE,149
1288,4922,AUTHORIZE,AUTHORIZE,915
1288,4928,AUTHORIZE,AUTHORIZE,915
1288,1608,AUTHORIZE,AUTHORIZE,915
1288,4929,AUTHORIZE,AUTHORIZE,915
1288,4930,AUTHORIZE,AUTHORIZE,915
1288,323,AUTHORIZE,AUTHORIZE,915
1289,1290,offer,OFFER,149
1290,327,include,INCLUDE,297
1290,210,include,INCLUDE,297
1290,52,OBLIGATE,OBLIGATE,901
1290,347,include,INCLUDE,297
1290,209,include,INCLUDE,297
1290,2337,have,HAVE,334
1290,3,OBLIGATE,OBLIGATE,901
1290,859,have,HAVE,334
1290,121,OBLIGATE,OBLIGATE,901
1290,67,OBLIGATE,OBLIGATE,901
1290,2,compose,COMPOSE,641
1290,2938,compose,COMPOSE,641
1290,395,compose,COMPOSE,641
1290,379,compose,COMPOSE,641
1290,1444,OBLIGATE,OBLIGATE,901
1291,1289,offer,OFFER,149
1291,1295,OBLIGATE,OBLIGATE,149
1292,35,OBLIGATE,OBLIGATE,149
1293,1292,OBLIGATE,OBLIGATE,149
1293,35,OBLIGATE,OBLIGATE,149
1293,3305,SUPPORT,SUPPORT,574
1294,1290,OBLIGATE,OBLIGATE,149
1294,1292,OBLIGATE,OBLIGATE,149
1294,1293,OBLIGATE,OBLIGATE,149
1294,35,OBLIGATE,OBLIGATE,149
1294,1291,OBLIGATE,OBLIGATE,149
1294,1295,OBLIGATE,OBLIGATE,149
1296,1297,amend,AMEND,150
1296,18,amend,AMEND,150
1296,3,cease,CEASE,150
1296,401,cease,CEASE,150
1296,1140,cease,CEASE,150
1297,18,amend,AMEND,150
1297,3,amend,AMEND,150
1297,401,DEVELOP,DEVELOP,184
1297,366,DEVELOP,DEVELOP,184
1297,81,DEVELOP,DEVELOP,165
1297,1423,DEVELOP,DEVELOP,165
1297,1552,DEVELOP,DEVELOP,184
1297,121,DEVELOP,DEVELOP,184
1297,860,DEVELOP,DEVELOP,184
1297,1101,DEVELOP,DEVELOP,184
1298,1296,OBLIGATE,OBLIGATE,150
1298,401,OBLIGATE,OBLIGATE,150
1298,1299,OBLIGATE,OBLIGATE,150
1299,1296,OBLIGATE,OBLIGATE,150
1299,401,OBLIGATE,OBLIGATE,150
1301,3,emphasize,EMPHASIZE,151
1301,259,emphasize,EMPHASIZE,151
1301,914,emphasize,EMPHASIZE,151
1302,3,IMPLEMENT,IMPLEMENT,151
1302,273,IMPLEMENT,IMPLEMENT,151
1302,1016,IMPLEMENT,IMPLEMENT,151
1302,109,IMPLEMENT,IMPLEMENT,151
1302,8,IMPLEMENT,IMPLEMENT,151
1303,3,DEVELOP,DEVELOP,151
1303,273,DEVELOP,DEVELOP,151
1303,259,DEVELOP,DEVELOP,151
1303,1304,DEVELOP,DEVELOP,151
1303,200,DEVELOP,DEVELOP,151
1304,273,DEVELOP,DEVELOP,151
1304,200,DEVELOP,DEVELOP,151
1304,257,OBLIGATE,OBLIGATE,328
1304,283,OBLIGATE,OBLIGATE,328
1304,5,OBLIGATE,OBLIGATE,328
1304,876,OBLIGATE,OBLIGATE,328
1304,916,OBLIGATE,OBLIGATE,328
1304,6,OBLIGATE,OBLIGATE,328
1304,67,OBLIGATE,OBLIGATE,328
1304,207,OBLIGATE,OBLIGATE,328
1304,467,OBLIGATE,OBLIGATE,328
1304,728,OBLIGATE,OBLIGATE,328
1307,185,SUPPORT,SUPPORT,205
1307,235,SUPPORT,SUPPORT,205
1307,924,SUPPORT,SUPPORT,205
1307,121,OBLIGATE,OBLIGATE,246
1307,1019,OBLIGATE,OBLIGATE,878
1307,2835,OBLIGATE,OBLIGATE,878
1308,3,reaffirm,REAFFIRM,151
1308,273,reaffirm,REAFFIRM,151
1308,468,reaffirm,REAFFIRM,151
1308,266,reaffirm,REAFFIRM,151
1308,1307,reaffirm,REAFFIRM,151
1309,40,OBLIGATE,OBLIGATE,152
1309,54,reduce,REDUCE,152
1309,1312,reduce,REDUCE,152
1309,1311,OBLIGATE,OBLIGATE,152
1309,549,OBLIGATE,OBLIGATE,152
1309,393,OBLIGATE,OBLIGATE,152
1309,327,AUTHORIZE,AUTHORIZE,152
1309,295,AUTHORIZE,AUTHORIZE,152
1309,1313,AUTHORIZE,AUTHORIZE,152
1309,177,AUTHORIZE,AUTHORIZE,152
1309,1314,AUTHORIZE,AUTHORIZE,152
1309,1317,AUTHORIZE,AUTHORIZE,152
1309,328,AUTHORIZE,AUTHORIZE,152
1311,40,OBLIGATE,OBLIGATE,152
1311,549,OBLIGATE,OBLIGATE,152
1311,393,OBLIGATE,OBLIGATE,152
1311,140,OBLIGATE,OBLIGATE,152
1312,40,reduce,REDUCE,152
1312,54,reduce,REDUCE,152
1313,327,OBLIGATE,OBLIGATE,701
1313,850,produce,PRODUCE,384
1313,2640,OBLIGATE,OBLIGATE,399
1313,1487,OBLIGATE,OBLIGATE,399
1313,495,OBLIGATE,OBLIGATE,701
1313,3812,strengthen,STRENGTHEN,864
1313,386,OBLIGATE,OBLIGATE,917
1313,13,OBLIGATE,OBLIGATE,917
1313,415,OBLIGATE,OBLIGATE,921
1313,35,OBLIGATE,OBLIGATE,921
1313,1330,OBLIGATE,OBLIGATE,921
1313,166,OBLIGATE,OBLIGATE,921
1314,327,AUTHORIZE,AUTHORIZE,152
1314,295,OBLIGATE,OBLIGATE,717
1314,1313,AUTHORIZE,AUTHORIZE,152
1314,177,AUTHORIZE,AUTHORIZE,152
1314,18,OBLIGATE,OBLIGATE,565
1314,450,OBLIGATE,OBLIGATE,278
1314,2081,OBLIGATE,OBLIGATE,278
1314,386,OBLIGATE,OBLIGATE,565
1314,1321,OBLIGATE,OBLIGATE,565
1314,379,OBLIGATE,OBLIGATE,565
1314,259,OBLIGATE,OBLIGATE,565
1314,335,OBLIGATE,OBLIGATE,565
1314,236,OBLIGATE,OBLIGATE,565
1314,644,OBLIGATE,OBLIGATE,717
1314,550,OBLIGATE,OBLIGATE,717
1314,33,OBLIGATE,OBLIGATE,717
1314,267,OBLIGATE,OBLIGATE,717
1314,1733,OBLIGATE,OBLIGATE,717
1317,328,AUTHORIZE,AUTHORIZE,152
1318,3,REGULATE,REGULATE,153
1318,177,REGULATE,REGULATE,153
1318,363,enter,ENTER,153
1318,276,deem,DEEM,153
1318,1319,DEVELOP,DEVELOP,153
1318,67,DEVELOP,DEVELOP,153
1318,405,SUPPORT,SUPPORT,153
1318,1320,SUPPORT,SUPPORT,153
1318,1321,SUPPORT,SUPPORT,153
1318,1322,SUPPORT,SUPPORT,153
1318,850,OBLIGATE,OBLIGATE,153
1318,278,REGULATE,REGULATE,153
1318,1323,deem,DEEM,153
1318,1324,REGULATE,REGULATE,153
1319,3,set,SET,854
1319,177,DEVELOP,DEVELOP,153
1319,363,DEVELOP,DEVELOP,153
1319,276,DEVELOP,DEVELOP,153
1319,67,DEVELOP,DEVELOP,153
1319,312,set,SET,854
1320,34,AUTHORIZE,AUTHORIZE,413
1320,109,OBLIGATE,OBLIGATE,233
1320,327,provide,PROVIDE,769
1321,363,OBLIGATE,OBLIGATE,592
1321,1320,SUPPORT,SUPPORT,153
1321,328,OBLIGATE,OBLIGATE,592
1321,386,OBLIGATE,OBLIGATE,565
1321,18,OBLIGATE,OBLIGATE,565
1321,259,OBLIGATE,OBLIGATE,565
1321,335,REGULATE,REGULATE,681
1321,236,OBLIGATE,OBLIGATE,565
1321,590,OBLIGATE,OBLIGATE,592
1321,3558,OBLIGATE,OBLIGATE,592
1321,422,OBLIGATE,OBLIGATE,592
1321,347,OBLIGATE,OBLIGATE,592
1321,784,OBLIGATE,OBLIGATE,592
1321,40,OBLIGATE,OBLIGATE,592
1321,3559,OBLIGATE,OBLIGATE,592
1321,1678,OBLIGATE,OBLIGATE,592
1321,2378,OBLIGATE,OBLIGATE,592
1321,3560,OBLIGATE,OBLIGATE,592
1321,327,OBLIGATE,OBLIGATE,592
1321,1833,OBLIGATE,OBLIGATE,628
1321,3924,REGULATE,REGULATE,681
1321,3925,REGULATE,REGULATE,681
1321,3926,REGULATE,REGULATE,681
1322,1320,SUPPORT,SUPPORT,153
1322,1321,SUPPORT,SUPPORT,153
1322,850,SUPPORT,SUPPORT,153
1323,363,deem,DEEM,153
1323,276,deem,DEEM,153
1323,936,pose,POSE,773
1323,279,pose,POSE,773
1323,76,pose,POSE,773
1324,3,REGULATE,REGULATE,153
1324,177,REGULATE,REGULATE,153
1324,278,REGULATE,REGULATE,153
1325,3,complement,COMPLEMENT,154
1325,850,AUTHORIZE,AUTHORIZE,154
1325,67,AUTHORIZE,AUTHORIZE,154
1325,323,complement,COMPLEMENT,154
1326,1325,amend,AMEND,154
1327,1325,AUTHORIZE,AUTHORIZE,154
1327,850,AUTHORIZE,AUTHORIZE,154
1327,67,AUTHORIZE,AUTHORIZE,154
1328,415,OBLIGATE,OBLIGATE,551
1328,1410,provide,PROVIDE,632
1328,131,provide,PROVIDE,632
1329,34,OBLIGATE,OBLIGATE,375
1329,850,OBLIGATE,OBLIGATE,375
1329,347,OBLIGATE,OBLIGATE,375
1329,859,OBLIGATE,OBLIGATE,375
1330,58,OBLIGATE,OBLIGATE,921
1330,415,OBLIGATE,OBLIGATE,921
1330,166,OBLIGATE,OBLIGATE,921
1332,1092,REGULATE,REGULATE,334
1332,585,REGULATE,REGULATE,334
1332,2032,AUTHORIZE,AUTHORIZE,390
1332,236,enhance,ENHANCE,577
1332,268,COORDINATE,COORDINATE,556
1332,3471,enhance,ENHANCE,577
1332,549,OBLIGATE,OBLIGATE,818
1333,1334,target,TARGET,155
1333,1335,AUTHORIZE,AUTHORIZE,155
1333,1336,target,TARGET,155
1333,235,target,TARGET,155
1333,1337,AUTHORIZE,AUTHORIZE,155
1333,1338,AUTHORIZE,AUTHORIZE,155
1333,1339,cause,CAUSE,155
1333,877,OBLIGATE,OBLIGATE,155
1333,103,OBLIGATE,OBLIGATE,155
1333,1105,OBLIGATE,OBLIGATE,155
1333,468,OBLIGATE,OBLIGATE,155
1333,1342,introduce,INTRODUCE,155
1333,109,introduce,INTRODUCE,155
1333,59,plan,PLAN,155
1333,37,plan,PLAN,155
1333,914,DEVELOP,DEVELOP,155
1333,311,DEVELOP,DEVELOP,155
1333,338,target,TARGET,155
1333,1343,target,TARGET,155
1333,1344,target,TARGET,155
1336,930,propose,PROPOSE,224
1336,3491,OBLIGATE,OBLIGATE,580
1337,1335,AUTHORIZE,AUTHORIZE,155
1337,1338,AUTHORIZE,AUTHORIZE,155
1338,1335,AUTHORIZE,AUTHORIZE,155
1339,3,cause,CAUSE,155
1341,4682,SUPPORT,SUPPORT,863
1342,109,AUTHORIZE,AUTHORIZE,875
1342,4668,provide,PROVIDE,865
1342,4748,AUTHORIZE,AUTHORIZE,875
1342,198,AUTHORIZE,AUTHORIZE,875
1342,76,AUTHORIZE,AUTHORIZE,875
1343,3,OBLIGATE,OBLIGATE,156
1343,235,target,TARGET,155
1343,1344,target,TARGET,155
1343,103,OBLIGATE,OBLIGATE,156
1343,1350,OBLIGATE,OBLIGATE,156
1344,235,target,TARGET,155
1344,335,target,TARGET,155
1345,1346,DEVELOP,DEVELOP,156
1345,1216,DEVELOP,DEVELOP,156
1345,845,DEVELOP,DEVELOP,156
1345,1347,AUTHORIZE,AUTHORIZE,156
1345,120,OBLIGATE,OBLIGATE,156
1345,864,OBLIGATE,OBLIGATE,156
1345,231,OBLIGATE,OBLIGATE,156
1345,821,OBLIGATE,OBLIGATE,156
1345,1348,OBLIGATE,OBLIGATE,156
1345,1063,OBLIGATE,OBLIGATE,156
1345,1349,OBLIGATE,OBLIGATE,156
1345,1343,OBLIGATE,OBLIGATE,156
1345,103,OBLIGATE,OBLIGATE,156
1345,919,AUTHORIZE,AUTHORIZE,156
1345,341,AUTHORIZE,AUTHORIZE,156
1345,59,REGULATE,REGULATE,156
1345,1351,REGULATE,REGULATE,156
1345,273,REGULATE,REGULATE,156
1345,109,AUTHORIZE,AUTHORIZE,156
1345,1352,AUTHORIZE,AUTHORIZE,156
1345,320,AUTHORIZE,AUTHORIZE,156
1345,1353,AUTHORIZE,AUTHORIZE,156
1345,1354,AUTHORIZE,AUTHORIZE,156
1346,3,amend,AMEND,210
1346,164,amend,AMEND,210
1347,206,oblige,OBLIGE,937
1347,1273,oblige,OBLIGE,937
1347,199,OBLIGATE,OBLIGATE,937
1347,5022,oblige,OBLIGE,937
1348,864,OBLIGATE,OBLIGATE,156
1349,3,OBLIGATE,OBLIGATE,156
1349,1343,OBLIGATE,OBLIGATE,156
1349,103,OBLIGATE,OBLIGATE,156
1349,1350,OBLIGATE,OBLIGATE,156
1350,103,OBLIGATE,OBLIGATE,156
1350,634,OBLIGATE,OBLIGATE,207
1350,146,OBLIGATE,OBLIGATE,207
1351,341,REGULATE,REGULATE,156
1351,59,REGULATE,REGULATE,156
1351,273,REGULATE,REGULATE,156
1351,109,REGULATE,REGULATE,156
1352,109,AUTHORIZE,AUTHORIZE,449
1352,320,AUTHORIZE,AUTHORIZE,156
1352,2874,AUTHORIZE,AUTHORIZE,449
1352,131,AUTHORIZE,AUTHORIZE,449
1352,13,AUTHORIZE,AUTHORIZE,449
1352,121,AUTHORIZE,AUTHORIZE,449
1352,337,AUTHORIZE,AUTHORIZE,449
1352,96,AUTHORIZE,AUTHORIZE,449
1352,800,OBLIGATE,OBLIGATE,636
1352,876,OBLIGATE,OBLIGATE,636
1352,67,OBLIGATE,OBLIGATE,636
1352,33,initiate,INITIATE,709
1352,140,OBLIGATE,OBLIGATE,830
1352,4546,OBLIGATE,OBLIGATE,830
1353,18,AUTHORIZE,AUTHORIZE,156
1353,341,AUTHORIZE,AUTHORIZE,156
1353,109,AUTHORIZE,AUTHORIZE,156
1353,1352,AUTHORIZE,AUTHORIZE,156
1353,320,AUTHORIZE,AUTHORIZE,156
1353,1354,AUTHORIZE,AUTHORIZE,156
1354,3,AUTHORIZE,AUTHORIZE,156
1354,1350,AUTHORIZE,AUTHORIZE,156
1354,341,AUTHORIZE,AUTHORIZE,156
1354,109,AUTHORIZE,AUTHORIZE,156
1354,1352,AUTHORIZE,AUTHORIZE,156
1354,320,AUTHORIZE,AUTHORIZE,156
1355,90,OBLIGATE,OBLIGATE,157
1355,33,advise,ADVISE,157
1355,286,RESTRICT,RESTRICT,157
1355,1122,RESTRICT,RESTRICT,157
1355,192,SUPPORT,SUPPORT,157
1355,50,RESTRICT,RESTRICT,157
1355,1356,SUPPORT,SUPPORT,157
1355,146,SUPPORT,SUPPORT,157
1355,248,SUPPORT,SUPPORT,157
1355,1357,advise,ADVISE,157
1355,103,advise,ADVISE,157
1355,646,advise,ADVISE,157
1355,1358,advise,ADVISE,157
1355,1359,OBLIGATE,OBLIGATE,157
1355,362,OBLIGATE,OBLIGATE,157
1355,1360,OBLIGATE,OBLIGATE,157
1355,21,OBLIGATE,OBLIGATE,157
1355,957,OBLIGATE,OBLIGATE,157
1355,1046,OBLIGATE,OBLIGATE,157
1355,131,OBLIGATE,OBLIGATE,157
1355,639,OBLIGATE,OBLIGATE,157
1355,1361,OBLIGATE,OBLIGATE,157
1356,192,SUPPORT,SUPPORT,157
1356,146,SUPPORT,SUPPORT,157
1356,3,RESTRICT,RESTRICT,802
1356,634,specify,SPECIFY,211
1356,1709,specify,SPECIFY,211
1356,828,OBLIGATE,OBLIGATE,245
1356,368,RESTRICT,RESTRICT,802
1356,136,RESTRICT,RESTRICT,802
1356,18,RESTRICT,RESTRICT,802
1356,195,RESTRICT,RESTRICT,802
1357,33,advise,ADVISE,157
1357,646,advise,ADVISE,157
1358,33,advise,ADVISE,157
1358,1357,advise,ADVISE,157
1358,103,advise,ADVISE,157
1358,646,advise,ADVISE,157
1358,485,OBLIGATE,OBLIGATE,768
1359,362,OBLIGATE,OBLIGATE,157
1360,1018,OBLIGATE,OBLIGATE,157
1360,21,OBLIGATE,OBLIGATE,157
1360,957,OBLIGATE,OBLIGATE,157
1360,1046,OBLIGATE,OBLIGATE,157
1360,131,OBLIGATE,OBLIGATE,157
1360,639,OBLIGATE,OBLIGATE,157
1360,1361,OBLIGATE,OBLIGATE,157
1361,21,OBLIGATE,OBLIGATE,157
1361,957,OBLIGATE,OBLIGATE,157
1361,1046,OBLIGATE,OBLIGATE,157
1361,131,OBLIGATE,OBLIGATE,157
1361,639,OBLIGATE,OBLIGATE,157
1362,571,DEVELOP,DEVELOP,158
1362,1363,OBLIGATE,OBLIGATE,158
1362,1364,OBLIGATE,OBLIGATE,158
1362,915,OBLIGATE,OBLIGATE,158
1362,914,OBLIGATE,OBLIGATE,158
1362,121,dictate,DICTATE,158
1362,1169,dictate,DICTATE,158
1362,236,dictate,DICTATE,158
1362,498,dictate,DICTATE,158
1362,1369,OBLIGATE,OBLIGATE,158
1362,822,OBLIGATE,OBLIGATE,158
1364,915,OBLIGATE,OBLIGATE,158
1364,33,OBLIGATE,OBLIGATE,886
1364,192,categorize,CATEGORIZE,718
1364,85,categorize,CATEGORIZE,718
1364,639,OBLIGATE,OBLIGATE,886
1364,235,OBLIGATE,OBLIGATE,886
1365,33,OBLIGATE,OBLIGATE,160
1365,13,OBLIGATE,OBLIGATE,833
1365,157,OBLIGATE,OBLIGATE,160
1365,131,OBLIGATE,OBLIGATE,160
1365,85,OBLIGATE,OBLIGATE,160
1365,1384,OBLIGATE,OBLIGATE,160
1365,69,OBLIGATE,OBLIGATE,160
1365,787,OBLIGATE,OBLIGATE,163
1365,333,OBLIGATE,OBLIGATE,163
1365,335,OBLIGATE,OBLIGATE,804
1365,235,urge,URGE,185
1365,201,urge,URGE,185
1365,37,urge,URGE,185
1365,139,urge,URGE,185
1365,103,urge,URGE,185
1365,200,emphasize,EMPHASIZE,497
1365,645,OBLIGATE,OBLIGATE,804
1365,4566,OBLIGATE,OBLIGATE,833
1365,821,OBLIGATE,OBLIGATE,833
1366,15,urge,URGE,872
1366,199,urge,URGE,872
1368,33,OBLIGATE,OBLIGATE,164
1368,1413,OBLIGATE,OBLIGATE,164
1368,131,OBLIGATE,OBLIGATE,164
1368,185,SUPPORT,SUPPORT,205
1368,235,RESTRICT,RESTRICT,247
1368,924,SUPPORT,SUPPORT,205
1368,1307,SUPPORT,SUPPORT,205
1369,822,DEVELOP,DEVELOP,792
1369,40,DEVELOP,DEVELOP,792
1369,33,DEVELOP,DEVELOP,792
1369,81,DEVELOP,DEVELOP,792
1370,225,OBLIGATE,OBLIGATE,777
1370,905,OBLIGATE,OBLIGATE,777
1371,1372,OBLIGATE,OBLIGATE,159
1371,33,DEVELOP,DEVELOP,159
1371,1373,REGULATE,REGULATE,159
1371,1105,DEVELOP,DEVELOP,159
1371,121,DEVELOP,DEVELOP,159
1371,335,DEVELOP,DEVELOP,159
1371,103,DEVELOP,DEVELOP,159
1371,1374,OBLIGATE,OBLIGATE,159
1371,1375,OBLIGATE,OBLIGATE,159
1371,67,OBLIGATE,OBLIGATE,159
1371,363,OBLIGATE,OBLIGATE,159
1371,1376,OBLIGATE,OBLIGATE,159
1371,318,OBLIGATE,OBLIGATE,159
1371,1377,OBLIGATE,OBLIGATE,159
1371,560,REGULATE,REGULATE,159
1371,197,REGULATE,REGULATE,159
1371,288,REGULATE,REGULATE,159
1372,33,DEVELOP,DEVELOP,159
1372,1105,DEVELOP,DEVELOP,159
1372,121,DEVELOP,DEVELOP,159
1372,335,DEVELOP,DEVELOP,159
1372,103,DEVELOP,DEVELOP,159
1374,1372,OBLIGATE,OBLIGATE,159
1375,1372,OBLIGATE,OBLIGATE,159
1375,1374,OBLIGATE,OBLIGATE,159
1375,319,USE,USE,518
1375,466,USE,USE,518
1375,295,USE,USE,518
1375,6,USE,USE,518
1375,235,USE,USE,518
1375,3217,USE,USE,518
1375,85,USE,USE,518
1375,1941,USE,USE,518
1376,318,OBLIGATE,OBLIGATE,159
1376,1377,OBLIGATE,OBLIGATE,159
1376,4874,OBLIGATE,OBLIGATE,904
1376,235,OBLIGATE,OBLIGATE,904
1376,109,OBLIGATE,OBLIGATE,904
1376,13,OBLIGATE,OBLIGATE,904
1377,3,OBLIGATE,OBLIGATE,159
1377,318,OBLIGATE,OBLIGATE,159
1378,859,REPORT,REPORT,160
1378,103,REPORT,REPORT,160
1378,468,REPORT,REPORT,160
1378,1380,terminate,TERMINATE,160
1378,33,OBLIGATE,OBLIGATE,160
1378,797,OBLIGATE,OBLIGATE,160
1378,13,OBLIGATE,OBLIGATE,160
1378,192,terminate,TERMINATE,160
1378,21,OBLIGATE,OBLIGATE,160
1378,319,OBLIGATE,OBLIGATE,160
1378,821,OBLIGATE,OBLIGATE,160
1378,1383,OBLIGATE,OBLIGATE,160
1378,157,OBLIGATE,OBLIGATE,160
1378,131,OBLIGATE,OBLIGATE,160
1378,85,OBLIGATE,OBLIGATE,160
1378,1384,OBLIGATE,OBLIGATE,160
1378,1365,OBLIGATE,OBLIGATE,160
1378,69,OBLIGATE,OBLIGATE,160
1378,1385,terminate,TERMINATE,160
1378,1386,terminate,TERMINATE,160
1382,1678,SUPPORT,SUPPORT,881
1383,33,OBLIGATE,OBLIGATE,160
1383,13,OBLIGATE,OBLIGATE,160
1383,157,OBLIGATE,OBLIGATE,160
1383,131,OBLIGATE,OBLIGATE,160
1383,85,OBLIGATE,OBLIGATE,160
1383,1384,OBLIGATE,OBLIGATE,160
1383,1365,OBLIGATE,OBLIGATE,160
1383,69,OBLIGATE,OBLIGATE,160
1384,33,OBLIGATE,OBLIGATE,160
1384,13,identify,IDENTIFY,532
1384,157,OBLIGATE,OBLIGATE,160
1384,131,OBLIGATE,OBLIGATE,160
1384,85,OBLIGATE,OBLIGATE,160
1384,335,stress,STRESS,468
1384,201,stress,STRESS,468
1384,247,include,INCLUDE,521
1384,236,include,INCLUDE,521
1384,1976,include,INCLUDE,521
1384,63,identify,IDENTIFY,532
1384,8,urge,URGE,869
1385,192,terminate,TERMINATE,160
1385,1386,terminate,TERMINATE,160
1386,1381,terminate,TERMINATE,160
1387,15,SUPPORT,SUPPORT,161
1387,1389,affect,AFFECT,161
1387,401,OBLIGATE,OBLIGATE,161
1387,13,OBLIGATE,OBLIGATE,161
1387,1016,OBLIGATE,OBLIGATE,161
1387,1111,OBLIGATE,OBLIGATE,161
1387,311,OBLIGATE,OBLIGATE,161
1387,914,OBLIGATE,OBLIGATE,161
1387,81,SUPPORT,SUPPORT,161
1387,128,OBLIGATE,OBLIGATE,161
1387,1390,OBLIGATE,OBLIGATE,161
1387,335,OBLIGATE,OBLIGATE,161
1387,1392,OBLIGATE,OBLIGATE,161
1387,169,OBLIGATE,OBLIGATE,161
1387,957,SUPPORT,SUPPORT,161
1387,148,affect,AFFECT,161
1388,1387,DEVELOP,DEVELOP,161
1388,15,DEVELOP,DEVELOP,161
1388,401,DEVELOP,DEVELOP,161
1390,15,OBLIGATE,OBLIGATE,161
1390,128,OBLIGATE,OBLIGATE,161
1390,335,OBLIGATE,OBLIGATE,161
1390,146,enact,ENACT,898
1390,3,enact,ENACT,898
1390,96,take,TAKE,939
1391,1387,OBLIGATE,OBLIGATE,161
1391,1392,OBLIGATE,OBLIGATE,161
1391,169,OBLIGATE,OBLIGATE,161
1392,169,OBLIGATE,OBLIGATE,161
1393,1387,SUPPORT,SUPPORT,161
1393,15,SUPPORT,SUPPORT,161
1393,957,SUPPORT,SUPPORT,161
1393,81,SUPPORT,SUPPORT,161
1394,1395,lack,LACK,162
1394,513,OBLIGATE,OBLIGATE,162
1394,366,OBLIGATE,OBLIGATE,162
1394,1163,OBLIGATE,OBLIGATE,162
1394,40,USE,USE,162
1394,468,OBLIGATE,OBLIGATE,162
1394,69,OBLIGATE,OBLIGATE,162
1394,109,OBLIGATE,OBLIGATE,162
1394,1396,USE,USE,162
1394,1397,incorporate,INCORPORATE,162
1394,333,incorporate,INCORPORATE,162
1394,18,incorporate,INCORPORATE,162
1394,1398,incorporate,INCORPORATE,162
1394,495,USE,USE,162
1394,1399,USE,USE,162
1394,1237,OBLIGATE,OBLIGATE,162
1394,916,OBLIGATE,OBLIGATE,162
1394,1105,OBLIGATE,OBLIGATE,162
1394,797,lack,LACK,162
1394,496,lack,LACK,162
1394,494,lack,LACK,162
1394,90,lack,LACK,162
1397,131,incorporate,INCORPORATE,162
1397,1396,incorporate,INCORPORATE,162
1397,333,incorporate,INCORPORATE,162
1397,18,incorporate,INCORPORATE,162
1397,1398,incorporate,INCORPORATE,162
1398,3,incorporate,INCORPORATE,162
1398,131,incorporate,INCORPORATE,162
1398,1396,incorporate,INCORPORATE,162
1398,18,incorporate,INCORPORATE,162
1399,1396,USE,USE,162
1399,495,USE,USE,162
1399,40,USE,USE,162
1400,1401,DEVELOP,DEVELOP,163
1400,21,emphasize,EMPHASIZE,163
1400,1402,emphasize,EMPHASIZE,163
1400,33,EVALUATE,EVALUATE,163
1400,1403,emphasize,EMPHASIZE,163
1400,148,emphasize,EMPHASIZE,163
1400,103,OBLIGATE,OBLIGATE,163
1400,787,OBLIGATE,OBLIGATE,163
1400,1365,OBLIGATE,OBLIGATE,163
1400,333,OBLIGATE,OBLIGATE,163
1400,335,OBLIGATE,OBLIGATE,163
1400,235,OBLIGATE,OBLIGATE,163
1400,1404,OBLIGATE,OBLIGATE,163
1400,1405,OBLIGATE,OBLIGATE,163
1400,69,OBLIGATE,OBLIGATE,163
1400,821,OBLIGATE,OBLIGATE,163
1400,468,EVALUATE,EVALUATE,163
1400,166,AUTHORIZE,AUTHORIZE,163
1400,495,AUTHORIZE,AUTHORIZE,163
1400,18,AUTHORIZE,AUTHORIZE,163
1400,1406,OBLIGATE,OBLIGATE,163
1400,13,OBLIGATE,OBLIGATE,163
1400,1407,OBLIGATE,OBLIGATE,163
1400,1236,OBLIGATE,OBLIGATE,163
1400,707,OBLIGATE,OBLIGATE,163
1402,21,emphasize,EMPHASIZE,163
1402,33,emphasize,EMPHASIZE,163
1402,1403,emphasize,EMPHASIZE,163
1402,148,emphasize,EMPHASIZE,163
1402,192,assert,ASSERT,240
1402,131,assert,ASSERT,240
1402,3,foster,FOSTER,478
1402,1018,assert,ASSERT,240
1402,259,assert,ASSERT,240
1402,1163,assert,ASSERT,240
1402,3037,foster,FOSTER,478
1403,33,emphasize,EMPHASIZE,163
1403,148,emphasize,EMPHASIZE,163
1403,121,AUTHORIZE,AUTHORIZE,512
1403,327,AUTHORIZE,AUTHORIZE,512
1403,185,OBLIGATE,OBLIGATE,755
1403,276,OBLIGATE,OBLIGATE,755
1403,131,OBLIGATE,OBLIGATE,755
1403,3,SUPPORT,SUPPORT,883
1404,1405,OBLIGATE,OBLIGATE,163
1404,69,OBLIGATE,OBLIGATE,163
1404,821,OBLIGATE,OBLIGATE,163
1405,821,OBLIGATE,OBLIGATE,163
1405,784,recommend,RECOMMEND,186
1405,231,SUPPORT,SUPPORT,424
1405,1485,OBLIGATE,OBLIGATE,459
1405,703,OBLIGATE,OBLIGATE,459
1406,13,OBLIGATE,OBLIGATE,163
1406,1407,OBLIGATE,OBLIGATE,163
1407,13,OBLIGATE,OBLIGATE,163
1408,1409,reference,REFERENCE,164
1408,1410,reference,REFERENCE,164
1408,1411,OBLIGATE,OBLIGATE,164
1408,33,reference,REFERENCE,164
1408,1412,OBLIGATE,OBLIGATE,164
1408,1413,OBLIGATE,OBLIGATE,164
1408,1368,OBLIGATE,OBLIGATE,164
1408,103,dictate,DICTATE,164
1408,1105,dictate,DICTATE,164
1408,121,dictate,DICTATE,164
1408,819,dictate,DICTATE,164
1408,9,dictate,DICTATE,164
1408,81,dictate,DICTATE,164
1408,311,AUTHORIZE,AUTHORIZE,164
1408,18,AUTHORIZE,AUTHORIZE,164
1408,1248,AUTHORIZE,AUTHORIZE,164
1408,1414,AUTHORIZE,AUTHORIZE,164
1408,195,AUTHORIZE,AUTHORIZE,164
1408,1415,AUTHORIZE,AUTHORIZE,164
1408,914,AUTHORIZE,AUTHORIZE,164
1408,235,OBLIGATE,OBLIGATE,164
1408,340,OBLIGATE,OBLIGATE,164
1408,1416,OBLIGATE,OBLIGATE,164
1408,1417,OBLIGATE,OBLIGATE,164
1408,1418,OBLIGATE,OBLIGATE,164
1408,185,OBLIGATE,OBLIGATE,164
1408,1180,OBLIGATE,OBLIGATE,164
1408,1419,head,HEAD,164
1408,876,head,HEAD,164
1408,366,head,HEAD,164
1408,1420,head,HEAD,164
1408,1421,reference,REFERENCE,164
1408,8,reference,REFERENCE,164
1408,100,reference,REFERENCE,164
1410,3,AUTHORIZE,AUTHORIZE,519
1410,131,provide,PROVIDE,632
1410,164,AUTHORIZE,AUTHORIZE,519
1410,310,AUTHORIZE,AUTHORIZE,519
1411,33,OBLIGATE,OBLIGATE,164
1411,1413,OBLIGATE,OBLIGATE,164
1411,1368,OBLIGATE,OBLIGATE,164
1411,259,OBLIGATE,OBLIGATE,242
1411,320,DEVELOP,DEVELOP,854
1411,59,DEVELOP,DEVELOP,854
1411,69,DEVELOP,DEVELOP,854
1412,1411,OBLIGATE,OBLIGATE,164
1412,33,OBLIGATE,OBLIGATE,164
1412,1413,OBLIGATE,OBLIGATE,164
1412,1368,OBLIGATE,OBLIGATE,164
1414,3,AUTHORIZE,AUTHORIZE,164
1414,18,AUTHORIZE,AUTHORIZE,164
1414,1248,AUTHORIZE,AUTHORIZE,164
1414,195,AUTHORIZE,AUTHORIZE,164
1414,311,AUTHORIZE,AUTHORIZE,164
1414,1415,AUTHORIZE,AUTHORIZE,164
1414,914,AUTHORIZE,AUTHORIZE,164
1414,131,AUTHORIZE,AUTHORIZE,164
1414,2322,SUPPORT,SUPPORT,332
1414,450,SUPPORT,SUPPORT,332
1414,185,SUPPORT,SUPPORT,332
1414,320,prioritize,PRIORITIZE,859
1414,40,prioritize,PRIORITIZE,859
1414,4671,prioritize,PRIORITIZE,859
1415,3,DEVELOP,DEVELOP,363
1415,195,address,ADDRESS,859
1415,311,AUTHORIZE,AUTHORIZE,164
1415,131,OBLIGATE,OBLIGATE,347
1415,432,OBLIGATE,OBLIGATE,347
1415,644,OBLIGATE,OBLIGATE,347
1415,2181,OBLIGATE,OBLIGATE,348
1415,1140,OBLIGATE,OBLIGATE,348
1415,335,OBLIGATE,OBLIGATE,348
1415,138,DEVELOP,DEVELOP,363
1415,265,OBLIGATE,OBLIGATE,461
1415,337,RESTRICT,RESTRICT,584
1415,186,RESTRICT,RESTRICT,584
1415,3519,RESTRICT,RESTRICT,584
1415,40,OBLIGATE,OBLIGATE,686
1415,327,OBLIGATE,OBLIGATE,686
1415,248,OBLIGATE,OBLIGATE,686
1415,2787,OBLIGATE,OBLIGATE,686
1415,1503,OBLIGATE,OBLIGATE,686
1415,322,OBLIGATE,OBLIGATE,686
1415,379,address,ADDRESS,859
1415,1230,address,ADDRESS,859
1415,4672,address,ADDRESS,859
1416,340,OBLIGATE,OBLIGATE,164
1416,1418,OBLIGATE,OBLIGATE,164
1416,3,OBLIGATE,OBLIGATE,194
1416,1559,recommend,RECOMMEND,185
1416,467,recommend,RECOMMEND,185
1416,654,recommend,RECOMMEND,185
1416,267,OBLIGATE,OBLIGATE,194
1416,265,OBLIGATE,OBLIGATE,194
1416,1368,OBLIGATE,OBLIGATE,820
1416,21,OBLIGATE,OBLIGATE,820
1417,340,OBLIGATE,OBLIGATE,164
1417,1416,OBLIGATE,OBLIGATE,164
1417,1418,OBLIGATE,OBLIGATE,164
1417,131,OBLIGATE,OBLIGATE,164
1418,340,OBLIGATE,OBLIGATE,164
1418,131,OBLIGATE,OBLIGATE,164
1419,876,head,HEAD,164
1420,1419,head,HEAD,164
1420,876,head,HEAD,164
1420,366,head,HEAD,164
1421,33,reference,REFERENCE,164
1421,8,reference,REFERENCE,164
1421,100,reference,REFERENCE,164
1422,1297,DEVELOP,DEVELOP,165
1422,366,DEVELOP,DEVELOP,165
1422,81,DEVELOP,DEVELOP,165
1422,1423,DEVELOP,DEVELOP,165
1422,401,clarify,CLARIFY,165
1422,1424,include,INCLUDE,165
1422,1425,include,INCLUDE,165
1422,1426,include,INCLUDE,165
1422,1427,include,INCLUDE,165
1422,131,AUTHORIZE,AUTHORIZE,165
1422,873,AUTHORIZE,AUTHORIZE,165
1422,513,clarify,CLARIFY,165
1422,379,OBLIGATE,OBLIGATE,165
1422,14,clarify,CLARIFY,165
1423,81,DEVELOP,DEVELOP,165
1423,340,guide,GUIDE,242
1423,121,guide,GUIDE,242
1423,259,OBLIGATE,OBLIGATE,330
1423,495,OBLIGATE,OBLIGATE,242
1423,877,OBLIGATE,OBLIGATE,251
1423,876,OBLIGATE,OBLIGATE,330
1423,177,SUPPORT,SUPPORT,574
1423,617,SUPPORT,SUPPORT,574
1423,236,SUPPORT,SUPPORT,574
1423,926,designate,DESIGNATE,615
1423,2302,designate,DESIGNATE,615
1423,207,OBLIGATE,OBLIGATE,790
1423,15,SUPPORT,SUPPORT,872
1423,639,SUPPORT,SUPPORT,872
1424,1425,AUTHORIZE,AUTHORIZE,335
1424,1426,include,INCLUDE,165
1424,109,OBLIGATE,OBLIGATE,245
1424,876,OBLIGATE,OBLIGATE,245
1424,76,OBLIGATE,OBLIGATE,245
1424,2339,AUTHORIZE,AUTHORIZE,335
1424,1179,OBLIGATE,OBLIGATE,335
1424,350,AUTHORIZE,AUTHORIZE,335
1425,1426,include,INCLUDE,165
1425,2339,AUTHORIZE,AUTHORIZE,335
1425,350,AUTHORIZE,AUTHORIZE,335
1427,1424,include,INCLUDE,165
1427,1425,include,INCLUDE,165
1427,1426,include,INCLUDE,165
1428,822,DEVELOP,DEVELOP,166
1428,1429,DEVELOP,DEVELOP,166
1428,131,OBLIGATE,OBLIGATE,166
1428,1433,DEVELOP,DEVELOP,166
1428,1434,DEVELOP,DEVELOP,166
1428,571,DEVELOP,DEVELOP,166
1428,876,OBLIGATE,OBLIGATE,166
1428,362,OBLIGATE,OBLIGATE,166
1428,1436,OBLIGATE,OBLIGATE,166
1428,1439,OBLIGATE,OBLIGATE,166
1428,53,OBLIGATE,OBLIGATE,166
1428,1164,OBLIGATE,OBLIGATE,166
1429,822,DEVELOP,DEVELOP,166
1431,926,DEVELOP,DEVELOP,615
1433,1434,DEVELOP,DEVELOP,166
1433,571,DEVELOP,DEVELOP,166
1433,328,SUPPORT,SUPPORT,380
1433,366,SUPPORT,SUPPORT,380
1434,571,DEVELOP,DEVELOP,166
1436,1439,OBLIGATE,OBLIGATE,166
1436,53,OBLIGATE,OBLIGATE,166
1436,1164,OBLIGATE,OBLIGATE,166
1437,1428,OBLIGATE,OBLIGATE,166
1437,1436,OBLIGATE,OBLIGATE,166
1437,1439,OBLIGATE,OBLIGATE,166
1437,53,OBLIGATE,OBLIGATE,166
1437,1164,OBLIGATE,OBLIGATE,166
1438,1428,OBLIGATE,OBLIGATE,166
1438,1436,OBLIGATE,OBLIGATE,166
1438,1437,OBLIGATE,OBLIGATE,166
1438,1439,OBLIGATE,OBLIGATE,166
1438,53,OBLIGATE,OBLIGATE,166
1438,1164,OBLIGATE,OBLIGATE,166
1439,3,OBLIGATE,OBLIGATE,166
1439,53,OBLIGATE,OBLIGATE,166
1439,1164,OBLIGATE,OBLIGATE,166
1440,1442,dissolve,DISSOLVE,167
1440,362,DEVELOP,DEVELOP,167
1440,3,OBLIGATE,OBLIGATE,167
1440,1444,dissolve,DISSOLVE,167
1440,407,OBLIGATE,OBLIGATE,167
1440,1445,comprise,COMPRISE,167
1440,1272,comprise,COMPRISE,167
1440,52,comprise,COMPRISE,167
1440,121,OBLIGATE,OBLIGATE,167
1440,259,OBLIGATE,OBLIGATE,167
1440,872,OBLIGATE,OBLIGATE,167
1440,21,OBLIGATE,OBLIGATE,167
1440,67,OBLIGATE,OBLIGATE,167
1440,41,OBLIGATE,OBLIGATE,167
1440,268,OBLIGATE,OBLIGATE,167
1440,94,OBLIGATE,OBLIGATE,167
1440,18,OBLIGATE,OBLIGATE,167
1440,1140,OBLIGATE,OBLIGATE,167
1440,87,dissolve,DISSOLVE,167
1440,892,dissolve,DISSOLVE,167
1441,1440,DEVELOP,DEVELOP,167
1441,362,DEVELOP,DEVELOP,167
1441,34,DEVELOP,DEVELOP,167
1443,1440,OBLIGATE,OBLIGATE,167
1443,1444,OBLIGATE,OBLIGATE,167
1443,407,OBLIGATE,OBLIGATE,167
1444,34,OBLIGATE,OBLIGATE,167
1444,121,OBLIGATE,OBLIGATE,901
1444,259,OBLIGATE,OBLIGATE,900
1444,21,DEVELOP,DEVELOP,896
1444,14,OBLIGATE,OBLIGATE,336
1444,320,DEVELOP,DEVELOP,461
1444,268,OBLIGATE,OBLIGATE,896
1444,8,appoint,APPOINT,756
1444,340,entitle,ENTITLE,474
1444,18,OBLIGATE,OBLIGATE,532
1444,379,OBLIGATE,OBLIGATE,532
1444,1121,OBLIGATE,OBLIGATE,532
1444,63,identify,IDENTIFY,532
1444,1384,identify,IDENTIFY,532
1444,876,EVALUATE,EVALUATE,536
1444,1107,OBLIGATE,OBLIGATE,536
1444,166,SUPPORT,SUPPORT,901
1444,85,OBLIGATE,OBLIGATE,810
1444,335,charge,CHARGE,896
1444,235,DEVELOP,DEVELOP,896
1444,33,DEVELOP,DEVELOP,896
1444,957,compose,COMPOSE,896
1444,146,OBLIGATE,OBLIGATE,900
1444,67,OBLIGATE,OBLIGATE,901
1444,26,OBLIGATE,OBLIGATE,901
1444,877,OBLIGATE,OBLIGATE,901
1444,96,cease,CEASE,901
1445,34,comprise,COMPRISE,167
1445,14,OBLIGATE,OBLIGATE,843
1445,121,comprise,COMPRISE,167
1445,2337,compose,COMPOSE,334
1445,13,OBLIGATE,OBLIGATE,843
1445,2181,OBLIGATE,OBLIGATE,843
1445,2888,OBLIGATE,OBLIGATE,843
1446,1447,OBLIGATE,OBLIGATE,168
1446,19,RESTRICT,RESTRICT,168
1446,3,RESTRICT,RESTRICT,168
1446,509,OBLIGATE,OBLIGATE,168
1446,845,OBLIGATE,OBLIGATE,168
1446,860,OBLIGATE,OBLIGATE,168
1446,1032,OBLIGATE,OBLIGATE,168
1446,121,uphold,UPHOLD,168
1446,8,REPORT,REPORT,168
1446,164,RESTRICT,RESTRICT,168
1446,1448,override,OVERRIDE,168
1446,83,override,OVERRIDE,168
1446,181,override,OVERRIDE,168
1446,235,introduce,INTRODUCE,168
1446,1449,RESTRICT,RESTRICT,168
1446,1451,impact,IMPACT,168
1446,103,introduce,INTRODUCE,168
1446,1107,introduce,INTRODUCE,168
1446,286,uphold,UPHOLD,168
1446,1450,uphold,UPHOLD,168
1446,336,impact,IMPACT,168
1446,192,impact,IMPACT,168
1446,1452,REPORT,REPORT,168
1446,1453,REPORT,REPORT,168
1446,1454,REPORT,REPORT,168
1446,332,OBLIGATE,OBLIGATE,168
1446,360,OBLIGATE,OBLIGATE,168
1446,109,emphasize,EMPHASIZE,168
1446,2,emphasize,EMPHASIZE,168
1446,59,emphasize,EMPHASIZE,168
1446,273,RESTRICT,RESTRICT,168
1446,107,RESTRICT,RESTRICT,168
1447,3,OBLIGATE,OBLIGATE,168
1447,509,OBLIGATE,OBLIGATE,168
1447,845,OBLIGATE,OBLIGATE,168
1447,860,OBLIGATE,OBLIGATE,168
1447,1032,OBLIGATE,OBLIGATE,168
1447,121,OBLIGATE,OBLIGATE,168
1447,195,OBLIGATE,OBLIGATE,168
1448,3,override,OVERRIDE,168
1448,83,override,OVERRIDE,168
1448,181,override,OVERRIDE,168
1449,235,RESTRICT,RESTRICT,168
1449,195,RESTRICT,RESTRICT,168
1449,1451,RESTRICT,RESTRICT,168
1450,121,uphold,UPHOLD,168
1450,202,uphold,UPHOLD,168
1450,286,uphold,UPHOLD,168
1451,202,OBLIGATE,OBLIGATE,856
1451,192,impact,IMPACT,168
1451,121,AUTHORIZE,AUTHORIZE,332
1451,157,wish,WISH,856
1451,335,OBLIGATE,OBLIGATE,856
1452,8,REPORT,REPORT,168
1453,8,REPORT,REPORT,168
1453,1452,REPORT,REPORT,168
1454,8,REPORT,REPORT,168
1454,1452,REPORT,REPORT,168
1454,1453,REPORT,REPORT,168
1455,368,DEVELOP,DEVELOP,169
1455,231,provide,PROVIDE,169
1455,120,OBLIGATE,OBLIGATE,169
1455,198,REGULATE,REGULATE,169
1455,233,provide,PROVIDE,169
1455,333,provide,PROVIDE,169
1455,634,make,MAKE,169
1455,109,DEVELOP,DEVELOP,169
1455,76,REGULATE,REGULATE,169
1455,935,DEVELOP,DEVELOP,169
1455,1459,DEVELOP,DEVELOP,169
1455,146,DEVELOP,DEVELOP,169
1456,1455,enact,ENACT,169
1456,1457,enact,ENACT,169
1457,1455,enact,ENACT,169
1458,1455,OBLIGATE,OBLIGATE,169
1458,120,OBLIGATE,OBLIGATE,169
1459,109,DEVELOP,DEVELOP,169
1459,935,DEVELOP,DEVELOP,169
1459,146,OBLIGATE,OBLIGATE,777
1459,1472,AUTHORIZE,AUTHORIZE,172
1459,18,OBLIGATE,OBLIGATE,646
1459,340,RESTRICT,RESTRICT,196
1459,2794,define,DEFINE,576
1459,3467,define,DEFINE,576
1459,3468,define,DEFINE,576
1459,131,OBLIGATE,OBLIGATE,693
1459,3195,OBLIGATE,OBLIGATE,693
1459,225,OBLIGATE,OBLIGATE,777
1459,13,OBLIGATE,OBLIGATE,777
1460,295,OBLIGATE,OBLIGATE,170
1460,925,OBLIGATE,OBLIGATE,170
1460,926,OBLIGATE,OBLIGATE,170
1460,514,OBLIGATE,OBLIGATE,170
1460,1461,manage,MANAGE,170
1460,923,OBLIGATE,OBLIGATE,170
1460,5,OBLIGATE,OBLIGATE,170
1460,131,OBLIGATE,OBLIGATE,170
1460,1462,manage,MANAGE,170
1460,927,manage,MANAGE,170
1461,295,OBLIGATE,OBLIGATE,170
1461,925,OBLIGATE,OBLIGATE,170
1461,926,OBLIGATE,OBLIGATE,170
1461,514,OBLIGATE,OBLIGATE,170
1461,148,manage,MANAGE,170
1461,335,manage,MANAGE,170
1461,1462,manage,MANAGE,170
1462,319,OBLIGATE,OBLIGATE,178
1462,34,OBLIGATE,OBLIGATE,178
1462,2844,manage,MANAGE,439
1462,1019,manage,MANAGE,439
1462,402,REPORT,REPORT,630
1462,62,REPORT,REPORT,630
1462,644,REPORT,REPORT,630
1462,646,REPORT,REPORT,630
1462,185,REPORT,REPORT,630
1462,81,REPORT,REPORT,630
1462,350,REPORT,REPORT,630
1462,1046,REPORT,REPORT,630
1462,8,propose,PROPOSE,839
1462,1209,propose,PROPOSE,839
1466,639,OBLIGATE,OBLIGATE,630
1468,231,OBLIGATE,OBLIGATE,172
1468,229,pose,POSE,172
1468,386,cause,CAUSE,172
1468,109,OBLIGATE,OBLIGATE,172
1468,1459,AUTHORIZE,AUTHORIZE,172
1468,1472,pose,POSE,172
1468,341,pose,POSE,172
1468,187,OBLIGATE,OBLIGATE,172
1468,69,DEVELOP,DEVELOP,172
1468,224,emphasize,EMPHASIZE,172
1468,8,emphasize,EMPHASIZE,172
1469,1468,OBLIGATE,OBLIGATE,172
1469,231,OBLIGATE,OBLIGATE,172
1469,1470,OBLIGATE,OBLIGATE,172
1470,1468,OBLIGATE,OBLIGATE,172
1470,231,OBLIGATE,OBLIGATE,172
1471,1468,OBLIGATE,OBLIGATE,172
1471,109,OBLIGATE,OBLIGATE,172
1472,229,pose,POSE,172
1472,131,REGULATE,REGULATE,176
1472,109,halt,HALT,461
1473,1468,DEVELOP,DEVELOP,172
1473,69,DEVELOP,DEVELOP,172
1473,340,whistleblower,WHISTLEBLOWER,214
1473,109,DEVELOP,DEVELOP,202
1473,1719,whistleblower,WHISTLEBLOWER,214
1473,1046,whistleblower,WHISTLEBLOWER,214
1473,984,whistleblower,WHISTLEBLOWER,214
1474,1475,REGULATE,REGULATE,173
1474,1476,SUPPORT,SUPPORT,173
1474,138,OBLIGATE,OBLIGATE,173
1474,1477,REGULATE,REGULATE,173
1474,3,prompt,PROMPT,173
1474,1478,OBLIGATE,OBLIGATE,173
1474,37,comply,COMPLY,173
1474,279,OBLIGATE,OBLIGATE,173
1474,415,SUPPORT,SUPPORT,173
1474,13,OBLIGATE,OBLIGATE,173
1474,1479,prompt,PROMPT,173
1474,18,SUPPORT,SUPPORT,173
1474,34,SUPPORT,SUPPORT,173
1474,109,SUPPORT,SUPPORT,173
1475,1476,handle,HANDLE,216
1475,138,handle,HANDLE,216
1475,1477,handle,HANDLE,216
1476,859,REPORT,REPORT,216
1476,415,SUPPORT,SUPPORT,173
1476,13,OBLIGATE,OBLIGATE,173
1476,18,SUPPORT,SUPPORT,173
1476,259,AUTHORIZE,AUTHORIZE,177
1476,1504,AUTHORIZE,AUTHORIZE,177
1476,76,AUTHORIZE,AUTHORIZE,177
1476,107,AUTHORIZE,AUTHORIZE,177
1476,1503,OBLIGATE,OBLIGATE,216
1476,35,SUPPORT,SUPPORT,216
1477,1476,handle,HANDLE,216
1477,138,handle,HANDLE,216
1477,259,include,INCLUDE,215
1477,1731,include,INCLUDE,215
1478,1476,OBLIGATE,OBLIGATE,173
1478,3,OBLIGATE,OBLIGATE,173
1478,773,OBLIGATE,OBLIGATE,173
1479,1476,prompt,PROMPT,173
1479,3,prompt,PROMPT,173
1480,1481,DEVELOP,DEVELOP,174
1480,15,DEVELOP,DEVELOP,174
1480,40,DEVELOP,DEVELOP,174
1480,401,OBLIGATE,OBLIGATE,174
1480,14,OBLIGATE,OBLIGATE,174
1480,1347,OBLIGATE,OBLIGATE,174
1480,1483,OBLIGATE,OBLIGATE,174
1480,195,OBLIGATE,OBLIGATE,174
1480,1230,OBLIGATE,OBLIGATE,174
1480,18,OBLIGATE,OBLIGATE,174
1480,67,OBLIGATE,OBLIGATE,174
1480,639,recommend,RECOMMEND,174
1480,69,recommend,RECOMMEND,174
1480,259,recommend,RECOMMEND,174
1480,121,recommend,RECOMMEND,174
1480,236,recommend,RECOMMEND,174
1480,13,OBLIGATE,OBLIGATE,174
1481,15,DEVELOP,DEVELOP,174
1481,40,DEVELOP,DEVELOP,174
1481,401,DEVELOP,DEVELOP,174
1482,1480,DEVELOP,DEVELOP,174
1482,1481,DEVELOP,DEVELOP,174
1482,15,DEVELOP,DEVELOP,174
1482,40,DEVELOP,DEVELOP,174
1482,14,DEVELOP,DEVELOP,174
1483,3,OBLIGATE,OBLIGATE,216
1483,401,OBLIGATE,OBLIGATE,174
1483,195,OBLIGATE,OBLIGATE,174
1483,1230,OBLIGATE,OBLIGATE,174
1483,18,OBLIGATE,OBLIGATE,174
1483,67,OBLIGATE,OBLIGATE,174
1483,1503,OBLIGATE,OBLIGATE,216
1483,1476,OBLIGATE,OBLIGATE,216
1483,109,oblige,OBLIGE,820
1483,283,oblige,OBLIGE,820
1483,177,oblige,OBLIGE,820
1483,327,oblige,OBLIGE,820
1484,1485,call,CALL,175
1484,37,SUPPORT,SUPPORT,175
1484,701,SUPPORT,SUPPORT,175
1484,103,SUPPORT,SUPPORT,175
1484,1486,SUPPORT,SUPPORT,175
1484,468,SUPPORT,SUPPORT,175
1484,1487,urge,URGE,175
1484,837,call,CALL,175
1484,859,call,CALL,175
1484,121,call,CALL,175
1484,1488,advise,ADVISE,175
1484,639,advise,ADVISE,175
1484,235,advise,ADVISE,175
1484,1489,SUPPORT,SUPPORT,175
1484,1490,SUPPORT,SUPPORT,175
1484,53,SUPPORT,SUPPORT,175
1484,1491,urge,URGE,175
1484,1492,OBLIGATE,OBLIGATE,175
1484,514,OBLIGATE,OBLIGATE,175
1485,859,call,CALL,175
1485,121,call,CALL,175
1486,1485,SUPPORT,SUPPORT,175
1486,3,OBLIGATE,OBLIGATE,478
1486,1941,OBLIGATE,OBLIGATE,388
1486,328,OBLIGATE,OBLIGATE,388
1486,320,OBLIGATE,OBLIGATE,388
1486,21,OBLIGATE,OBLIGATE,388
1486,199,OBLIGATE,OBLIGATE,388
1486,121,OBLIGATE,OBLIGATE,388
1486,335,REGULATE,REGULATE,459
1486,236,REGULATE,REGULATE,459
1486,235,REGULATE,REGULATE,459
1487,1485,call,CALL,175
1487,859,urge,URGE,879
1487,121,call,CALL,175
1487,639,advise,ADVISE,175
1487,235,urge,URGE,209
1487,2640,OBLIGATE,OBLIGATE,399
1487,194,SUPPORT,SUPPORT,459
1487,379,include,INCLUDE,803
1487,26,include,INCLUDE,803
1487,177,OBLIGATE,OBLIGATE,848
1487,350,OBLIGATE,OBLIGATE,848
1487,21,OBLIGATE,OBLIGATE,848
1487,1729,prioritize,PRIORITIZE,879
1487,1678,SUPPORT,SUPPORT,947
1487,198,SUPPORT,SUPPORT,947
1488,1487,advise,ADVISE,175
1488,639,advise,ADVISE,175
1488,235,advise,ADVISE,175
1489,3,OBLIGATE,OBLIGATE,914
1489,53,SUPPORT,SUPPORT,175
1489,14,OBLIGATE,OBLIGATE,226
1489,401,OBLIGATE,OBLIGATE,226
1489,350,OBLIGATE,OBLIGATE,226
1489,13,OBLIGATE,OBLIGATE,914
1489,54,address,ADDRESS,849
1489,67,OBLIGATE,OBLIGATE,914
1489,34,address,ADDRESS,849
1489,96,OBLIGATE,OBLIGATE,914
1490,3,SUPPORT,SUPPORT,175
1490,1489,SUPPORT,SUPPORT,175
1490,53,SUPPORT,SUPPORT,175
1491,3,urge,URGE,175
1491,1487,urge,URGE,175
1492,514,OBLIGATE,OBLIGATE,175
1493,1494,define,DEFINE,176
1493,278,define,DEFINE,176
1493,66,define,DEFINE,176
1493,379,define,DEFINE,176
1493,639,SUPPORT,SUPPORT,176
1493,375,SUPPORT,SUPPORT,176
1493,131,REGULATE,REGULATE,176
1493,322,advocate,ADVOCATE,176
1493,1472,REGULATE,REGULATE,176
1493,90,REGULATE,REGULATE,176
1493,1496,suggest,SUGGEST,176
1493,1497,suggest,SUGGEST,176
1493,1498,envision,ENVISION,176
1493,298,envision,ENVISION,176
1493,1499,envision,ENVISION,176
1494,644,define,DEFINE,176
1494,278,define,DEFINE,176
1494,3,SUPPORT,SUPPORT,854
1494,66,define,DEFINE,176
1494,379,define,DEFINE,176
1494,236,SUPPORT,SUPPORT,854
1495,3,SUPPORT,SUPPORT,176
1495,2,SUPPORT,SUPPORT,176
1495,257,OBLIGATE,OBLIGATE,264
1495,545,OBLIGATE,OBLIGATE,264
1497,644,suggest,SUGGEST,176
1497,1496,suggest,SUGGEST,176
1498,298,envision,ENVISION,176
1499,318,envision,ENVISION,176
1499,1498,envision,ENVISION,176
1499,298,envision,ENVISION,176
1500,257,OBLIGATE,OBLIGATE,328
1500,283,OBLIGATE,OBLIGATE,328
1500,5,OBLIGATE,OBLIGATE,328
1500,328,OBLIGATE,OBLIGATE,328
1500,876,OBLIGATE,OBLIGATE,328
1500,916,OBLIGATE,OBLIGATE,328
1500,1304,OBLIGATE,OBLIGATE,328
1500,6,OBLIGATE,OBLIGATE,328
1500,67,DEVELOP,DEVELOP,837
1500,207,OBLIGATE,OBLIGATE,328
1500,467,OBLIGATE,OBLIGATE,328
1500,728,OBLIGATE,OBLIGATE,328
1500,914,OBLIGATE,OBLIGATE,328
1500,40,hold,HOLD,357
1500,2429,hold,HOLD,357
1500,299,hold,HOLD,357
1500,41,OBLIGATE,OBLIGATE,453
1500,85,strengthen,STRENGTHEN,864
1500,4065,DEVELOP,DEVELOP,837
1500,323,DEVELOP,DEVELOP,837
1500,1313,strengthen,STRENGTHEN,864
1500,3812,strengthen,STRENGTHEN,864
1501,1502,OBLIGATE,OBLIGATE,177
1501,773,REGULATE,REGULATE,177
1501,850,REGULATE,REGULATE,177
1501,279,REGULATE,REGULATE,177
1501,8,OBLIGATE,OBLIGATE,177
1501,3,OBLIGATE,OBLIGATE,177
1501,1476,AUTHORIZE,AUTHORIZE,177
1501,259,AUTHORIZE,AUTHORIZE,177
1501,1483,OBLIGATE,OBLIGATE,177
1501,1503,OBLIGATE,OBLIGATE,177
1501,725,OBLIGATE,OBLIGATE,177
1501,333,oblige,OBLIGE,177
1501,109,OBLIGATE,OBLIGATE,177
1501,1019,OBLIGATE,OBLIGATE,177
1501,170,OBLIGATE,OBLIGATE,177
1501,1504,AUTHORIZE,AUTHORIZE,177
1501,1505,AUTHORIZE,AUTHORIZE,177
1501,18,AUTHORIZE,AUTHORIZE,177
1501,76,AUTHORIZE,AUTHORIZE,177
1501,107,AUTHORIZE,AUTHORIZE,177
1502,773,REGULATE,REGULATE,177
1502,850,REGULATE,REGULATE,177
1502,279,REGULATE,REGULATE,177
1502,8,OBLIGATE,OBLIGATE,177
1502,1476,OBLIGATE,OBLIGATE,177
1502,109,OBLIGATE,OBLIGATE,177
1502,1019,OBLIGATE,OBLIGATE,177
1503,3,OBLIGATE,OBLIGATE,216
1503,2932,SUPPORT,SUPPORT,457
1503,1230,SUPPORT,SUPPORT,457
1503,327,OBLIGATE,OBLIGATE,686
1503,322,OBLIGATE,OBLIGATE,686
1505,859,OBLIGATE,OBLIGATE,216
1505,18,AUTHORIZE,AUTHORIZE,177
1505,3,DEVELOP,DEVELOP,215
1505,773,OBLIGATE,OBLIGATE,216
1505,103,OBLIGATE,OBLIGATE,216
1507,575,OBLIGATE,OBLIGATE,178
1507,1509,amend,AMEND,178
1507,259,amend,AMEND,178
1507,1510,OBLIGATE,OBLIGATE,178
1507,85,OBLIGATE,OBLIGATE,178
1507,84,OBLIGATE,OBLIGATE,178
1507,52,OBLIGATE,OBLIGATE,178
1507,850,OBLIGATE,OBLIGATE,178
1507,319,OBLIGATE,OBLIGATE,178
1507,34,OBLIGATE,OBLIGATE,178
1507,1511,OBLIGATE,OBLIGATE,178
1507,1462,OBLIGATE,OBLIGATE,178
1507,320,OBLIGATE,OBLIGATE,178
1507,1512,OBLIGATE,OBLIGATE,178
1507,235,OBLIGATE,OBLIGATE,178
1508,1507,amend,AMEND,178
1508,575,amend,AMEND,178
1508,1509,amend,AMEND,178
1508,259,amend,AMEND,178
1508,2860,define,DEFINE,444
1508,2866,define,DEFINE,447
1508,3862,define,DEFINE,663
1508,2374,define,DEFINE,663
1508,4350,define,DEFINE,789
1508,80,define,DEFINE,789
1509,575,amend,AMEND,178
1509,259,amend,AMEND,178
1510,575,OBLIGATE,OBLIGATE,178
1510,85,OBLIGATE,OBLIGATE,178
1510,84,OBLIGATE,OBLIGATE,178
1510,52,OBLIGATE,OBLIGATE,178
1511,319,OBLIGATE,OBLIGATE,178
1511,34,OBLIGATE,OBLIGATE,178
1511,67,OBLIGATE,OBLIGATE,178
1511,1462,OBLIGATE,OBLIGATE,178
1512,319,OBLIGATE,OBLIGATE,178
1512,320,OBLIGATE,OBLIGATE,178
1512,235,OBLIGATE,OBLIGATE,178
1512,707,SUPPORT,SUPPORT,863
1512,3119,SUPPORT,SUPPORT,863
1512,1341,SUPPORT,SUPPORT,863
1512,535,SUPPORT,SUPPORT,863
1512,103,SUPPORT,SUPPORT,863
1512,1891,SUPPORT,SUPPORT,863
1513,3,oblige,OBLIGE,179
1513,1515,set,SET,179
1513,864,make,MAKE,179
1513,231,OBLIGATE,OBLIGATE,179
1513,120,OBLIGATE,OBLIGATE,179
1513,634,oblige,OBLIGE,179
1513,1459,AUTHORIZE,AUTHORIZE,179
1513,146,AUTHORIZE,AUTHORIZE,179
1513,1352,set,SET,179
1514,1513,make,MAKE,179
1514,864,make,MAKE,179
1516,1513,set,SET,179
1516,1352,set,SET,179
1518,1356,OBLIGATE,OBLIGATE,180
1518,120,OBLIGATE,OBLIGATE,180
1518,85,OBLIGATE,OBLIGATE,180
1518,1519,OBLIGATE,OBLIGATE,180
1519,3,OBLIGATE,OBLIGATE,180
1519,85,OBLIGATE,OBLIGATE,180
1520,128,OBLIGATE,OBLIGATE,181
1520,366,OBLIGATE,OBLIGATE,181
1520,1525,IMPLEMENT,IMPLEMENT,181
1520,1522,EVALUATE,EVALUATE,181
1520,21,EVALUATE,EVALUATE,181
1520,872,OBLIGATE,OBLIGATE,181
1520,1105,OBLIGATE,OBLIGATE,181
1520,121,OBLIGATE,OBLIGATE,181
1520,236,OBLIGATE,OBLIGATE,181
1520,103,OBLIGATE,OBLIGATE,181
1520,468,OBLIGATE,OBLIGATE,181
1520,33,SUPPORT,SUPPORT,181
1520,1523,SUPPORT,SUPPORT,181
1520,27,SUPPORT,SUPPORT,181
1520,1524,OBLIGATE,OBLIGATE,181
1520,166,OBLIGATE,OBLIGATE,181
1521,1520,OBLIGATE,OBLIGATE,181
1521,128,OBLIGATE,OBLIGATE,181
1521,366,OBLIGATE,OBLIGATE,181
1522,21,OBLIGATE,OBLIGATE,913
1522,3,OBLIGATE,OBLIGATE,913
1522,877,oblige,OBLIGE,211
1522,634,oblige,OBLIGE,211
1522,148,oblige,OBLIGE,211
1522,151,OBLIGATE,OBLIGATE,913
1523,33,SUPPORT,SUPPORT,181
1523,27,SUPPORT,SUPPORT,181
1524,3,OBLIGATE,OBLIGATE,181
1524,166,OBLIGATE,OBLIGATE,181
1525,4518,OBLIGATE,OBLIGATE,838
1525,210,OBLIGATE,OBLIGATE,838
1526,1527,plan,PLAN,182
1526,1528,DEVELOP,DEVELOP,182
1526,1529,REPORT,REPORT,182
1526,201,DEVELOP,DEVELOP,182
1526,1530,DEVELOP,DEVELOP,182
1526,1531,REPORT,REPORT,182
1526,1532,REPORT,REPORT,182
1526,1533,REPORT,REPORT,182
1526,353,REPORT,REPORT,182
1526,236,REPORT,REPORT,182
1526,1534,REPORT,REPORT,182
1526,1536,REPORT,REPORT,182
1526,1537,REPORT,REPORT,182
1526,146,REPORT,REPORT,182
1526,81,REPORT,REPORT,182
1526,288,REPORT,REPORT,182
1526,1538,plan,PLAN,182
1526,1539,plan,PLAN,182
1526,550,plan,PLAN,182
1528,3,DEVELOP,DEVELOP,182
1528,1529,approach,APPROACH,260
1528,201,DEVELOP,DEVELOP,182
1528,1530,DEVELOP,DEVELOP,182
1528,5,approach,APPROACH,260
1528,2009,approach,APPROACH,260
1528,2010,approach,APPROACH,260
1528,299,approach,APPROACH,260
1529,3,DEVELOP,DEVELOP,182
1529,1532,REPORT,REPORT,182
1529,353,REPORT,REPORT,182
1530,3,DEVELOP,DEVELOP,182
1530,1529,DEVELOP,DEVELOP,182
1530,201,DEVELOP,DEVELOP,182
1531,1529,REPORT,REPORT,182
1531,1532,REPORT,REPORT,182
1531,1533,REPORT,REPORT,182
1531,353,REPORT,REPORT,182
1531,236,REPORT,REPORT,182
1531,1534,REPORT,REPORT,182
1532,353,REPORT,REPORT,182
1533,1529,REPORT,REPORT,182
1533,1532,REPORT,REPORT,182
1533,353,REPORT,REPORT,182
1533,236,REPORT,REPORT,182
1533,1856,REGULATE,REGULATE,236
1533,276,REGULATE,REGULATE,236
1533,40,OBLIGATE,OBLIGATE,552
1533,311,OBLIGATE,OBLIGATE,552
1534,1529,REPORT,REPORT,182
1534,1532,REPORT,REPORT,182
1534,1533,REPORT,REPORT,182
1534,353,REPORT,REPORT,182
1534,236,REPORT,REPORT,182
1534,2011,propose,PROPOSE,260
1536,146,REPORT,REPORT,182
1536,81,REPORT,REPORT,182
1536,288,REPORT,REPORT,182
1537,1536,REPORT,REPORT,182
1537,146,REPORT,REPORT,182
1537,81,REPORT,REPORT,182
1537,288,REPORT,REPORT,182
1539,1538,plan,PLAN,182
1539,550,plan,PLAN,182
1540,1541,IMPLEMENT,IMPLEMENT,183
1540,1542,DEVELOP,DEVELOP,183
1540,177,DEVELOP,DEVELOP,183
1540,1543,DEVELOP,DEVELOP,183
1540,1544,REPORT,REPORT,183
1540,84,REPORT,REPORT,183
1540,495,launch,LAUNCH,183
1540,1545,set,SET,183
1540,1546,launch,LAUNCH,183
1540,18,launch,LAUNCH,183
1540,1547,DEVELOP,DEVELOP,183
1540,318,DEVELOP,DEVELOP,183
1540,259,DEVELOP,DEVELOP,183
1540,1548,DEVELOP,DEVELOP,183
1540,1549,SUPPORT,SUPPORT,183
1540,1550,DEVELOP,DEVELOP,183
1540,109,DEVELOP,DEVELOP,183
1540,1551,DEVELOP,DEVELOP,183
1541,3,IMPLEMENT,IMPLEMENT,183
1543,177,pursue,PURSUE,384
1543,323,pursue,PURSUE,384
1543,81,address,ADDRESS,360
1543,13,include,INCLUDE,384
1543,131,include,INCLUDE,384
1543,2047,include,INCLUDE,384
1543,35,pursue,PURSUE,384
1543,2559,pursue,PURSUE,384
1544,3,REPORT,REPORT,183
1544,84,REPORT,REPORT,183
1544,350,affect,AFFECT,321
1544,131,OBLIGATE,OBLIGATE,396
1544,177,leverage,LEVERAGE,338
1544,347,OBLIGATE,OBLIGATE,356
1544,267,OBLIGATE,OBLIGATE,356
1545,3,set,SET,183
1545,323,set,SET,183
1545,320,set,SET,183
1546,495,launch,LAUNCH,183
1546,18,launch,LAUNCH,183
1546,337,USE,USE,780
1546,926,designate,DESIGNATE,615
1546,1423,designate,DESIGNATE,615
1546,2302,designate,DESIGNATE,615
1547,3,DEVELOP,DEVELOP,183
1547,320,DEVELOP,DEVELOP,183
1547,318,DEVELOP,DEVELOP,183
1548,320,DEVELOP,DEVELOP,183
1548,259,DEVELOP,DEVELOP,183
1548,2806,define,DEFINE,432
1548,5,define,DEFINE,432
1550,67,DEVELOP,DEVELOP,183
1550,109,DEVELOP,DEVELOP,183
1550,1551,DEVELOP,DEVELOP,183
1551,67,DEVELOP,DEVELOP,183
1551,34,DEVELOP,DEVELOP,183
1551,109,DEVELOP,DEVELOP,183
1552,366,DEVELOP,DEVELOP,184
1552,1553,OBLIGATE,OBLIGATE,184
1552,121,DEVELOP,DEVELOP,184
1552,860,DEVELOP,DEVELOP,184
1552,1101,DEVELOP,DEVELOP,184
1552,401,OBLIGATE,OBLIGATE,184
1552,265,OBLIGATE,OBLIGATE,184
1552,639,OBLIGATE,OBLIGATE,184
1552,1209,OBLIGATE,OBLIGATE,184
1552,33,OBLIGATE,OBLIGATE,184
1554,85,IMPLEMENT,IMPLEMENT,204
1554,131,IMPLEMENT,IMPLEMENT,204
1554,121,IMPLEMENT,IMPLEMENT,204
1554,199,IMPLEMENT,IMPLEMENT,204
1554,236,IMPLEMENT,IMPLEMENT,204
1554,4034,OBLIGATE,OBLIGATE,708
1555,1556,SUPPORT,SUPPORT,185
1555,235,urge,URGE,185
1555,467,recommend,RECOMMEND,185
1555,1405,SUPPORT,SUPPORT,185
1555,1557,SUPPORT,SUPPORT,185
1555,1365,urge,URGE,185
1555,201,urge,URGE,185
1555,37,SUPPORT,SUPPORT,185
1555,139,urge,URGE,185
1555,103,urge,URGE,185
1555,1558,SUPPORT,SUPPORT,185
1555,146,SUPPORT,SUPPORT,185
1555,514,SUPPORT,SUPPORT,185
1555,868,SUPPORT,SUPPORT,185
1555,335,SUPPORT,SUPPORT,185
1555,1559,recommend,RECOMMEND,185
1555,1416,recommend,RECOMMEND,185
1555,654,recommend,RECOMMEND,185
1555,1560,SUPPORT,SUPPORT,185
1555,90,SUPPORT,SUPPORT,185
1555,1561,SUPPORT,SUPPORT,185
1555,69,SUPPORT,SUPPORT,185
1556,467,provide,PROVIDE,514
1556,206,recommend,RECOMMEND,227
1556,639,recommend,RECOMMEND,227
1556,1163,recommend,RECOMMEND,227
1556,1129,recommend,RECOMMEND,227
1556,185,OBLIGATE,OBLIGATE,239
1556,320,OBLIGATE,OBLIGATE,388
1556,21,OBLIGATE,OBLIGATE,388
1556,199,OBLIGATE,OBLIGATE,388
1556,121,OBLIGATE,OBLIGATE,388
1556,200,OBLIGATE,OBLIGATE,388
1556,1486,OBLIGATE,OBLIGATE,388
1556,335,OBLIGATE,OBLIGATE,388
1556,236,OBLIGATE,OBLIGATE,388
1556,1958,OBLIGATE,OBLIGATE,396
1556,198,provide,PROVIDE,514
1556,4063,OBLIGATE,OBLIGATE,715
1556,18,OBLIGATE,OBLIGATE,715
1556,930,OBLIGATE,OBLIGATE,715
1557,1405,SUPPORT,SUPPORT,185
1557,1486,REGULATE,REGULATE,459
1557,236,REGULATE,REGULATE,459
1557,335,OBLIGATE,OBLIGATE,882
1557,235,REGULATE,REGULATE,459
1557,109,OBLIGATE,OBLIGATE,882
1558,37,recommend,RECOMMEND,186
1558,146,SUPPORT,SUPPORT,185
1558,514,SUPPORT,SUPPORT,185
1558,335,SUPPORT,SUPPORT,185
1558,379,recommend,RECOMMEND,186
1558,81,recommend,RECOMMEND,186
1558,25,recommend,RECOMMEND,186
1558,185,recommend,RECOMMEND,186
1558,278,exchange,EXCHANGE,788
1558,267,exchange,EXCHANGE,788
1558,273,exchange,EXCHANGE,788
1558,3872,OBLIGATE,OBLIGATE,831
1558,103,SUPPORT,SUPPORT,835
1558,4578,SUPPORT,SUPPORT,835
1558,4579,SUPPORT,SUPPORT,835
1558,235,SUPPORT,SUPPORT,835
1559,467,recommend,RECOMMEND,185
1559,1405,recommend,RECOMMEND,186
1559,784,recommend,RECOMMEND,186
1559,201,REGULATE,REGULATE,825
1559,131,detail,DETAIL,823
1559,5,REGULATE,REGULATE,825
1559,236,IMPLEMENT,IMPLEMENT,831
1559,4556,IMPLEMENT,IMPLEMENT,831
1560,90,SUPPORT,SUPPORT,185
1560,69,SUPPORT,SUPPORT,185
1561,1560,SUPPORT,SUPPORT,185
1561,90,SUPPORT,SUPPORT,185
1561,69,SUPPORT,SUPPORT,185
1561,3119,SUPPORT,SUPPORT,863
1561,1341,SUPPORT,SUPPORT,863
1561,4683,SUPPORT,SUPPORT,863
1561,535,SUPPORT,SUPPORT,863
1561,1512,SUPPORT,SUPPORT,863
1561,103,SUPPORT,SUPPORT,863
1561,1891,SUPPORT,SUPPORT,863
1562,1556,DEVELOP,DEVELOP,186
1562,1405,recommend,RECOMMEND,186
1562,784,recommend,RECOMMEND,186
1562,1559,recommend,RECOMMEND,186
1562,50,recommend,RECOMMEND,186
1562,146,recommend,RECOMMEND,186
1562,235,SUPPORT,SUPPORT,186
1562,1558,recommend,RECOMMEND,186
1562,379,recommend,RECOMMEND,186
1562,81,recommend,RECOMMEND,186
1562,25,recommend,RECOMMEND,186
1562,37,recommend,RECOMMEND,186
1562,1563,recommend,RECOMMEND,186
1562,185,recommend,RECOMMEND,186
1562,90,recommend,RECOMMEND,186
1562,1564,SUPPORT,SUPPORT,186
1562,1561,recommend,RECOMMEND,186
1562,1565,recommend,RECOMMEND,186
1562,1566,recommend,RECOMMEND,186
1563,1558,recommend,RECOMMEND,186
1563,379,recommend,RECOMMEND,186
1563,81,recommend,RECOMMEND,186
1563,25,recommend,RECOMMEND,186
1563,37,recommend,RECOMMEND,186
1563,185,recommend,RECOMMEND,186
1563,90,recommend,RECOMMEND,186
1564,235,SUPPORT,SUPPORT,186
1565,1566,recommend,RECOMMEND,186
1567,1568,OBLIGATE,OBLIGATE,187
1567,1569,USE,USE,187
1567,1570,USE,USE,187
1567,33,SUPPORT,SUPPORT,187
1567,468,OBLIGATE,OBLIGATE,187
1567,1571,OBLIGATE,OBLIGATE,187
1567,1572,OBLIGATE,OBLIGATE,187
1567,85,oblige,OBLIGE,187
1567,550,oblige,OBLIGE,187
1567,1575,oblige,OBLIGE,187
1567,320,SUPPORT,SUPPORT,187
1568,33,USE,USE,187
1568,236,USE,USE,878
1569,1568,USE,USE,187
1569,33,USE,USE,187
1569,3009,RESTRICT,RESTRICT,471
1569,40,RESTRICT,RESTRICT,471
1569,3010,RESTRICT,RESTRICT,471
1569,274,RESTRICT,RESTRICT,471
1570,1568,USE,USE,187
1570,1569,USE,USE,187
1570,3,emphasize,EMPHASIZE,878
1570,33,USE,USE,187
1570,109,emphasize,EMPHASIZE,878
1570,201,emphasize,EMPHASIZE,878
1570,3010,emphasize,EMPHASIZE,878
1571,468,OBLIGATE,OBLIGATE,187
1572,1568,OBLIGATE,OBLIGATE,187
1573,3569,OBLIGATE,OBLIGATE,595
1575,85,oblige,OBLIGE,187
1575,550,oblige,OBLIGE,187
1575,37,OBLIGATE,OBLIGATE,497
1581,487,alter,ALTER,470
1581,109,alter,ALTER,470
1581,869,alter,ALTER,470
1581,3836,RESTRICT,RESTRICT,656
1581,268,RESTRICT,RESTRICT,656
1581,320,RESTRICT,RESTRICT,656
1583,256,OBLIGATE,OBLIGATE,189
1583,1584,oblige,OBLIGE,189
1583,262,OBLIGATE,OBLIGATE,189
1583,224,oblige,OBLIGE,189
1583,323,OBLIGATE,OBLIGATE,189
1583,1585,OBLIGATE,OBLIGATE,189
1583,682,OBLIGATE,OBLIGATE,189
1583,655,oblige,OBLIGE,189
1585,323,OBLIGATE,OBLIGATE,189
1585,682,OBLIGATE,OBLIGATE,189
1586,1587,oblige,OBLIGE,190
1586,639,oblige,OBLIGE,190
1586,1588,OBLIGATE,OBLIGATE,190
1586,1062,oblige,OBLIGE,190
1586,85,oblige,OBLIGE,190
1586,414,OBLIGATE,OBLIGATE,190
1586,13,OBLIGATE,OBLIGATE,190
1586,263,OBLIGATE,OBLIGATE,190
1586,876,OBLIGATE,OBLIGATE,190
1587,639,oblige,OBLIGE,190
1587,1588,oblige,OBLIGE,190
1587,1062,oblige,OBLIGE,190
1587,85,OBLIGATE,OBLIGATE,718
1587,262,OBLIGATE,OBLIGATE,718
1587,192,OBLIGATE,OBLIGATE,718
1587,3119,OBLIGATE,OBLIGATE,718
1588,639,oblige,OBLIGE,190
1588,1062,oblige,OBLIGE,190
1588,85,oblige,OBLIGE,190
1588,3,OBLIGATE,OBLIGATE,190
1588,13,OBLIGATE,OBLIGATE,190
1588,263,OBLIGATE,OBLIGATE,190
1588,876,OBLIGATE,OBLIGATE,190
1589,235,DEVELOP,DEVELOP,191
1589,224,OBLIGATE,OBLIGATE,191
1589,262,DEVELOP,DEVELOP,191
1589,328,DEVELOP,DEVELOP,191
1589,1590,DEVELOP,DEVELOP,191
1589,550,DEVELOP,DEVELOP,191
1589,313,DEVELOP,DEVELOP,191
1589,1593,OBLIGATE,OBLIGATE,191
1589,836,OBLIGATE,OBLIGATE,191
1589,85,OBLIGATE,OBLIGATE,191
1590,328,DEVELOP,DEVELOP,191
1590,550,DEVELOP,DEVELOP,191
1590,318,DEVELOP,DEVELOP,191
1590,1825,make,MAKE,568
1590,177,make,MAKE,568
1590,481,SUPPORT,SUPPORT,728
1590,52,SUPPORT,SUPPORT,728
1590,235,SUPPORT,SUPPORT,728
1591,550,EVALUATE,EVALUATE,191
1591,318,EVALUATE,EVALUATE,191
1591,2322,AUTHORIZE,AUTHORIZE,332
1591,1451,AUTHORIZE,AUTHORIZE,332
1591,109,AUTHORIZE,AUTHORIZE,332
1591,121,AUTHORIZE,AUTHORIZE,332
1592,350,include,INCLUDE,191
1592,323,include,INCLUDE,191
1592,131,include,INCLUDE,191
1592,224,include,INCLUDE,191
1593,85,OBLIGATE,OBLIGATE,191
1593,3381,AUTHORIZE,AUTHORIZE,557
1593,1833,AUTHORIZE,AUTHORIZE,557
1594,687,appoint,APPOINT,192
1594,828,appoint,APPOINT,192
1594,1595,appoint,APPOINT,192
1594,1596,appoint,APPOINT,192
1594,1543,OBLIGATE,OBLIGATE,192
1594,688,OBLIGATE,OBLIGATE,192
1594,1597,OBLIGATE,OBLIGATE,192
1594,323,OBLIGATE,OBLIGATE,192
1594,312,set,SET,192
1594,263,OBLIGATE,OBLIGATE,192
1595,687,appoint,APPOINT,192
1595,828,appoint,APPOINT,192
1595,1596,appoint,APPOINT,192
1596,687,appoint,APPOINT,192
1596,828,appoint,APPOINT,192
1596,1543,appoint,APPOINT,192
1597,1543,OBLIGATE,OBLIGATE,192
1597,323,OBLIGATE,OBLIGATE,192
1597,131,OBLIGATE,OBLIGATE,691
1597,177,OBLIGATE,OBLIGATE,691
1597,3504,OBLIGATE,OBLIGATE,691
1597,613,OBLIGATE,OBLIGATE,691
1600,262,define,DEFINE,193
1600,30,define,DEFINE,193
1600,560,OBLIGATE,OBLIGATE,193
1600,1601,OBLIGATE,OBLIGATE,193
1600,224,define,DEFINE,193
1600,267,terminate,TERMINATE,193
1600,687,designate,DESIGNATE,193
1600,923,OBLIGATE,OBLIGATE,193
1600,535,OBLIGATE,OBLIGATE,193
1600,464,OBLIGATE,OBLIGATE,193
1600,1602,define,DEFINE,193
1600,1603,OBLIGATE,OBLIGATE,193
1600,131,REGULATE,REGULATE,193
1600,1605,REGULATE,REGULATE,193
1600,278,terminate,TERMINATE,193
1601,267,OBLIGATE,OBLIGATE,193
1602,923,OBLIGATE,OBLIGATE,193
1602,535,OBLIGATE,OBLIGATE,193
1602,464,OBLIGATE,OBLIGATE,420
1602,1603,OBLIGATE,OBLIGATE,193
1602,235,OBLIGATE,OBLIGATE,420
1603,923,OBLIGATE,OBLIGATE,193
1603,535,OBLIGATE,OBLIGATE,193
1603,273,OBLIGATE,OBLIGATE,193
1605,131,REGULATE,REGULATE,193
1606,178,OBLIGATE,OBLIGATE,194
1606,278,aim,AIM,194
1606,1607,aim,AIM,194
1606,328,aim,AIM,194
1606,267,OBLIGATE,OBLIGATE,194
1606,405,OBLIGATE,OBLIGATE,194
1606,262,AUTHORIZE,AUTHORIZE,194
1606,3,OBLIGATE,OBLIGATE,194
1606,1608,AUTHORIZE,AUTHORIZE,194
1606,1609,AUTHORIZE,AUTHORIZE,194
1606,318,OBLIGATE,OBLIGATE,194
1606,688,aim,AIM,194
1606,265,OBLIGATE,OBLIGATE,194
1606,263,OBLIGATE,OBLIGATE,194
1606,131,OBLIGATE,OBLIGATE,194
1606,1416,OBLIGATE,OBLIGATE,194
1606,1610,OBLIGATE,OBLIGATE,194
1606,1611,OBLIGATE,OBLIGATE,194
1607,3,demonstrate,DEMONSTRATE,737
1607,279,determine,DETERMINE,630
1607,451,enumerate,ENUMERATE,570
1607,276,determine,DETERMINE,630
1607,298,determine,DETERMINE,630
1607,273,demonstrate,DEMONSTRATE,737
1608,262,AUTHORIZE,AUTHORIZE,194
1608,1609,AUTHORIZE,AUTHORIZE,194
1608,318,AUTHORIZE,AUTHORIZE,915
1608,481,AUTHORIZE,AUTHORIZE,572
1608,358,AUTHORIZE,AUTHORIZE,572
1608,4928,AUTHORIZE,AUTHORIZE,915
1608,4929,AUTHORIZE,AUTHORIZE,915
1608,4930,AUTHORIZE,AUTHORIZE,915
1608,323,AUTHORIZE,AUTHORIZE,915
1609,3,AUTHORIZE,AUTHORIZE,194
1610,318,OBLIGATE,OBLIGATE,194
1611,1610,OBLIGATE,OBLIGATE,194
1611,318,OBLIGATE,OBLIGATE,194
1612,1613,amend,AMEND,195
1612,1614,pose,POSE,195
1612,40,pose,POSE,195
1612,5,pose,POSE,195
1612,302,pose,POSE,195
1612,276,pose,POSE,195
1614,876,OBLIGATE,OBLIGATE,330
1614,3,OBLIGATE,OBLIGATE,330
1614,1423,OBLIGATE,OBLIGATE,330
1616,1617,amend,AMEND,196
1616,18,OBLIGATE,OBLIGATE,196
1616,1618,OBLIGATE,OBLIGATE,196
1616,340,RESTRICT,RESTRICT,196
1616,1459,RESTRICT,RESTRICT,196
1616,1619,RESTRICT,RESTRICT,196
1616,1620,OBLIGATE,OBLIGATE,196
1616,1621,clarify,CLARIFY,196
1616,1622,OBLIGATE,OBLIGATE,196
1616,590,OBLIGATE,OBLIGATE,196
1616,265,OBLIGATE,OBLIGATE,196
1616,63,OBLIGATE,OBLIGATE,196
1618,1996,DEVELOP,DEVELOP,257
1618,52,USE,USE,938
1618,4419,DEVELOP,DEVELOP,807
1618,877,DEVELOP,DEVELOP,807
1618,833,define,DEFINE,883
1618,450,define,DEFINE,883
1618,2250,define,DEFINE,883
1618,34,REGULATE,REGULATE,938
1618,422,USE,USE,938
1619,340,RESTRICT,RESTRICT,196
1619,1459,RESTRICT,RESTRICT,196
1619,1773,REPORT,REPORT,223
1619,3873,OBLIGATE,OBLIGATE,763
1619,392,OBLIGATE,OBLIGATE,763
1619,364,OBLIGATE,OBLIGATE,763
1619,858,OBLIGATE,OBLIGATE,763
1619,314,OBLIGATE,OBLIGATE,763
1619,157,OBLIGATE,OBLIGATE,763
1619,4263,OBLIGATE,OBLIGATE,763
1619,671,OBLIGATE,OBLIGATE,763
1620,265,OBLIGATE,OBLIGATE,196
1620,63,OBLIGATE,OBLIGATE,196
1621,1620,clarify,CLARIFY,196
1621,3648,have,HAVE,613
1621,162,face,FACE,773
1621,356,face,FACE,773
1623,1624,OBLIGATE,OBLIGATE,197
1623,1625,OBLIGATE,OBLIGATE,197
1623,1626,OBLIGATE,OBLIGATE,197
1623,412,OBLIGATE,OBLIGATE,197
1623,1627,OBLIGATE,OBLIGATE,197
1623,495,OBLIGATE,OBLIGATE,197
1623,263,OBLIGATE,OBLIGATE,197
1624,1625,OBLIGATE,OBLIGATE,197
1625,644,OBLIGATE,OBLIGATE,197
1627,644,OBLIGATE,OBLIGATE,197
1627,412,OBLIGATE,OBLIGATE,197
1627,131,OBLIGATE,OBLIGATE,197
1627,495,OBLIGATE,OBLIGATE,197
1628,262,cover,COVER,198
1628,1629,cover,COVER,198
1628,356,cover,COVER,198
1628,13,cover,COVER,198
1628,263,OBLIGATE,OBLIGATE,198
1628,278,AUTHORIZE,AUTHORIZE,198
1628,487,OBLIGATE,OBLIGATE,198
1628,562,OBLIGATE,OBLIGATE,198
1628,293,OBLIGATE,OBLIGATE,198
1628,978,RESTRICT,RESTRICT,198
1628,1632,cover,COVER,198
1628,279,cover,COVER,198
1628,1633,cover,COVER,198
1628,1634,cover,COVER,198
1628,1635,cover,COVER,198
1630,66,OBLIGATE,OBLIGATE,279
1630,320,OBLIGATE,OBLIGATE,279
1630,235,OBLIGATE,OBLIGATE,279
1630,2083,OBLIGATE,OBLIGATE,279
1630,1863,pose,POSE,412
1630,267,pose,POSE,412
1630,6,OBLIGATE,OBLIGATE,509
1630,570,OBLIGATE,OBLIGATE,509
1630,121,OBLIGATE,OBLIGATE,509
1632,279,cover,COVER,198
1632,1633,cover,COVER,198
1632,1634,cover,COVER,198
1632,1635,cover,COVER,198
1633,279,designate,DESIGNATE,687
1633,1634,designate,DESIGNATE,687
1635,279,designate,DESIGNATE,687
1635,1633,designate,DESIGNATE,687
1635,1634,designate,DESIGNATE,687
1635,1764,designate,DESIGNATE,687
1636,1637,OBLIGATE,OBLIGATE,199
1636,1638,include,INCLUDE,199
1636,138,include,INCLUDE,199
1636,1639,include,INCLUDE,199
1636,320,tailor,TAILOR,199
1636,1640,IMPLEMENT,IMPLEMENT,199
1636,1641,tailor,TAILOR,199
1636,545,tailor,TAILOR,199
1637,622,OBLIGATE,OBLIGATE,199
1637,379,OBLIGATE,OBLIGATE,199
1637,1638,OBLIGATE,OBLIGATE,199
1638,622,OBLIGATE,OBLIGATE,199
1638,379,include,INCLUDE,199
1638,138,include,INCLUDE,199
1638,1639,include,INCLUDE,199
1638,320,include,INCLUDE,199
1639,379,include,INCLUDE,199
1639,320,include,INCLUDE,199
1639,131,retain,RETAIN,431
1639,148,retain,RETAIN,431
1640,379,IMPLEMENT,IMPLEMENT,199
1640,320,IMPLEMENT,IMPLEMENT,199
1641,622,tailor,TAILOR,199
1641,320,tailor,TAILOR,199
1641,545,tailor,TAILOR,199
1642,295,OBLIGATE,OBLIGATE,200
1642,1643,OBLIGATE,OBLIGATE,200
1642,1644,OBLIGATE,OBLIGATE,200
1642,1645,emphasize,EMPHASIZE,200
1642,247,emphasize,EMPHASIZE,200
1642,335,emphasize,EMPHASIZE,200
1642,6,OBLIGATE,OBLIGATE,200
1642,1646,OBLIGATE,OBLIGATE,200
1642,1647,OBLIGATE,OBLIGATE,200
1642,1648,OBLIGATE,OBLIGATE,200
1642,1649,OBLIGATE,OBLIGATE,200
1642,1650,OBLIGATE,OBLIGATE,200
1642,350,OBLIGATE,OBLIGATE,200
1642,1651,OBLIGATE,OBLIGATE,200
1642,67,OBLIGATE,OBLIGATE,200
1642,1652,OBLIGATE,OBLIGATE,200
1643,877,OBLIGATE,OBLIGATE,454
1643,3,OBLIGATE,OBLIGATE,454
1643,70,OBLIGATE,OBLIGATE,454
1643,96,OBLIGATE,OBLIGATE,454
1644,295,OBLIGATE,OBLIGATE,200
1644,1643,OBLIGATE,OBLIGATE,200
1645,247,emphasize,EMPHASIZE,200
1645,335,emphasize,EMPHASIZE,200
1646,6,OBLIGATE,OBLIGATE,200
1646,1648,OBLIGATE,OBLIGATE,200
1646,707,IMPLEMENT,IMPLEMENT,822
1646,335,IMPLEMENT,IMPLEMENT,822
1646,4490,IMPLEMENT,IMPLEMENT,822
1646,1046,IMPLEMENT,IMPLEMENT,822
1647,6,OBLIGATE,OBLIGATE,200
1647,1646,OBLIGATE,OBLIGATE,200
1647,782,OBLIGATE,OBLIGATE,200
1647,1648,OBLIGATE,OBLIGATE,200
1648,6,OBLIGATE,OBLIGATE,200
1649,1650,OBLIGATE,OBLIGATE,200
1649,318,OBLIGATE,OBLIGATE,200
1650,2,OBLIGATE,OBLIGATE,200
1651,782,OBLIGATE,OBLIGATE,200
1651,350,OBLIGATE,OBLIGATE,200
1651,67,OBLIGATE,OBLIGATE,200
1651,236,OBLIGATE,OBLIGATE,200
1651,1652,OBLIGATE,OBLIGATE,200
1652,350,OBLIGATE,OBLIGATE,200
1652,67,OBLIGATE,OBLIGATE,200
1652,236,OBLIGATE,OBLIGATE,200
1653,1654,OBLIGATE,OBLIGATE,201
1653,1655,OBLIGATE,OBLIGATE,201
1653,276,impair,IMPAIR,201
1653,350,OBLIGATE,OBLIGATE,201
1653,236,OBLIGATE,OBLIGATE,201
1653,876,OBLIGATE,OBLIGATE,201
1653,466,OBLIGATE,OBLIGATE,201
1653,148,impair,IMPAIR,201
1653,8,impair,IMPAIR,201
1654,276,OBLIGATE,OBLIGATE,201
1654,350,OBLIGATE,OBLIGATE,201
1654,236,OBLIGATE,OBLIGATE,201
1654,259,OBLIGATE,OBLIGATE,330
1654,372,OBLIGATE,OBLIGATE,258
1654,33,OBLIGATE,OBLIGATE,330
1654,138,OBLIGATE,OBLIGATE,330
1654,328,OBLIGATE,OBLIGATE,330
1654,109,OBLIGATE,OBLIGATE,921
1654,35,oblige,OBLIGE,921
1654,166,oblige,OBLIGE,921
1654,639,OBLIGATE,OBLIGATE,921
1654,1081,oblige,OBLIGE,921
1655,1654,OBLIGATE,OBLIGATE,201
1655,276,OBLIGATE,OBLIGATE,201
1655,350,OBLIGATE,OBLIGATE,201
1655,236,OBLIGATE,OBLIGATE,201
1656,283,OBLIGATE,OBLIGATE,833
1656,337,OBLIGATE,OBLIGATE,833
1656,4284,OBLIGATE,OBLIGATE,833
1656,1678,strengthen,STRENGTHEN,837
1656,236,strengthen,STRENGTHEN,837
1656,121,strengthen,STRENGTHEN,837
1656,1026,strengthen,STRENGTHEN,837
1656,860,strengthen,STRENGTHEN,837
1656,117,strengthen,STRENGTHEN,837
1657,1658,DEVELOP,DEVELOP,202
1657,69,DEVELOP,DEVELOP,202
1657,376,DEVELOP,DEVELOP,202
1657,3,REGULATE,REGULATE,202
1657,231,OBLIGATE,OBLIGATE,202
1657,864,OBLIGATE,OBLIGATE,202
1657,339,OBLIGATE,OBLIGATE,202
1657,120,pass,PASS,202
1657,341,REGULATE,REGULATE,202
1657,1473,DEVELOP,DEVELOP,202
1657,340,DEVELOP,DEVELOP,202
1657,109,REGULATE,REGULATE,202
1657,1659,forbid,FORBID,202
1657,131,forbid,FORBID,202
1657,342,REGULATE,REGULATE,202
1658,69,DEVELOP,DEVELOP,202
1658,376,DEVELOP,DEVELOP,202
1659,131,forbid,FORBID,202
1660,283,OBLIGATE,OBLIGATE,203
1660,1661,DEVELOP,DEVELOP,203
1660,3,OBLIGATE,OBLIGATE,203
1660,675,DEVELOP,DEVELOP,203
1660,1662,DEVELOP,DEVELOP,203
1660,1663,DEVELOP,DEVELOP,203
1660,785,define,DEFINE,203
1660,481,OBLIGATE,OBLIGATE,203
1660,13,OBLIGATE,OBLIGATE,203
1660,231,OBLIGATE,OBLIGATE,203
1660,1664,OBLIGATE,OBLIGATE,203
1660,85,OBLIGATE,OBLIGATE,203
1660,1665,OBLIGATE,OBLIGATE,203
1660,498,OBLIGATE,OBLIGATE,203
1660,1666,suggest,SUGGEST,203
1660,295,suggest,SUGGEST,203
1661,283,DEVELOP,DEVELOP,203
1661,2,DEVELOP,DEVELOP,203
1661,3,OBLIGATE,OBLIGATE,946
1661,675,DEVELOP,DEVELOP,203
1661,1662,DEVELOP,DEVELOP,203
1661,1663,DEVELOP,DEVELOP,203
1662,2,DEVELOP,DEVELOP,203
1663,283,DEVELOP,DEVELOP,203
1663,2,DEVELOP,DEVELOP,203
1663,675,OBLIGATE,OBLIGATE,591
1663,1662,OBLIGATE,OBLIGATE,591
1663,556,OBLIGATE,OBLIGATE,591
1664,231,OBLIGATE,OBLIGATE,203
1664,85,OBLIGATE,OBLIGATE,203
1664,1666,suggest,SUGGEST,203
1664,295,suggest,SUGGEST,203
1664,283,OBLIGATE,OBLIGATE,203
1664,13,OBLIGATE,OBLIGATE,203
1665,6,OBLIGATE,OBLIGATE,711
1665,13,OBLIGATE,OBLIGATE,203
1665,231,OBLIGATE,OBLIGATE,203
1666,295,suggest,SUGGEST,203
1667,3,include,INCLUDE,204
1667,1668,SUPPORT,SUPPORT,204
1667,5,OBLIGATE,OBLIGATE,204
1667,299,OBLIGATE,OBLIGATE,204
1667,1554,IMPLEMENT,IMPLEMENT,204
1667,85,IMPLEMENT,IMPLEMENT,204
1667,121,IMPLEMENT,IMPLEMENT,204
1667,199,IMPLEMENT,IMPLEMENT,204
1667,318,enhance,ENHANCE,204
1667,1669,enhance,ENHANCE,204
1667,1670,enhance,ENHANCE,204
1667,103,OBLIGATE,OBLIGATE,204
1667,101,OBLIGATE,OBLIGATE,204
1667,177,SUPPORT,SUPPORT,204
1667,821,SUPPORT,SUPPORT,204
1667,1671,include,INCLUDE,204
1667,1672,include,INCLUDE,204
1667,1673,include,INCLUDE,204
1667,1674,include,INCLUDE,204
1667,1675,include,INCLUDE,204
1668,335,recommend,RECOMMEND,446
1668,299,OBLIGATE,OBLIGATE,204
1668,236,IMPLEMENT,IMPLEMENT,709
1668,177,SUPPORT,SUPPORT,204
1668,821,SUPPORT,SUPPORT,204
1668,66,OBLIGATE,OBLIGATE,279
1668,320,OBLIGATE,OBLIGATE,279
1668,235,OBLIGATE,OBLIGATE,485
1668,2083,OBLIGATE,OBLIGATE,279
1668,1630,OBLIGATE,OBLIGATE,279
1668,51,OBLIGATE,OBLIGATE,348
1668,37,OBLIGATE,OBLIGATE,348
1668,13,OBLIGATE,OBLIGATE,371
1668,54,OBLIGATE,OBLIGATE,348
1668,40,OBLIGATE,OBLIGATE,348
1668,2476,OBLIGATE,OBLIGATE,371
1668,2478,OBLIGATE,OBLIGATE,371
1668,103,OBLIGATE,OBLIGATE,485
1668,2309,OBLIGATE,OBLIGATE,485
1668,375,OBLIGATE,OBLIGATE,489
1668,333,OBLIGATE,OBLIGATE,489
1668,276,IMPLEMENT,IMPLEMENT,709
1669,318,enhance,ENHANCE,204
1669,236,enhance,ENHANCE,204
1670,318,enhance,ENHANCE,204
1670,236,enhance,ENHANCE,204
1670,1669,enhance,ENHANCE,204
1671,1672,include,INCLUDE,204
1671,1673,include,INCLUDE,204
1673,1672,include,INCLUDE,204
1674,1671,include,INCLUDE,204
1674,1672,include,INCLUDE,204
1674,1673,include,INCLUDE,204
1675,1671,include,INCLUDE,204
1675,1672,include,INCLUDE,204
1675,1673,include,INCLUDE,204
1675,1674,include,INCLUDE,204
1676,1677,DEVELOP,DEVELOP,205
1676,236,recommend,RECOMMEND,205
1676,37,DEVELOP,DEVELOP,205
1676,1678,take,TAKE,205
1676,335,REPORT,REPORT,205
1676,21,REPORT,REPORT,205
1676,231,OBLIGATE,OBLIGATE,205
1676,181,make,MAKE,205
1676,185,recommend,RECOMMEND,205
1676,859,REPORT,REPORT,205
1676,708,REPORT,REPORT,205
1676,1019,OBLIGATE,OBLIGATE,205
1676,821,OBLIGATE,OBLIGATE,205
1676,5,OBLIGATE,OBLIGATE,205
1676,235,recommend,RECOMMEND,205
1676,199,make,MAKE,205
1676,924,recommend,RECOMMEND,205
1676,1368,SUPPORT,SUPPORT,205
1676,1307,SUPPORT,SUPPORT,205
1676,1679,SUPPORT,SUPPORT,205
1676,286,recommend,RECOMMEND,205
1677,37,DEVELOP,DEVELOP,205
1677,1678,DEVELOP,DEVELOP,205
1678,236,strengthen,STRENGTHEN,837
1678,268,OBLIGATE,OBLIGATE,489
1678,328,OBLIGATE,OBLIGATE,592
1678,784,OBLIGATE,OBLIGATE,592
1678,327,OBLIGATE,OBLIGATE,592
1678,121,strengthen,STRENGTHEN,837
1678,1026,strengthen,STRENGTHEN,837
1678,18,recognize,RECOGNIZE,945
1679,185,SUPPORT,SUPPORT,205
1679,235,SUPPORT,SUPPORT,205
1679,924,SUPPORT,SUPPORT,205
1679,1368,SUPPORT,SUPPORT,205
1679,1307,SUPPORT,SUPPORT,205
1679,3495,OBLIGATE,OBLIGATE,581
1679,157,RESTRICT,RESTRICT,581
1679,3498,OBLIGATE,OBLIGATE,581
1680,235,highlight,HIGHLIGHT,206
1680,1163,highlight,HIGHLIGHT,206
1680,1681,stress,STRESS,206
1680,84,adapt,ADAPT,206
1680,333,adapt,ADAPT,206
1680,299,adapt,ADAPT,206
1680,177,adapt,ADAPT,206
1680,103,inform,INFORM,206
1680,379,stress,STRESS,206
1680,26,stress,STRESS,206
1680,25,stress,STRESS,206
1680,81,stress,STRESS,206
1680,728,SUPPORT,SUPPORT,206
1680,617,SUPPORT,SUPPORT,206
1680,535,SUPPORT,SUPPORT,206
1681,235,highlight,HIGHLIGHT,206
1681,1163,highlight,HIGHLIGHT,206
1681,379,stress,STRESS,206
1681,26,stress,STRESS,206
1681,25,stress,STRESS,206
1681,81,stress,STRESS,206
1682,2842,SUPPORT,SUPPORT,929
1682,4480,SUPPORT,SUPPORT,929
1682,37,SUPPORT,SUPPORT,929
1682,1766,SUPPORT,SUPPORT,929
1682,2996,SUPPORT,SUPPORT,929
1682,714,SUPPORT,SUPPORT,929
1682,318,SUPPORT,SUPPORT,929
1683,201,detail,DETAIL,823
1683,1559,detail,DETAIL,823
1683,234,detail,DETAIL,823
1683,131,detail,DETAIL,823
1683,90,detail,DETAIL,823
1684,629,AUTHORIZE,AUTHORIZE,207
1684,864,OBLIGATE,OBLIGATE,207
1684,235,RESTRICT,RESTRICT,207
1684,231,OBLIGATE,OBLIGATE,207
1684,634,OBLIGATE,OBLIGATE,207
1684,120,OBLIGATE,OBLIGATE,207
1684,396,OBLIGATE,OBLIGATE,207
1684,146,OBLIGATE,OBLIGATE,207
1684,1350,OBLIGATE,OBLIGATE,207
1684,636,RESTRICT,RESTRICT,207
1684,157,RESTRICT,RESTRICT,207
1684,631,DEVELOP,DEVELOP,207
1684,916,DEVELOP,DEVELOP,207
1684,917,initiate,INITIATE,207
1684,109,AUTHORIZE,AUTHORIZE,207
1684,1685,IMPLEMENT,IMPLEMENT,207
1684,1686,IMPLEMENT,IMPLEMENT,207
1684,341,AUTHORIZE,AUTHORIZE,207
1684,187,AUTHORIZE,AUTHORIZE,207
1685,67,IMPLEMENT,IMPLEMENT,207
1685,1686,IMPLEMENT,IMPLEMENT,207
1686,3,have,HAVE,547
1686,67,have,HAVE,547
1686,81,OBLIGATE,OBLIGATE,306
1686,687,OBLIGATE,OBLIGATE,306
1686,2214,OBLIGATE,OBLIGATE,306
1686,34,have,HAVE,547
1687,771,OBLIGATE,OBLIGATE,208
1687,1688,OBLIGATE,OBLIGATE,208
1687,166,OBLIGATE,OBLIGATE,208
1687,236,SUPPORT,SUPPORT,208
1687,3,REGULATE,REGULATE,208
1687,233,secure,SECURE,208
1687,131,REGULATE,REGULATE,208
1687,1689,OBLIGATE,OBLIGATE,208
1687,235,OBLIGATE,OBLIGATE,208
1687,1111,OBLIGATE,OBLIGATE,208
1687,318,secure,SECURE,208
1687,1690,secure,SECURE,208
1687,1691,secure,SECURE,208
1687,1692,secure,SECURE,208
1687,314,REGULATE,REGULATE,208
1687,311,SUPPORT,SUPPORT,208
1687,1695,REGULATE,REGULATE,208
1688,771,OBLIGATE,OBLIGATE,208
1688,166,OBLIGATE,OBLIGATE,208
1689,467,OBLIGATE,OBLIGATE,208
1689,236,strengthen,STRENGTHEN,877
1689,131,OBLIGATE,OBLIGATE,208
1689,3,strengthen,STRENGTHEN,877
1689,2309,OBLIGATE,OBLIGATE,328
1689,1140,OBLIGATE,OBLIGATE,328
1689,177,prioritize,PRIORITIZE,835
1689,247,OBLIGATE,OBLIGATE,591
1689,3555,OBLIGATE,OBLIGATE,591
1689,335,accelerate,ACCELERATE,864
1689,3038,accelerate,ACCELERATE,864
1689,138,strengthen,STRENGTHEN,877
1691,318,secure,SECURE,208
1691,1690,secure,SECURE,208
1692,233,secure,SECURE,208
1692,131,secure,SECURE,208
1692,314,secure,SECURE,208
1693,332,REPORT,REPORT,858
1693,6,REPORT,REPORT,858
1693,59,REPORT,REPORT,858
1693,1957,REPORT,REPORT,858
1693,18,REPORT,REPORT,858
1693,235,REPORT,REPORT,858
1695,131,REGULATE,REGULATE,208
1695,314,REGULATE,REGULATE,208
1696,3,impact,IMPACT,209
1696,701,impact,IMPACT,209
1696,1697,impact,IMPACT,209
1696,1698,endorse,ENDORSE,209
1696,1384,acknowledge,ACKNOWLEDGE,209
1696,1699,acknowledge,ACKNOWLEDGE,209
1696,1487,urge,URGE,209
1696,1700,urge,URGE,209
1696,235,urge,URGE,209
1696,81,incorporate,INCORPORATE,209
1696,103,OBLIGATE,OBLIGATE,209
1696,713,OBLIGATE,OBLIGATE,209
1696,1701,incorporate,INCORPORATE,209
1696,320,incorporate,INCORPORATE,209
1696,335,impact,IMPACT,209
1696,195,impact,IMPACT,209
1696,1702,impact,IMPACT,209
1696,1703,impact,IMPACT,209
1699,1384,acknowledge,ACKNOWLEDGE,209
1699,33,address,ADDRESS,822
1699,201,address,ADDRESS,822
1699,2517,address,ADDRESS,822
1700,1487,urge,URGE,209
1700,235,urge,URGE,209
1701,701,incorporate,INCORPORATE,209
1701,81,incorporate,INCORPORATE,209
1701,320,incorporate,INCORPORATE,209
1701,1976,EVALUATE,EVALUATE,863
1701,707,EVALUATE,EVALUATE,863
1701,3119,EVALUATE,EVALUATE,863
1701,939,EVALUATE,EVALUATE,863
1701,325,EVALUATE,EVALUATE,863
1702,701,impact,IMPACT,209
1702,335,impact,IMPACT,209
1702,195,impact,IMPACT,209
1702,1703,impact,IMPACT,209
1703,18,OBLIGATE,OBLIGATE,832
1703,701,impact,IMPACT,209
1703,335,impact,IMPACT,209
1703,195,impact,IMPACT,209
1703,109,OBLIGATE,OBLIGATE,708
1703,33,OBLIGATE,OBLIGATE,832
1703,235,OBLIGATE,OBLIGATE,832
1703,323,OBLIGATE,OBLIGATE,832
1704,164,amend,AMEND,210
1704,1346,amend,AMEND,210
1704,637,amend,AMEND,210
1704,231,OBLIGATE,OBLIGATE,210
1704,864,OBLIGATE,OBLIGATE,210
1704,120,OBLIGATE,OBLIGATE,210
1704,233,OBLIGATE,OBLIGATE,210
1704,131,OBLIGATE,OBLIGATE,210
1704,868,OBLIGATE,OBLIGATE,210
1704,1063,OBLIGATE,OBLIGATE,210
1704,103,OBLIGATE,OBLIGATE,210
1704,634,OBLIGATE,OBLIGATE,210
1704,1351,AUTHORIZE,AUTHORIZE,210
1704,148,RESTRICT,RESTRICT,210
1704,1705,DEVELOP,DEVELOP,210
1705,320,DEVELOP,DEVELOP,210
1706,74,define,DEFINE,211
1706,549,define,DEFINE,211
1706,877,oblige,OBLIGE,211
1706,333,OBLIGATE,OBLIGATE,211
1706,1707,OBLIGATE,OBLIGATE,211
1706,1088,OBLIGATE,OBLIGATE,211
1706,386,OBLIGATE,OBLIGATE,211
1706,70,OBLIGATE,OBLIGATE,211
1706,41,OBLIGATE,OBLIGATE,211
1706,103,USE,USE,211
1706,1708,USE,USE,211
1706,634,oblige,OBLIGE,211
1706,1709,specify,SPECIFY,211
1706,1356,specify,SPECIFY,211
1706,630,OBLIGATE,OBLIGATE,211
1706,299,OBLIGATE,OBLIGATE,211
1706,1522,oblige,OBLIGE,211
1706,148,oblige,OBLIGE,211
1706,233,OBLIGATE,OBLIGATE,211
1706,121,OBLIGATE,OBLIGATE,211
1707,3,OBLIGATE,OBLIGATE,211
1707,877,OBLIGATE,OBLIGATE,211
1707,333,OBLIGATE,OBLIGATE,211
1707,1088,OBLIGATE,OBLIGATE,211
1707,386,OBLIGATE,OBLIGATE,211
1707,70,OBLIGATE,OBLIGATE,211
1707,41,OBLIGATE,OBLIGATE,211
1708,3,USE,USE,211
1708,103,USE,USE,211
1708,634,USE,USE,211
1708,1709,USE,USE,211
1709,220,OBLIGATE,OBLIGATE,626
1709,337,opt,OPT,823
1709,185,opt,OPT,823
1709,335,urge,URGE,832
1710,1711,pose,POSE,212
1710,280,OBLIGATE,OBLIGATE,212
1710,287,pose,POSE,212
1710,1712,pose,POSE,212
1710,1713,pose,POSE,212
1710,235,USE,USE,212
1710,69,affect,AFFECT,212
1710,80,affect,AFFECT,212
1710,1618,USE,USE,212
1710,274,USE,USE,212
1710,785,USE,USE,212
1710,18,REPORT,REPORT,212
1710,978,REPORT,REPORT,212
1710,341,AUTHORIZE,AUTHORIZE,212
1711,280,pose,POSE,212
1711,1713,pose,POSE,212
1712,1711,pose,POSE,212
1712,280,pose,POSE,212
1712,287,pose,POSE,212
1712,1713,pose,POSE,212
1712,278,pose,POSE,212
1713,280,define,DEFINE,774
1713,279,define,DEFINE,414
1713,1633,define,DEFINE,414
1713,1634,define,DEFINE,414
1713,3471,incentivize,INCENTIVIZE,577
1713,418,DEVELOP,DEVELOP,577
1713,644,DEVELOP,DEVELOP,577
1713,291,DEVELOP,DEVELOP,577
1713,303,DEVELOP,DEVELOP,577
1713,487,incentivize,INCENTIVIZE,577
1713,555,incentivize,INCENTIVIZE,577
1713,3357,incentivize,INCENTIVIZE,577
1713,386,incentivize,INCENTIVIZE,577
1713,3,define,DEFINE,774
1713,3782,provide,PROVIDE,642
1713,886,provide,PROVIDE,642
1713,131,provide,PROVIDE,642
1713,3784,provide,PROVIDE,642
1713,356,define,DEFINE,774
1713,80,define,DEFINE,774
1714,3397,OBLIGATE,OBLIGATE,561
1714,80,OBLIGATE,OBLIGATE,561
1714,79,OBLIGATE,OBLIGATE,561
1714,91,OBLIGATE,OBLIGATE,561
1715,259,REGULATE,REGULATE,213
1715,366,REGULATE,REGULATE,213
1715,1716,REGULATE,REGULATE,213
1715,121,REGULATE,REGULATE,213
1715,1718,IMPLEMENT,IMPLEMENT,213
1715,333,OBLIGATE,OBLIGATE,213
1715,864,OBLIGATE,OBLIGATE,213
1715,1717,REGULATE,REGULATE,213
1715,109,REGULATE,REGULATE,213
1715,80,OBLIGATE,OBLIGATE,213
1715,76,OBLIGATE,OBLIGATE,213
1715,62,IMPLEMENT,IMPLEMENT,213
1716,259,REGULATE,REGULATE,213
1716,121,DEVELOP,DEVELOP,626
1716,2874,include,INCLUDE,449
1716,131,DEVELOP,DEVELOP,626
1716,299,include,INCLUDE,449
1716,2,include,INCLUDE,449
1716,2875,include,INCLUDE,449
1716,76,include,INCLUDE,449
1716,96,include,INCLUDE,449
1716,2891,emphasize,EMPHASIZE,452
1716,2946,deem,DEEM,460
1716,2947,deem,DEEM,460
1716,109,RESTRICT,RESTRICT,460
1716,2952,deem,DEEM,460
1716,2953,deem,DEEM,460
1716,146,OBLIGATE,OBLIGATE,467
1716,350,OBLIGATE,OBLIGATE,467
1716,634,USE,USE,496
1716,320,DEVELOP,DEVELOP,626
1717,333,OBLIGATE,OBLIGATE,213
1717,864,OBLIGATE,OBLIGATE,213
1717,3,REGULATE,REGULATE,213
1717,109,REGULATE,REGULATE,213
1719,1720,DEVELOP,DEVELOP,214
1719,1721,OBLIGATE,OBLIGATE,214
1719,259,DEVELOP,DEVELOP,214
1719,283,OBLIGATE,OBLIGATE,214
1719,13,OBLIGATE,OBLIGATE,214
1719,318,OBLIGATE,OBLIGATE,214
1719,138,OBLIGATE,OBLIGATE,214
1719,67,OBLIGATE,OBLIGATE,214
1719,340,whistleblower,WHISTLEBLOWER,214
1719,1046,whistleblower,WHISTLEBLOWER,214
1719,984,whistleblower,WHISTLEBLOWER,214
1719,231,AUTHORIZE,AUTHORIZE,214
1719,512,AUTHORIZE,AUTHORIZE,214
1719,1723,AUTHORIZE,AUTHORIZE,214
1720,1721,introduce,INTRODUCE,489
1720,259,DEVELOP,DEVELOP,214
1720,283,introduce,INTRODUCE,489
1720,13,OBLIGATE,OBLIGATE,716
1720,319,OBLIGATE,OBLIGATE,553
1720,364,OBLIGATE,OBLIGATE,795
1720,235,OBLIGATE,OBLIGATE,553
1720,3333,OBLIGATE,OBLIGATE,795
1720,63,OBLIGATE,OBLIGATE,716
1720,2,OBLIGATE,OBLIGATE,795
1720,314,predict,PREDICT,795
1720,247,predict,PREDICT,795
1721,259,DEVELOP,DEVELOP,214
1721,3,DEVELOP,DEVELOP,214
1721,283,introduce,INTRODUCE,489
1721,13,OBLIGATE,OBLIGATE,214
1721,67,OBLIGATE,OBLIGATE,214
1722,1719,DEVELOP,DEVELOP,214
1722,1720,DEVELOP,DEVELOP,214
1722,1721,DEVELOP,DEVELOP,214
1722,259,DEVELOP,DEVELOP,214
1722,3,DEVELOP,DEVELOP,214
1722,283,DEVELOP,DEVELOP,214
1723,231,AUTHORIZE,AUTHORIZE,214
1723,512,AUTHORIZE,AUTHORIZE,214
1724,1719,AUTHORIZE,AUTHORIZE,214
1724,231,AUTHORIZE,AUTHORIZE,214
1724,512,AUTHORIZE,AUTHORIZE,214
1724,1723,AUTHORIZE,AUTHORIZE,214
1724,105,AUTHORIZE,AUTHORIZE,214
1725,1726,DEVELOP,DEVELOP,215
1725,259,include,INCLUDE,215
1725,1505,DEVELOP,DEVELOP,215
1725,1105,OBLIGATE,OBLIGATE,215
1725,1727,OBLIGATE,OBLIGATE,215
1725,957,OBLIGATE,OBLIGATE,215
1725,85,OBLIGATE,OBLIGATE,215
1725,1729,handle,HANDLE,215
1725,76,handle,HANDLE,215
1725,1477,include,INCLUDE,215
1725,1731,include,INCLUDE,215
1726,3,OBLIGATE,OBLIGATE,873
1726,1505,DEVELOP,DEVELOP,215
1726,859,OBLIGATE,OBLIGATE,873
1726,109,OBLIGATE,OBLIGATE,873
1726,68,OBLIGATE,OBLIGATE,873
1727,859,OBLIGATE,OBLIGATE,215
1727,1105,OBLIGATE,OBLIGATE,215
1727,335,provide,PROVIDE,798
1727,1384,stress,STRESS,468
1727,121,REPORT,REPORT,862
1727,259,REPORT,REPORT,862
1727,69,REPORT,REPORT,862
1727,279,REPORT,REPORT,862
1727,236,REPORT,REPORT,862
1727,468,REPORT,REPORT,862
1729,859,SUPPORT,SUPPORT,879
1731,3,include,INCLUDE,215
1731,259,include,INCLUDE,215
1732,1475,handle,HANDLE,216
1732,138,handle,HANDLE,216
1732,1476,REPORT,REPORT,216
1732,1477,handle,HANDLE,216
1732,1483,OBLIGATE,OBLIGATE,216
1732,1503,OBLIGATE,OBLIGATE,216
1732,3,OBLIGATE,OBLIGATE,216
1732,1505,OBLIGATE,OBLIGATE,216
1732,773,OBLIGATE,OBLIGATE,216
1732,103,OBLIGATE,OBLIGATE,216
1732,259,SUPPORT,SUPPORT,216
1732,1733,OBLIGATE,OBLIGATE,216
1732,1734,SUPPORT,SUPPORT,216
1732,59,SUPPORT,SUPPORT,216
1732,468,SUPPORT,SUPPORT,216
1732,1735,SUPPORT,SUPPORT,216
1732,13,SUPPORT,SUPPORT,216
1732,1736,SUPPORT,SUPPORT,216
1732,35,SUPPORT,SUPPORT,216
1732,1163,urge,URGE,216
1732,416,urge,URGE,216
1732,50,urge,URGE,216
1732,1737,REPORT,REPORT,216
1732,1738,REPORT,REPORT,216
1733,1476,OBLIGATE,OBLIGATE,216
1733,327,OBLIGATE,OBLIGATE,297
1733,81,OBLIGATE,OBLIGATE,297
1733,323,OBLIGATE,OBLIGATE,297
1733,644,OBLIGATE,OBLIGATE,717
1733,550,OBLIGATE,OBLIGATE,717
1733,33,OBLIGATE,OBLIGATE,717
1733,267,OBLIGATE,OBLIGATE,717
1733,295,OBLIGATE,OBLIGATE,717
1734,1476,SUPPORT,SUPPORT,216
1734,59,SUPPORT,SUPPORT,216
1734,468,SUPPORT,SUPPORT,216
1735,259,SUPPORT,SUPPORT,216
1735,13,SUPPORT,SUPPORT,216
1736,1476,SUPPORT,SUPPORT,216
1736,35,SUPPORT,SUPPORT,216
1737,1476,REPORT,REPORT,216
1738,1476,REPORT,REPORT,216
1738,1737,REPORT,REPORT,216
1739,90,OBLIGATE,OBLIGATE,217
1739,1741,OBLIGATE,OBLIGATE,217
1739,199,OBLIGATE,OBLIGATE,217
1739,146,OBLIGATE,OBLIGATE,217
1739,930,OBLIGATE,OBLIGATE,217
1739,103,OBLIGATE,OBLIGATE,217
1739,1742,RESTRICT,RESTRICT,217
1739,131,RESTRICT,RESTRICT,217
1739,33,aim,AIM,217
1739,922,aim,AIM,217
1741,90,OBLIGATE,OBLIGATE,217
1741,199,OBLIGATE,OBLIGATE,217
1741,146,OBLIGATE,OBLIGATE,217
1741,930,OBLIGATE,OBLIGATE,217
1741,103,OBLIGATE,OBLIGATE,217
1742,131,RESTRICT,RESTRICT,217
1744,1745,OBLIGATE,OBLIGATE,218
1744,292,advise,ADVISE,218
1744,1746,OBLIGATE,OBLIGATE,218
1744,1747,OBLIGATE,OBLIGATE,218
1744,1748,oblige,OBLIGE,218
1744,62,OBLIGATE,OBLIGATE,218
1744,63,OBLIGATE,OBLIGATE,218
1744,288,OBLIGATE,OBLIGATE,218
1746,1745,OBLIGATE,OBLIGATE,218
1746,292,OBLIGATE,OBLIGATE,218
1746,162,DEVELOP,DEVELOP,615
1746,926,DEVELOP,DEVELOP,615
1746,1431,DEVELOP,DEVELOP,615
1747,1745,OBLIGATE,OBLIGATE,218
1747,292,OBLIGATE,OBLIGATE,218
1747,1746,OBLIGATE,OBLIGATE,218
1748,639,oblige,OBLIGE,218
1748,545,pose,POSE,773
1748,356,pose,POSE,773
1748,278,pose,POSE,773
1748,1323,pose,POSE,773
1748,76,pose,POSE,773
1752,1753,DEVELOP,DEVELOP,700
1752,850,DEVELOP,DEVELOP,700
1752,278,DEVELOP,DEVELOP,700
1752,247,DEVELOP,DEVELOP,700
1752,3,OBLIGATE,OBLIGATE,700
1752,18,OBLIGATE,OBLIGATE,700
1752,268,OBLIGATE,OBLIGATE,700
1752,63,OBLIGATE,OBLIGATE,700
1752,328,OBLIGATE,OBLIGATE,700
1752,1032,OBLIGATE,OBLIGATE,700
1753,850,DEVELOP,DEVELOP,700
1753,278,DEVELOP,DEVELOP,700
1753,247,DEVELOP,DEVELOP,700
1753,1032,DEVELOP,DEVELOP,700
1754,1752,designate,DESIGNATE,700
1758,37,OBLIGATE,OBLIGATE,244
1758,131,REPORT,REPORT,828
1758,109,forbid,FORBID,460
1758,3344,detail,DETAIL,546
1758,328,base,BASE,546
1758,450,detail,DETAIL,546
1758,3348,detail,DETAIL,546
1758,320,REPORT,REPORT,828
1758,323,OBLIGATE,OBLIGATE,651
1758,1352,COORDINATE,COORDINATE,658
1758,335,COORDINATE,COORDINATE,658
1758,276,EVALUATE,EVALUATE,720
1758,298,EVALUATE,EVALUATE,720
1758,247,REPORT,REPORT,828
1759,1825,OBLIGATE,OBLIGATE,601
1760,18,DEVELOP,DEVELOP,860
1760,194,DEVELOP,DEVELOP,860
1760,929,DEVELOP,DEVELOP,860
1760,85,DEVELOP,DEVELOP,860
1762,1763,serve,SERVE,222
1762,1764,set,SET,222
1762,1765,plan,PLAN,222
1762,1139,serve,SERVE,222
1762,412,plan,PLAN,222
1762,1766,emphasize,EMPHASIZE,222
1762,787,emphasize,EMPHASIZE,222
1762,836,emphasize,EMPHASIZE,222
1762,1111,seek,SEEK,222
1762,1767,seek,SEEK,222
1762,69,serve,SERVE,222
1762,514,seek,SEEK,222
1762,131,serve,SERVE,222
1762,1768,serve,SERVE,222
1764,3,pose,POSE,886
1764,1910,designate,DESIGNATE,244
1764,257,automate,AUTOMATE,338
1764,279,designate,DESIGNATE,687
1764,1633,designate,DESIGNATE,687
1764,1634,designate,DESIGNATE,687
1765,1139,plan,PLAN,222
1765,412,plan,PLAN,222
1766,787,emphasize,EMPHASIZE,222
1766,1956,take,TAKE,251
1766,1957,take,TAKE,251
1766,468,take,TAKE,251
1766,1209,take,TAKE,251
1766,1958,take,TAKE,251
1766,535,take,TAKE,251
1766,312,set,SET,854
1766,1319,set,SET,854
1766,4480,SUPPORT,SUPPORT,929
1766,37,SUPPORT,SUPPORT,929
1766,2996,SUPPORT,SUPPORT,929
1766,714,SUPPORT,SUPPORT,929
1766,318,SUPPORT,SUPPORT,929
1767,1111,seek,SEEK,222
1767,69,seek,SEEK,222
1767,514,seek,SEEK,222
1768,131,serve,SERVE,222
1770,131,OBLIGATE,OBLIGATE,223
1771,1770,OBLIGATE,OBLIGATE,223
1773,800,REPORT,REPORT,223
1774,1775,propose,PROPOSE,224
1774,1336,propose,PROPOSE,224
1774,335,OBLIGATE,OBLIGATE,224
1774,236,propose,PROPOSE,224
1774,930,propose,PROPOSE,224
1774,235,OBLIGATE,OBLIGATE,224
1774,231,OBLIGATE,OBLIGATE,224
1774,103,emphasize,EMPHASIZE,224
1774,1776,emphasize,EMPHASIZE,224
1774,914,SUPPORT,SUPPORT,224
1774,311,SUPPORT,SUPPORT,224
1774,13,SUPPORT,SUPPORT,224
1774,468,SUPPORT,SUPPORT,224
1774,138,SUPPORT,SUPPORT,224
1774,339,SUPPORT,SUPPORT,224
1775,1336,propose,PROPOSE,224
1775,335,propose,PROPOSE,224
1775,236,propose,PROPOSE,224
1775,930,propose,PROPOSE,224
1775,235,propose,PROPOSE,224
1776,103,emphasize,EMPHASIZE,224
1778,2746,DEVELOP,DEVELOP,420
1778,560,DEVELOP,DEVELOP,420
1778,1779,DEVELOP,DEVELOP,420
1778,2747,DEVELOP,DEVELOP,420
1778,1336,DEVELOP,DEVELOP,420
1778,1844,DEVELOP,DEVELOP,420
1778,2748,DEVELOP,DEVELOP,420
1779,560,DEVELOP,DEVELOP,420
1779,2747,DEVELOP,DEVELOP,420
1779,1336,DEVELOP,DEVELOP,420
1779,1844,DEVELOP,DEVELOP,420
1779,2748,DEVELOP,DEVELOP,420
1782,14,OBLIGATE,OBLIGATE,226
1782,401,attach,ATTACH,226
1782,1785,attach,ATTACH,226
1782,873,appoint,APPOINT,226
1782,34,recommend,RECOMMEND,226
1782,37,appoint,APPOINT,226
1782,350,OBLIGATE,OBLIGATE,226
1782,1489,OBLIGATE,OBLIGATE,226
1782,3,OBLIGATE,OBLIGATE,226
1782,1787,recommend,RECOMMEND,226
1782,67,recommend,RECOMMEND,226
1783,1782,DEVELOP,DEVELOP,226
1783,1784,DEVELOP,DEVELOP,226
1783,14,DEVELOP,DEVELOP,226
1783,401,DEVELOP,DEVELOP,226
1784,1782,DEVELOP,DEVELOP,226
1784,1788,DEVELOP,DEVELOP,226
1787,34,recommend,RECOMMEND,226
1787,67,OBLIGATE,OBLIGATE,914
1787,481,OBLIGATE,OBLIGATE,728
1787,838,OBLIGATE,OBLIGATE,728
1787,2787,OBLIGATE,OBLIGATE,788
1787,268,OBLIGATE,OBLIGATE,788
1787,63,OBLIGATE,OBLIGATE,788
1787,6,OBLIGATE,OBLIGATE,788
1787,3,OBLIGATE,OBLIGATE,914
1787,1489,OBLIGATE,OBLIGATE,914
1787,96,OBLIGATE,OBLIGATE,914
1788,1782,attach,ATTACH,226
1788,401,attach,ATTACH,226
1789,206,AUTHORIZE,AUTHORIZE,227
1789,1791,DEVELOP,DEVELOP,227
1789,1121,OBLIGATE,OBLIGATE,227
1789,379,OBLIGATE,OBLIGATE,227
1789,362,OBLIGATE,OBLIGATE,227
1789,92,OBLIGATE,OBLIGATE,227
1789,639,recommend,RECOMMEND,227
1789,1556,recommend,RECOMMEND,227
1789,1163,recommend,RECOMMEND,227
1789,1129,recommend,RECOMMEND,227
1789,1792,recommend,RECOMMEND,227
1789,1793,compose,COMPOSE,227
1789,1794,compose,COMPOSE,227
1789,1795,compose,COMPOSE,227
1789,1140,OBLIGATE,OBLIGATE,227
1789,1796,OBLIGATE,OBLIGATE,227
1789,177,initiate,INITIATE,227
1789,18,AUTHORIZE,AUTHORIZE,227
1790,1789,DEVELOP,DEVELOP,227
1790,206,DEVELOP,DEVELOP,227
1790,1791,DEVELOP,DEVELOP,227
1791,206,DEVELOP,DEVELOP,227
1792,206,recommend,RECOMMEND,227
1792,3,recommend,RECOMMEND,227
1792,639,recommend,RECOMMEND,227
1792,1556,recommend,RECOMMEND,227
1792,1163,recommend,RECOMMEND,227
1792,1129,recommend,RECOMMEND,227
1793,206,compose,COMPOSE,227
1794,206,compose,COMPOSE,227
1794,1793,compose,COMPOSE,227
1795,206,compose,COMPOSE,227
1795,1793,compose,COMPOSE,227
1795,1794,compose,COMPOSE,227
1796,206,OBLIGATE,OBLIGATE,227
1796,1140,OBLIGATE,OBLIGATE,227
1797,67,OBLIGATE,OBLIGATE,228
1797,1140,RESTRICT,RESTRICT,228
1797,3,RESTRICT,RESTRICT,228
1797,70,RESTRICT,RESTRICT,228
1798,1797,OBLIGATE,OBLIGATE,228
1799,1797,RESTRICT,RESTRICT,228
1799,3,RESTRICT,RESTRICT,228
1799,1140,RESTRICT,RESTRICT,228
1799,873,RESTRICT,RESTRICT,228
1799,70,RESTRICT,RESTRICT,228
1799,1908,OBLIGATE,OBLIGATE,300
1799,278,OBLIGATE,OBLIGATE,300
1799,4830,RESTRICT,RESTRICT,894
1800,721,RESTRICT,RESTRICT,229
1800,1430,take,TAKE,229
1800,422,RESTRICT,RESTRICT,229
1800,131,RESTRICT,RESTRICT,229
1801,1800,RESTRICT,RESTRICT,229
1801,721,RESTRICT,RESTRICT,229
1802,1800,DEVELOP,DEVELOP,229
1803,1800,IMPLEMENT,IMPLEMENT,229
1804,1800,IMPLEMENT,IMPLEMENT,229
1804,1803,IMPLEMENT,IMPLEMENT,229
1805,1800,exclude,EXCLUDE,229
1806,1808,OBLIGATE,OBLIGATE,230
1806,1809,OBLIGATE,OBLIGATE,230
1806,1209,propose,PROPOSE,230
1806,1810,propose,PROPOSE,230
1806,1812,urge,URGE,230
1806,1813,urge,URGE,230
1806,13,OBLIGATE,OBLIGATE,230
1807,1806,request,REQUEST,230
1807,1808,OBLIGATE,OBLIGATE,230
1808,131,form,FORM,632
1810,1209,propose,PROPOSE,230
1810,509,investigate,INVESTIGATE,850
1810,59,investigate,INVESTIGATE,850
1810,70,investigate,INVESTIGATE,850
1810,121,investigate,INVESTIGATE,850
1810,379,investigate,INVESTIGATE,850
1811,1806,recommend,RECOMMEND,230
1811,114,recommend,RECOMMEND,230
1812,3,urge,URGE,230
1813,1812,urge,URGE,230
1815,1816,RESTRICT,RESTRICT,231
1815,225,OBLIGATE,OBLIGATE,231
1815,185,OBLIGATE,OBLIGATE,231
1815,1818,RESTRICT,RESTRICT,231
1815,1819,DEVELOP,DEVELOP,231
1815,726,DEVELOP,DEVELOP,231
1815,728,DEVELOP,DEVELOP,231
1815,220,AUTHORIZE,AUTHORIZE,231
1815,425,AUTHORIZE,AUTHORIZE,231
1815,109,AUTHORIZE,AUTHORIZE,231
1815,187,AUTHORIZE,AUTHORIZE,231
1815,327,AUTHORIZE,AUTHORIZE,231
1815,56,AUTHORIZE,AUTHORIZE,231
1816,225,RESTRICT,RESTRICT,231
1818,225,OBLIGATE,OBLIGATE,417
1818,821,OBLIGATE,OBLIGATE,417
1818,18,OBLIGATE,OBLIGATE,417
1818,333,OBLIGATE,OBLIGATE,417
1818,1212,OBLIGATE,OBLIGATE,417
1819,728,DEVELOP,DEVELOP,231
1820,1163,OBLIGATE,OBLIGATE,232
1820,1821,OBLIGATE,OBLIGATE,232
1820,109,OBLIGATE,OBLIGATE,232
1820,121,OBLIGATE,OBLIGATE,232
1820,860,OBLIGATE,OBLIGATE,232
1820,395,OBLIGATE,OBLIGATE,232
1820,645,OBLIGATE,OBLIGATE,232
1820,1822,OBLIGATE,OBLIGATE,232
1820,199,OBLIGATE,OBLIGATE,232
1820,200,OBLIGATE,OBLIGATE,232
1820,235,OBLIGATE,OBLIGATE,232
1820,131,OBLIGATE,OBLIGATE,232
1820,1823,OBLIGATE,OBLIGATE,232
1820,268,OBLIGATE,OBLIGATE,232
1821,1163,OBLIGATE,OBLIGATE,232
1821,109,OBLIGATE,OBLIGATE,232
1821,121,OBLIGATE,OBLIGATE,232
1821,860,OBLIGATE,OBLIGATE,232
1821,395,OBLIGATE,OBLIGATE,232
1823,199,OBLIGATE,OBLIGATE,232
1823,200,OBLIGATE,OBLIGATE,232
1823,235,OBLIGATE,OBLIGATE,232
1823,131,OBLIGATE,OBLIGATE,232
1823,231,OBLIGATE,OBLIGATE,491
1823,1957,OBLIGATE,OBLIGATE,491
1823,181,OBLIGATE,OBLIGATE,820
1823,487,OBLIGATE,OBLIGATE,820
1823,13,OBLIGATE,OBLIGATE,820
1824,313,OBLIGATE,OBLIGATE,233
1824,1825,OBLIGATE,OBLIGATE,233
1824,358,OBLIGATE,OBLIGATE,557
1824,1826,AUTHORIZE,AUTHORIZE,557
1824,1827,OBLIGATE,OBLIGATE,233
1824,1828,initiate,INITIATE,233
1824,314,initiate,INITIATE,233
1824,1829,OBLIGATE,OBLIGATE,557
1824,613,prioritize,PRIORITIZE,557
1824,1830,conduct,CONDUCT,233
1824,1831,conduct,CONDUCT,233
1824,1832,SUPPORT,SUPPORT,557
1824,295,OBLIGATE,OBLIGATE,233
1824,1833,AUTHORIZE,AUTHORIZE,557
1824,34,OBLIGATE,OBLIGATE,233
1824,1320,OBLIGATE,OBLIGATE,233
1824,109,REGULATE,REGULATE,233
1824,861,OBLIGATE,OBLIGATE,233
1824,1834,REGULATE,REGULATE,233
1824,1835,REGULATE,REGULATE,233
1824,2260,OBLIGATE,OBLIGATE,557
1824,3381,AUTHORIZE,AUTHORIZE,557
1824,351,OBLIGATE,OBLIGATE,557
1824,3382,SUPPORT,SUPPORT,557
1824,240,SUPPORT,SUPPORT,557
1824,131,initiate,INITIATE,557
1824,3383,initiate,INITIATE,557
1824,1593,AUTHORIZE,AUTHORIZE,557
1824,405,AUTHORIZE,AUTHORIZE,557
1824,3384,prioritize,PRIORITIZE,557
1824,268,OBLIGATE,OBLIGATE,557
1824,63,OBLIGATE,OBLIGATE,557
1826,358,OBLIGATE,OBLIGATE,691
1826,3,amend,AMEND,572
1826,1827,OBLIGATE,OBLIGATE,233
1826,1828,initiate,INITIATE,233
1826,314,initiate,INITIATE,233
1826,806,OBLIGATE,OBLIGATE,382
1826,267,OBLIGATE,OBLIGATE,391
1826,297,OBLIGATE,OBLIGATE,391
1826,481,amend,AMEND,572
1826,1833,AUTHORIZE,AUTHORIZE,557
1826,487,OBLIGATE,OBLIGATE,391
1826,3381,AUTHORIZE,AUTHORIZE,557
1826,1593,AUTHORIZE,AUTHORIZE,557
1826,418,amend,AMEND,572
1826,359,OBLIGATE,OBLIGATE,691
1826,532,OBLIGATE,OBLIGATE,691
1826,535,OBLIGATE,OBLIGATE,691
1827,1825,OBLIGATE,OBLIGATE,233
1827,358,OBLIGATE,OBLIGATE,233
1827,3,OBLIGATE,OBLIGATE,233
1827,177,OBLIGATE,OBLIGATE,233
1827,314,OBLIGATE,OBLIGATE,233
1828,1825,OBLIGATE,OBLIGATE,233
1828,358,OBLIGATE,OBLIGATE,233
1828,3,SUPPORT,SUPPORT,731
1828,177,SUPPORT,SUPPORT,731
1828,1827,OBLIGATE,OBLIGATE,233
1828,314,initiate,INITIATE,233
1828,131,SUPPORT,SUPPORT,731
1828,3381,SUPPORT,SUPPORT,731
1828,40,SUPPORT,SUPPORT,731
1829,3340,AUTHORIZE,AUTHORIZE,544
1829,319,AUTHORIZE,AUTHORIZE,544
1829,295,AUTHORIZE,AUTHORIZE,544
1829,1139,AUTHORIZE,AUTHORIZE,544
1829,37,AUTHORIZE,AUTHORIZE,544
1829,1958,AUTHORIZE,AUTHORIZE,544
1829,2842,AUTHORIZE,AUTHORIZE,544
1829,3341,AUTHORIZE,AUTHORIZE,544
1829,313,AUTHORIZE,AUTHORIZE,544
1829,66,AUTHORIZE,AUTHORIZE,544
1829,177,AUTHORIZE,AUTHORIZE,544
1829,1832,OBLIGATE,OBLIGATE,742
1830,358,OBLIGATE,OBLIGATE,690
1830,177,OBLIGATE,OBLIGATE,564
1830,613,conduct,CONDUCT,233
1830,131,OBLIGATE,OBLIGATE,564
1830,328,OBLIGATE,OBLIGATE,564
1830,362,OBLIGATE,OBLIGATE,690
1831,358,conduct,CONDUCT,233
1831,177,conduct,CONDUCT,233
1831,613,conduct,CONDUCT,233
1831,1830,conduct,CONDUCT,233
1832,34,REGULATE,REGULATE,733
1832,1320,OBLIGATE,OBLIGATE,233
1832,109,OBLIGATE,OBLIGATE,233
1832,131,OBLIGATE,OBLIGATE,744
1832,320,OBLIGATE,OBLIGATE,257
1832,2976,contain,CONTAIN,466
1832,2980,contain,CONTAIN,466
1832,13,contain,CONTAIN,466
1832,415,contain,CONTAIN,466
1832,2982,contain,CONTAIN,466
1832,1633,RESTRICT,RESTRICT,512
1832,121,RESTRICT,RESTRICT,512
1832,236,REGULATE,REGULATE,733
1832,280,OBLIGATE,OBLIGATE,564
1832,800,OBLIGATE,OBLIGATE,582
1832,311,SUPPORT,SUPPORT,620
1832,177,REGULATE,REGULATE,733
1832,3,REGULATE,REGULATE,733
1832,140,REGULATE,REGULATE,733
1832,327,REGULATE,REGULATE,733
1832,412,DEVELOP,DEVELOP,865
1833,1832,SUPPORT,SUPPORT,618
1833,295,OBLIGATE,OBLIGATE,233
1833,1320,OBLIGATE,OBLIGATE,233
1833,109,OBLIGATE,OBLIGATE,233
1833,52,OBLIGATE,OBLIGATE,243
1833,481,OBLIGATE,OBLIGATE,391
1833,487,OBLIGATE,OBLIGATE,391
1833,267,OBLIGATE,OBLIGATE,396
1833,297,OBLIGATE,OBLIGATE,391
1833,185,OBLIGATE,OBLIGATE,396
1833,3381,AUTHORIZE,AUTHORIZE,557
1833,3532,OBLIGATE,OBLIGATE,593
1833,570,OBLIGATE,OBLIGATE,588
1833,3533,OBLIGATE,OBLIGATE,588
1833,2934,OBLIGATE,OBLIGATE,588
1833,40,OBLIGATE,OBLIGATE,588
1833,3,OBLIGATE,OBLIGATE,628
1833,37,OBLIGATE,OBLIGATE,593
1833,177,OBLIGATE,OBLIGATE,628
1833,3898,OBLIGATE,OBLIGATE,674
1833,200,OBLIGATE,OBLIGATE,674
1833,358,OBLIGATE,OBLIGATE,674
1833,417,OBLIGATE,OBLIGATE,674
1834,177,REGULATE,REGULATE,534
1834,109,REGULATE,REGULATE,233
1834,1835,REGULATE,REGULATE,233
1834,164,REGULATE,REGULATE,534
1835,109,REGULATE,REGULATE,233
1835,3,REGULATE,REGULATE,733
1835,140,REGULATE,REGULATE,733
1835,1832,REGULATE,REGULATE,733
1835,295,REGULATE,REGULATE,733
1835,34,REGULATE,REGULATE,733
1835,318,REGULATE,REGULATE,733
1835,40,REGULATE,REGULATE,733
1835,3288,REGULATE,REGULATE,733
1835,327,REGULATE,REGULATE,733
1836,257,initiate,INITIATE,234
1836,1837,OBLIGATE,OBLIGATE,634
1836,34,OBLIGATE,OBLIGATE,634
1836,1838,define,DEFINE,634
1836,1839,define,DEFINE,634
1836,1840,initiate,INITIATE,234
1836,1841,OBLIGATE,OBLIGATE,234
1836,178,OBLIGATE,OBLIGATE,634
1836,52,OBLIGATE,OBLIGATE,234
1836,13,OBLIGATE,OBLIGATE,234
1836,2317,OBLIGATE,OBLIGATE,634
1836,379,OBLIGATE,OBLIGATE,634
1836,320,OBLIGATE,OBLIGATE,634
1836,828,OBLIGATE,OBLIGATE,634
1836,688,OBLIGATE,OBLIGATE,634
1837,257,OBLIGATE,OBLIGATE,234
1837,34,OBLIGATE,OBLIGATE,634
1837,1839,OBLIGATE,OBLIGATE,234
1838,257,initiate,INITIATE,234
1838,1837,OBLIGATE,OBLIGATE,634
1838,34,OBLIGATE,OBLIGATE,634
1838,1839,define,DEFINE,634
1838,178,OBLIGATE,OBLIGATE,634
1838,52,OBLIGATE,OBLIGATE,234
1838,262,OBLIGATE,OBLIGATE,330
1838,320,OBLIGATE,OBLIGATE,634
1838,3,include,INCLUDE,898
1838,3508,include,INCLUDE,898
1838,4849,include,INCLUDE,898
1838,889,include,INCLUDE,898
1839,257,OBLIGATE,OBLIGATE,234
1839,34,OBLIGATE,OBLIGATE,234
1840,257,initiate,INITIATE,234
1840,1837,OBLIGATE,OBLIGATE,234
1840,34,OBLIGATE,OBLIGATE,234
1840,1838,initiate,INITIATE,234
1840,1839,OBLIGATE,OBLIGATE,234
1840,178,initiate,INITIATE,234
1841,257,OBLIGATE,OBLIGATE,234
1841,1837,OBLIGATE,OBLIGATE,234
1841,34,OBLIGATE,OBLIGATE,234
1841,1838,OBLIGATE,OBLIGATE,234
1841,1839,OBLIGATE,OBLIGATE,234
1841,1840,OBLIGATE,OBLIGATE,234
1842,318,REPORT,REPORT,303
1843,1844,OBLIGATE,OBLIGATE,235
1843,192,OBLIGATE,OBLIGATE,235
1843,1845,OBLIGATE,OBLIGATE,235
1843,1846,SUPPORT,SUPPORT,235
1843,3,highlight,HIGHLIGHT,235
1843,1847,OBLIGATE,OBLIGATE,235
1843,1848,OBLIGATE,OBLIGATE,235
1843,103,OBLIGATE,OBLIGATE,235
1843,1849,OBLIGATE,OBLIGATE,235
1843,1853,highlight,HIGHLIGHT,235
1843,140,highlight,HIGHLIGHT,235
1843,131,highlight,HIGHLIGHT,235
1843,170,SUPPORT,SUPPORT,235
1843,153,SUPPORT,SUPPORT,235
1844,192,OBLIGATE,OBLIGATE,235
1844,2747,DEVELOP,DEVELOP,420
1844,1336,DEVELOP,DEVELOP,420
1844,2748,DEVELOP,DEVELOP,420
1845,1844,OBLIGATE,OBLIGATE,235
1845,192,OBLIGATE,OBLIGATE,235
1847,1062,OBLIGATE,OBLIGATE,235
1847,1848,OBLIGATE,OBLIGATE,235
1847,121,OBLIGATE,OBLIGATE,235
1851,3707,OBLIGATE,OBLIGATE,626
1851,109,OBLIGATE,OBLIGATE,626
1853,121,highlight,HIGHLIGHT,235
1853,140,highlight,HIGHLIGHT,235
1853,131,highlight,HIGHLIGHT,235
1853,146,highlight,HIGHLIGHT,235
1853,177,OBLIGATE,OBLIGATE,848
1853,350,OBLIGATE,OBLIGATE,848
1853,1487,OBLIGATE,OBLIGATE,848
1853,21,OBLIGATE,OBLIGATE,848
1860,1856,REGULATE,REGULATE,236
1860,276,REGULATE,REGULATE,236
1860,1533,REGULATE,REGULATE,236
1861,109,AUTHORIZE,AUTHORIZE,887
1864,3,outpace,OUTPACE,360
1864,276,OBLIGATE,OBLIGATE,755
1864,1863,pose,POSE,412
1864,1630,pose,POSE,412
1864,267,AUTHORIZE,AUTHORIZE,561
1864,3397,AUTHORIZE,AUTHORIZE,561
1864,280,AUTHORIZE,AUTHORIZE,561
1864,3862,amend,AMEND,663
1864,3765,OBLIGATE,OBLIGATE,755
1864,185,OBLIGATE,OBLIGATE,755
1864,1403,OBLIGATE,OBLIGATE,755
1864,131,OBLIGATE,OBLIGATE,755
1864,484,OBLIGATE,OBLIGATE,755
1864,4233,OBLIGATE,OBLIGATE,755
1866,320,OBLIGATE,OBLIGATE,770
1866,498,DEVELOP,DEVELOP,750
1866,4280,OBLIGATE,OBLIGATE,770
1866,109,OBLIGATE,OBLIGATE,770
1866,1019,OBLIGATE,OBLIGATE,770
1867,1868,OBLIGATE,OBLIGATE,238
1867,1869,OBLIGATE,OBLIGATE,238
1867,1870,OBLIGATE,OBLIGATE,238
1867,1871,AUTHORIZE,AUTHORIZE,238
1867,1872,OBLIGATE,OBLIGATE,238
1867,3,include,INCLUDE,238
1867,1119,seek,SEEK,238
1867,274,seek,SEEK,238
1867,860,seek,SEEK,238
1867,1832,OBLIGATE,OBLIGATE,238
1867,1875,REGULATE,REGULATE,238
1867,1876,DEVELOP,DEVELOP,238
1867,520,AUTHORIZE,AUTHORIZE,238
1867,1877,REGULATE,REGULATE,238
1867,103,REGULATE,REGULATE,238
1868,1869,OBLIGATE,OBLIGATE,238
1870,1868,OBLIGATE,OBLIGATE,238
1870,1869,OBLIGATE,OBLIGATE,238
1871,1868,OBLIGATE,OBLIGATE,238
1871,1870,OBLIGATE,OBLIGATE,238
1871,1872,OBLIGATE,OBLIGATE,238
1871,3,DEVELOP,DEVELOP,257
1871,52,OBLIGATE,OBLIGATE,257
1871,274,AUTHORIZE,AUTHORIZE,238
1871,1832,OBLIGATE,OBLIGATE,238
1871,520,AUTHORIZE,AUTHORIZE,238
1871,468,DEVELOP,DEVELOP,257
1871,1996,OBLIGATE,OBLIGATE,257
1871,1618,DEVELOP,DEVELOP,257
1871,1997,OBLIGATE,OBLIGATE,257
1871,635,OBLIGATE,OBLIGATE,257
1871,62,OBLIGATE,OBLIGATE,688
1871,271,OBLIGATE,OBLIGATE,688
1871,285,OBLIGATE,OBLIGATE,688
1871,273,OBLIGATE,OBLIGATE,688
1872,1868,OBLIGATE,OBLIGATE,238
1872,1869,OBLIGATE,OBLIGATE,238
1872,1870,OBLIGATE,OBLIGATE,238
1872,3,OBLIGATE,OBLIGATE,238
1875,1876,REGULATE,REGULATE,238
1875,876,call,CALL,758
1877,18,REGULATE,REGULATE,238
1877,274,REGULATE,REGULATE,238
1877,103,REGULATE,REGULATE,238
1877,1729,SUPPORT,SUPPORT,879
1877,3731,SUPPORT,SUPPORT,879
1878,21,SUPPORT,SUPPORT,239
1878,1879,DEVELOP,DEVELOP,239
1878,121,DEVELOP,DEVELOP,239
1878,199,DEVELOP,DEVELOP,239
1878,103,DEVELOP,DEVELOP,239
1878,1026,DEVELOP,DEVELOP,239
1878,468,DEVELOP,DEVELOP,239
1878,1018,SUPPORT,SUPPORT,239
1878,185,subject,SUBJECT,239
1878,1556,OBLIGATE,OBLIGATE,239
1878,225,RESTRICT,RESTRICT,239
1878,1029,subject,SUBJECT,239
1878,1880,subject,SUBJECT,239
1878,90,subject,SUBJECT,239
1878,1881,subject,SUBJECT,239
1878,8,SUPPORT,SUPPORT,239
1878,514,offer,OFFER,239
1878,1882,offer,OFFER,239
1878,1364,offer,OFFER,239
1878,1883,SUPPORT,SUPPORT,239
1878,52,SUPPORT,SUPPORT,239
1879,21,DEVELOP,DEVELOP,239
1879,121,DEVELOP,DEVELOP,239
1879,199,DEVELOP,DEVELOP,239
1879,103,DEVELOP,DEVELOP,239
1879,1026,DEVELOP,DEVELOP,239
1879,468,DEVELOP,DEVELOP,239
1880,185,USE,USE,575
1880,8,OBLIGATE,OBLIGATE,330
1880,59,OBLIGATE,OBLIGATE,330
1880,2316,OBLIGATE,OBLIGATE,330
1880,257,automate,AUTOMATE,338
1880,1764,automate,AUTOMATE,338
1880,311,automate,AUTOMATE,338
1880,452,OBLIGATE,OBLIGATE,350
1880,177,OBLIGATE,OBLIGATE,350
1880,416,OBLIGATE,OBLIGATE,350
1880,2401,OBLIGATE,OBLIGATE,350
1880,178,OBLIGATE,OBLIGATE,429
1880,146,OBLIGATE,OBLIGATE,626
1880,1716,OBLIGATE,OBLIGATE,467
1880,350,OBLIGATE,OBLIGATE,467
1880,2990,OBLIGATE,OBLIGATE,467
1880,335,REPORT,REPORT,882
1880,299,OBLIGATE,OBLIGATE,467
1880,181,USE,USE,575
1880,225,USE,USE,575
1880,1901,REPORT,REPORT,590
1880,103,REPORT,REPORT,882
1880,121,REGULATE,REGULATE,804
1880,585,OBLIGATE,OBLIGATE,627
1880,2097,OBLIGATE,OBLIGATE,627
1880,1092,OBLIGATE,OBLIGATE,627
1880,2869,OBLIGATE,OBLIGATE,765
1880,1137,OBLIGATE,OBLIGATE,765
1880,1941,OBLIGATE,OBLIGATE,765
1880,1072,OBLIGATE,OBLIGATE,765
1880,320,OBLIGATE,OBLIGATE,765
1880,233,OBLIGATE,OBLIGATE,765
1880,736,ban,BAN,844
1880,340,OBLIGATE,OBLIGATE,782
1880,760,REGULATE,REGULATE,804
1880,247,REGULATE,REGULATE,804
1880,34,REGULATE,REGULATE,804
1880,1230,REGULATE,REGULATE,804
1880,53,ban,BAN,844
1880,4618,ban,BAN,844
1881,185,subject,SUBJECT,239
1881,1029,subject,SUBJECT,239
1881,1880,subject,SUBJECT,239
1881,90,subject,SUBJECT,239
1882,514,offer,OFFER,239
1882,1364,offer,OFFER,239
1883,21,SUPPORT,SUPPORT,239
1883,52,SUPPORT,SUPPORT,239
1883,8,SUPPORT,SUPPORT,239
1884,192,REPORT,REPORT,240
1884,1885,DEVELOP,DEVELOP,240
1884,1886,DEVELOP,DEVELOP,240
1884,85,REPORT,REPORT,240
1884,1018,REPORT,REPORT,240
1884,661,anticipate,ANTICIPATE,240
1884,131,assert,ASSERT,240
1884,495,OBLIGATE,OBLIGATE,240
1884,185,OBLIGATE,OBLIGATE,240
1884,231,OBLIGATE,OBLIGATE,240
1884,236,OBLIGATE,OBLIGATE,240
1884,212,OBLIGATE,OBLIGATE,240
1884,259,assert,ASSERT,240
1884,1163,assert,ASSERT,240
1884,1402,assert,ASSERT,240
1884,859,REPORT,REPORT,240
1884,21,REPORT,REPORT,240
1885,192,DEVELOP,DEVELOP,240
1885,85,DEVELOP,DEVELOP,240
1885,1018,DEVELOP,DEVELOP,240
1886,192,DEVELOP,DEVELOP,240
1886,1885,DEVELOP,DEVELOP,240
1886,85,DEVELOP,DEVELOP,240
1888,1889,OBLIGATE,OBLIGATE,241
1888,1890,OBLIGATE,OBLIGATE,241
1888,21,OBLIGATE,OBLIGATE,241
1888,103,emphasize,EMPHASIZE,241
1888,468,OBLIGATE,OBLIGATE,241
1888,1891,OBLIGATE,OBLIGATE,241
1888,90,OBLIGATE,OBLIGATE,241
1888,18,advise,ADVISE,241
1888,416,OBLIGATE,OBLIGATE,241
1888,821,OBLIGATE,OBLIGATE,241
1888,930,emphasize,EMPHASIZE,241
1888,92,advise,ADVISE,241
1888,1892,OBLIGATE,OBLIGATE,241
1888,199,advise,ADVISE,241
1888,33,SUPPORT,SUPPORT,241
1888,914,SUPPORT,SUPPORT,241
1888,37,SUPPORT,SUPPORT,241
1889,1890,OBLIGATE,OBLIGATE,241
1889,21,OBLIGATE,OBLIGATE,241
1889,103,OBLIGATE,OBLIGATE,241
1889,468,OBLIGATE,OBLIGATE,241
1889,1891,OBLIGATE,OBLIGATE,241
1890,21,OBLIGATE,OBLIGATE,241
1890,103,OBLIGATE,OBLIGATE,241
1890,468,OBLIGATE,OBLIGATE,241
1890,1891,OBLIGATE,OBLIGATE,241
1891,21,OBLIGATE,OBLIGATE,241
1891,103,SUPPORT,SUPPORT,863
1891,1341,SUPPORT,SUPPORT,863
1893,1894,guide,GUIDE,242
1893,340,define,DEFINE,242
1893,1423,OBLIGATE,OBLIGATE,242
1893,103,guide,GUIDE,242
1893,1019,guide,GUIDE,242
1893,121,define,DEFINE,242
1893,259,define,DEFINE,242
1893,1029,OBLIGATE,OBLIGATE,242
1893,1411,OBLIGATE,OBLIGATE,242
1893,1895,OBLIGATE,OBLIGATE,242
1893,495,OBLIGATE,OBLIGATE,242
1893,1111,OBLIGATE,OBLIGATE,242
1893,1897,OBLIGATE,OBLIGATE,242
1893,333,OBLIGATE,OBLIGATE,242
1893,571,OBLIGATE,OBLIGATE,242
1893,1169,OBLIGATE,OBLIGATE,242
1893,942,OBLIGATE,OBLIGATE,242
1893,822,define,DEFINE,242
1893,1898,define,DEFINE,242
1893,109,define,DEFINE,242
1893,198,IMPLEMENT,IMPLEMENT,242
1893,299,IMPLEMENT,IMPLEMENT,242
1893,467,IMPLEMENT,IMPLEMENT,242
1893,1128,SUPPORT,SUPPORT,242
1893,9,SUPPORT,SUPPORT,242
1893,1740,provide,PROVIDE,242
1894,340,guide,GUIDE,242
1894,1423,guide,GUIDE,242
1894,3,guide,GUIDE,242
1894,103,guide,GUIDE,242
1894,1019,guide,GUIDE,242
1894,121,guide,GUIDE,242
1895,1423,OBLIGATE,OBLIGATE,242
1895,495,OBLIGATE,OBLIGATE,242
1895,85,train,TRAIN,248
1895,1941,train,TRAIN,248
1897,1423,OBLIGATE,OBLIGATE,242
1897,1895,OBLIGATE,OBLIGATE,242
1897,1896,OBLIGATE,OBLIGATE,242
1897,495,OBLIGATE,OBLIGATE,242
1897,1111,OBLIGATE,OBLIGATE,242
1897,1169,OBLIGATE,OBLIGATE,242
1897,942,OBLIGATE,OBLIGATE,242
1898,340,define,DEFINE,242
1898,121,define,DEFINE,242
1898,259,define,DEFINE,242
1898,109,define,DEFINE,242
1898,5,REGULATE,REGULATE,822
1898,131,REGULATE,REGULATE,822
1899,345,amend,AMEND,243
1899,313,RESTRICT,RESTRICT,243
1899,349,launch,LAUNCH,243
1899,348,IMPLEMENT,IMPLEMENT,243
1899,379,OBLIGATE,OBLIGATE,243
1899,1833,OBLIGATE,OBLIGATE,243
1899,34,OBLIGATE,OBLIGATE,243
1899,52,OBLIGATE,OBLIGATE,243
1899,1901,REPORT,REPORT,243
1899,3,REPORT,REPORT,243
1899,351,REPORT,REPORT,243
1899,352,DEVELOP,DEVELOP,243
1899,806,DEVELOP,DEVELOP,243
1899,1902,conduct,CONDUCT,243
1899,1903,conduct,CONDUCT,243
1899,67,launch,LAUNCH,243
1899,354,launch,LAUNCH,243
1899,1904,RESTRICT,RESTRICT,243
1899,293,RESTRICT,RESTRICT,243
1901,580,OBLIGATE,OBLIGATE,262
1901,828,OBLIGATE,OBLIGATE,262
1901,131,enhance,ENHANCE,783
1901,40,REPORT,REPORT,590
1901,103,REPORT,REPORT,590
1901,265,REPORT,REPORT,590
1901,63,OBLIGATE,OBLIGATE,783
1901,358,enhance,ENHANCE,783
1901,267,OBLIGATE,OBLIGATE,783
1902,349,conduct,CONDUCT,243
1902,67,conduct,CONDUCT,243
1903,1902,conduct,CONDUCT,243
1903,67,conduct,CONDUCT,243
1903,819,COORDINATE,COORDINATE,556
1903,1332,COORDINATE,COORDINATE,556
1903,236,COORDINATE,COORDINATE,556
1903,268,COORDINATE,COORDINATE,556
1904,293,RESTRICT,RESTRICT,243
1905,1906,designate,DESIGNATE,244
1905,1907,REGULATE,REGULATE,244
1905,18,DEVELOP,DEVELOP,244
1905,1908,OBLIGATE,OBLIGATE,244
1905,1909,REGULATE,REGULATE,244
1905,295,designate,DESIGNATE,244
1905,37,OBLIGATE,OBLIGATE,244
1905,1758,OBLIGATE,OBLIGATE,244
1905,1764,designate,DESIGNATE,244
1905,1910,designate,DESIGNATE,244
1908,1907,DEVELOP,DEVELOP,244
1908,18,DEVELOP,DEVELOP,244
1908,295,OBLIGATE,OBLIGATE,244
1908,37,OBLIGATE,OBLIGATE,244
1908,1758,OBLIGATE,OBLIGATE,244
1908,278,OBLIGATE,OBLIGATE,300
1908,3901,RESTRICT,RESTRICT,675
1908,1137,RESTRICT,RESTRICT,675
1909,1907,REGULATE,REGULATE,244
1911,1912,REGULATE,REGULATE,245
1911,103,REGULATE,REGULATE,245
1911,3,classify,CLASSIFY,245
1911,1913,OBLIGATE,OBLIGATE,245
1911,333,OBLIGATE,OBLIGATE,245
1911,1356,OBLIGATE,OBLIGATE,245
1911,828,OBLIGATE,OBLIGATE,245
1911,233,OBLIGATE,OBLIGATE,245
1911,90,OBLIGATE,OBLIGATE,245
1911,1914,oblige,OBLIGE,245
1911,1915,oblige,OBLIGE,245
1911,1034,oblige,OBLIGE,245
1911,1916,RESTRICT,RESTRICT,245
1911,235,RESTRICT,RESTRICT,245
1911,18,classify,CLASSIFY,245
1911,146,classify,CLASSIFY,245
1911,109,OBLIGATE,OBLIGATE,245
1911,1424,OBLIGATE,OBLIGATE,245
1911,876,OBLIGATE,OBLIGATE,245
1911,76,OBLIGATE,OBLIGATE,245
1911,1917,IMPLEMENT,IMPLEMENT,245
1911,1918,IMPLEMENT,IMPLEMENT,245
1912,103,REGULATE,REGULATE,245
1912,3,REGULATE,REGULATE,245
1913,3,OBLIGATE,OBLIGATE,245
1914,1915,oblige,OBLIGE,245
1915,340,OBLIGATE,OBLIGATE,250
1916,235,RESTRICT,RESTRICT,245
1918,1917,IMPLEMENT,IMPLEMENT,245
1918,688,OBLIGATE,OBLIGATE,345
1918,639,OBLIGATE,OBLIGATE,345
1918,3,OBLIGATE,OBLIGATE,345
1919,1920,OBLIGATE,OBLIGATE,246
1919,916,DEVELOP,DEVELOP,246
1919,103,DEVELOP,DEVELOP,246
1919,1105,DEVELOP,DEVELOP,246
1919,468,DEVELOP,DEVELOP,246
1919,148,DEVELOP,DEVELOP,246
1919,876,IMPLEMENT,IMPLEMENT,246
1919,366,IMPLEMENT,IMPLEMENT,246
1919,92,IMPLEMENT,IMPLEMENT,246
1919,1248,IMPLEMENT,IMPLEMENT,246
1919,121,OBLIGATE,OBLIGATE,246
1919,1307,OBLIGATE,OBLIGATE,246
1919,1921,OBLIGATE,OBLIGATE,246
1919,109,OBLIGATE,OBLIGATE,246
1919,1896,OBLIGATE,OBLIGATE,246
1919,85,OBLIGATE,OBLIGATE,246
1919,18,SUPPORT,SUPPORT,246
1919,8,OBLIGATE,OBLIGATE,246
1919,59,OBLIGATE,OBLIGATE,246
1919,1922,OBLIGATE,OBLIGATE,246
1921,3,OBLIGATE,OBLIGATE,246
1921,109,OBLIGATE,OBLIGATE,246
1922,3,OBLIGATE,OBLIGATE,246
1922,109,OBLIGATE,OBLIGATE,246
1922,259,OBLIGATE,OBLIGATE,246
1922,8,OBLIGATE,OBLIGATE,246
1922,59,OBLIGATE,OBLIGATE,246
1924,1925,SUPPORT,SUPPORT,247
1924,340,OBLIGATE,OBLIGATE,247
1924,936,DEVELOP,DEVELOP,247
1924,1926,DEVELOP,DEVELOP,247
1924,259,SUPPORT,SUPPORT,247
1924,797,DEVELOP,DEVELOP,247
1924,109,OBLIGATE,OBLIGATE,247
1924,121,OBLIGATE,OBLIGATE,247
1924,8,OBLIGATE,OBLIGATE,247
1924,1927,OBLIGATE,OBLIGATE,247
1924,1928,OBLIGATE,OBLIGATE,247
1924,50,OBLIGATE,OBLIGATE,247
1924,654,RESTRICT,RESTRICT,247
1924,1929,RESTRICT,RESTRICT,247
1924,1368,RESTRICT,RESTRICT,247
1924,235,RESTRICT,RESTRICT,247
1924,192,OBLIGATE,OBLIGATE,247
1924,1930,OBLIGATE,OBLIGATE,247
1924,1931,OBLIGATE,OBLIGATE,247
1924,1932,OBLIGATE,OBLIGATE,247
1924,1933,OBLIGATE,OBLIGATE,247
1924,13,OBLIGATE,OBLIGATE,247
1924,1654,SUPPORT,SUPPORT,247
1924,1163,SUPPORT,SUPPORT,247
1926,340,DEVELOP,DEVELOP,247
1926,936,DEVELOP,DEVELOP,247
1926,259,DEVELOP,DEVELOP,247
1926,267,OBLIGATE,OBLIGATE,377
1926,151,OBLIGATE,OBLIGATE,377
1926,298,OBLIGATE,OBLIGATE,377
1926,121,OBLIGATE,OBLIGATE,377
1926,236,OBLIGATE,OBLIGATE,377
1926,107,exclude,EXCLUDE,918
1926,225,exclude,EXCLUDE,918
1926,111,exclude,EXCLUDE,918
1927,8,OBLIGATE,OBLIGATE,247
1927,1928,OBLIGATE,OBLIGATE,247
1929,654,RESTRICT,RESTRICT,247
1929,1368,RESTRICT,RESTRICT,247
1929,235,RESTRICT,RESTRICT,247
1930,340,OBLIGATE,OBLIGATE,247
1930,192,OBLIGATE,OBLIGATE,247
1930,1933,OBLIGATE,OBLIGATE,247
1930,13,OBLIGATE,OBLIGATE,247
1930,1935,include,INCLUDE,249
1930,1944,include,INCLUDE,249
1931,340,OBLIGATE,OBLIGATE,247
1931,192,OBLIGATE,OBLIGATE,247
1931,1930,OBLIGATE,OBLIGATE,247
1931,1933,OBLIGATE,OBLIGATE,247
1931,13,OBLIGATE,OBLIGATE,247
1932,340,OBLIGATE,OBLIGATE,247
1932,192,OBLIGATE,OBLIGATE,247
1932,1930,OBLIGATE,OBLIGATE,247
1932,1931,OBLIGATE,OBLIGATE,247
1932,1933,OBLIGATE,OBLIGATE,247
1932,13,OBLIGATE,OBLIGATE,247
1934,1935,REPORT,REPORT,248
1934,1936,REPORT,REPORT,248
1934,1937,train,TRAIN,248
1934,340,OBLIGATE,OBLIGATE,248
1934,3,train,TRAIN,248
1934,768,OBLIGATE,OBLIGATE,248
1934,199,OBLIGATE,OBLIGATE,248
1934,90,OBLIGATE,OBLIGATE,248
1934,1938,REGULATE,REGULATE,248
1934,259,REGULATE,REGULATE,248
1934,109,REGULATE,REGULATE,248
1934,639,REGULATE,REGULATE,248
1934,85,train,TRAIN,248
1934,1939,IMPLEMENT,IMPLEMENT,248
1934,1895,train,TRAIN,248
1934,1941,train,TRAIN,248
1935,1936,REPORT,REPORT,248
1935,1944,include,INCLUDE,249
1938,259,REGULATE,REGULATE,248
1938,109,REGULATE,REGULATE,248
1938,639,REGULATE,REGULATE,248
1938,103,OBLIGATE,OBLIGATE,777
1938,4307,OBLIGATE,OBLIGATE,777
1940,1934,train,TRAIN,248
1940,85,train,TRAIN,248
1940,1895,train,TRAIN,248
1940,1941,train,TRAIN,248
1941,2181,OBLIGATE,OBLIGATE,299
1941,452,OBLIGATE,OBLIGATE,305
1941,1976,OBLIGATE,OBLIGATE,361
1941,327,AUTHORIZE,AUTHORIZE,384
1941,314,OBLIGATE,OBLIGATE,384
1941,121,OBLIGATE,OBLIGATE,388
1941,319,OBLIGATE,OBLIGATE,559
1941,466,OBLIGATE,OBLIGATE,518
1942,1943,OBLIGATE,OBLIGATE,249
1942,1935,include,INCLUDE,249
1942,1944,include,INCLUDE,249
1942,1930,include,INCLUDE,249
1942,1945,IMPLEMENT,IMPLEMENT,249
1942,109,IMPLEMENT,IMPLEMENT,249
1943,3,OBLIGATE,OBLIGATE,249
1944,3,include,INCLUDE,249
1945,109,IMPLEMENT,IMPLEMENT,249
1946,1018,IMPLEMENT,IMPLEMENT,250
1946,340,OBLIGATE,OBLIGATE,250
1946,1947,OBLIGATE,OBLIGATE,250
1946,1915,OBLIGATE,OBLIGATE,250
1946,3,IMPLEMENT,IMPLEMENT,250
1946,1948,IMPLEMENT,IMPLEMENT,250
1946,1949,OBLIGATE,OBLIGATE,250
1946,450,OBLIGATE,OBLIGATE,250
1946,225,RESTRICT,RESTRICT,250
1946,1950,RESTRICT,RESTRICT,250
1946,1951,forbid,FORBID,250
1946,235,forbid,FORBID,250
1946,617,advise,ADVISE,250
1946,90,caution,CAUTION,250
1946,1952,caution,CAUTION,250
1946,146,warn,WARN,250
1946,1953,warn,WARN,250
1946,1954,IMPLEMENT,IMPLEMENT,250
1946,639,IMPLEMENT,IMPLEMENT,250
1947,340,OBLIGATE,OBLIGATE,250
1947,1915,OBLIGATE,OBLIGATE,250
1949,1948,OBLIGATE,OBLIGATE,250
1949,450,OBLIGATE,OBLIGATE,250
1950,225,RESTRICT,RESTRICT,250
1951,235,forbid,FORBID,250
1953,146,warn,WARN,250
1954,1948,IMPLEMENT,IMPLEMENT,250
1954,639,IMPLEMENT,IMPLEMENT,250
1955,1956,take,TAKE,251
1955,1957,take,TAKE,251
1955,468,take,TAKE,251
1955,1209,take,TAKE,251
1955,1766,take,TAKE,251
1955,1958,take,TAKE,251
1955,535,take,TAKE,251
1955,1959,OBLIGATE,OBLIGATE,251
1955,637,OBLIGATE,OBLIGATE,251
1955,877,OBLIGATE,OBLIGATE,251
1955,1960,OBLIGATE,OBLIGATE,251
1955,1423,OBLIGATE,OBLIGATE,251
1955,131,OBLIGATE,OBLIGATE,251
1955,103,OBLIGATE,OBLIGATE,251
1955,495,OBLIGATE,OBLIGATE,251
1955,339,OBLIGATE,OBLIGATE,251
1955,1961,OBLIGATE,OBLIGATE,251
1956,1957,take,TAKE,251
1956,3,take,TAKE,251
1956,1209,take,TAKE,251
1956,1958,take,TAKE,251
1957,1958,take,TAKE,251
1957,131,DEVELOP,DEVELOP,674
1957,185,REPORT,REPORT,825
1957,18,REPORT,REPORT,858
1957,235,REPORT,REPORT,858
1958,1941,OBLIGATE,OBLIGATE,396
1958,319,AUTHORIZE,AUTHORIZE,544
1958,177,provide,PROVIDE,565
1958,131,DEVELOP,DEVELOP,728
1958,322,DEVELOP,DEVELOP,728
1959,3,OBLIGATE,OBLIGATE,251
1959,637,OBLIGATE,OBLIGATE,251
1960,3,OBLIGATE,OBLIGATE,251
1960,877,OBLIGATE,OBLIGATE,251
1960,1423,OBLIGATE,OBLIGATE,251
1960,131,OBLIGATE,OBLIGATE,251
1961,3,OBLIGATE,OBLIGATE,251
1962,1963,impersonate,IMPERSONATE,252
1962,1964,impersonate,IMPERSONATE,252
1962,1260,define,DEFINE,252
1962,1262,impersonate,IMPERSONATE,252
1962,248,constitute,CONSTITUTE,252
1962,3,define,DEFINE,252
1962,107,constitute,CONSTITUTE,252
1962,1966,constitute,CONSTITUTE,252
1962,90,constitute,CONSTITUTE,252
1962,1967,constitute,CONSTITUTE,252
1962,160,constitute,CONSTITUTE,252
1962,80,OBLIGATE,OBLIGATE,252
1962,1968,OBLIGATE,OBLIGATE,252
1962,79,OBLIGATE,OBLIGATE,252
1962,813,OBLIGATE,OBLIGATE,252
1962,59,OBLIGATE,OBLIGATE,252
1962,252,OBLIGATE,OBLIGATE,252
1962,1969,OBLIGATE,OBLIGATE,252
1962,63,OBLIGATE,OBLIGATE,252
1963,1964,impersonate,IMPERSONATE,252
1963,1260,impersonate,IMPERSONATE,252
1963,1262,impersonate,IMPERSONATE,252
1963,248,impersonate,IMPERSONATE,252
1963,101,OBLIGATE,OBLIGATE,450
1963,160,OBLIGATE,OBLIGATE,450
1963,2879,OBLIGATE,OBLIGATE,450
1963,4449,OBLIGATE,OBLIGATE,813
1963,4450,amend,AMEND,927
1963,146,amend,AMEND,927
1963,4451,amend,AMEND,813
1963,416,OBLIGATE,OBLIGATE,813
1963,935,take,TAKE,927
1964,1260,impersonate,IMPERSONATE,252
1964,1262,impersonate,IMPERSONATE,252
1964,3,impersonate,IMPERSONATE,252
1965,100,RESTRICT,RESTRICT,920
1965,102,RESTRICT,RESTRICT,920
1965,146,RESTRICT,RESTRICT,920
1965,1764,RESTRICT,RESTRICT,920
1966,248,constitute,CONSTITUTE,252
1966,107,constitute,CONSTITUTE,252
1966,90,constitute,CONSTITUTE,252
1966,1967,constitute,CONSTITUTE,252
1966,160,constitute,CONSTITUTE,252
1967,107,constitute,CONSTITUTE,252
1967,160,constitute,CONSTITUTE,252
1968,101,OBLIGATE,OBLIGATE,483
1968,100,DEVELOP,DEVELOP,941
1968,3,DEVELOP,DEVELOP,941
1968,40,DEVELOP,DEVELOP,941
1968,99,DEVELOP,DEVELOP,941
1968,76,DEVELOP,DEVELOP,941
1969,813,OBLIGATE,OBLIGATE,252
1969,59,OBLIGATE,OBLIGATE,252
1969,63,OBLIGATE,OBLIGATE,252
1969,35,oblige,OBLIGE,921
1969,166,oblige,OBLIGE,921
1969,1654,oblige,OBLIGE,921
1969,1081,oblige,OBLIGE,921
1969,892,oblige,OBLIGE,921
1969,109,oblige,OBLIGE,921
1976,350,OBLIGATE,OBLIGATE,361
1976,327,OBLIGATE,OBLIGATE,361
1976,247,include,INCLUDE,521
1977,372,OBLIGATE,OBLIGATE,661
1977,40,OBLIGATE,OBLIGATE,661
1978,280,RESTRICT,RESTRICT,254
1978,278,RESTRICT,RESTRICT,254
1978,277,RESTRICT,RESTRICT,254
1978,267,introduce,INTRODUCE,254
1978,978,RESTRICT,RESTRICT,254
1978,59,OBLIGATE,OBLIGATE,254
1978,187,introduce,INTRODUCE,254
1978,1979,introduce,INTRODUCE,254
1978,1980,OBLIGATE,OBLIGATE,254
1978,146,DEVELOP,DEVELOP,254
1978,265,OBLIGATE,OBLIGATE,254
1978,63,OBLIGATE,OBLIGATE,254
1978,709,SUPPORT,SUPPORT,254
1978,1981,define,DEFINE,254
1978,1713,SUPPORT,SUPPORT,254
1978,279,SUPPORT,SUPPORT,254
1979,267,introduce,INTRODUCE,254
1979,187,introduce,INTRODUCE,254
1979,1980,introduce,INTRODUCE,254
1980,267,introduce,INTRODUCE,254
1980,187,introduce,INTRODUCE,254
1980,265,OBLIGATE,OBLIGATE,254
1980,63,OBLIGATE,OBLIGATE,254
1980,52,OBLIGATE,OBLIGATE,254
1981,52,define,DEFINE,254
1981,1713,SUPPORT,SUPPORT,254
1981,279,SUPPORT,SUPPORT,254
1982,290,DEVELOP,DEVELOP,255
1982,378,DEVELOP,DEVELOP,255
1982,298,REGULATE,REGULATE,255
1982,3,REGULATE,REGULATE,255
1982,294,OBLIGATE,OBLIGATE,255
1982,295,OBLIGATE,OBLIGATE,255
1982,366,OBLIGATE,OBLIGATE,255
1982,1983,impact,IMPACT,255
1982,297,SUPPORT,SUPPORT,255
1982,268,OBLIGATE,OBLIGATE,255
1982,63,OBLIGATE,OBLIGATE,255
1982,1984,OBLIGATE,OBLIGATE,255
1982,379,OBLIGATE,OBLIGATE,255
1982,303,RESTRICT,RESTRICT,255
1982,1985,RESTRICT,RESTRICT,255
1982,131,REGULATE,REGULATE,255
1982,146,REGULATE,REGULATE,255
1982,1986,REGULATE,REGULATE,255
1983,3,impact,IMPACT,255
1983,298,impact,IMPACT,255
1983,2285,benefit,BENEFIT,320
1983,262,benefit,BENEFIT,320
1983,276,amend,AMEND,663
1983,40,amend,AMEND,663
1983,67,OBLIGATE,OBLIGATE,559
1983,3862,amend,AMEND,663
1983,1864,amend,AMEND,663
1984,291,OBLIGATE,OBLIGATE,255
1984,3,OBLIGATE,OBLIGATE,255
1984,268,OBLIGATE,OBLIGATE,255
1984,63,OBLIGATE,OBLIGATE,255
1984,379,OBLIGATE,OBLIGATE,255
1985,303,RESTRICT,RESTRICT,255
1986,3,REGULATE,REGULATE,255
1986,298,REGULATE,REGULATE,255
1986,131,REGULATE,REGULATE,255
1986,146,REGULATE,REGULATE,255
1986,177,SUPPORT,SUPPORT,574
1986,3456,SUPPORT,SUPPORT,574
1986,617,SUPPORT,SUPPORT,574
1986,236,SUPPORT,SUPPORT,574
1986,1423,SUPPORT,SUPPORT,574
1987,422,OBLIGATE,OBLIGATE,256
1987,485,OBLIGATE,OBLIGATE,256
1987,52,REGULATE,REGULATE,256
1987,85,OBLIGATE,OBLIGATE,256
1987,34,OBLIGATE,OBLIGATE,256
1987,13,OBLIGATE,OBLIGATE,256
1988,1987,OBLIGATE,OBLIGATE,256
1988,422,OBLIGATE,OBLIGATE,256
1988,485,OBLIGATE,OBLIGATE,256
1989,1987,OBLIGATE,OBLIGATE,256
1989,485,OBLIGATE,OBLIGATE,256
1989,13,OBLIGATE,OBLIGATE,256
1990,1987,OBLIGATE,OBLIGATE,256
1990,85,OBLIGATE,OBLIGATE,256
1990,34,OBLIGATE,OBLIGATE,256
1991,1987,OBLIGATE,OBLIGATE,256
1992,1987,OBLIGATE,OBLIGATE,256
1992,1989,OBLIGATE,OBLIGATE,256
1992,13,OBLIGATE,OBLIGATE,256
1992,1993,OBLIGATE,OBLIGATE,256
1993,1987,OBLIGATE,OBLIGATE,256
1993,1989,OBLIGATE,OBLIGATE,256
1993,13,OBLIGATE,OBLIGATE,256
1994,468,DEVELOP,DEVELOP,257
1994,1996,OBLIGATE,OBLIGATE,257
1994,1871,OBLIGATE,OBLIGATE,257
1994,3,DEVELOP,DEVELOP,257
1994,1618,OBLIGATE,OBLIGATE,257
1994,1997,OBLIGATE,OBLIGATE,257
1994,635,OBLIGATE,OBLIGATE,257
1994,646,oblige,OBLIGE,257
1994,121,oblige,OBLIGE,257
1994,654,oblige,OBLIGE,257
1994,109,REGULATE,REGULATE,257
1994,1998,REGULATE,REGULATE,257
1994,2000,OBLIGATE,OBLIGATE,257
1994,639,OBLIGATE,OBLIGATE,257
1994,1832,OBLIGATE,OBLIGATE,257
1994,2001,OBLIGATE,OBLIGATE,257
1994,2002,OBLIGATE,OBLIGATE,257
1994,320,OBLIGATE,OBLIGATE,257
1994,82,OBLIGATE,OBLIGATE,257
1995,1994,DEVELOP,DEVELOP,257
1995,103,DEVELOP,DEVELOP,257
1995,468,DEVELOP,DEVELOP,257
1995,1996,DEVELOP,DEVELOP,257
1995,1871,DEVELOP,DEVELOP,257
1995,3,DEVELOP,DEVELOP,257
1995,1618,DEVELOP,DEVELOP,257
1996,3,DEVELOP,DEVELOP,257
1997,103,OBLIGATE,OBLIGATE,257
1997,1996,OBLIGATE,OBLIGATE,257
1997,635,OBLIGATE,OBLIGATE,257
1997,181,OBLIGATE,OBLIGATE,535
1997,1261,OBLIGATE,OBLIGATE,535
1997,3310,OBLIGATE,OBLIGATE,535
1998,131,REGULATE,REGULATE,257
1998,109,REGULATE,REGULATE,257
1999,1994,OBLIGATE,OBLIGATE,257
1999,52,OBLIGATE,OBLIGATE,257
2000,1618,OBLIGATE,OBLIGATE,257
2001,639,OBLIGATE,OBLIGATE,257
2001,1832,OBLIGATE,OBLIGATE,257
2001,320,OBLIGATE,OBLIGATE,257
2002,639,OBLIGATE,OBLIGATE,257
2002,1832,OBLIGATE,OBLIGATE,257
2002,2001,OBLIGATE,OBLIGATE,257
2002,320,OBLIGATE,OBLIGATE,257
2003,372,OBLIGATE,OBLIGATE,258
2003,109,OBLIGATE,OBLIGATE,258
2003,33,OBLIGATE,OBLIGATE,258
2004,52,OBLIGATE,OBLIGATE,258
2004,2866,OBLIGATE,OBLIGATE,447
2004,2844,OBLIGATE,OBLIGATE,447
2004,13,OBLIGATE,OBLIGATE,447
2004,33,OBLIGATE,OBLIGATE,447
2004,148,OBLIGATE,OBLIGATE,447
2004,177,OBLIGATE,OBLIGATE,848
2004,350,OBLIGATE,OBLIGATE,848
2004,4635,OBLIGATE,OBLIGATE,848
2004,4636,OBLIGATE,OBLIGATE,848
2004,1487,OBLIGATE,OBLIGATE,848
2004,707,OBLIGATE,OBLIGATE,848
2004,21,OBLIGATE,OBLIGATE,848
2004,1853,OBLIGATE,OBLIGATE,848
2005,2004,OBLIGATE,OBLIGATE,258
2005,52,OBLIGATE,OBLIGATE,258
2006,52,oblige,OBLIGE,334
2006,392,emphasize,EMPHASIZE,258
2006,37,emphasize,EMPHASIZE,258
2006,2337,oblige,OBLIGE,334
2006,14,oblige,OBLIGE,334
2006,44,oblige,OBLIGE,334
2006,3,oblige,OBLIGE,334
2006,133,oblige,OBLIGE,334
2006,1144,USE,USE,372
2007,52,OBLIGATE,OBLIGATE,259
2007,1012,suggest,SUGGEST,259
2007,224,suggest,SUGGEST,259
2007,570,OBLIGATE,OBLIGATE,259
2007,1013,OBLIGATE,OBLIGATE,259
2007,1014,suggest,SUGGEST,259
2008,1527,commit,COMMIT,260
2008,1528,approach,APPROACH,260
2008,1529,approach,APPROACH,260
2008,5,approach,APPROACH,260
2008,2009,approach,APPROACH,260
2008,2010,approach,APPROACH,260
2008,299,approach,APPROACH,260
2008,2011,propose,PROPOSE,260
2008,2012,propose,PROPOSE,260
2008,1534,propose,PROPOSE,260
2008,2013,grade,GRADE,260
2008,550,grade,GRADE,260
2008,201,grade,GRADE,260
2008,283,commit,COMMIT,260
2008,1046,commit,COMMIT,260
2009,1529,approach,APPROACH,260
2010,1529,approach,APPROACH,260
2010,5,approach,APPROACH,260
2010,2009,approach,APPROACH,260
2012,2011,propose,PROPOSE,260
2012,1534,propose,PROPOSE,260
2013,550,grade,GRADE,260
2013,201,grade,GRADE,260
2013,194,have,HAVE,530
2014,1403,USE,USE,261
2016,3,USE,USE,377
2017,432,OBLIGATE,OBLIGATE,262
2017,131,OBLIGATE,OBLIGATE,262
2017,580,OBLIGATE,OBLIGATE,262
2017,828,OBLIGATE,OBLIGATE,262
2017,1901,OBLIGATE,OBLIGATE,262
2018,262,OBLIGATE,OBLIGATE,263
2018,225,OBLIGATE,OBLIGATE,263
2018,1976,OBLIGATE,OBLIGATE,263
2018,267,OBLIGATE,OBLIGATE,263
2018,570,OBLIGATE,OBLIGATE,263
2019,262,OBLIGATE,OBLIGATE,264
2019,2020,OBLIGATE,OBLIGATE,264
2019,257,OBLIGATE,OBLIGATE,264
2019,545,OBLIGATE,OBLIGATE,264
2019,1495,OBLIGATE,OBLIGATE,264
2019,2021,OBLIGATE,OBLIGATE,264
2020,262,OBLIGATE,OBLIGATE,264
2020,257,OBLIGATE,OBLIGATE,264
2020,545,OBLIGATE,OBLIGATE,264
2020,1495,OBLIGATE,OBLIGATE,264
2021,257,OBLIGATE,OBLIGATE,264
2021,1495,OBLIGATE,OBLIGATE,264
2022,559,OBLIGATE,OBLIGATE,265
2022,2023,OBLIGATE,OBLIGATE,265
2022,1842,define,DEFINE,265
2022,717,OBLIGATE,OBLIGATE,265
2022,235,lie,LIE,265
2022,131,lie,LIE,265
2022,2026,EVALUATE,EVALUATE,265
2022,1976,incorporate,INCORPORATE,265
2022,412,incorporate,INCORPORATE,265
2022,288,identify,IDENTIFY,265
2022,639,identify,IDENTIFY,265
2022,52,define,DEFINE,265
2022,2027,define,DEFINE,265
2022,676,define,DEFINE,265
2023,559,OBLIGATE,OBLIGATE,314
2023,717,OBLIGATE,OBLIGATE,265
2023,2254,OBLIGATE,OBLIGATE,314
2023,2255,OBLIGATE,OBLIGATE,314
2027,52,define,DEFINE,265
2028,350,OBLIGATE,OBLIGATE,266
2028,2029,OBLIGATE,OBLIGATE,266
2028,2030,OBLIGATE,OBLIGATE,266
2028,639,OBLIGATE,OBLIGATE,266
2028,267,OBLIGATE,OBLIGATE,266
2028,2032,OBLIGATE,OBLIGATE,266
2028,2033,OBLIGATE,OBLIGATE,266
2029,2030,OBLIGATE,OBLIGATE,266
2029,639,OBLIGATE,OBLIGATE,266
2029,267,OBLIGATE,OBLIGATE,266
2030,350,DEVELOP,DEVELOP,374
2030,639,DEVELOP,DEVELOP,374
2030,267,OBLIGATE,OBLIGATE,266
2030,63,DEVELOP,DEVELOP,374
2030,2496,DEVELOP,DEVELOP,374
2030,2497,DEVELOP,DEVELOP,374
2030,450,DEVELOP,DEVELOP,374
2030,550,DEVELOP,DEVELOP,374
2030,2498,DEVELOP,DEVELOP,374
2030,337,complement,COMPLEMENT,823
2030,375,complement,COMPLEMENT,823
2030,1108,complement,COMPLEMENT,823
2032,1958,provide,PROVIDE,565
2032,177,provide,PROVIDE,565
2032,131,OBLIGATE,OBLIGATE,618
2032,3,include,INCLUDE,582
2032,335,include,INCLUDE,582
2033,267,OBLIGATE,OBLIGATE,266
2033,2032,OBLIGATE,OBLIGATE,266
2034,590,OBLIGATE,OBLIGATE,267
2034,13,affect,AFFECT,267
2034,67,affect,AFFECT,267
2034,292,OBLIGATE,OBLIGATE,267
2034,1764,include,INCLUDE,267
2034,828,include,INCLUDE,267
2034,1125,affect,AFFECT,267
2034,2035,OBLIGATE,OBLIGATE,267
2034,288,affect,AFFECT,267
2034,2036,affect,AFFECT,267
2034,2037,affect,AFFECT,267
2036,1125,affect,AFFECT,267
2036,288,affect,AFFECT,267
2036,2037,affect,AFFECT,267
2037,1125,affect,AFFECT,267
2037,288,affect,AFFECT,267
2038,2039,amend,AMEND,268
2038,2040,amend,AMEND,268
2038,877,amend,AMEND,268
2038,1245,amend,AMEND,268
2038,744,amend,AMEND,268
2038,2041,amend,AMEND,268
2038,50,amend,AMEND,268
2038,2042,amend,AMEND,268
2038,187,amend,AMEND,268
2038,164,amend,AMEND,268
2038,2043,amend,AMEND,268
2041,877,amend,AMEND,268
2041,1245,amend,AMEND,268
2041,744,amend,AMEND,268
2041,50,amend,AMEND,268
2042,877,amend,AMEND,268
2042,1245,amend,AMEND,268
2043,187,amend,AMEND,268
2043,164,amend,AMEND,268
2044,2045,OBLIGATE,OBLIGATE,269
2044,1111,OBLIGATE,OBLIGATE,269
2044,350,OBLIGATE,OBLIGATE,269
2044,362,OBLIGATE,OBLIGATE,269
2044,2046,OBLIGATE,OBLIGATE,269
2044,2047,OBLIGATE,OBLIGATE,269
2045,267,OBLIGATE,OBLIGATE,269
2046,267,OBLIGATE,OBLIGATE,269
2046,350,OBLIGATE,OBLIGATE,269
2046,362,OBLIGATE,OBLIGATE,269
2046,81,OBLIGATE,OBLIGATE,269
2046,2047,OBLIGATE,OBLIGATE,269
2047,267,OBLIGATE,OBLIGATE,269
2047,350,OBLIGATE,OBLIGATE,269
2047,13,include,INCLUDE,384
2047,328,AUTHORIZE,AUTHORIZE,494
2047,131,include,INCLUDE,384
2047,35,include,INCLUDE,384
2047,323,include,INCLUDE,384
2047,168,emphasize,EMPHASIZE,455
2047,319,OBLIGATE,OBLIGATE,518
2047,466,OBLIGATE,OBLIGATE,518
2047,1941,OBLIGATE,OBLIGATE,518
2047,109,OBLIGATE,OBLIGATE,518
2047,644,OBLIGATE,OBLIGATE,521
2051,67,discuss,DISCUSS,358
2051,3434,enumerate,ENUMERATE,570
2051,2813,enumerate,ENUMERATE,570
2051,451,enumerate,ENUMERATE,570
2051,1607,enumerate,ENUMERATE,570
2051,146,OBLIGATE,OBLIGATE,595
2051,3,OBLIGATE,OBLIGATE,595
2051,40,focus,FOCUS,687
2053,432,OBLIGATE,OBLIGATE,271
2053,225,OBLIGATE,OBLIGATE,271
2053,1976,OBLIGATE,OBLIGATE,271
2053,3,DEVELOP,DEVELOP,271
2053,687,EVALUATE,EVALUATE,271
2053,2054,EVALUATE,EVALUATE,271
2053,570,OBLIGATE,OBLIGATE,271
2054,3,EVALUATE,EVALUATE,271
2054,687,EVALUATE,EVALUATE,271
2055,2056,OBLIGATE,OBLIGATE,272
2055,328,OBLIGATE,OBLIGATE,272
2055,2057,OBLIGATE,OBLIGATE,272
2055,6,OBLIGATE,OBLIGATE,272
2055,786,OBLIGATE,OBLIGATE,272
2055,2058,SUPPORT,SUPPORT,272
2055,2059,SUPPORT,SUPPORT,272
2057,6,OBLIGATE,OBLIGATE,272
2057,786,OBLIGATE,OBLIGATE,272
2057,2,oblige,OBLIGE,435
2057,1543,pursue,PURSUE,384
2057,35,pursue,PURSUE,384
2057,323,pursue,PURSUE,384
2057,2557,pursue,PURSUE,384
2057,2558,pursue,PURSUE,384
2057,2559,pursue,PURSUE,384
2057,177,pursue,PURSUE,384
2057,2825,define,DEFINE,435
2057,466,oblige,OBLIGE,435
2057,2827,oblige,OBLIGE,435
2057,340,DEVELOP,DEVELOP,533
2058,2057,SUPPORT,SUPPORT,272
2058,52,compose,COMPOSE,334
2058,2059,SUPPORT,SUPPORT,272
2058,2337,compose,COMPOSE,334
2058,1445,compose,COMPOSE,334
2058,1272,compose,COMPOSE,334
2059,2057,SUPPORT,SUPPORT,272
2060,62,OBLIGATE,OBLIGATE,273
2060,567,OBLIGATE,OBLIGATE,273
2060,177,OBLIGATE,OBLIGATE,273
2060,2061,OBLIGATE,OBLIGATE,273
2061,320,amend,AMEND,716
2061,4068,amend,AMEND,716
2062,192,make,MAKE,273
2062,131,make,MAKE,273
2062,2063,make,MAKE,273
2063,192,make,MAKE,273
2067,2068,REPORT,REPORT,275
2067,358,REPORT,REPORT,275
2067,3,explain,EXPLAIN,275
2067,2069,explain,EXPLAIN,275
2068,358,REPORT,REPORT,275
2069,3,explain,EXPLAIN,275
2070,422,USE,USE,276
2070,2071,OBLIGATE,OBLIGATE,276
2070,2072,USE,USE,276
2070,200,USE,USE,276
2070,335,USE,USE,276
2070,2073,OBLIGATE,OBLIGATE,276
2070,2074,OBLIGATE,OBLIGATE,276
2070,2075,OBLIGATE,OBLIGATE,276
2071,422,USE,USE,276
2071,2072,USE,USE,276
2071,200,USE,USE,276
2071,335,USE,USE,276
2071,2073,OBLIGATE,OBLIGATE,276
2071,2074,OBLIGATE,OBLIGATE,276
2071,2075,OBLIGATE,OBLIGATE,276
2072,422,USE,USE,276
2072,200,USE,USE,276
2072,335,USE,USE,276
2073,2074,OBLIGATE,OBLIGATE,276
2075,2073,OBLIGATE,OBLIGATE,276
2075,2074,OBLIGATE,OBLIGATE,276
2076,350,OBLIGATE,OBLIGATE,277
2076,2077,OBLIGATE,OBLIGATE,277
2076,366,OBLIGATE,OBLIGATE,277
2076,688,include,INCLUDE,277
2076,2078,include,INCLUDE,277
2076,6,include,INCLUDE,277
2076,2079,include,INCLUDE,277
2077,350,OBLIGATE,OBLIGATE,277
2077,40,SUPPORT,SUPPORT,391
2077,366,OBLIGATE,OBLIGATE,277
2077,297,OBLIGATE,OBLIGATE,391
2077,613,streamline,STREAMLINE,391
2077,267,OBLIGATE,OBLIGATE,391
2077,386,SUPPORT,SUPPORT,391
2077,323,SUPPORT,SUPPORT,391
2077,177,SUPPORT,SUPPORT,391
2077,570,OBLIGATE,OBLIGATE,391
2078,350,include,INCLUDE,277
2078,688,include,INCLUDE,277
2078,6,include,INCLUDE,277
2078,2079,include,INCLUDE,277
2079,350,include,INCLUDE,277
2079,297,include,INCLUDE,277
2079,688,include,INCLUDE,277
2079,6,include,INCLUDE,277
2080,262,OBLIGATE,OBLIGATE,278
2080,178,DEVELOP,DEVELOP,278
2080,267,OBLIGATE,OBLIGATE,278
2080,1370,OBLIGATE,OBLIGATE,278
2080,194,DEVELOP,DEVELOP,278
2080,69,DEVELOP,DEVELOP,278
2080,131,OBLIGATE,OBLIGATE,278
2080,328,OBLIGATE,OBLIGATE,278
2080,18,OBLIGATE,OBLIGATE,278
2080,1314,OBLIGATE,OBLIGATE,278
2080,450,OBLIGATE,OBLIGATE,278
2080,554,OBLIGATE,OBLIGATE,278
2080,2081,OBLIGATE,OBLIGATE,278
2080,1055,OBLIGATE,OBLIGATE,278
2080,570,OBLIGATE,OBLIGATE,278
2081,257,OBLIGATE,OBLIGATE,278
2081,18,OBLIGATE,OBLIGATE,278
2081,450,OBLIGATE,OBLIGATE,278
2082,66,OBLIGATE,OBLIGATE,279
2082,320,OBLIGATE,OBLIGATE,279
2082,1668,OBLIGATE,OBLIGATE,279
2082,235,OBLIGATE,OBLIGATE,279
2082,2083,OBLIGATE,OBLIGATE,279
2082,1630,OBLIGATE,OBLIGATE,279
2082,2084,OBLIGATE,OBLIGATE,279
2082,2085,OBLIGATE,OBLIGATE,279
2082,2086,OBLIGATE,OBLIGATE,279
2082,40,OBLIGATE,OBLIGATE,279
2082,2087,OBLIGATE,OBLIGATE,279
2082,295,OBLIGATE,OBLIGATE,279
2082,120,OBLIGATE,OBLIGATE,279
2082,1105,OBLIGATE,OBLIGATE,279
2082,195,SUPPORT,SUPPORT,279
2082,1415,SUPPORT,SUPPORT,279
2082,34,SUPPORT,SUPPORT,279
2082,2088,SUPPORT,SUPPORT,279
2082,13,OBLIGATE,OBLIGATE,279
2082,2089,OBLIGATE,OBLIGATE,279
2082,53,OBLIGATE,OBLIGATE,279
2082,2090,OBLIGATE,OBLIGATE,279
2082,276,OBLIGATE,OBLIGATE,279
2082,2091,OBLIGATE,OBLIGATE,279
2082,2092,OBLIGATE,OBLIGATE,279
2082,1032,OBLIGATE,OBLIGATE,279
2082,919,OBLIGATE,OBLIGATE,279
2082,21,OBLIGATE,OBLIGATE,279
2082,2093,OBLIGATE,OBLIGATE,279
2083,320,OBLIGATE,OBLIGATE,279
2083,235,OBLIGATE,OBLIGATE,279
2084,66,OBLIGATE,OBLIGATE,279
2084,320,OBLIGATE,OBLIGATE,279
2084,1668,OBLIGATE,OBLIGATE,279
2084,235,OBLIGATE,OBLIGATE,279
2084,2083,OBLIGATE,OBLIGATE,279
2084,1630,OBLIGATE,OBLIGATE,279
2085,3,OBLIGATE,OBLIGATE,279
2085,236,OBLIGATE,OBLIGATE,279
2086,66,OBLIGATE,OBLIGATE,279
2086,40,OBLIGATE,OBLIGATE,279
2086,295,OBLIGATE,OBLIGATE,279
2087,66,OBLIGATE,OBLIGATE,279
2087,2086,OBLIGATE,OBLIGATE,279
2087,40,OBLIGATE,OBLIGATE,279
2087,295,OBLIGATE,OBLIGATE,279
2088,66,SUPPORT,SUPPORT,279
2088,3,SUPPORT,SUPPORT,279
2088,195,SUPPORT,SUPPORT,279
2088,1415,SUPPORT,SUPPORT,279
2088,34,SUPPORT,SUPPORT,279
2089,66,OBLIGATE,OBLIGATE,279
2089,13,OBLIGATE,OBLIGATE,279
2089,53,OBLIGATE,OBLIGATE,279
2089,54,OBLIGATE,OBLIGATE,279
2089,276,OBLIGATE,OBLIGATE,279
2089,1032,OBLIGATE,OBLIGATE,279
2089,919,OBLIGATE,OBLIGATE,279
2090,66,OBLIGATE,OBLIGATE,279
2090,13,OBLIGATE,OBLIGATE,279
2090,2089,OBLIGATE,OBLIGATE,279
2090,53,OBLIGATE,OBLIGATE,279
2090,276,OBLIGATE,OBLIGATE,279
2090,1032,OBLIGATE,OBLIGATE,279
2090,919,OBLIGATE,OBLIGATE,279
2091,66,OBLIGATE,OBLIGATE,279
2091,13,OBLIGATE,OBLIGATE,279
2091,2089,OBLIGATE,OBLIGATE,279
2091,53,OBLIGATE,OBLIGATE,279
2091,2090,OBLIGATE,OBLIGATE,279
2091,276,OBLIGATE,OBLIGATE,279
2091,1032,OBLIGATE,OBLIGATE,279
2091,919,OBLIGATE,OBLIGATE,279
2091,1721,introduce,INTRODUCE,489
2091,283,introduce,INTRODUCE,489
2091,1720,introduce,INTRODUCE,489
2092,66,OBLIGATE,OBLIGATE,279
2092,13,OBLIGATE,OBLIGATE,279
2092,2089,OBLIGATE,OBLIGATE,279
2092,53,OBLIGATE,OBLIGATE,279
2092,2090,OBLIGATE,OBLIGATE,279
2092,276,OBLIGATE,OBLIGATE,279
2092,2091,OBLIGATE,OBLIGATE,279
2092,1032,OBLIGATE,OBLIGATE,279
2092,919,OBLIGATE,OBLIGATE,279
2092,2502,OBLIGATE,OBLIGATE,375
2092,1444,OBLIGATE,OBLIGATE,375
2093,66,OBLIGATE,OBLIGATE,279
2093,320,OBLIGATE,OBLIGATE,765
2093,276,OBLIGATE,OBLIGATE,279
2093,21,OBLIGATE,OBLIGATE,279
2093,2869,OBLIGATE,OBLIGATE,765
2093,1137,OBLIGATE,OBLIGATE,765
2093,1941,OBLIGATE,OBLIGATE,765
2093,1072,OBLIGATE,OBLIGATE,765
2093,13,OBLIGATE,OBLIGATE,765
2093,63,OBLIGATE,OBLIGATE,765
2093,4109,OBLIGATE,OBLIGATE,765
2093,1880,OBLIGATE,OBLIGATE,765
2093,233,OBLIGATE,OBLIGATE,765
2093,4267,OBLIGATE,OBLIGATE,765
2095,273,OBLIGATE,OBLIGATE,307
2095,1941,AUTHORIZE,AUTHORIZE,384
2095,13,include,INCLUDE,384
2095,2554,AUTHORIZE,AUTHORIZE,384
2095,131,include,INCLUDE,384
2095,1543,include,INCLUDE,384
2095,2047,include,INCLUDE,384
2095,35,include,INCLUDE,384
2095,323,include,INCLUDE,384
2095,1192,AUTHORIZE,AUTHORIZE,384
2095,876,launch,LAUNCH,837
2095,81,launch,LAUNCH,837
2096,736,rely,RELY,280
2096,3,REPORT,REPORT,280
2096,1258,rely,RELY,280
2096,585,rely,RELY,280
2096,2097,rely,RELY,280
2096,102,rely,RELY,280
2096,13,REPORT,REPORT,280
2096,688,REPORT,REPORT,280
2096,131,REPORT,REPORT,280
2096,14,REPORT,REPORT,280
2096,738,REPORT,REPORT,280
2097,736,rely,RELY,280
2097,3,rely,RELY,280
2097,585,enable,ENABLE,828
2097,13,rely,RELY,280
2097,268,OBLIGATE,OBLIGATE,567
2097,1092,enable,ENABLE,828
2097,18,produce,PRODUCE,802
2097,34,produce,PRODUCE,802
2097,199,produce,PRODUCE,802
2097,586,enable,ENABLE,828
2097,202,enable,ENABLE,828
2098,2096,rely,RELY,280
2098,736,rely,RELY,280
2098,3,rely,RELY,280
2098,1258,rely,RELY,280
2098,585,rely,RELY,280
2098,2097,rely,RELY,280
2098,102,rely,RELY,280
2098,13,rely,RELY,280
2098,688,rely,RELY,280
2099,2100,include,INCLUDE,281
2099,18,include,INCLUDE,281
2099,128,include,INCLUDE,281
2099,235,include,INCLUDE,281
2099,2101,include,INCLUDE,281
2099,639,include,INCLUDE,281
2099,396,include,INCLUDE,281
2099,120,include,INCLUDE,281
2099,2102,include,INCLUDE,281
2099,30,include,INCLUDE,281
2099,2103,include,INCLUDE,281
2099,37,include,INCLUDE,281
2099,957,include,INCLUDE,281
2099,2104,include,INCLUDE,281
2099,2105,include,INCLUDE,281
2099,2106,include,INCLUDE,281
2099,118,include,INCLUDE,281
2100,18,include,INCLUDE,281
2100,128,include,INCLUDE,281
2100,235,include,INCLUDE,281
2100,2101,include,INCLUDE,281
2100,639,include,INCLUDE,281
2100,396,include,INCLUDE,281
2100,120,include,INCLUDE,281
2100,2102,include,INCLUDE,281
2100,30,include,INCLUDE,281
2100,2103,include,INCLUDE,281
2100,37,include,INCLUDE,281
2100,957,include,INCLUDE,281
2100,2104,include,INCLUDE,281
2100,118,include,INCLUDE,281
2101,18,include,INCLUDE,281
2101,128,include,INCLUDE,281
2101,235,include,INCLUDE,281
2101,639,include,INCLUDE,281
2101,396,include,INCLUDE,281
2101,120,OBLIGATE,OBLIGATE,902
2101,2102,include,INCLUDE,281
2101,30,include,INCLUDE,281
2101,2103,include,INCLUDE,281
2101,37,include,INCLUDE,281
2101,957,include,INCLUDE,281
2101,4870,OBLIGATE,OBLIGATE,902
2102,18,include,INCLUDE,281
2102,128,include,INCLUDE,281
2102,235,include,INCLUDE,281
2102,639,include,INCLUDE,281
2102,396,include,INCLUDE,281
2102,120,include,INCLUDE,281
2102,30,include,INCLUDE,281
2102,37,include,INCLUDE,281
2102,957,include,INCLUDE,281
2102,283,DEVELOP,DEVELOP,902
2102,656,DEVELOP,DEVELOP,902
2103,18,include,INCLUDE,281
2103,128,include,INCLUDE,281
2103,235,include,INCLUDE,281
2103,639,include,INCLUDE,281
2103,396,include,INCLUDE,281
2103,120,include,INCLUDE,281
2103,2102,include,INCLUDE,281
2103,3,OBLIGATE,OBLIGATE,553
2103,30,include,INCLUDE,281
2103,37,include,INCLUDE,281
2103,957,compose,COMPOSE,896
2103,2104,include,INCLUDE,281
2103,484,OBLIGATE,OBLIGATE,507
2103,13,OBLIGATE,OBLIGATE,553
2103,319,OBLIGATE,OBLIGATE,553
2103,81,OBLIGATE,OBLIGATE,553
2103,1720,OBLIGATE,OBLIGATE,553
2103,364,OBLIGATE,OBLIGATE,553
2103,25,OBLIGATE,OBLIGATE,553
2103,1444,compose,COMPOSE,896
2103,52,compose,COMPOSE,896
2104,18,include,INCLUDE,281
2104,128,include,INCLUDE,281
2104,639,include,INCLUDE,281
2104,467,include,INCLUDE,281
2104,957,include,INCLUDE,281
2105,2100,include,INCLUDE,281
2105,18,include,INCLUDE,281
2105,128,include,INCLUDE,281
2105,235,include,INCLUDE,281
2105,2101,include,INCLUDE,281
2105,639,include,INCLUDE,281
2105,396,include,INCLUDE,281
2105,120,include,INCLUDE,281
2105,2102,include,INCLUDE,281
2105,30,include,INCLUDE,281
2105,2103,include,INCLUDE,281
2105,37,include,INCLUDE,281
2105,957,include,INCLUDE,281
2105,2104,include,INCLUDE,281
2105,118,include,INCLUDE,281
2106,2100,include,INCLUDE,281
2106,18,include,INCLUDE,281
2106,128,include,INCLUDE,281
2106,235,include,INCLUDE,281
2106,2101,include,INCLUDE,281
2106,639,include,INCLUDE,281
2106,396,include,INCLUDE,281
2106,120,include,INCLUDE,281
2106,2102,include,INCLUDE,281
2106,30,include,INCLUDE,281
2106,2103,include,INCLUDE,281
2106,37,include,INCLUDE,281
2106,957,include,INCLUDE,281
2106,2104,include,INCLUDE,281
2106,2105,include,INCLUDE,281
2106,118,include,INCLUDE,281
2107,127,OBLIGATE,OBLIGATE,282
2107,129,OBLIGATE,OBLIGATE,282
2107,131,USE,USE,282
2107,170,USE,USE,282
2107,133,OBLIGATE,OBLIGATE,282
2107,116,OBLIGATE,OBLIGATE,282
2108,2109,clarify,CLARIFY,283
2108,3,OBLIGATE,OBLIGATE,283
2108,2110,OBLIGATE,OBLIGATE,283
2109,496,clarify,CLARIFY,283
2110,3,OBLIGATE,OBLIGATE,283
2110,496,OBLIGATE,OBLIGATE,283
2111,2112,clarify,CLARIFY,284
2113,1544,OBLIGATE,OBLIGATE,286
2113,2114,OBLIGATE,OBLIGATE,286
2113,2115,OBLIGATE,OBLIGATE,286
2113,519,OBLIGATE,OBLIGATE,286
2113,2116,affect,AFFECT,286
2113,577,affect,AFFECT,286
2113,262,OBLIGATE,OBLIGATE,286
2113,328,affect,AFFECT,286
2113,999,OBLIGATE,OBLIGATE,286
2113,244,OBLIGATE,OBLIGATE,286
2113,2117,OBLIGATE,OBLIGATE,286
2113,13,affect,AFFECT,286
2113,2118,affect,AFFECT,286
2113,299,affect,AFFECT,286
2114,1544,OBLIGATE,OBLIGATE,286
2114,519,OBLIGATE,OBLIGATE,286
2114,81,OBLIGATE,OBLIGATE,306
2114,1686,OBLIGATE,OBLIGATE,306
2114,687,OBLIGATE,OBLIGATE,306
2114,2214,OBLIGATE,OBLIGATE,306
2114,257,release,RELEASE,530
2114,2307,release,RELEASE,530
2114,194,release,RELEASE,530
2114,225,release,RELEASE,530
2114,2146,release,RELEASE,530
2114,62,OBLIGATE,OBLIGATE,767
2114,646,OBLIGATE,OBLIGATE,767
2114,185,OBLIGATE,OBLIGATE,767
2114,858,OBLIGATE,OBLIGATE,767
2115,1544,OBLIGATE,OBLIGATE,286
2115,2114,OBLIGATE,OBLIGATE,286
2115,519,OBLIGATE,OBLIGATE,286
2115,262,OBLIGATE,OBLIGATE,286
2115,81,AUTHORIZE,AUTHORIZE,838
2115,550,AUTHORIZE,AUTHORIZE,838
2115,268,OBLIGATE,OBLIGATE,838
2118,13,affect,AFFECT,286
2118,299,affect,AFFECT,286
2119,2120,OBLIGATE,OBLIGATE,287
2119,2121,OBLIGATE,OBLIGATE,287
2119,714,OBLIGATE,OBLIGATE,287
2119,292,OBLIGATE,OBLIGATE,287
2119,301,OBLIGATE,OBLIGATE,287
2119,2122,OBLIGATE,OBLIGATE,287
2120,2121,OBLIGATE,OBLIGATE,287
2120,714,OBLIGATE,OBLIGATE,287
2120,292,OBLIGATE,OBLIGATE,287
2122,58,OBLIGATE,OBLIGATE,456
2122,323,OBLIGATE,OBLIGATE,456
2123,422,USE,USE,288
2123,192,USE,USE,288
2123,318,REPORT,REPORT,288
2123,224,REPORT,REPORT,288
2123,438,OBLIGATE,OBLIGATE,288
2123,2125,OBLIGATE,OBLIGATE,288
2123,2126,REPORT,REPORT,288
2123,63,OBLIGATE,OBLIGATE,288
2123,13,REPORT,REPORT,288
2123,350,REPORT,REPORT,288
2123,2127,OBLIGATE,OBLIGATE,288
2123,2128,OBLIGATE,OBLIGATE,288
2123,2129,OBLIGATE,OBLIGATE,288
2123,236,OBLIGATE,OBLIGATE,288
2123,2130,OBLIGATE,OBLIGATE,288
2123,2131,OBLIGATE,OBLIGATE,288
2123,2132,REPORT,REPORT,288
2124,438,aim,AIM,288
2124,2125,aim,AIM,288
2124,535,aim,AIM,288
2124,13,include,INCLUDE,301
2124,52,include,INCLUDE,301
2125,402,OBLIGATE,OBLIGATE,288
2125,318,OBLIGATE,OBLIGATE,288
2125,63,OBLIGATE,OBLIGATE,288
2125,13,OBLIGATE,OBLIGATE,288
2125,350,OBLIGATE,OBLIGATE,288
2125,2128,OBLIGATE,OBLIGATE,288
2125,236,OBLIGATE,OBLIGATE,288
2125,2130,OBLIGATE,OBLIGATE,288
2126,318,REPORT,REPORT,288
2126,438,OBLIGATE,OBLIGATE,288
2126,2125,OBLIGATE,OBLIGATE,288
2126,63,OBLIGATE,OBLIGATE,288
2126,13,REPORT,REPORT,288
2126,350,REPORT,REPORT,288
2126,2127,OBLIGATE,OBLIGATE,288
2126,2128,OBLIGATE,OBLIGATE,288
2126,236,OBLIGATE,OBLIGATE,288
2126,2130,OBLIGATE,OBLIGATE,288
2126,2131,OBLIGATE,OBLIGATE,288
2126,296,OBLIGATE,OBLIGATE,622
2126,2132,REPORT,REPORT,288
2126,3193,provide,PROVIDE,514
2126,468,provide,PROVIDE,514
2126,198,provide,PROVIDE,514
2126,467,provide,PROVIDE,514
2126,1556,provide,PROVIDE,514
2126,314,OBLIGATE,OBLIGATE,622
2126,3119,OBLIGATE,OBLIGATE,622
2126,3686,OBLIGATE,OBLIGATE,622
2127,318,OBLIGATE,OBLIGATE,288
2127,438,OBLIGATE,OBLIGATE,288
2127,2125,OBLIGATE,OBLIGATE,288
2127,63,OBLIGATE,OBLIGATE,288
2127,13,OBLIGATE,OBLIGATE,288
2127,350,OBLIGATE,OBLIGATE,288
2127,2128,OBLIGATE,OBLIGATE,288
2127,2129,OBLIGATE,OBLIGATE,288
2127,236,OBLIGATE,OBLIGATE,288
2127,2130,OBLIGATE,OBLIGATE,288
2127,2131,OBLIGATE,OBLIGATE,288
2129,318,OBLIGATE,OBLIGATE,288
2129,438,OBLIGATE,OBLIGATE,288
2129,2125,OBLIGATE,OBLIGATE,288
2129,63,OBLIGATE,OBLIGATE,288
2129,13,OBLIGATE,OBLIGATE,288
2129,350,OBLIGATE,OBLIGATE,288
2129,236,OBLIGATE,OBLIGATE,288
2129,2130,OBLIGATE,OBLIGATE,288
2129,418,OBLIGATE,OBLIGATE,629
2129,151,OBLIGATE,OBLIGATE,629
2129,235,OBLIGATE,OBLIGATE,629
2129,40,OBLIGATE,OBLIGATE,629
2130,131,OBLIGATE,OBLIGATE,288
2130,63,OBLIGATE,OBLIGATE,288
2130,13,OBLIGATE,OBLIGATE,288
2130,350,OBLIGATE,OBLIGATE,288
2130,2128,OBLIGATE,OBLIGATE,288
2130,236,OBLIGATE,OBLIGATE,288
2131,318,OBLIGATE,OBLIGATE,288
2131,438,OBLIGATE,OBLIGATE,288
2131,2125,OBLIGATE,OBLIGATE,288
2131,63,OBLIGATE,OBLIGATE,288
2131,13,OBLIGATE,OBLIGATE,288
2131,350,OBLIGATE,OBLIGATE,288
2131,2128,OBLIGATE,OBLIGATE,288
2131,2129,OBLIGATE,OBLIGATE,288
2131,236,OBLIGATE,OBLIGATE,288
2131,2130,OBLIGATE,OBLIGATE,288
2132,318,REPORT,REPORT,288
2132,13,REPORT,REPORT,288
2132,350,REPORT,REPORT,288
2133,131,include,INCLUDE,288
2133,318,include,INCLUDE,288
2133,296,include,INCLUDE,288
2133,402,include,INCLUDE,288
2134,262,OBLIGATE,OBLIGATE,289
2134,177,OBLIGATE,OBLIGATE,289
2134,2135,OBLIGATE,OBLIGATE,289
2134,688,IMPLEMENT,IMPLEMENT,289
2134,267,IMPLEMENT,IMPLEMENT,289
2134,320,SUPPORT,SUPPORT,289
2134,1941,OBLIGATE,OBLIGATE,289
2134,235,SUPPORT,SUPPORT,289
2134,2136,OBLIGATE,OBLIGATE,289
2134,2137,OBLIGATE,OBLIGATE,289
2134,625,OBLIGATE,OBLIGATE,289
2134,2138,IMPLEMENT,IMPLEMENT,289
2134,2139,DEVELOP,DEVELOP,289
2134,644,DEVELOP,DEVELOP,289
2134,292,DEVELOP,DEVELOP,289
2135,262,OBLIGATE,OBLIGATE,289
2135,177,OBLIGATE,OBLIGATE,289
2135,267,OBLIGATE,OBLIGATE,289
2135,40,OBLIGATE,OBLIGATE,289
2136,2137,OBLIGATE,OBLIGATE,289
2136,267,OBLIGATE,OBLIGATE,289
2136,1941,OBLIGATE,OBLIGATE,289
2137,267,OBLIGATE,OBLIGATE,289
2137,1941,OBLIGATE,OBLIGATE,289
2138,688,IMPLEMENT,IMPLEMENT,289
2138,267,IMPLEMENT,IMPLEMENT,289
2139,52,DEVELOP,DEVELOP,289
2139,644,DEVELOP,DEVELOP,289
2139,292,DEVELOP,DEVELOP,289
2140,622,REPORT,REPORT,290
2140,13,REPORT,REPORT,290
2140,263,REPORT,REPORT,290
2140,2141,REPORT,REPORT,290
2140,267,REPORT,REPORT,290
2140,2142,integrate,INTEGRATE,290
2140,2143,REPORT,REPORT,290
2141,622,REPORT,REPORT,290
2141,13,REPORT,REPORT,290
2141,263,REPORT,REPORT,290
2141,267,REPORT,REPORT,290
2141,2142,integrate,INTEGRATE,290
2141,2143,REPORT,REPORT,290
2142,267,integrate,INTEGRATE,290
2143,267,REPORT,REPORT,290
2144,2145,cover,COVER,291
2144,262,OBLIGATE,OBLIGATE,291
2144,663,cover,COVER,291
2144,623,OBLIGATE,OBLIGATE,291
2144,826,OBLIGATE,OBLIGATE,291
2144,13,cover,COVER,291
2144,2146,OBLIGATE,OBLIGATE,291
2144,268,OBLIGATE,OBLIGATE,291
2144,347,OBLIGATE,OBLIGATE,291
2144,450,OBLIGATE,OBLIGATE,291
2144,297,OBLIGATE,OBLIGATE,291
2144,535,OBLIGATE,OBLIGATE,291
2144,298,OBLIGATE,OBLIGATE,291
2144,6,OBLIGATE,OBLIGATE,291
2144,671,OBLIGATE,OBLIGATE,291
2144,52,OBLIGATE,OBLIGATE,291
2144,263,cover,COVER,291
2144,132,cover,COVER,291
2145,262,OBLIGATE,OBLIGATE,291
2145,13,cover,COVER,291
2145,2146,OBLIGATE,OBLIGATE,291
2145,1842,REPORT,REPORT,303
2145,318,REPORT,REPORT,303
2145,2307,OBLIGATE,OBLIGATE,346
2145,2200,OBLIGATE,OBLIGATE,346
2146,13,OBLIGATE,OBLIGATE,291
2146,257,release,RELEASE,530
2146,2307,release,RELEASE,530
2146,194,release,RELEASE,530
2146,225,release,RELEASE,530
2147,262,offer,OFFER,292
2147,178,offer,OFFER,292
2147,2148,offer,OFFER,292
2147,807,OBLIGATE,OBLIGATE,292
2147,687,offer,OFFER,292
2147,340,offer,OFFER,292
2147,260,offer,OFFER,292
2147,267,OBLIGATE,OBLIGATE,292
2147,328,OBLIGATE,OBLIGATE,292
2148,178,offer,OFFER,292
2148,687,offer,OFFER,292
2148,340,offer,OFFER,292
2148,260,offer,OFFER,292
2148,267,offer,OFFER,292
2149,328,OBLIGATE,OBLIGATE,293
2149,2150,OBLIGATE,OBLIGATE,293
2149,1330,OBLIGATE,OBLIGATE,293
2149,35,OBLIGATE,OBLIGATE,293
2149,1078,OBLIGATE,OBLIGATE,293
2149,2151,OBLIGATE,OBLIGATE,293
2149,177,conduct,CONDUCT,293
2149,267,OBLIGATE,OBLIGATE,293
2149,265,OBLIGATE,OBLIGATE,293
2149,63,OBLIGATE,OBLIGATE,293
2150,328,OBLIGATE,OBLIGATE,293
2150,1078,OBLIGATE,OBLIGATE,293
2150,2151,OBLIGATE,OBLIGATE,293
2150,267,OBLIGATE,OBLIGATE,293
2151,328,OBLIGATE,OBLIGATE,293
2151,177,SUPPORT,SUPPORT,427
2151,267,OBLIGATE,OBLIGATE,293
2151,40,SUPPORT,SUPPORT,427
2152,622,OBLIGATE,OBLIGATE,294
2152,267,OBLIGATE,OBLIGATE,294
2152,432,OBLIGATE,OBLIGATE,294
2152,2153,OBLIGATE,OBLIGATE,294
2152,831,OBLIGATE,OBLIGATE,294
2152,13,OBLIGATE,OBLIGATE,294
2152,2154,OBLIGATE,OBLIGATE,294
2153,622,OBLIGATE,OBLIGATE,294
2153,267,OBLIGATE,OBLIGATE,294
2153,432,OBLIGATE,OBLIGATE,294
2154,622,OBLIGATE,OBLIGATE,294
2154,267,OBLIGATE,OBLIGATE,294
2154,13,OBLIGATE,OBLIGATE,294
2155,2156,OBLIGATE,OBLIGATE,295
2155,2157,OBLIGATE,OBLIGATE,295
2155,267,OBLIGATE,OBLIGATE,295
2155,350,OBLIGATE,OBLIGATE,295
2155,244,OBLIGATE,OBLIGATE,295
2155,299,OBLIGATE,OBLIGATE,295
2155,2158,OBLIGATE,OBLIGATE,295
2156,267,OBLIGATE,OBLIGATE,295
2157,621,OBLIGATE,OBLIGATE,319
2157,622,OBLIGATE,OBLIGATE,319
2157,384,OBLIGATE,OBLIGATE,319
2157,2280,OBLIGATE,OBLIGATE,319
2157,2281,OBLIGATE,OBLIGATE,319
2159,639,OBLIGATE,OBLIGATE,296
2159,2160,REGULATE,REGULATE,296
2159,276,REGULATE,REGULATE,296
2159,2161,REGULATE,REGULATE,296
2159,320,OBLIGATE,OBLIGATE,296
2159,1983,identify,IDENTIFY,296
2159,13,OBLIGATE,OBLIGATE,296
2159,2162,OBLIGATE,OBLIGATE,296
2160,276,REGULATE,REGULATE,296
2160,2161,REGULATE,REGULATE,296
2161,276,REGULATE,REGULATE,296
2162,13,OBLIGATE,OBLIGATE,296
2163,267,determine,DETERMINE,297
2163,327,include,INCLUDE,297
2163,2164,OBLIGATE,OBLIGATE,297
2163,35,OBLIGATE,OBLIGATE,297
2163,2165,OBLIGATE,OBLIGATE,297
2163,1733,OBLIGATE,OBLIGATE,297
2163,52,include,INCLUDE,297
2163,347,include,INCLUDE,297
2163,209,include,INCLUDE,297
2163,1290,include,INCLUDE,297
2164,267,OBLIGATE,OBLIGATE,297
2164,327,OBLIGATE,OBLIGATE,297
2164,35,OBLIGATE,OBLIGATE,297
2164,2165,OBLIGATE,OBLIGATE,297
2164,323,OBLIGATE,OBLIGATE,297
2165,267,OBLIGATE,OBLIGATE,297
2165,327,OBLIGATE,OBLIGATE,297
2165,35,OBLIGATE,OBLIGATE,297
2166,474,OBLIGATE,OBLIGATE,298
2166,295,OBLIGATE,OBLIGATE,298
2166,2167,OBLIGATE,OBLIGATE,298
2166,2168,include,INCLUDE,298
2166,2169,OBLIGATE,OBLIGATE,298
2166,2170,OBLIGATE,OBLIGATE,298
2166,131,include,INCLUDE,298
2166,13,OBLIGATE,OBLIGATE,298
2166,639,include,INCLUDE,298
2166,85,include,INCLUDE,298
2166,292,include,INCLUDE,298
2166,2171,include,INCLUDE,298
2166,2172,include,INCLUDE,298
2166,2173,include,INCLUDE,298
2166,2174,include,INCLUDE,298
2167,295,OBLIGATE,OBLIGATE,298
2167,2168,OBLIGATE,OBLIGATE,298
2168,295,OBLIGATE,OBLIGATE,298
2168,386,DEVELOP,DEVELOP,526
2168,131,include,INCLUDE,298
2168,13,OBLIGATE,OBLIGATE,298
2168,639,include,INCLUDE,298
2168,85,include,INCLUDE,298
2168,292,include,INCLUDE,298
2168,2173,include,INCLUDE,298
2168,2174,include,INCLUDE,298
2168,2762,OBLIGATE,OBLIGATE,423
2168,2763,OBLIGATE,OBLIGATE,423
2168,2764,OBLIGATE,OBLIGATE,423
2168,6,OBLIGATE,OBLIGATE,423
2168,276,OBLIGATE,OBLIGATE,425
2168,3257,DEVELOP,DEVELOP,526
2168,33,OBLIGATE,OBLIGATE,526
2169,295,OBLIGATE,OBLIGATE,298
2169,2167,OBLIGATE,OBLIGATE,298
2169,2168,OBLIGATE,OBLIGATE,298
2169,131,OBLIGATE,OBLIGATE,298
2170,295,OBLIGATE,OBLIGATE,298
2170,2167,OBLIGATE,OBLIGATE,298
2170,2168,OBLIGATE,OBLIGATE,298
2170,2169,OBLIGATE,OBLIGATE,298
2171,2168,include,INCLUDE,298
2171,131,include,INCLUDE,298
2171,639,include,INCLUDE,298
2171,85,include,INCLUDE,298
2171,292,include,INCLUDE,298
2171,2173,include,INCLUDE,298
2171,2174,include,INCLUDE,298
2172,2168,include,INCLUDE,298
2172,131,include,INCLUDE,298
2172,639,include,INCLUDE,298
2172,85,include,INCLUDE,298
2172,292,include,INCLUDE,298
2172,2171,include,INCLUDE,298
2172,2173,include,INCLUDE,298
2172,2174,include,INCLUDE,298
2172,262,OBLIGATE,OBLIGATE,367
2172,6,OBLIGATE,OBLIGATE,367
2172,2397,OBLIGATE,OBLIGATE,367
2173,131,include,INCLUDE,298
2173,639,include,INCLUDE,298
2173,85,include,INCLUDE,298
2174,131,include,INCLUDE,298
2174,639,include,INCLUDE,298
2174,85,include,INCLUDE,298
2174,2173,include,INCLUDE,298
2175,2176,USE,USE,299
2175,2177,USE,USE,299
2175,52,USE,USE,299
2175,181,USE,USE,299
2175,278,USE,USE,299
2175,957,USE,USE,299
2175,993,OBLIGATE,OBLIGATE,299
2175,1941,OBLIGATE,OBLIGATE,299
2175,2179,OBLIGATE,OBLIGATE,299
2175,2180,OBLIGATE,OBLIGATE,299
2175,2181,OBLIGATE,OBLIGATE,299
2175,2182,OBLIGATE,OBLIGATE,299
2175,1238,OBLIGATE,OBLIGATE,299
2175,292,OBLIGATE,OBLIGATE,299
2175,872,OBLIGATE,OBLIGATE,299
2176,52,USE,USE,299
2176,181,USE,USE,299
2176,957,USE,USE,299
2176,993,USE,USE,299
2176,40,OBLIGATE,OBLIGATE,552
2176,311,OBLIGATE,OBLIGATE,552
2176,3373,OBLIGATE,OBLIGATE,552
2176,1533,OBLIGATE,OBLIGATE,552
2176,80,OBLIGATE,OBLIGATE,789
2176,79,OBLIGATE,OBLIGATE,789
2177,2176,USE,USE,299
2177,52,USE,USE,299
2177,181,USE,USE,299
2177,278,USE,USE,299
2177,957,USE,USE,299
2177,993,USE,USE,299
2177,2762,REPORT,REPORT,423
2177,268,REPORT,REPORT,423
2179,993,OBLIGATE,OBLIGATE,299
2179,1941,OBLIGATE,OBLIGATE,299
2179,2181,OBLIGATE,OBLIGATE,299
2180,993,OBLIGATE,OBLIGATE,299
2180,1941,OBLIGATE,OBLIGATE,299
2180,2179,OBLIGATE,OBLIGATE,299
2180,2181,OBLIGATE,OBLIGATE,299
2180,2182,OBLIGATE,OBLIGATE,299
2180,1238,OBLIGATE,OBLIGATE,299
2180,292,OBLIGATE,OBLIGATE,299
2180,872,OBLIGATE,OBLIGATE,299
2182,993,OBLIGATE,OBLIGATE,299
2182,1941,OBLIGATE,OBLIGATE,299
2182,2179,OBLIGATE,OBLIGATE,299
2182,2181,OBLIGATE,OBLIGATE,299
2182,1238,OBLIGATE,OBLIGATE,299
2182,292,OBLIGATE,OBLIGATE,299
2182,872,OBLIGATE,OBLIGATE,299
2183,267,OBLIGATE,OBLIGATE,300
2183,570,OBLIGATE,OBLIGATE,300
2183,2184,OBLIGATE,OBLIGATE,300
2183,40,OBLIGATE,OBLIGATE,300
2183,983,OBLIGATE,OBLIGATE,300
2183,860,OBLIGATE,OBLIGATE,300
2183,1908,OBLIGATE,OBLIGATE,300
2183,1799,OBLIGATE,OBLIGATE,300
2183,278,OBLIGATE,OBLIGATE,300
2183,2185,OBLIGATE,OBLIGATE,300
2183,2186,OBLIGATE,OBLIGATE,300
2185,40,OBLIGATE,OBLIGATE,300
2187,432,REPORT,REPORT,301
2187,2188,EVALUATE,EVALUATE,301
2187,2189,EVALUATE,EVALUATE,301
2187,2190,include,INCLUDE,301
2187,570,REPORT,REPORT,301
2187,13,include,INCLUDE,301
2187,52,include,INCLUDE,301
2187,2124,include,INCLUDE,301
2188,432,EVALUATE,EVALUATE,301
2188,2189,EVALUATE,EVALUATE,301
2189,432,EVALUATE,EVALUATE,301
2191,2192,OBLIGATE,OBLIGATE,302
2191,2193,OBLIGATE,OBLIGATE,302
2191,2194,OBLIGATE,OBLIGATE,302
2192,622,OBLIGATE,OBLIGATE,302
2193,2192,OBLIGATE,OBLIGATE,302
2193,2194,OBLIGATE,OBLIGATE,302
2195,2136,REPORT,REPORT,303
2195,2145,REPORT,REPORT,303
2195,2146,AUTHORIZE,AUTHORIZE,303
2195,263,REPORT,REPORT,303
2195,1842,REPORT,REPORT,303
2195,2196,REPORT,REPORT,303
2195,318,REPORT,REPORT,303
2196,2145,REPORT,REPORT,303
2196,1842,REPORT,REPORT,303
2196,318,REPORT,REPORT,303
2196,1046,OBLIGATE,OBLIGATE,373
2196,2486,OBLIGATE,OBLIGATE,373
2197,262,OBLIGATE,OBLIGATE,304
2197,392,OBLIGATE,OBLIGATE,304
2197,18,OBLIGATE,OBLIGATE,304
2197,1622,DEVELOP,DEVELOP,304
2197,655,OBLIGATE,OBLIGATE,304
2197,2201,OBLIGATE,OBLIGATE,304
2197,166,OBLIGATE,OBLIGATE,304
2197,2202,OBLIGATE,OBLIGATE,304
2202,166,OBLIGATE,OBLIGATE,304
2203,2204,OBLIGATE,OBLIGATE,305
2203,2205,OBLIGATE,OBLIGATE,305
2203,262,OBLIGATE,OBLIGATE,305
2203,2210,OBLIGATE,OBLIGATE,305
2203,452,OBLIGATE,OBLIGATE,305
2203,2206,OBLIGATE,OBLIGATE,305
2203,2207,OBLIGATE,OBLIGATE,305
2203,2209,OBLIGATE,OBLIGATE,305
2204,1941,OBLIGATE,OBLIGATE,305
2204,262,OBLIGATE,OBLIGATE,305
2205,2204,OBLIGATE,OBLIGATE,305
2205,262,OBLIGATE,OBLIGATE,305
2206,1941,OBLIGATE,OBLIGATE,305
2206,452,OBLIGATE,OBLIGATE,305
2207,1941,OBLIGATE,OBLIGATE,305
2211,81,OBLIGATE,OBLIGATE,306
2211,1686,OBLIGATE,OBLIGATE,306
2211,687,OBLIGATE,OBLIGATE,306
2211,2114,OBLIGATE,OBLIGATE,306
2211,2212,OBLIGATE,OBLIGATE,306
2211,2213,OBLIGATE,OBLIGATE,306
2211,2214,OBLIGATE,OBLIGATE,306
2211,2215,OBLIGATE,OBLIGATE,306
2211,2216,OBLIGATE,OBLIGATE,306
2211,262,exceed,EXCEED,306
2211,340,OBLIGATE,OBLIGATE,306
2211,2217,exceed,EXCEED,306
2212,81,OBLIGATE,OBLIGATE,306
2212,1686,OBLIGATE,OBLIGATE,306
2212,687,OBLIGATE,OBLIGATE,306
2212,2114,OBLIGATE,OBLIGATE,306
2212,2213,OBLIGATE,OBLIGATE,306
2212,2214,OBLIGATE,OBLIGATE,306
2212,1758,OBLIGATE,OBLIGATE,306
2213,81,OBLIGATE,OBLIGATE,306
2213,1686,OBLIGATE,OBLIGATE,306
2213,687,OBLIGATE,OBLIGATE,306
2213,2114,OBLIGATE,OBLIGATE,306
2213,2214,OBLIGATE,OBLIGATE,306
2214,81,OBLIGATE,OBLIGATE,306
2214,687,OBLIGATE,OBLIGATE,306
2215,1758,OBLIGATE,OBLIGATE,306
2216,262,OBLIGATE,OBLIGATE,306
2216,340,OBLIGATE,OBLIGATE,306
2217,262,exceed,EXCEED,306
2218,273,OBLIGATE,OBLIGATE,307
2218,2095,OBLIGATE,OBLIGATE,307
2218,2219,OBLIGATE,OBLIGATE,307
2218,2220,OBLIGATE,OBLIGATE,307
2218,2221,OBLIGATE,OBLIGATE,307
2218,2222,OBLIGATE,OBLIGATE,307
2218,2223,OBLIGATE,OBLIGATE,307
2218,2224,OBLIGATE,OBLIGATE,307
2218,13,OBLIGATE,OBLIGATE,307
2218,63,OBLIGATE,OBLIGATE,307
2219,273,OBLIGATE,OBLIGATE,307
2219,2095,OBLIGATE,OBLIGATE,307
2221,2220,OBLIGATE,OBLIGATE,307
2221,288,OBLIGATE,OBLIGATE,307
2222,288,OBLIGATE,OBLIGATE,307
2222,2223,OBLIGATE,OBLIGATE,307
2222,2224,OBLIGATE,OBLIGATE,307
2223,288,OBLIGATE,OBLIGATE,307
2223,2224,OBLIGATE,OBLIGATE,307
2224,288,OBLIGATE,OBLIGATE,307
2225,260,OBLIGATE,OBLIGATE,308
2225,267,OBLIGATE,OBLIGATE,308
2225,2227,OBLIGATE,OBLIGATE,308
2225,52,USE,USE,308
2225,2226,USE,USE,308
2225,872,OBLIGATE,OBLIGATE,308
2226,267,USE,USE,308
2226,52,USE,USE,308
2228,2229,OBLIGATE,OBLIGATE,309
2228,350,guide,GUIDE,309
2228,516,guide,GUIDE,309
2228,2231,USE,USE,309
2228,2232,USE,USE,309
2229,350,OBLIGATE,OBLIGATE,309
2230,40,OBLIGATE,OBLIGATE,568
2231,2232,USE,USE,309
2232,178,OBLIGATE,OBLIGATE,331
2232,3,OBLIGATE,OBLIGATE,331
2232,957,OBLIGATE,OBLIGATE,331
2232,535,OBLIGATE,OBLIGATE,331
2232,318,OBLIGATE,OBLIGATE,331
2233,590,provide,PROVIDE,310
2233,2234,provide,PROVIDE,310
2233,2235,provide,PROVIDE,310
2233,255,provide,PROVIDE,310
2233,1941,provide,PROVIDE,310
2233,2236,provide,PROVIDE,310
2234,590,provide,PROVIDE,310
2234,255,provide,PROVIDE,310
2234,1941,provide,PROVIDE,310
2235,590,OBLIGATE,OBLIGATE,587
2235,255,OBLIGATE,OBLIGATE,587
2235,1941,OBLIGATE,OBLIGATE,587
2235,2236,OBLIGATE,OBLIGATE,587
2235,103,OBLIGATE,OBLIGATE,587
2236,1941,OBLIGATE,OBLIGATE,587
2236,103,OBLIGATE,OBLIGATE,587
2237,590,OBLIGATE,OBLIGATE,311
2237,1618,OBLIGATE,OBLIGATE,311
2237,1654,OBLIGATE,OBLIGATE,311
2237,33,OBLIGATE,OBLIGATE,311
2237,21,OBLIGATE,OBLIGATE,311
2237,1055,OBLIGATE,OBLIGATE,311
2237,2238,OBLIGATE,OBLIGATE,311
2237,2239,OBLIGATE,OBLIGATE,311
2237,2240,OBLIGATE,OBLIGATE,311
2237,2241,OBLIGATE,OBLIGATE,311
2237,233,OBLIGATE,OBLIGATE,311
2237,360,OBLIGATE,OBLIGATE,311
2237,2242,OBLIGATE,OBLIGATE,311
2238,21,OBLIGATE,OBLIGATE,311
2238,1055,OBLIGATE,OBLIGATE,311
2238,2239,OBLIGATE,OBLIGATE,311
2238,2240,OBLIGATE,OBLIGATE,311
2238,2241,OBLIGATE,OBLIGATE,311
2239,21,OBLIGATE,OBLIGATE,311
2240,21,OBLIGATE,OBLIGATE,311
2240,1055,OBLIGATE,OBLIGATE,311
2240,2239,OBLIGATE,OBLIGATE,311
2240,2241,OBLIGATE,OBLIGATE,311
2241,21,OBLIGATE,OBLIGATE,311
2241,1055,OBLIGATE,OBLIGATE,311
2241,2239,OBLIGATE,OBLIGATE,311
2242,21,OBLIGATE,OBLIGATE,311
2242,233,OBLIGATE,OBLIGATE,311
2242,360,OBLIGATE,OBLIGATE,311
2243,663,OBLIGATE,OBLIGATE,312
2243,178,OBLIGATE,OBLIGATE,312
2243,311,OBLIGATE,OBLIGATE,312
2243,291,specify,SPECIFY,312
2243,2244,OBLIGATE,OBLIGATE,312
2243,418,specify,SPECIFY,312
2243,133,specify,SPECIFY,312
2244,178,OBLIGATE,OBLIGATE,312
2244,311,OBLIGATE,OBLIGATE,312
2245,2246,OBLIGATE,OBLIGATE,313
2245,535,OBLIGATE,OBLIGATE,313
2245,2247,OBLIGATE,OBLIGATE,313
2245,2248,OBLIGATE,OBLIGATE,313
2245,225,OBLIGATE,OBLIGATE,313
2245,2249,OBLIGATE,OBLIGATE,313
2245,85,OBLIGATE,OBLIGATE,313
2245,450,DEVELOP,DEVELOP,313
2245,131,DEVELOP,DEVELOP,313
2245,2250,DEVELOP,DEVELOP,313
2245,2251,OBLIGATE,OBLIGATE,313
2245,379,OBLIGATE,OBLIGATE,313
2245,936,OBLIGATE,OBLIGATE,313
2245,2252,OBLIGATE,OBLIGATE,313
2245,263,OBLIGATE,OBLIGATE,313
2245,1140,OBLIGATE,OBLIGATE,313
2246,535,OBLIGATE,OBLIGATE,313
2246,2247,OBLIGATE,OBLIGATE,313
2246,2248,OBLIGATE,OBLIGATE,313
2246,225,OBLIGATE,OBLIGATE,313
2246,2249,OBLIGATE,OBLIGATE,313
2247,535,OBLIGATE,OBLIGATE,313
2247,2248,OBLIGATE,OBLIGATE,313
2247,225,OBLIGATE,OBLIGATE,313
2248,535,OBLIGATE,OBLIGATE,313
2248,225,OBLIGATE,OBLIGATE,313
2249,535,OBLIGATE,OBLIGATE,313
2249,2247,OBLIGATE,OBLIGATE,313
2249,2248,OBLIGATE,OBLIGATE,313
2249,225,OBLIGATE,OBLIGATE,313
2250,131,DEVELOP,DEVELOP,313
2250,3333,EVALUATE,EVALUATE,553
2250,322,EVALUATE,EVALUATE,553
2250,859,REPORT,REPORT,859
2251,379,OBLIGATE,OBLIGATE,313
2251,936,OBLIGATE,OBLIGATE,313
2252,52,OBLIGATE,OBLIGATE,313
2252,2251,OBLIGATE,OBLIGATE,313
2252,379,OBLIGATE,OBLIGATE,313
2252,936,OBLIGATE,OBLIGATE,313
2253,2254,OBLIGATE,OBLIGATE,314
2253,2023,OBLIGATE,OBLIGATE,314
2253,2255,OBLIGATE,OBLIGATE,314
2253,559,OBLIGATE,OBLIGATE,314
2253,2256,OBLIGATE,OBLIGATE,314
2253,350,OBLIGATE,OBLIGATE,314
2253,63,possess,POSSESS,314
2253,717,possess,POSSESS,314
2254,2255,OBLIGATE,OBLIGATE,314
2254,559,OBLIGATE,OBLIGATE,314
2255,559,OBLIGATE,OBLIGATE,314
2257,590,OBLIGATE,OBLIGATE,315
2257,2258,OBLIGATE,OBLIGATE,315
2257,2259,OBLIGATE,OBLIGATE,315
2257,1618,OBLIGATE,OBLIGATE,315
2257,2260,OBLIGATE,OBLIGATE,315
2257,2261,OBLIGATE,OBLIGATE,315
2257,292,OBLIGATE,OBLIGATE,315
2257,806,OBLIGATE,OBLIGATE,315
2257,37,OBLIGATE,OBLIGATE,315
2257,379,OBLIGATE,OBLIGATE,315
2257,26,OBLIGATE,OBLIGATE,315
2258,590,OBLIGATE,OBLIGATE,315
2258,2259,OBLIGATE,OBLIGATE,315
2258,806,OBLIGATE,OBLIGATE,315
2259,590,OBLIGATE,OBLIGATE,592
2259,328,OBLIGATE,OBLIGATE,592
2259,177,OBLIGATE,OBLIGATE,592
2259,63,detail,DETAIL,383
2259,580,detail,DETAIL,383
2259,327,OBLIGATE,OBLIGATE,592
2259,2549,detail,DETAIL,383
2259,2550,detail,DETAIL,383
2259,255,detail,DETAIL,383
2259,347,OBLIGATE,OBLIGATE,592
2259,2552,detail,DETAIL,383
2259,3558,OBLIGATE,OBLIGATE,592
2259,422,OBLIGATE,OBLIGATE,592
2259,784,OBLIGATE,OBLIGATE,592
2259,40,OBLIGATE,OBLIGATE,592
2259,3559,OBLIGATE,OBLIGATE,592
2259,1678,OBLIGATE,OBLIGATE,592
2259,2378,OBLIGATE,OBLIGATE,592
2259,1321,OBLIGATE,OBLIGATE,592
2259,3560,OBLIGATE,OBLIGATE,592
2259,363,OBLIGATE,OBLIGATE,592
2260,328,amend,AMEND,385
2260,2575,amend,AMEND,385
2260,481,amend,AMEND,385
2260,358,OBLIGATE,OBLIGATE,557
2260,177,OBLIGATE,OBLIGATE,557
2260,3,OBLIGATE,OBLIGATE,557
2260,3381,OBLIGATE,OBLIGATE,557
2260,268,OBLIGATE,OBLIGATE,557
2260,63,OBLIGATE,OBLIGATE,557
2261,328,OBLIGATE,OBLIGATE,315
2261,2260,OBLIGATE,OBLIGATE,315
2261,292,OBLIGATE,OBLIGATE,315
2262,2263,EVALUATE,EVALUATE,316
2262,2264,REPORT,REPORT,316
2262,323,REGULATE,REGULATE,316
2262,263,EVALUATE,EVALUATE,316
2262,62,REPORT,REPORT,316
2262,168,REPORT,REPORT,316
2262,328,EVALUATE,EVALUATE,316
2262,52,provide,PROVIDE,316
2262,450,provide,PROVIDE,316
2262,297,provide,PROVIDE,316
2262,200,provide,PROVIDE,316
2262,2269,DEVELOP,DEVELOP,316
2262,267,REGULATE,REGULATE,316
2264,323,REPORT,REPORT,316
2264,62,REPORT,REPORT,316
2264,168,REPORT,REPORT,316
2265,450,detail,DETAIL,316
2265,328,detail,DETAIL,316
2266,450,detail,DETAIL,316
2266,328,detail,DETAIL,316
2266,2265,detail,DETAIL,316
2267,450,detail,DETAIL,316
2267,328,detail,DETAIL,316
2267,2265,detail,DETAIL,316
2267,2266,detail,DETAIL,316
2267,2268,detail,DETAIL,316
2268,450,detail,DETAIL,316
2268,328,detail,DETAIL,316
2268,2265,detail,DETAIL,316
2268,2266,detail,DETAIL,316
2269,323,DEVELOP,DEVELOP,316
2270,210,DEVELOP,DEVELOP,317
2270,13,OBLIGATE,OBLIGATE,317
2270,292,DEVELOP,DEVELOP,317
2270,359,DEVELOP,DEVELOP,317
2270,2271,AUTHORIZE,AUTHORIZE,317
2270,2272,AUTHORIZE,AUTHORIZE,317
2270,237,AUTHORIZE,AUTHORIZE,317
2270,199,AUTHORIZE,AUTHORIZE,317
2270,311,OBLIGATE,OBLIGATE,317
2270,2273,OBLIGATE,OBLIGATE,317
2270,384,OBLIGATE,OBLIGATE,317
2270,2274,USE,USE,317
2270,2275,USE,USE,317
2270,539,OBLIGATE,OBLIGATE,317
2271,2272,AUTHORIZE,AUTHORIZE,317
2271,237,AUTHORIZE,AUTHORIZE,317
2271,199,AUTHORIZE,AUTHORIZE,317
2271,311,AUTHORIZE,AUTHORIZE,317
2271,2273,AUTHORIZE,AUTHORIZE,317
2272,237,AUTHORIZE,AUTHORIZE,317
2272,199,AUTHORIZE,AUTHORIZE,317
2272,311,AUTHORIZE,AUTHORIZE,317
2272,2273,AUTHORIZE,AUTHORIZE,317
2272,384,AUTHORIZE,AUTHORIZE,317
2273,237,AUTHORIZE,AUTHORIZE,317
2273,199,AUTHORIZE,AUTHORIZE,317
2273,311,OBLIGATE,OBLIGATE,317
2273,384,OBLIGATE,OBLIGATE,317
2273,13,OBLIGATE,OBLIGATE,317
2274,2273,USE,USE,317
2274,2275,USE,USE,317
2275,2273,USE,USE,317
2276,263,OBLIGATE,OBLIGATE,318
2276,2277,OBLIGATE,OBLIGATE,318
2276,2278,OBLIGATE,OBLIGATE,318
2277,263,OBLIGATE,OBLIGATE,318
2277,2278,OBLIGATE,OBLIGATE,318
2279,621,OBLIGATE,OBLIGATE,319
2279,622,OBLIGATE,OBLIGATE,319
2279,384,OBLIGATE,OBLIGATE,319
2279,2280,OBLIGATE,OBLIGATE,319
2279,2281,OBLIGATE,OBLIGATE,319
2279,2157,OBLIGATE,OBLIGATE,319
2280,621,OBLIGATE,OBLIGATE,319
2280,622,OBLIGATE,OBLIGATE,319
2280,384,OBLIGATE,OBLIGATE,319
2281,621,OBLIGATE,OBLIGATE,319
2281,622,OBLIGATE,OBLIGATE,319
2281,384,OBLIGATE,OBLIGATE,319
2281,2280,OBLIGATE,OBLIGATE,319
2283,2284,provide,PROVIDE,320
2283,1983,benefit,BENEFIT,320
2283,2285,benefit,BENEFIT,320
2283,262,benefit,BENEFIT,320
2283,178,SUPPORT,SUPPORT,320
2283,671,SUPPORT,SUPPORT,320
2283,402,OBLIGATE,OBLIGATE,320
2283,263,provide,PROVIDE,320
2283,133,provide,PROVIDE,320
2286,262,OBLIGATE,OBLIGATE,321
2286,350,OBLIGATE,OBLIGATE,321
2286,267,OBLIGATE,OBLIGATE,321
2286,13,OBLIGATE,OBLIGATE,321
2286,263,OBLIGATE,OBLIGATE,321
2287,590,OBLIGATE,OBLIGATE,322
2287,2288,OBLIGATE,OBLIGATE,322
2287,279,OBLIGATE,OBLIGATE,322
2287,40,OBLIGATE,OBLIGATE,322
2287,3,OBLIGATE,OBLIGATE,322
2287,298,OBLIGATE,OBLIGATE,322
2288,590,OBLIGATE,OBLIGATE,592
2288,40,OBLIGATE,OBLIGATE,592
2288,2235,OBLIGATE,OBLIGATE,587
2288,255,OBLIGATE,OBLIGATE,587
2288,103,OBLIGATE,OBLIGATE,587
2288,1941,OBLIGATE,OBLIGATE,587
2288,2236,OBLIGATE,OBLIGATE,587
2288,328,OBLIGATE,OBLIGATE,592
2288,2259,OBLIGATE,OBLIGATE,592
2288,3558,OBLIGATE,OBLIGATE,592
2288,422,OBLIGATE,OBLIGATE,592
2288,347,OBLIGATE,OBLIGATE,592
2288,784,OBLIGATE,OBLIGATE,592
2288,3559,OBLIGATE,OBLIGATE,592
2288,1678,OBLIGATE,OBLIGATE,592
2288,2378,OBLIGATE,OBLIGATE,592
2288,1321,OBLIGATE,OBLIGATE,592
2288,3560,OBLIGATE,OBLIGATE,592
2288,327,OBLIGATE,OBLIGATE,592
2288,363,OBLIGATE,OBLIGATE,592
2289,590,OBLIGATE,OBLIGATE,323
2289,2290,OBLIGATE,OBLIGATE,323
2289,545,OBLIGATE,OBLIGATE,323
2289,786,OBLIGATE,OBLIGATE,323
2289,131,OBLIGATE,OBLIGATE,323
2289,2291,OBLIGATE,OBLIGATE,323
2289,717,OBLIGATE,OBLIGATE,323
2289,2292,OBLIGATE,OBLIGATE,323
2290,590,OBLIGATE,OBLIGATE,323
2290,545,OBLIGATE,OBLIGATE,323
2291,259,DEVELOP,DEVELOP,327
2291,177,USE,USE,924
2291,192,USE,USE,924
2291,35,USE,USE,924
2292,590,OBLIGATE,OBLIGATE,323
2293,2294,OBLIGATE,OBLIGATE,324
2293,688,OBLIGATE,OBLIGATE,324
2293,644,OBLIGATE,OBLIGATE,324
2293,2295,OBLIGATE,OBLIGATE,324
2293,40,OBLIGATE,OBLIGATE,324
2293,263,OBLIGATE,OBLIGATE,324
2294,688,OBLIGATE,OBLIGATE,324
2294,644,OBLIGATE,OBLIGATE,324
2294,2295,OBLIGATE,OBLIGATE,324
2294,807,OBLIGATE,OBLIGATE,353
2294,328,OBLIGATE,OBLIGATE,353
2294,318,OBLIGATE,OBLIGATE,353
2295,622,OBLIGATE,OBLIGATE,324
2295,688,OBLIGATE,OBLIGATE,324
2295,644,OBLIGATE,OBLIGATE,324
2296,327,AUTHORIZE,AUTHORIZE,325
2296,131,OBLIGATE,OBLIGATE,325
2296,262,OBLIGATE,OBLIGATE,325
2296,267,OBLIGATE,OBLIGATE,325
2296,1614,OBLIGATE,OBLIGATE,325
2296,876,provide,PROVIDE,325
2296,259,provide,PROVIDE,325
2296,3,provide,PROVIDE,325
2296,13,OBLIGATE,OBLIGATE,325
2296,63,OBLIGATE,OBLIGATE,325
2297,621,OBLIGATE,OBLIGATE,326
2297,63,OBLIGATE,OBLIGATE,326
2297,13,OBLIGATE,OBLIGATE,326
2297,2298,OBLIGATE,OBLIGATE,326
2297,831,OBLIGATE,OBLIGATE,326
2297,328,OBLIGATE,OBLIGATE,326
2297,276,OBLIGATE,OBLIGATE,326
2297,2299,OBLIGATE,OBLIGATE,326
2297,168,OBLIGATE,OBLIGATE,326
2297,263,OBLIGATE,OBLIGATE,326
2298,63,OBLIGATE,OBLIGATE,326
2298,13,OBLIGATE,OBLIGATE,326
2298,831,OBLIGATE,OBLIGATE,326
2298,276,OBLIGATE,OBLIGATE,326
2299,13,OBLIGATE,OBLIGATE,326
2299,644,OBLIGATE,OBLIGATE,326
2299,2298,OBLIGATE,OBLIGATE,326
2299,276,OBLIGATE,OBLIGATE,326
2300,2301,OBLIGATE,OBLIGATE,327
2300,255,DEVELOP,DEVELOP,327
2300,162,OBLIGATE,OBLIGATE,327
2300,259,DEVELOP,DEVELOP,327
2300,2291,DEVELOP,DEVELOP,327
2300,2302,DEVELOP,DEVELOP,327
2300,826,OBLIGATE,OBLIGATE,327
2300,1364,OBLIGATE,OBLIGATE,327
2301,255,OBLIGATE,OBLIGATE,615
2301,162,define,DEFINE,615
2301,2302,designate,DESIGNATE,615
2301,926,OBLIGATE,OBLIGATE,615
2301,1431,DEVELOP,DEVELOP,615
2301,1746,DEVELOP,DEVELOP,615
2301,323,OBLIGATE,OBLIGATE,615
2301,1423,designate,DESIGNATE,615
2301,1546,designate,DESIGNATE,615
2301,2341,OBLIGATE,OBLIGATE,615
2301,550,OBLIGATE,OBLIGATE,615
2301,450,OBLIGATE,OBLIGATE,615
2301,103,OBLIGATE,OBLIGATE,715
2301,121,OBLIGATE,OBLIGATE,715
2302,259,DEVELOP,DEVELOP,327
2302,2291,DEVELOP,DEVELOP,327
2302,926,designate,DESIGNATE,615
2303,257,OBLIGATE,OBLIGATE,328
2303,2304,OBLIGATE,OBLIGATE,328
2303,5,OBLIGATE,OBLIGATE,328
2303,240,OBLIGATE,OBLIGATE,328
2303,2305,OBLIGATE,OBLIGATE,328
2303,1032,OBLIGATE,OBLIGATE,328
2303,40,OBLIGATE,OBLIGATE,328
2303,2306,OBLIGATE,OBLIGATE,328
2303,283,OBLIGATE,OBLIGATE,328
2303,876,OBLIGATE,OBLIGATE,328
2303,916,OBLIGATE,OBLIGATE,328
2303,1304,OBLIGATE,OBLIGATE,328
2303,67,OBLIGATE,OBLIGATE,328
2303,207,OBLIGATE,OBLIGATE,328
2303,1500,OBLIGATE,OBLIGATE,328
2303,234,OBLIGATE,OBLIGATE,328
2303,467,OBLIGATE,OBLIGATE,328
2303,728,OBLIGATE,OBLIGATE,328
2303,914,OBLIGATE,OBLIGATE,328
2303,2307,OBLIGATE,OBLIGATE,328
2303,263,OBLIGATE,OBLIGATE,328
2303,2308,OBLIGATE,OBLIGATE,328
2303,2309,OBLIGATE,OBLIGATE,328
2303,1689,OBLIGATE,OBLIGATE,328
2303,2310,OBLIGATE,OBLIGATE,328
2303,1140,OBLIGATE,OBLIGATE,328
2303,177,OBLIGATE,OBLIGATE,328
2304,257,OBLIGATE,OBLIGATE,328
2304,3,OBLIGATE,OBLIGATE,328
2304,5,REGULATE,REGULATE,825
2304,240,OBLIGATE,OBLIGATE,328
2304,1559,REGULATE,REGULATE,825
2304,201,REGULATE,REGULATE,825
2305,257,OBLIGATE,OBLIGATE,328
2305,2304,OBLIGATE,OBLIGATE,328
2305,5,OBLIGATE,OBLIGATE,328
2305,240,OBLIGATE,OBLIGATE,328
2305,6,comprise,COMPRISE,473
2305,81,comprise,COMPRISE,473
2305,36,comprise,COMPRISE,473
2305,1121,comprise,COMPRISE,473
2305,37,comprise,COMPRISE,473
2306,1032,OBLIGATE,OBLIGATE,328
2306,40,OBLIGATE,OBLIGATE,328
2306,50,OBLIGATE,OBLIGATE,491
2306,379,plan,PLAN,839
2306,335,SUPPORT,SUPPORT,825
2306,905,explore,EXPLORE,835
2307,257,release,RELEASE,530
2307,5,OBLIGATE,OBLIGATE,328
2307,876,OBLIGATE,OBLIGATE,328
2307,916,OBLIGATE,OBLIGATE,328
2307,1304,OBLIGATE,OBLIGATE,328
2307,6,OBLIGATE,OBLIGATE,328
2307,67,OBLIGATE,OBLIGATE,328
2307,207,OBLIGATE,OBLIGATE,328
2307,1500,OBLIGATE,OBLIGATE,328
2307,467,OBLIGATE,OBLIGATE,328
2307,728,OBLIGATE,OBLIGATE,328
2307,914,OBLIGATE,OBLIGATE,328
2307,392,OBLIGATE,OBLIGATE,346
2307,2381,OBLIGATE,OBLIGATE,346
2307,1863,include,INCLUDE,412
2307,607,include,INCLUDE,412
2307,2813,define,DEFINE,433
2307,194,release,RELEASE,530
2307,225,release,RELEASE,530
2307,1941,REPORT,REPORT,530
2307,688,REPORT,REPORT,530
2307,63,REPORT,REPORT,530
2307,51,oblige,OBLIGE,696
2308,3,OBLIGATE,OBLIGATE,328
2308,2309,OBLIGATE,OBLIGATE,328
2308,1689,OBLIGATE,OBLIGATE,328
2308,1140,OBLIGATE,OBLIGATE,328
2308,177,OBLIGATE,OBLIGATE,328
2308,392,OBLIGATE,OBLIGATE,346
2308,2307,OBLIGATE,OBLIGATE,346
2309,1140,OBLIGATE,OBLIGATE,328
2309,177,OBLIGATE,OBLIGATE,328
2309,2844,meet,MEET,447
2309,198,meet,MEET,447
2309,1485,commit,COMMIT,459
2309,103,OBLIGATE,OBLIGATE,485
2309,468,articulate,ARTICULATE,493
2309,235,OBLIGATE,OBLIGATE,485
2309,200,articulate,ARTICULATE,493
2309,335,articulate,ARTICULATE,493
2309,236,articulate,ARTICULATE,493
2309,1105,articulate,ARTICULATE,493
2309,2599,articulate,ARTICULATE,493
2309,467,urge,URGE,493
2310,3,OBLIGATE,OBLIGATE,328
2310,2308,OBLIGATE,OBLIGATE,328
2310,2309,OBLIGATE,OBLIGATE,328
2310,1689,OBLIGATE,OBLIGATE,328
2310,1140,OBLIGATE,OBLIGATE,328
2310,177,OBLIGATE,OBLIGATE,328
2310,262,DEVELOP,DEVELOP,448
2310,2868,DEVELOP,DEVELOP,448
2310,223,DEVELOP,DEVELOP,448
2311,1192,OBLIGATE,OBLIGATE,329
2311,63,OBLIGATE,OBLIGATE,329
2311,13,OBLIGATE,OBLIGATE,329
2311,2312,OBLIGATE,OBLIGATE,329
2311,52,OBLIGATE,OBLIGATE,329
2311,717,OBLIGATE,OBLIGATE,329
2311,2313,OBLIGATE,OBLIGATE,329
2312,1192,OBLIGATE,OBLIGATE,329
2312,639,OBLIGATE,OBLIGATE,597
2312,3577,OBLIGATE,OBLIGATE,597
2313,52,OBLIGATE,OBLIGATE,329
2313,2314,OBLIGATE,OBLIGATE,329
2314,52,OBLIGATE,OBLIGATE,329
2315,262,OBLIGATE,OBLIGATE,330
2315,1614,OBLIGATE,OBLIGATE,330
2315,876,OBLIGATE,OBLIGATE,330
2315,1423,OBLIGATE,OBLIGATE,330
2315,138,OBLIGATE,OBLIGATE,330
2315,33,OBLIGATE,OBLIGATE,330
2315,109,OBLIGATE,OBLIGATE,330
2315,1654,OBLIGATE,OBLIGATE,330
2315,314,OBLIGATE,OBLIGATE,330
2315,617,OBLIGATE,OBLIGATE,330
2315,318,OBLIGATE,OBLIGATE,330
2315,41,OBLIGATE,OBLIGATE,330
2315,1880,OBLIGATE,OBLIGATE,330
2315,8,OBLIGATE,OBLIGATE,330
2315,59,OBLIGATE,OBLIGATE,330
2315,2316,OBLIGATE,OBLIGATE,330
2315,1837,OBLIGATE,OBLIGATE,330
2315,2317,OBLIGATE,OBLIGATE,330
2315,178,OBLIGATE,OBLIGATE,330
2315,379,OBLIGATE,OBLIGATE,330
2315,320,OBLIGATE,OBLIGATE,330
2315,1838,OBLIGATE,OBLIGATE,330
2315,2318,OBLIGATE,OBLIGATE,330
2316,8,OBLIGATE,OBLIGATE,330
2316,327,AUTHORIZE,AUTHORIZE,524
2316,3253,AUTHORIZE,AUTHORIZE,524
2317,262,OBLIGATE,OBLIGATE,330
2317,178,OBLIGATE,OBLIGATE,330
2317,379,OBLIGATE,OBLIGATE,330
2317,320,OBLIGATE,OBLIGATE,330
2317,1838,OBLIGATE,OBLIGATE,634
2317,2318,OBLIGATE,OBLIGATE,330
2317,34,OBLIGATE,OBLIGATE,634
2317,1837,OBLIGATE,OBLIGATE,634
2317,1941,OBLIGATE,OBLIGATE,634
2318,262,OBLIGATE,OBLIGATE,330
2318,178,OBLIGATE,OBLIGATE,330
2318,379,OBLIGATE,OBLIGATE,330
2318,320,OBLIGATE,OBLIGATE,330
2318,1838,OBLIGATE,OBLIGATE,330
2319,384,optimize,OPTIMIZE,331
2319,178,OBLIGATE,OBLIGATE,331
2319,2320,OBLIGATE,OBLIGATE,331
2319,3,OBLIGATE,OBLIGATE,331
2319,256,OBLIGATE,OBLIGATE,331
2319,2232,OBLIGATE,OBLIGATE,331
2319,957,OBLIGATE,OBLIGATE,331
2319,535,OBLIGATE,OBLIGATE,331
2319,318,OBLIGATE,OBLIGATE,331
2319,6,OBLIGATE,OBLIGATE,331
2319,13,OBLIGATE,OBLIGATE,331
2319,2321,OBLIGATE,OBLIGATE,331
2319,1238,OBLIGATE,OBLIGATE,331
2319,2181,OBLIGATE,OBLIGATE,331
2320,384,optimize,OPTIMIZE,331
2320,178,optimize,OPTIMIZE,331
2320,6,OBLIGATE,OBLIGATE,331
2321,178,OBLIGATE,OBLIGATE,331
2321,13,OBLIGATE,OBLIGATE,331
2321,1238,OBLIGATE,OBLIGATE,331
2321,2181,OBLIGATE,OBLIGATE,331
2322,2323,OBLIGATE,OBLIGATE,332
2322,639,REGULATE,REGULATE,332
2322,2324,OBLIGATE,OBLIGATE,332
2322,2,REGULATE,REGULATE,332
2322,1927,REGULATE,REGULATE,332
2322,450,SUPPORT,SUPPORT,332
2322,185,SUPPORT,SUPPORT,332
2322,1451,AUTHORIZE,AUTHORIZE,332
2322,109,AUTHORIZE,AUTHORIZE,332
2322,121,AUTHORIZE,AUTHORIZE,332
2323,639,OBLIGATE,OBLIGATE,332
2324,2323,OBLIGATE,OBLIGATE,332
2324,639,OBLIGATE,OBLIGATE,332
2324,13,OBLIGATE,OBLIGATE,748
2324,3,OBLIGATE,OBLIGATE,748
2324,3166,OBLIGATE,OBLIGATE,748
2325,2322,include,INCLUDE,332
2325,2323,OBLIGATE,OBLIGATE,332
2325,639,OBLIGATE,OBLIGATE,332
2325,2324,OBLIGATE,OBLIGATE,332
2325,2328,include,INCLUDE,332
2325,1451,AUTHORIZE,AUTHORIZE,332
2325,109,AUTHORIZE,AUTHORIZE,332
2325,121,AUTHORIZE,AUTHORIZE,332
2325,1591,AUTHORIZE,AUTHORIZE,332
2325,2329,include,INCLUDE,332
2325,2330,include,INCLUDE,332
2326,2322,REGULATE,REGULATE,332
2326,639,REGULATE,REGULATE,332
2326,2,REGULATE,REGULATE,332
2326,1927,REGULATE,REGULATE,332
2327,2322,REGULATE,REGULATE,332
2327,639,REGULATE,REGULATE,332
2327,2326,REGULATE,REGULATE,332
2327,2,REGULATE,REGULATE,332
2327,1927,REGULATE,REGULATE,332
2328,450,SUPPORT,SUPPORT,332
2328,185,SUPPORT,SUPPORT,332
2328,1414,SUPPORT,SUPPORT,332
2329,2322,include,INCLUDE,332
2330,2322,include,INCLUDE,332
2330,2329,include,INCLUDE,332
2331,401,OBLIGATE,OBLIGATE,333
2331,735,OBLIGATE,OBLIGATE,333
2331,3,OBLIGATE,OBLIGATE,333
2331,688,OBLIGATE,OBLIGATE,333
2331,13,OBLIGATE,OBLIGATE,333
2331,81,comprise,COMPRISE,333
2331,41,comprise,COMPRISE,333
2331,42,OBLIGATE,OBLIGATE,333
2331,1209,OBLIGATE,OBLIGATE,333
2331,2336,OBLIGATE,OBLIGATE,333
2331,922,OBLIGATE,OBLIGATE,333
2331,860,OBLIGATE,OBLIGATE,333
2331,70,OBLIGATE,OBLIGATE,333
2331,6,OBLIGATE,OBLIGATE,333
2331,14,OBLIGATE,OBLIGATE,333
2331,738,OBLIGATE,OBLIGATE,333
2332,2331,amend,AMEND,333
2332,688,amend,AMEND,473
2333,2331,amend,AMEND,333
2334,2331,OBLIGATE,OBLIGATE,333
2334,13,OBLIGATE,OBLIGATE,473
2335,2331,OBLIGATE,OBLIGATE,333
2335,401,OBLIGATE,OBLIGATE,333
2335,1209,OBLIGATE,OBLIGATE,333
2335,2336,OBLIGATE,OBLIGATE,333
2335,3,OBLIGATE,OBLIGATE,333
2335,922,OBLIGATE,OBLIGATE,333
2335,860,OBLIGATE,OBLIGATE,333
2335,70,OBLIGATE,OBLIGATE,333
2335,6,OBLIGATE,OBLIGATE,333
2336,1209,OBLIGATE,OBLIGATE,473
2336,860,OBLIGATE,OBLIGATE,473
2336,70,OBLIGATE,OBLIGATE,333
2336,6,OBLIGATE,OBLIGATE,473
2336,33,OBLIGATE,OBLIGATE,473
2336,67,OBLIGATE,OBLIGATE,473
2337,14,oblige,OBLIGE,334
2337,44,oblige,OBLIGE,334
2337,3,oblige,OBLIGE,334
2337,859,have,HAVE,334
2337,121,have,HAVE,334
2337,67,have,HAVE,334
2337,1332,REGULATE,REGULATE,334
2337,1092,REGULATE,REGULATE,334
2337,585,REGULATE,REGULATE,334
2337,1157,RESTRICT,RESTRICT,334
2337,96,set,SET,334
2338,2337,DEVELOP,DEVELOP,334
2339,1179,OBLIGATE,OBLIGATE,335
2339,350,AUTHORIZE,AUTHORIZE,335
2339,1976,OBLIGATE,OBLIGATE,335
2340,2339,OBLIGATE,OBLIGATE,335
2340,1179,OBLIGATE,OBLIGATE,335
2340,1424,OBLIGATE,OBLIGATE,335
2340,350,OBLIGATE,OBLIGATE,335
2341,177,SUPPORT,SUPPORT,653
2341,323,OBLIGATE,OBLIGATE,552
2341,926,OBLIGATE,OBLIGATE,615
2341,131,USE,USE,805
2345,2181,DEVELOP,DEVELOP,336
2345,1444,OBLIGATE,OBLIGATE,336
2345,1209,OBLIGATE,OBLIGATE,336
2345,13,OBLIGATE,OBLIGATE,336
2345,14,OBLIGATE,OBLIGATE,336
2346,2345,DEVELOP,DEVELOP,336
2346,2181,DEVELOP,DEVELOP,336
2346,1238,DEVELOP,DEVELOP,336
2347,2345,OBLIGATE,OBLIGATE,336
2347,1444,OBLIGATE,OBLIGATE,336
2349,590,OBLIGATE,OBLIGATE,337
2349,2350,OBLIGATE,OBLIGATE,337
2349,2351,OBLIGATE,OBLIGATE,337
2349,2114,OBLIGATE,OBLIGATE,337
2349,2352,OBLIGATE,OBLIGATE,337
2349,2353,OBLIGATE,OBLIGATE,337
2349,288,necessitate,NECESSITATE,337
2349,2354,address,ADDRESS,337
2349,244,address,ADDRESS,337
2351,590,OBLIGATE,OBLIGATE,337
2351,2350,OBLIGATE,OBLIGATE,337
2351,292,OBLIGATE,OBLIGATE,337
2352,2114,OBLIGATE,OBLIGATE,337
2352,85,OBLIGATE,OBLIGATE,533
2352,328,OBLIGATE,OBLIGATE,533
2352,109,OBLIGATE,OBLIGATE,533
2352,4427,OBLIGATE,OBLIGATE,809
2352,140,OBLIGATE,OBLIGATE,809
2352,53,OBLIGATE,OBLIGATE,809
2352,41,OBLIGATE,OBLIGATE,809
2353,2114,OBLIGATE,OBLIGATE,337
2353,2352,OBLIGATE,OBLIGATE,337
2354,244,address,ADDRESS,337
2355,2356,OBLIGATE,OBLIGATE,338
2355,224,USE,USE,338
2355,2357,USE,USE,338
2355,1679,USE,USE,338
2357,131,USE,USE,338
2357,1679,USE,USE,338
2358,177,leverage,LEVERAGE,338
2358,1544,leverage,LEVERAGE,338
2359,1573,make,MAKE,339
2360,1164,OBLIGATE,OBLIGATE,340
2360,2361,OBLIGATE,OBLIGATE,340
2360,2362,OBLIGATE,OBLIGATE,340
2360,3,OBLIGATE,OBLIGATE,340
2361,1164,OBLIGATE,OBLIGATE,340
2361,2362,OBLIGATE,OBLIGATE,340
2361,3,OBLIGATE,OBLIGATE,340
2362,3,OBLIGATE,OBLIGATE,340
2363,257,enhance,ENHANCE,341
2364,644,OBLIGATE,OBLIGATE,342
2364,276,OBLIGATE,OBLIGATE,342
2364,1983,OBLIGATE,OBLIGATE,342
2364,273,OBLIGATE,OBLIGATE,342
2364,323,OBLIGATE,OBLIGATE,342
2365,2366,OBLIGATE,OBLIGATE,343
2365,62,OBLIGATE,OBLIGATE,343
2365,1164,OBLIGATE,OBLIGATE,343
2365,450,REPORT,REPORT,343
2365,6,REPORT,REPORT,343
2365,2367,REPORT,REPORT,343
2365,2368,OBLIGATE,OBLIGATE,343
2365,255,OBLIGATE,OBLIGATE,343
2365,350,OBLIGATE,OBLIGATE,343
2365,63,REPORT,REPORT,343
2365,13,REPORT,REPORT,343
2366,62,OBLIGATE,OBLIGATE,343
2366,1164,OBLIGATE,OBLIGATE,343
2366,2368,OBLIGATE,OBLIGATE,343
2366,255,OBLIGATE,OBLIGATE,343
2366,350,OBLIGATE,OBLIGATE,343
2368,62,OBLIGATE,OBLIGATE,343
2368,1164,OBLIGATE,OBLIGATE,343
2368,21,provide,PROVIDE,366
2369,590,OBLIGATE,OBLIGATE,344
2369,828,OBLIGATE,OBLIGATE,344
2369,2370,SUPPORT,SUPPORT,344
2369,1618,SUPPORT,SUPPORT,344
2369,350,OBLIGATE,OBLIGATE,344
2369,63,OBLIGATE,OBLIGATE,344
2369,1140,OBLIGATE,OBLIGATE,344
2369,444,OBLIGATE,OBLIGATE,344
2369,464,OBLIGATE,OBLIGATE,344
2369,876,OBLIGATE,OBLIGATE,344
2369,2371,SUPPORT,SUPPORT,344
2369,589,SUPPORT,SUPPORT,344
2371,589,SUPPORT,SUPPORT,344
2372,2373,SUPPORT,SUPPORT,345
2372,224,request,REQUEST,345
2372,807,SUPPORT,SUPPORT,345
2372,121,SUPPORT,SUPPORT,345
2372,860,SUPPORT,SUPPORT,345
2372,395,SUPPORT,SUPPORT,345
2372,2374,define,DEFINE,345
2372,2375,OBLIGATE,OBLIGATE,345
2372,826,OBLIGATE,OBLIGATE,345
2372,1918,OBLIGATE,OBLIGATE,345
2372,2376,OBLIGATE,OBLIGATE,345
2372,688,OBLIGATE,OBLIGATE,345
2372,639,OBLIGATE,OBLIGATE,345
2372,85,OBLIGATE,OBLIGATE,345
2372,340,OBLIGATE,OBLIGATE,345
2372,2377,OBLIGATE,OBLIGATE,345
2372,33,OBLIGATE,OBLIGATE,345
2372,2378,OBLIGATE,OBLIGATE,345
2372,539,request,REQUEST,345
2373,3,SUPPORT,SUPPORT,345
2374,3862,specify,SPECIFY,663
2374,235,specify,SPECIFY,663
2374,302,specify,SPECIFY,663
2374,4862,define,DEFINE,900
2374,818,define,DEFINE,900
2374,120,define,DEFINE,900
2375,826,OBLIGATE,OBLIGATE,345
2375,1918,OBLIGATE,OBLIGATE,345
2375,688,OBLIGATE,OBLIGATE,345
2375,639,OBLIGATE,OBLIGATE,345
2375,3,OBLIGATE,OBLIGATE,345
2376,2375,OBLIGATE,OBLIGATE,345
2376,826,OBLIGATE,OBLIGATE,345
2376,1918,OBLIGATE,OBLIGATE,345
2376,688,OBLIGATE,OBLIGATE,345
2376,639,OBLIGATE,OBLIGATE,345
2376,3,OBLIGATE,OBLIGATE,345
2377,3,OBLIGATE,OBLIGATE,345
2377,624,OBLIGATE,OBLIGATE,345
2377,85,OBLIGATE,OBLIGATE,345
2377,340,OBLIGATE,OBLIGATE,345
2378,639,OBLIGATE,OBLIGATE,345
2378,33,OBLIGATE,OBLIGATE,345
2378,81,OBLIGATE,OBLIGATE,345
2378,6,AUTHORIZE,AUTHORIZE,494
2378,2047,AUTHORIZE,AUTHORIZE,494
2378,328,OBLIGATE,OBLIGATE,592
2378,3558,OBLIGATE,OBLIGATE,592
2378,422,OBLIGATE,OBLIGATE,592
2378,347,OBLIGATE,OBLIGATE,592
2378,784,OBLIGATE,OBLIGATE,592
2378,40,OBLIGATE,OBLIGATE,592
2378,3559,OBLIGATE,OBLIGATE,592
2378,1678,OBLIGATE,OBLIGATE,592
2378,3560,OBLIGATE,OBLIGATE,592
2378,327,OBLIGATE,OBLIGATE,592
2378,363,OBLIGATE,OBLIGATE,592
2378,283,IMPLEMENT,IMPLEMENT,865
2378,151,OBLIGATE,OBLIGATE,913
2378,1522,OBLIGATE,OBLIGATE,913
2378,21,OBLIGATE,OBLIGATE,913
2379,2380,OBLIGATE,OBLIGATE,346
2379,392,OBLIGATE,OBLIGATE,346
2379,2307,OBLIGATE,OBLIGATE,346
2379,2308,OBLIGATE,OBLIGATE,346
2379,2381,OBLIGATE,OBLIGATE,346
2379,2145,OBLIGATE,OBLIGATE,346
2379,688,OBLIGATE,OBLIGATE,346
2380,392,OBLIGATE,OBLIGATE,346
2380,2307,OBLIGATE,OBLIGATE,346
2380,2308,OBLIGATE,OBLIGATE,346
2380,2200,OBLIGATE,OBLIGATE,346
2382,432,OBLIGATE,OBLIGATE,347
2382,328,OBLIGATE,OBLIGATE,347
2382,2383,OBLIGATE,OBLIGATE,347
2382,452,retrofit,RETROFIT,347
2382,2384,retrofit,RETROFIT,347
2382,2385,retrofit,RETROFIT,347
2382,2386,retrofit,RETROFIT,347
2382,2387,retrofit,RETROFIT,347
2382,274,retrofit,RETROFIT,347
2382,2388,retrofit,RETROFIT,347
2382,131,OBLIGATE,OBLIGATE,347
2382,1415,OBLIGATE,OBLIGATE,347
2382,644,OBLIGATE,OBLIGATE,347
2383,432,OBLIGATE,OBLIGATE,347
2384,432,retrofit,RETROFIT,347
2384,452,retrofit,RETROFIT,347
2384,274,retrofit,RETROFIT,347
2385,432,retrofit,RETROFIT,347
2385,452,retrofit,RETROFIT,347
2385,2384,retrofit,RETROFIT,347
2385,274,retrofit,RETROFIT,347
2385,2388,retrofit,RETROFIT,347
2386,432,retrofit,RETROFIT,347
2386,452,retrofit,RETROFIT,347
2386,2384,retrofit,RETROFIT,347
2386,2385,retrofit,RETROFIT,347
2386,2387,retrofit,RETROFIT,347
2386,274,retrofit,RETROFIT,347
2386,2388,retrofit,RETROFIT,347
2387,432,retrofit,RETROFIT,347
2387,452,retrofit,RETROFIT,347
2387,2384,retrofit,RETROFIT,347
2387,2385,retrofit,RETROFIT,347
2387,274,retrofit,RETROFIT,347
2387,2388,retrofit,RETROFIT,347
2388,432,retrofit,RETROFIT,347
2388,452,retrofit,RETROFIT,347
2388,2384,retrofit,RETROFIT,347
2388,274,retrofit,RETROFIT,347
2389,267,OBLIGATE,OBLIGATE,348
2389,178,OBLIGATE,OBLIGATE,348
2389,51,OBLIGATE,OBLIGATE,348
2389,2390,OBLIGATE,OBLIGATE,348
2389,311,OBLIGATE,OBLIGATE,348
2389,2391,OBLIGATE,OBLIGATE,348
2389,131,OBLIGATE,OBLIGATE,348
2389,2392,AUTHORIZE,AUTHORIZE,348
2389,59,AUTHORIZE,AUTHORIZE,348
2389,2393,OBLIGATE,OBLIGATE,348
2389,2394,OBLIGATE,OBLIGATE,348
2389,2395,OBLIGATE,OBLIGATE,348
2389,1415,OBLIGATE,OBLIGATE,348
2389,318,OBLIGATE,OBLIGATE,348
2389,1140,OBLIGATE,OBLIGATE,348
2389,37,OBLIGATE,OBLIGATE,348
2389,1668,OBLIGATE,OBLIGATE,348
2389,54,OBLIGATE,OBLIGATE,348
2389,40,OBLIGATE,OBLIGATE,348
2390,267,OBLIGATE,OBLIGATE,348
2390,51,OBLIGATE,OBLIGATE,348
2390,311,OBLIGATE,OBLIGATE,348
2390,2391,OBLIGATE,OBLIGATE,348
2390,131,OBLIGATE,OBLIGATE,348
2391,267,OBLIGATE,OBLIGATE,348
2391,51,OBLIGATE,OBLIGATE,348
2391,311,OBLIGATE,OBLIGATE,348
2393,267,OBLIGATE,OBLIGATE,348
2393,2394,OBLIGATE,OBLIGATE,348
2393,2181,OBLIGATE,OBLIGATE,348
2393,51,OBLIGATE,OBLIGATE,348
2393,37,OBLIGATE,OBLIGATE,348
2393,13,OBLIGATE,OBLIGATE,348
2393,1668,OBLIGATE,OBLIGATE,348
2393,54,OBLIGATE,OBLIGATE,348
2393,40,OBLIGATE,OBLIGATE,348
2394,267,OBLIGATE,OBLIGATE,348
2394,51,OBLIGATE,OBLIGATE,348
2394,37,OBLIGATE,OBLIGATE,348
2394,13,OBLIGATE,OBLIGATE,348
2394,1668,OBLIGATE,OBLIGATE,348
2394,54,OBLIGATE,OBLIGATE,348
2394,40,OBLIGATE,OBLIGATE,348
2395,267,OBLIGATE,OBLIGATE,348
2395,2393,OBLIGATE,OBLIGATE,348
2395,2394,OBLIGATE,OBLIGATE,348
2395,1238,OBLIGATE,OBLIGATE,348
2396,328,OBLIGATE,OBLIGATE,349
2396,386,provide,PROVIDE,349
2396,2397,provide,PROVIDE,349
2396,3,provide,PROVIDE,349
2396,2398,OBLIGATE,OBLIGATE,349
2396,2399,OBLIGATE,OBLIGATE,349
2396,570,OBLIGATE,OBLIGATE,349
2397,328,provide,PROVIDE,349
2397,386,provide,PROVIDE,349
2397,3,define,DEFINE,903
2397,6,OBLIGATE,OBLIGATE,367
2397,4451,define,DEFINE,903
2397,52,define,DEFINE,903
2397,181,define,DEFINE,903
2399,328,OBLIGATE,OBLIGATE,349
2400,292,OBLIGATE,OBLIGATE,350
2400,452,OBLIGATE,OBLIGATE,350
2400,831,OBLIGATE,OBLIGATE,350
2400,177,OBLIGATE,OBLIGATE,350
2400,416,OBLIGATE,OBLIGATE,350
2400,1880,adjust,ADJUST,350
2400,2401,OBLIGATE,OBLIGATE,350
2400,2402,adjust,ADJUST,350
2400,2403,adjust,ADJUST,350
2401,452,OBLIGATE,OBLIGATE,350
2401,177,OBLIGATE,OBLIGATE,350
2401,416,OBLIGATE,OBLIGATE,350
2402,292,OBLIGATE,OBLIGATE,350
2402,452,OBLIGATE,OBLIGATE,350
2402,831,OBLIGATE,OBLIGATE,350
2402,177,OBLIGATE,OBLIGATE,350
2402,416,OBLIGATE,OBLIGATE,350
2402,1880,adjust,ADJUST,350
2402,2401,OBLIGATE,OBLIGATE,350
2402,2403,adjust,ADJUST,350
2403,1880,adjust,ADJUST,350
2404,539,OBLIGATE,OBLIGATE,351
2404,13,include,INCLUDE,351
2404,2405,include,INCLUDE,351
2404,2406,include,INCLUDE,351
2406,13,include,INCLUDE,351
2407,590,OBLIGATE,OBLIGATE,352
2407,570,include,INCLUDE,352
2407,2408,OBLIGATE,OBLIGATE,352
2407,2409,include,INCLUDE,352
2407,13,OBLIGATE,OBLIGATE,352
2408,570,include,INCLUDE,352
2409,590,include,INCLUDE,352
2409,570,include,INCLUDE,352
2409,2408,include,INCLUDE,352
2410,2411,OBLIGATE,OBLIGATE,353
2410,807,OBLIGATE,OBLIGATE,353
2410,2294,OBLIGATE,OBLIGATE,353
2410,328,OBLIGATE,OBLIGATE,353
2410,318,OBLIGATE,OBLIGATE,353
2410,2413,OBLIGATE,OBLIGATE,353
2410,13,OBLIGATE,OBLIGATE,353
2413,13,OBLIGATE,OBLIGATE,353
2414,81,OBLIGATE,OBLIGATE,354
2414,590,OBLIGATE,OBLIGATE,354
2414,876,OBLIGATE,OBLIGATE,354
2414,2415,determine,DETERMINE,354
2414,2416,determine,DETERMINE,354
2414,545,determine,DETERMINE,354
2414,235,OBLIGATE,OBLIGATE,354
2414,185,OBLIGATE,OBLIGATE,354
2414,2417,determine,DETERMINE,354
2417,3,determine,DETERMINE,354
2418,876,OBLIGATE,OBLIGATE,355
2418,2419,OBLIGATE,OBLIGATE,355
2418,350,OBLIGATE,OBLIGATE,355
2418,828,OBLIGATE,OBLIGATE,355
2420,2421,OBLIGATE,OBLIGATE,356
2420,688,OBLIGATE,OBLIGATE,356
2420,6,OBLIGATE,OBLIGATE,356
2420,347,OBLIGATE,OBLIGATE,356
2420,1544,OBLIGATE,OBLIGATE,356
2420,2422,OBLIGATE,OBLIGATE,356
2420,2423,OBLIGATE,OBLIGATE,356
2420,2424,OBLIGATE,OBLIGATE,356
2420,267,OBLIGATE,OBLIGATE,356
2420,350,REPORT,REPORT,356
2420,539,OBLIGATE,OBLIGATE,356
2420,133,hire,HIRE,356
2420,288,hire,HIRE,356
2420,340,hire,HIRE,356
2420,2425,OBLIGATE,OBLIGATE,356
2420,2426,OBLIGATE,OBLIGATE,356
2421,688,OBLIGATE,OBLIGATE,356
2421,6,OBLIGATE,OBLIGATE,356
2421,347,OBLIGATE,OBLIGATE,356
2421,1544,OBLIGATE,OBLIGATE,356
2421,2422,OBLIGATE,OBLIGATE,356
2421,2423,OBLIGATE,OBLIGATE,356
2421,2424,OBLIGATE,OBLIGATE,356
2421,267,OBLIGATE,OBLIGATE,356
2422,688,OBLIGATE,OBLIGATE,356
2422,6,OBLIGATE,OBLIGATE,356
2422,347,OBLIGATE,OBLIGATE,356
2422,1544,OBLIGATE,OBLIGATE,356
2422,267,OBLIGATE,OBLIGATE,356
2423,688,OBLIGATE,OBLIGATE,356
2423,6,OBLIGATE,OBLIGATE,356
2423,347,OBLIGATE,OBLIGATE,356
2423,1544,OBLIGATE,OBLIGATE,356
2423,2422,OBLIGATE,OBLIGATE,356
2423,2424,OBLIGATE,OBLIGATE,356
2423,267,OBLIGATE,OBLIGATE,356
2424,688,OBLIGATE,OBLIGATE,356
2424,6,OBLIGATE,OBLIGATE,356
2424,347,OBLIGATE,OBLIGATE,356
2424,1544,OBLIGATE,OBLIGATE,356
2424,2422,OBLIGATE,OBLIGATE,356
2424,267,OBLIGATE,OBLIGATE,356
2425,267,OBLIGATE,OBLIGATE,356
2425,2426,OBLIGATE,OBLIGATE,356
2425,539,OBLIGATE,OBLIGATE,356
2426,267,OBLIGATE,OBLIGATE,356
2427,2058,hold,HOLD,357
2427,2428,hold,HOLD,357
2427,292,OBLIGATE,OBLIGATE,357
2427,40,hold,HOLD,357
2427,2429,hold,HOLD,357
2427,1500,hold,HOLD,357
2427,299,hold,HOLD,357
2429,13,OBLIGATE,OBLIGATE,433
2429,109,OBLIGATE,OBLIGATE,433
2429,1485,hold,HOLD,459
2429,3029,hold,HOLD,476
2429,63,OBLIGATE,OBLIGATE,827
2429,314,OBLIGATE,OBLIGATE,827
2430,444,REPORT,REPORT,358
2430,63,REPORT,REPORT,358
2430,96,REPORT,REPORT,358
2430,279,REPORT,REPORT,358
2430,2051,REPORT,REPORT,358
2430,590,REPORT,REPORT,358
2430,13,REPORT,REPORT,358
2431,279,discuss,DISCUSS,358
2431,234,discuss,DISCUSS,358
2432,96,discuss,DISCUSS,358
2432,2051,discuss,DISCUSS,358
2433,96,discuss,DISCUSS,358
2434,590,address,ADDRESS,359
2434,1618,address,ADDRESS,359
2434,124,OBLIGATE,OBLIGATE,359
2434,412,OBLIGATE,OBLIGATE,359
2434,639,address,ADDRESS,359
2434,795,OBLIGATE,OBLIGATE,359
2434,168,avail,AVAIL,359
2434,2435,avail,AVAIL,359
2434,828,OBLIGATE,OBLIGATE,359
2434,81,address,ADDRESS,359
2434,2436,address,ADDRESS,359
2435,168,avail,AVAIL,359
2436,96,address,ADDRESS,359
2436,3,address,ADDRESS,359
2436,81,address,ADDRESS,359
2437,81,address,ADDRESS,360
2437,2438,address,ADDRESS,360
2437,1543,address,ADDRESS,360
2437,2439,address,ADDRESS,360
2437,1618,OBLIGATE,OBLIGATE,360
2437,288,OBLIGATE,OBLIGATE,360
2437,412,OBLIGATE,OBLIGATE,360
2437,2440,OBLIGATE,OBLIGATE,360
2437,924,OBLIGATE,OBLIGATE,360
2437,639,OBLIGATE,OBLIGATE,360
2437,109,OBLIGATE,OBLIGATE,360
2437,1864,outpace,OUTPACE,360
2437,276,outpace,OUTPACE,360
2438,81,address,ADDRESS,390
2438,1543,address,ADDRESS,360
2438,2439,address,ADDRESS,360
2439,81,address,ADDRESS,360
2439,1543,address,ADDRESS,360
2439,403,AUTHORIZE,AUTHORIZE,701
2439,4003,AUTHORIZE,AUTHORIZE,701
2439,457,REPORT,REPORT,778
2439,328,REPORT,REPORT,778
2439,84,OBLIGATE,OBLIGATE,873
2439,1729,OBLIGATE,OBLIGATE,873
2439,68,OBLIGATE,OBLIGATE,873
2440,924,OBLIGATE,OBLIGATE,360
2441,590,OBLIGATE,OBLIGATE,361
2441,63,OBLIGATE,OBLIGATE,361
2441,13,OBLIGATE,OBLIGATE,361
2441,350,OBLIGATE,OBLIGATE,361
2441,1618,OBLIGATE,OBLIGATE,361
2441,347,OBLIGATE,OBLIGATE,361
2441,177,OBLIGATE,OBLIGATE,361
2441,2442,OBLIGATE,OBLIGATE,361
2441,35,OBLIGATE,OBLIGATE,361
2441,1941,OBLIGATE,OBLIGATE,361
2441,2443,OBLIGATE,OBLIGATE,361
2441,2444,OBLIGATE,OBLIGATE,361
2441,1976,OBLIGATE,OBLIGATE,361
2441,1078,OBLIGATE,OBLIGATE,361
2441,327,OBLIGATE,OBLIGATE,361
2441,363,OBLIGATE,OBLIGATE,361
2442,590,OBLIGATE,OBLIGATE,361
2442,63,OBLIGATE,OBLIGATE,361
2442,13,OBLIGATE,OBLIGATE,361
2442,350,OBLIGATE,OBLIGATE,361
2442,35,OBLIGATE,OBLIGATE,361
2442,1941,OBLIGATE,OBLIGATE,361
2442,363,OBLIGATE,OBLIGATE,361
2442,323,OBLIGATE,OBLIGATE,385
2442,2576,OBLIGATE,OBLIGATE,385
2442,2577,OBLIGATE,OBLIGATE,385
2442,392,OBLIGATE,OBLIGATE,385
2443,350,OBLIGATE,OBLIGATE,361
2444,350,OBLIGATE,OBLIGATE,361
2444,2443,OBLIGATE,OBLIGATE,361
2444,327,DEVELOP,DEVELOP,769
2444,2787,DEVELOP,DEVELOP,769
2445,2446,OBLIGATE,OBLIGATE,362
2445,260,REGULATE,REGULATE,362
2445,278,REGULATE,REGULATE,362
2445,2447,REGULATE,REGULATE,362
2445,52,REGULATE,REGULATE,362
2445,644,OBLIGATE,OBLIGATE,362
2445,548,OBLIGATE,OBLIGATE,362
2445,13,OBLIGATE,OBLIGATE,362
2445,263,OBLIGATE,OBLIGATE,362
2447,260,REGULATE,REGULATE,362
2447,278,REGULATE,REGULATE,362
2447,52,REGULATE,REGULATE,362
2448,2449,OBLIGATE,OBLIGATE,363
2448,3,OBLIGATE,OBLIGATE,363
2448,138,DEVELOP,DEVELOP,363
2448,195,DEVELOP,DEVELOP,363
2448,34,DEVELOP,DEVELOP,363
2448,1415,DEVELOP,DEVELOP,363
2448,206,OBLIGATE,OBLIGATE,363
2448,13,OBLIGATE,OBLIGATE,363
2448,876,OBLIGATE,OBLIGATE,363
2448,2450,OBLIGATE,OBLIGATE,363
2450,3,OBLIGATE,OBLIGATE,363
2450,206,OBLIGATE,OBLIGATE,363
2450,14,OBLIGATE,OBLIGATE,363
2450,13,OBLIGATE,OBLIGATE,363
2450,876,OBLIGATE,OBLIGATE,363
2451,2452,DEVELOP,DEVELOP,364
2451,590,add,ADD,364
2451,828,DEVELOP,DEVELOP,364
2451,52,add,ADD,364
2451,278,add,ADD,364
2451,644,amend,AMEND,364
2451,2453,amend,AMEND,364
2451,2454,amend,AMEND,364
2451,2455,amend,AMEND,364
2451,292,add,ADD,364
2452,590,DEVELOP,DEVELOP,364
2452,828,DEVELOP,DEVELOP,364
2453,644,amend,AMEND,364
2454,590,amend,AMEND,364
2454,644,amend,AMEND,364
2454,2453,amend,AMEND,364
2454,2455,amend,AMEND,364
2455,644,amend,AMEND,364
2455,2453,amend,AMEND,364
2457,2458,OBLIGATE,OBLIGATE,365
2457,2459,OBLIGATE,OBLIGATE,365
2458,2459,OBLIGATE,OBLIGATE,365
2458,81,enhance,ENHANCE,365
2458,450,enhance,ENHANCE,365
2459,1941,OBLIGATE,OBLIGATE,388
2459,2601,OBLIGATE,OBLIGATE,388
2459,140,OBLIGATE,OBLIGATE,509
2459,13,OBLIGATE,OBLIGATE,509
2459,3,OBLIGATE,OBLIGATE,509
2459,66,OBLIGATE,OBLIGATE,509
2460,131,pertain,PERTAIN,396
2460,177,amend,AMEND,742
2461,21,provide,PROVIDE,366
2461,2462,provide,PROVIDE,366
2461,2368,provide,PROVIDE,366
2461,2463,provide,PROVIDE,366
2462,21,provide,PROVIDE,366
2462,2368,provide,PROVIDE,366
2463,21,provide,PROVIDE,366
2463,41,provide,PROVIDE,366
2463,2462,provide,PROVIDE,366
2463,2368,provide,PROVIDE,366
2464,2465,OBLIGATE,OBLIGATE,367
2464,262,OBLIGATE,OBLIGATE,367
2464,2172,OBLIGATE,OBLIGATE,367
2464,6,OBLIGATE,OBLIGATE,367
2464,2397,OBLIGATE,OBLIGATE,367
2464,263,OBLIGATE,OBLIGATE,367
2465,262,OBLIGATE,OBLIGATE,367
2465,2172,OBLIGATE,OBLIGATE,367
2465,6,OBLIGATE,OBLIGATE,367
2465,2397,OBLIGATE,OBLIGATE,367
2466,262,OBLIGATE,OBLIGATE,368
2466,133,OBLIGATE,OBLIGATE,368
2466,263,OBLIGATE,OBLIGATE,368
2466,2467,OBLIGATE,OBLIGATE,368
2467,133,OBLIGATE,OBLIGATE,368
2467,263,OBLIGATE,OBLIGATE,368
2468,2469,OBLIGATE,OBLIGATE,369
2468,676,OBLIGATE,OBLIGATE,369
2468,2024,OBLIGATE,OBLIGATE,369
2469,676,OBLIGATE,OBLIGATE,369
2469,2024,OBLIGATE,OBLIGATE,369
2470,622,OBLIGATE,OBLIGATE,370
2470,263,OBLIGATE,OBLIGATE,370
2470,350,OBLIGATE,OBLIGATE,370
2470,807,OBLIGATE,OBLIGATE,370
2470,2471,OBLIGATE,OBLIGATE,370
2470,225,OBLIGATE,OBLIGATE,370
2470,2472,OBLIGATE,OBLIGATE,370
2470,2473,OBLIGATE,OBLIGATE,370
2471,807,OBLIGATE,OBLIGATE,370
2471,225,OBLIGATE,OBLIGATE,370
2471,2472,OBLIGATE,OBLIGATE,370
2471,2473,OBLIGATE,OBLIGATE,370
2472,225,OBLIGATE,OBLIGATE,370
2472,2473,OBLIGATE,OBLIGATE,370
2473,225,OBLIGATE,OBLIGATE,370
2474,262,OBLIGATE,OBLIGATE,371
2474,263,OBLIGATE,OBLIGATE,371
2474,13,OBLIGATE,OBLIGATE,371
2474,2475,OBLIGATE,OBLIGATE,371
2474,2476,OBLIGATE,OBLIGATE,371
2474,1668,OBLIGATE,OBLIGATE,371
2474,2477,OBLIGATE,OBLIGATE,371
2474,2478,OBLIGATE,OBLIGATE,371
2476,13,OBLIGATE,OBLIGATE,371
2477,13,OBLIGATE,OBLIGATE,371
2477,2476,OBLIGATE,OBLIGATE,371
2477,1668,OBLIGATE,OBLIGATE,371
2477,2478,OBLIGATE,OBLIGATE,371
2478,13,OBLIGATE,OBLIGATE,371
2478,2476,OBLIGATE,OBLIGATE,371
2479,1144,OBLIGATE,OBLIGATE,372
2479,2006,USE,USE,372
2479,2480,USE,USE,372
2479,2481,OBLIGATE,OBLIGATE,372
2479,2482,OBLIGATE,OBLIGATE,372
2479,202,OBLIGATE,OBLIGATE,372
2479,174,OBLIGATE,OBLIGATE,372
2479,2483,OBLIGATE,OBLIGATE,372
2480,1144,USE,USE,372
2480,2006,USE,USE,372
2481,2482,OBLIGATE,OBLIGATE,372
2483,202,OBLIGATE,OBLIGATE,372
2484,2485,OBLIGATE,OBLIGATE,373
2484,2196,OBLIGATE,OBLIGATE,373
2484,1046,OBLIGATE,OBLIGATE,373
2484,2486,OBLIGATE,OBLIGATE,373
2484,2487,OBLIGATE,OBLIGATE,373
2484,2488,OBLIGATE,OBLIGATE,373
2484,2489,OBLIGATE,OBLIGATE,373
2484,2490,OBLIGATE,OBLIGATE,373
2484,2491,OBLIGATE,OBLIGATE,373
2484,957,OBLIGATE,OBLIGATE,373
2484,2492,OBLIGATE,OBLIGATE,373
2484,2493,OBLIGATE,OBLIGATE,373
2485,2196,OBLIGATE,OBLIGATE,373
2485,328,OBLIGATE,OBLIGATE,373
2485,1046,OBLIGATE,OBLIGATE,373
2485,2486,OBLIGATE,OBLIGATE,373
2485,2487,OBLIGATE,OBLIGATE,373
2486,1046,OBLIGATE,OBLIGATE,373
2486,210,OBLIGATE,OBLIGATE,375
2486,200,articulate,ARTICULATE,493
2486,335,articulate,ARTICULATE,493
2486,236,articulate,ARTICULATE,493
2486,468,articulate,ARTICULATE,493
2486,2309,articulate,ARTICULATE,493
2486,1105,articulate,ARTICULATE,493
2486,2599,articulate,ARTICULATE,493
2486,194,OBLIGATE,OBLIGATE,493
2486,701,DEVELOP,DEVELOP,863
2486,4682,OBLIGATE,OBLIGATE,870
2486,4715,OBLIGATE,OBLIGATE,870
2486,644,produce,PRODUCE,885
2487,2196,OBLIGATE,OBLIGATE,373
2487,1046,OBLIGATE,OBLIGATE,373
2487,2486,OBLIGATE,OBLIGATE,373
2488,3,OBLIGATE,OBLIGATE,373
2488,328,OBLIGATE,OBLIGATE,373
2488,2490,OBLIGATE,OBLIGATE,373
2488,2491,OBLIGATE,OBLIGATE,373
2488,957,OBLIGATE,OBLIGATE,373
2488,2493,OBLIGATE,OBLIGATE,373
2489,2488,OBLIGATE,OBLIGATE,373
2489,2490,OBLIGATE,OBLIGATE,373
2489,2491,OBLIGATE,OBLIGATE,373
2489,957,OBLIGATE,OBLIGATE,373
2490,3,DEVELOP,DEVELOP,726
2490,2491,OBLIGATE,OBLIGATE,373
2490,957,DEVELOP,DEVELOP,726
2490,283,OBLIGATE,OBLIGATE,438
2490,151,DEVELOP,DEVELOP,726
2490,220,DEVELOP,DEVELOP,726
2490,177,DEVELOP,DEVELOP,726
2491,957,OBLIGATE,OBLIGATE,373
2492,2488,OBLIGATE,OBLIGATE,373
2492,2489,OBLIGATE,OBLIGATE,373
2492,2490,OBLIGATE,OBLIGATE,373
2492,2491,OBLIGATE,OBLIGATE,373
2492,957,OBLIGATE,OBLIGATE,373
2494,590,DEVELOP,DEVELOP,374
2494,350,DEVELOP,DEVELOP,374
2494,2495,DEVELOP,DEVELOP,374
2494,63,DEVELOP,DEVELOP,374
2494,224,DEVELOP,DEVELOP,374
2494,639,DEVELOP,DEVELOP,374
2494,2496,DEVELOP,DEVELOP,374
2494,2497,DEVELOP,DEVELOP,374
2494,450,DEVELOP,DEVELOP,374
2494,550,DEVELOP,DEVELOP,374
2494,2030,DEVELOP,DEVELOP,374
2494,2498,DEVELOP,DEVELOP,374
2495,590,DEVELOP,DEVELOP,374
2495,350,DEVELOP,DEVELOP,374
2495,63,DEVELOP,DEVELOP,374
2495,639,DEVELOP,DEVELOP,374
2495,2496,DEVELOP,DEVELOP,374
2495,2497,DEVELOP,DEVELOP,374
2495,450,DEVELOP,DEVELOP,374
2495,550,DEVELOP,DEVELOP,374
2495,2030,DEVELOP,DEVELOP,374
2495,2498,DEVELOP,DEVELOP,374
2496,350,DEVELOP,DEVELOP,374
2496,63,DEVELOP,DEVELOP,374
2496,639,DEVELOP,DEVELOP,374
2496,2497,DEVELOP,DEVELOP,374
2496,450,DEVELOP,DEVELOP,374
2496,550,DEVELOP,DEVELOP,374
2497,350,DEVELOP,DEVELOP,374
2497,63,DEVELOP,DEVELOP,374
2497,639,DEVELOP,DEVELOP,374
2497,450,DEVELOP,DEVELOP,374
2497,3343,OBLIGATE,OBLIGATE,598
2497,3,OBLIGATE,OBLIGATE,598
2497,3321,OBLIGATE,OBLIGATE,598
2497,471,OBLIGATE,OBLIGATE,598
2497,220,OBLIGATE,OBLIGATE,598
2498,350,DEVELOP,DEVELOP,374
2498,63,DEVELOP,DEVELOP,374
2498,639,DEVELOP,DEVELOP,374
2498,2496,DEVELOP,DEVELOP,374
2498,2497,DEVELOP,DEVELOP,374
2498,450,DEVELOP,DEVELOP,374
2498,550,DEVELOP,DEVELOP,374
2498,4280,include,INCLUDE,770
2498,33,include,INCLUDE,770
2498,320,include,INCLUDE,770
2499,62,OBLIGATE,OBLIGATE,375
2499,2500,OBLIGATE,OBLIGATE,375
2499,34,OBLIGATE,OBLIGATE,375
2499,67,OBLIGATE,OBLIGATE,375
2499,709,OBLIGATE,OBLIGATE,375
2499,2501,OBLIGATE,OBLIGATE,375
2499,2502,OBLIGATE,OBLIGATE,375
2499,1444,OBLIGATE,OBLIGATE,375
2499,2092,OBLIGATE,OBLIGATE,375
2499,2503,OBLIGATE,OBLIGATE,375
2499,1329,OBLIGATE,OBLIGATE,375
2499,347,OBLIGATE,OBLIGATE,375
2499,859,OBLIGATE,OBLIGATE,375
2499,2504,amend,AMEND,375
2499,319,amend,AMEND,375
2499,131,amend,AMEND,375
2499,2505,OBLIGATE,OBLIGATE,375
2499,2506,OBLIGATE,OBLIGATE,375
2499,210,OBLIGATE,OBLIGATE,375
2499,2486,OBLIGATE,OBLIGATE,375
2501,2502,OBLIGATE,OBLIGATE,375
2501,1444,OBLIGATE,OBLIGATE,375
2501,2092,OBLIGATE,OBLIGATE,375
2502,1444,OBLIGATE,OBLIGATE,375
2503,67,OBLIGATE,OBLIGATE,375
2503,63,oblige,OBLIGE,508
2503,206,OBLIGATE,OBLIGATE,584
2503,3555,OBLIGATE,OBLIGATE,591
2503,1689,OBLIGATE,OBLIGATE,591
2504,319,amend,AMEND,375
2504,131,amend,AMEND,375
2504,929,amend,AMEND,714
2504,919,amend,AMEND,714
2506,850,OBLIGATE,OBLIGATE,375
2506,210,OBLIGATE,OBLIGATE,375
2506,2486,OBLIGATE,OBLIGATE,375
2506,192,DEVELOP,DEVELOP,728
2506,328,DEVELOP,DEVELOP,728
2506,837,DEVELOP,DEVELOP,728
2507,2508,DEVELOP,DEVELOP,376
2507,2509,DEVELOP,DEVELOP,376
2507,2510,OBLIGATE,OBLIGATE,376
2507,2511,OBLIGATE,OBLIGATE,376
2507,2291,OBLIGATE,OBLIGATE,376
2507,131,OBLIGATE,OBLIGATE,376
2507,200,OBLIGATE,OBLIGATE,376
2507,2512,OBLIGATE,OBLIGATE,376
2507,2513,OBLIGATE,OBLIGATE,376
2509,2508,DEVELOP,DEVELOP,376
2510,2511,OBLIGATE,OBLIGATE,376
2510,2291,OBLIGATE,OBLIGATE,376
2510,131,OBLIGATE,OBLIGATE,376
2510,200,OBLIGATE,OBLIGATE,376
2510,2512,OBLIGATE,OBLIGATE,376
2510,2513,OBLIGATE,OBLIGATE,376
2511,2291,OBLIGATE,OBLIGATE,376
2511,131,OBLIGATE,OBLIGATE,376
2511,200,OBLIGATE,OBLIGATE,376
2512,2511,OBLIGATE,OBLIGATE,376
2512,131,OBLIGATE,OBLIGATE,376
2512,200,OBLIGATE,OBLIGATE,376
2513,2511,OBLIGATE,OBLIGATE,376
2513,131,OBLIGATE,OBLIGATE,376
2513,200,OBLIGATE,OBLIGATE,376
2513,2512,OBLIGATE,OBLIGATE,376
2514,833,OBLIGATE,OBLIGATE,377
2514,2515,OBLIGATE,OBLIGATE,377
2514,267,OBLIGATE,OBLIGATE,377
2514,151,USE,USE,377
2514,3,USE,USE,377
2514,298,OBLIGATE,OBLIGATE,377
2514,1926,OBLIGATE,OBLIGATE,377
2514,121,OBLIGATE,OBLIGATE,377
2514,236,OBLIGATE,OBLIGATE,377
2514,362,OBLIGATE,OBLIGATE,377
2514,2516,USE,USE,377
2514,1212,USE,USE,377
2514,2517,USE,USE,377
2514,2016,USE,USE,377
2515,267,OBLIGATE,OBLIGATE,377
2515,151,OBLIGATE,OBLIGATE,377
2516,151,USE,USE,377
2516,3,USE,USE,377
2516,2016,USE,USE,377
2517,151,USE,USE,377
2517,2516,USE,USE,377
2517,2016,USE,USE,377
2517,644,OBLIGATE,OBLIGATE,675
2517,236,OBLIGATE,OBLIGATE,675
2517,33,address,ADDRESS,822
2517,201,recognize,RECOGNIZE,881
2517,18,recognize,RECOGNIZE,881
2517,247,recognize,RECOGNIZE,881
2517,34,recognize,RECOGNIZE,881
2518,2519,OBLIGATE,OBLIGATE,378
2518,2520,OBLIGATE,OBLIGATE,378
2518,2521,OBLIGATE,OBLIGATE,378
2518,50,OBLIGATE,OBLIGATE,378
2519,1,OBLIGATE,OBLIGATE,378
2519,2520,OBLIGATE,OBLIGATE,378
2519,2521,OBLIGATE,OBLIGATE,378
2519,50,OBLIGATE,OBLIGATE,378
2520,2521,OBLIGATE,OBLIGATE,378
2520,50,OBLIGATE,OBLIGATE,378
2521,50,OBLIGATE,OBLIGATE,378
2522,13,OBLIGATE,OBLIGATE,379
2522,52,OBLIGATE,OBLIGATE,379
2522,2523,OBLIGATE,OBLIGATE,379
2522,2524,OBLIGATE,OBLIGATE,379
2522,77,OBLIGATE,OBLIGATE,379
2522,267,OBLIGATE,OBLIGATE,379
2522,386,AUTHORIZE,AUTHORIZE,379
2522,2525,AUTHORIZE,AUTHORIZE,379
2522,323,AUTHORIZE,AUTHORIZE,379
2522,177,OBLIGATE,OBLIGATE,379
2522,327,OBLIGATE,OBLIGATE,379
2522,96,OBLIGATE,OBLIGATE,379
2522,63,OBLIGATE,OBLIGATE,379
2522,1209,OBLIGATE,OBLIGATE,379
2523,13,OBLIGATE,OBLIGATE,379
2523,52,OBLIGATE,OBLIGATE,379
2523,2524,OBLIGATE,OBLIGATE,379
2523,77,OBLIGATE,OBLIGATE,379
2523,267,OBLIGATE,OBLIGATE,379
2523,181,manage,MANAGE,805
2524,13,OBLIGATE,OBLIGATE,379
2524,52,OBLIGATE,OBLIGATE,379
2524,77,OBLIGATE,OBLIGATE,379
2524,267,OBLIGATE,OBLIGATE,379
2525,267,AUTHORIZE,AUTHORIZE,379
2525,386,AUTHORIZE,AUTHORIZE,379
2525,323,AUTHORIZE,AUTHORIZE,379
2525,177,AUTHORIZE,AUTHORIZE,379
2526,328,OBLIGATE,OBLIGATE,380
2526,1433,SUPPORT,SUPPORT,380
2526,366,OBLIGATE,OBLIGATE,380
2526,2528,OBLIGATE,OBLIGATE,380
2526,350,OBLIGATE,OBLIGATE,380
2526,2531,OBLIGATE,OBLIGATE,380
2526,860,OBLIGATE,OBLIGATE,380
2526,2533,OBLIGATE,OBLIGATE,380
2528,350,OBLIGATE,OBLIGATE,380
2529,2526,OBLIGATE,OBLIGATE,380
2529,2528,OBLIGATE,OBLIGATE,380
2529,350,OBLIGATE,OBLIGATE,380
2529,2530,OBLIGATE,OBLIGATE,380
2530,2526,OBLIGATE,OBLIGATE,380
2530,2528,OBLIGATE,OBLIGATE,380
2530,350,OBLIGATE,OBLIGATE,380
2531,366,OBLIGATE,OBLIGATE,380
2531,860,OBLIGATE,OBLIGATE,380
2531,2533,OBLIGATE,OBLIGATE,380
2532,2526,OBLIGATE,OBLIGATE,380
2532,366,OBLIGATE,OBLIGATE,380
2532,2531,OBLIGATE,OBLIGATE,380
2532,860,OBLIGATE,OBLIGATE,380
2532,2533,OBLIGATE,OBLIGATE,380
2532,2534,OBLIGATE,OBLIGATE,380
2533,366,OBLIGATE,OBLIGATE,380
2533,860,OBLIGATE,OBLIGATE,380
2534,2526,OBLIGATE,OBLIGATE,380
2534,366,OBLIGATE,OBLIGATE,380
2534,2531,OBLIGATE,OBLIGATE,380
2534,860,OBLIGATE,OBLIGATE,380
2534,2533,OBLIGATE,OBLIGATE,380
2534,120,OBLIGATE,OBLIGATE,380
2535,2536,OBLIGATE,OBLIGATE,381
2535,235,DEVELOP,DEVELOP,381
2535,2537,DEVELOP,DEVELOP,381
2535,467,OBLIGATE,OBLIGATE,381
2535,2538,OBLIGATE,OBLIGATE,381
2535,820,OBLIGATE,OBLIGATE,381
2535,2539,OBLIGATE,OBLIGATE,381
2535,878,OBLIGATE,OBLIGATE,381
2535,1179,OBLIGATE,OBLIGATE,381
2535,2540,OBLIGATE,OBLIGATE,381
2535,1120,OBLIGATE,OBLIGATE,381
2535,2541,OBLIGATE,OBLIGATE,381
2537,235,DEVELOP,DEVELOP,381
2539,2538,OBLIGATE,OBLIGATE,381
2539,13,OBLIGATE,OBLIGATE,381
2539,128,OBLIGATE,OBLIGATE,381
2539,467,OBLIGATE,OBLIGATE,381
2539,1120,OBLIGATE,OBLIGATE,381
2539,2541,OBLIGATE,OBLIGATE,381
2540,2539,OBLIGATE,OBLIGATE,381
2540,467,OBLIGATE,OBLIGATE,381
2540,1120,OBLIGATE,OBLIGATE,381
2540,2541,OBLIGATE,OBLIGATE,381
2541,467,OBLIGATE,OBLIGATE,381
2541,1120,OBLIGATE,OBLIGATE,381
2542,806,OBLIGATE,OBLIGATE,382
2542,3,OBLIGATE,OBLIGATE,382
2542,1826,OBLIGATE,OBLIGATE,382
2542,2543,OBLIGATE,OBLIGATE,382
2542,267,OBLIGATE,OBLIGATE,382
2542,2544,OBLIGATE,OBLIGATE,382
2542,2545,OBLIGATE,OBLIGATE,382
2542,422,OBLIGATE,OBLIGATE,382
2542,2546,OBLIGATE,OBLIGATE,382
2542,13,OBLIGATE,OBLIGATE,382
2542,1209,OBLIGATE,OBLIGATE,382
2542,34,AUTHORIZE,AUTHORIZE,382
2542,2547,AUTHORIZE,AUTHORIZE,382
2542,379,AUTHORIZE,AUTHORIZE,382
2543,806,OBLIGATE,OBLIGATE,382
2543,3,OBLIGATE,OBLIGATE,382
2543,1826,OBLIGATE,OBLIGATE,382
2543,267,OBLIGATE,OBLIGATE,382
2544,267,OBLIGATE,OBLIGATE,382
2544,422,OBLIGATE,OBLIGATE,382
2545,267,OBLIGATE,OBLIGATE,382
2545,2544,OBLIGATE,OBLIGATE,382
2545,422,OBLIGATE,OBLIGATE,382
2546,267,OBLIGATE,OBLIGATE,382
2546,2544,OBLIGATE,OBLIGATE,382
2546,2545,OBLIGATE,OBLIGATE,382
2546,422,OBLIGATE,OBLIGATE,382
2547,177,AUTHORIZE,AUTHORIZE,382
2547,34,AUTHORIZE,AUTHORIZE,382
2547,379,AUTHORIZE,AUTHORIZE,382
2548,63,detail,DETAIL,383
2548,580,detail,DETAIL,383
2548,590,detail,DETAIL,383
2548,327,detail,DETAIL,383
2548,2259,detail,DETAIL,383
2548,2549,detail,DETAIL,383
2548,2550,detail,DETAIL,383
2548,255,detail,DETAIL,383
2548,2552,detail,DETAIL,383
2549,63,detail,DETAIL,383
2549,580,detail,DETAIL,383
2549,327,detail,DETAIL,383
2549,2550,detail,DETAIL,383
2549,347,detail,DETAIL,383
2550,63,detail,DETAIL,383
2550,580,detail,DETAIL,383
2550,327,detail,DETAIL,383
2551,178,DEVELOP,DEVELOP,429
2551,2792,DEVELOP,DEVELOP,429
2552,63,detail,DETAIL,383
2552,580,detail,DETAIL,383
2552,327,detail,DETAIL,383
2552,2549,detail,DETAIL,383
2552,2550,detail,DETAIL,383
2553,1941,include,INCLUDE,384
2553,13,OBLIGATE,OBLIGATE,384
2553,2095,AUTHORIZE,AUTHORIZE,384
2553,2554,AUTHORIZE,AUTHORIZE,384
2553,1192,AUTHORIZE,AUTHORIZE,384
2553,2556,AUTHORIZE,AUTHORIZE,384
2553,1113,OBLIGATE,OBLIGATE,384
2553,210,OBLIGATE,OBLIGATE,384
2553,2561,AUTHORIZE,AUTHORIZE,384
2553,255,AUTHORIZE,AUTHORIZE,384
2553,2562,AUTHORIZE,AUTHORIZE,384
2553,327,AUTHORIZE,AUTHORIZE,384
2553,2563,OBLIGATE,OBLIGATE,384
2553,298,OBLIGATE,OBLIGATE,384
2553,2564,OBLIGATE,OBLIGATE,384
2553,34,OBLIGATE,OBLIGATE,384
2553,2566,OBLIGATE,OBLIGATE,384
2553,2569,OBLIGATE,OBLIGATE,384
2553,314,OBLIGATE,OBLIGATE,384
2553,2570,OBLIGATE,OBLIGATE,384
2553,52,include,INCLUDE,384
2553,2571,include,INCLUDE,384
2554,1941,AUTHORIZE,AUTHORIZE,384
2554,13,include,INCLUDE,384
2554,131,include,INCLUDE,384
2554,1543,include,INCLUDE,384
2554,2047,include,INCLUDE,384
2554,35,include,INCLUDE,384
2554,323,include,INCLUDE,384
2554,1192,AUTHORIZE,AUTHORIZE,384
2555,13,include,INCLUDE,384
2555,2095,include,INCLUDE,384
2555,2554,include,INCLUDE,384
2555,131,include,INCLUDE,384
2555,1543,include,INCLUDE,384
2555,2047,include,INCLUDE,384
2555,66,include,INCLUDE,384
2555,1078,include,INCLUDE,384
2555,35,include,INCLUDE,384
2555,323,include,INCLUDE,384
2556,1941,AUTHORIZE,AUTHORIZE,384
2556,328,AUTHORIZE,AUTHORIZE,384
2556,2095,AUTHORIZE,AUTHORIZE,384
2556,2554,AUTHORIZE,AUTHORIZE,384
2556,1192,AUTHORIZE,AUTHORIZE,384
2557,1543,pursue,PURSUE,384
2557,35,provide,PROVIDE,778
2557,323,provide,PROVIDE,396
2557,2559,DEVELOP,DEVELOP,701
2557,177,DEVELOP,DEVELOP,574
2557,67,DEVELOP,DEVELOP,574
2557,3458,DEVELOP,DEVELOP,574
2557,403,DEVELOP,DEVELOP,701
2557,41,provide,PROVIDE,778
2558,1543,pursue,PURSUE,384
2558,35,pursue,PURSUE,384
2558,323,pursue,PURSUE,384
2558,2557,pursue,PURSUE,384
2558,2559,pursue,PURSUE,384
2558,177,pursue,PURSUE,384
2558,52,pursue,PURSUE,384
2559,35,pursue,PURSUE,384
2559,323,pursue,PURSUE,384
2559,177,pursue,PURSUE,384
2559,41,DEVELOP,DEVELOP,701
2559,26,OBLIGATE,OBLIGATE,701
2559,379,OBLIGATE,OBLIGATE,701
2561,1941,AUTHORIZE,AUTHORIZE,384
2561,177,AUTHORIZE,AUTHORIZE,384
2561,255,AUTHORIZE,AUTHORIZE,384
2561,2562,AUTHORIZE,AUTHORIZE,384
2561,327,AUTHORIZE,AUTHORIZE,384
2562,1941,AUTHORIZE,AUTHORIZE,384
2562,177,AUTHORIZE,AUTHORIZE,384
2562,255,AUTHORIZE,AUTHORIZE,384
2562,327,AUTHORIZE,AUTHORIZE,384
2563,1941,OBLIGATE,OBLIGATE,384
2563,3,OBLIGATE,OBLIGATE,384
2563,177,OBLIGATE,OBLIGATE,384
2563,298,OBLIGATE,OBLIGATE,384
2563,2564,OBLIGATE,OBLIGATE,384
2563,2565,OBLIGATE,OBLIGATE,384
2564,1941,OBLIGATE,OBLIGATE,384
2564,3,OBLIGATE,OBLIGATE,384
2564,177,OBLIGATE,OBLIGATE,384
2564,298,OBLIGATE,OBLIGATE,384
2564,2565,AUTHORIZE,AUTHORIZE,390
2564,1332,AUTHORIZE,AUTHORIZE,390
2564,2032,AUTHORIZE,AUTHORIZE,390
2565,1332,AUTHORIZE,AUTHORIZE,390
2565,2032,AUTHORIZE,AUTHORIZE,390
2566,1941,OBLIGATE,OBLIGATE,384
2566,34,OBLIGATE,OBLIGATE,384
2566,850,OBLIGATE,OBLIGATE,384
2567,328,state,STATE,455
2567,66,produce,PRODUCE,384
2567,1313,produce,PRODUCE,384
2567,850,produce,PRODUCE,384
2567,785,produce,PRODUCE,384
2567,1332,produce,PRODUCE,384
2567,2568,produce,PRODUCE,384
2567,2914,state,STATE,455
2567,337,state,STATE,455
2568,323,produce,PRODUCE,384
2568,1313,produce,PRODUCE,384
2568,850,produce,PRODUCE,384
2568,1444,OBLIGATE,OBLIGATE,474
2568,13,OBLIGATE,OBLIGATE,474
2568,8,OBLIGATE,OBLIGATE,474
2569,1941,OBLIGATE,OBLIGATE,384
2569,3,OBLIGATE,OBLIGATE,384
2569,314,OBLIGATE,OBLIGATE,384
2570,1941,OBLIGATE,OBLIGATE,384
2570,131,OBLIGATE,OBLIGATE,384
2570,318,OBLIGATE,OBLIGATE,384
2570,2569,OBLIGATE,OBLIGATE,384
2570,314,OBLIGATE,OBLIGATE,384
2571,1941,include,INCLUDE,384
2571,3,include,INCLUDE,384
2571,52,include,INCLUDE,384
2572,2573,amend,AMEND,385
2572,2260,amend,AMEND,385
2572,2574,amend,AMEND,385
2572,2575,amend,AMEND,385
2572,323,OBLIGATE,OBLIGATE,385
2572,2576,OBLIGATE,OBLIGATE,385
2572,2577,OBLIGATE,OBLIGATE,385
2572,2442,OBLIGATE,OBLIGATE,385
2572,392,OBLIGATE,OBLIGATE,385
2573,328,amend,AMEND,385
2573,2260,amend,AMEND,385
2573,2574,amend,AMEND,385
2573,2575,amend,AMEND,385
2573,2460,amend,AMEND,742
2573,177,amend,AMEND,742
2574,328,amend,AMEND,385
2574,2260,amend,AMEND,385
2574,2575,amend,AMEND,385
2575,328,amend,AMEND,385
2576,328,IMPLEMENT,IMPLEMENT,728
2576,323,OBLIGATE,OBLIGATE,385
2576,392,OBLIGATE,OBLIGATE,385
2576,1941,include,INCLUDE,394
2577,323,OBLIGATE,OBLIGATE,385
2577,1825,OBLIGATE,OBLIGATE,385
2577,2576,OBLIGATE,OBLIGATE,385
2577,392,OBLIGATE,OBLIGATE,385
2578,2579,IMPLEMENT,IMPLEMENT,386
2578,2580,IMPLEMENT,IMPLEMENT,386
2578,177,IMPLEMENT,IMPLEMENT,386
2580,2579,IMPLEMENT,IMPLEMENT,386
2581,2583,DEVELOP,DEVELOP,387
2581,2584,DEVELOP,DEVELOP,387
2581,2585,DEVELOP,DEVELOP,387
2581,335,DEVELOP,DEVELOP,387
2581,267,OBLIGATE,OBLIGATE,387
2581,2586,OBLIGATE,OBLIGATE,387
2581,831,OBLIGATE,OBLIGATE,387
2581,2587,OBLIGATE,OBLIGATE,387
2581,2588,OBLIGATE,OBLIGATE,387
2581,131,OBLIGATE,OBLIGATE,387
2582,1444,entitle,ENTITLE,474
2582,340,entitle,ENTITLE,474
2582,328,DEVELOP,DEVELOP,555
2582,313,DEVELOP,DEVELOP,555
2582,40,DEVELOP,DEVELOP,555
2582,315,DEVELOP,DEVELOP,555
2582,177,DEVELOP,DEVELOP,555
2583,335,DEVELOP,DEVELOP,387
2583,267,DEVELOP,DEVELOP,727
2583,328,DEVELOP,DEVELOP,727
2583,327,DEVELOP,DEVELOP,727
2583,337,REGULATE,REGULATE,627
2583,3458,DEVELOP,DEVELOP,727
2584,2583,DEVELOP,DEVELOP,387
2584,2585,DEVELOP,DEVELOP,387
2584,335,DEVELOP,DEVELOP,387
2584,267,DEVELOP,DEVELOP,387
2585,2583,DEVELOP,DEVELOP,387
2585,335,DEVELOP,DEVELOP,387
2585,267,DEVELOP,DEVELOP,387
2586,831,OBLIGATE,OBLIGATE,387
2587,2586,OBLIGATE,OBLIGATE,387
2587,831,OBLIGATE,OBLIGATE,387
2588,267,OBLIGATE,OBLIGATE,387
2588,131,OBLIGATE,OBLIGATE,387
2589,1941,OBLIGATE,OBLIGATE,388
2589,2590,OBLIGATE,OBLIGATE,388
2589,2591,OBLIGATE,OBLIGATE,388
2589,2592,OBLIGATE,OBLIGATE,388
2589,2593,OBLIGATE,OBLIGATE,388
2589,328,OBLIGATE,OBLIGATE,388
2589,2594,OBLIGATE,OBLIGATE,388
2589,2595,OBLIGATE,OBLIGATE,388
2589,2596,OBLIGATE,OBLIGATE,388
2589,2597,OBLIGATE,OBLIGATE,388
2589,2598,OBLIGATE,OBLIGATE,388
2589,320,OBLIGATE,OBLIGATE,388
2589,21,OBLIGATE,OBLIGATE,388
2589,1556,EVALUATE,EVALUATE,388
2589,199,OBLIGATE,OBLIGATE,388
2589,121,OBLIGATE,OBLIGATE,388
2589,200,OBLIGATE,OBLIGATE,388
2589,1486,OBLIGATE,OBLIGATE,388
2589,335,OBLIGATE,OBLIGATE,388
2589,2599,OBLIGATE,OBLIGATE,388
2589,2600,OBLIGATE,OBLIGATE,388
2589,2459,OBLIGATE,OBLIGATE,388
2589,2601,OBLIGATE,OBLIGATE,388
2589,2602,OBLIGATE,OBLIGATE,388
2589,1958,EVALUATE,EVALUATE,388
2589,2603,EVALUATE,EVALUATE,388
2589,2604,OBLIGATE,OBLIGATE,388
2590,1941,OBLIGATE,OBLIGATE,388
2590,177,OBLIGATE,OBLIGATE,388
2590,2591,OBLIGATE,OBLIGATE,388
2590,2592,OBLIGATE,OBLIGATE,388
2590,2593,OBLIGATE,OBLIGATE,388
2591,1941,OBLIGATE,OBLIGATE,388
2591,177,OBLIGATE,OBLIGATE,388
2591,2592,OBLIGATE,OBLIGATE,388
2591,2593,OBLIGATE,OBLIGATE,388
2592,1941,OBLIGATE,OBLIGATE,388
2592,177,OBLIGATE,OBLIGATE,388
2592,2593,OBLIGATE,OBLIGATE,388
2593,1941,OBLIGATE,OBLIGATE,388
2593,177,OBLIGATE,OBLIGATE,388
2594,1941,OBLIGATE,OBLIGATE,716
2594,177,OBLIGATE,OBLIGATE,716
2594,2598,OBLIGATE,OBLIGATE,388
2594,320,OBLIGATE,OBLIGATE,388
2594,21,OBLIGATE,OBLIGATE,388
2594,1556,OBLIGATE,OBLIGATE,388
2594,199,OBLIGATE,OBLIGATE,388
2594,121,OBLIGATE,OBLIGATE,388
2594,200,OBLIGATE,OBLIGATE,388
2594,1486,OBLIGATE,OBLIGATE,388
2594,335,REPORT,REPORT,703
2594,2599,OBLIGATE,OBLIGATE,388
2594,4010,REPORT,REPORT,703
2594,550,REPORT,REPORT,703
2594,707,REPORT,REPORT,703
2594,4069,OBLIGATE,OBLIGATE,716
2595,1941,OBLIGATE,OBLIGATE,388
2595,328,OBLIGATE,OBLIGATE,388
2595,2594,OBLIGATE,OBLIGATE,388
2595,2596,OBLIGATE,OBLIGATE,388
2595,2597,OBLIGATE,OBLIGATE,388
2595,2598,OBLIGATE,OBLIGATE,388
2595,320,OBLIGATE,OBLIGATE,388
2595,21,OBLIGATE,OBLIGATE,388
2595,1556,OBLIGATE,OBLIGATE,388
2595,199,OBLIGATE,OBLIGATE,388
2595,121,OBLIGATE,OBLIGATE,388
2595,200,OBLIGATE,OBLIGATE,388
2595,1486,OBLIGATE,OBLIGATE,388
2595,335,OBLIGATE,OBLIGATE,388
2595,236,OBLIGATE,OBLIGATE,388
2595,2599,OBLIGATE,OBLIGATE,388
2595,2600,OBLIGATE,OBLIGATE,388
2595,40,SUPPORT,SUPPORT,629
2595,67,SUPPORT,SUPPORT,629
2595,363,SUPPORT,SUPPORT,622
2595,235,OBLIGATE,OBLIGATE,629
2595,3689,OBLIGATE,OBLIGATE,629
2595,3722,OBLIGATE,OBLIGATE,629
2596,1941,OBLIGATE,OBLIGATE,388
2596,328,OBLIGATE,OBLIGATE,388
2596,2594,OBLIGATE,OBLIGATE,388
2596,2597,OBLIGATE,OBLIGATE,388
2596,2598,OBLIGATE,OBLIGATE,388
2596,320,OBLIGATE,OBLIGATE,388
2596,21,OBLIGATE,OBLIGATE,388
2596,1556,OBLIGATE,OBLIGATE,388
2596,199,OBLIGATE,OBLIGATE,388
2596,121,OBLIGATE,OBLIGATE,388
2596,200,OBLIGATE,OBLIGATE,388
2596,1486,OBLIGATE,OBLIGATE,388
2596,335,OBLIGATE,OBLIGATE,388
2596,236,OBLIGATE,OBLIGATE,388
2596,2599,OBLIGATE,OBLIGATE,388
2596,2600,OBLIGATE,OBLIGATE,388
2597,1941,OBLIGATE,OBLIGATE,388
2597,328,OBLIGATE,OBLIGATE,388
2597,2594,OBLIGATE,OBLIGATE,388
2597,2598,OBLIGATE,OBLIGATE,388
2597,320,OBLIGATE,OBLIGATE,388
2597,21,OBLIGATE,OBLIGATE,388
2597,1556,OBLIGATE,OBLIGATE,388
2597,199,OBLIGATE,OBLIGATE,388
2597,121,OBLIGATE,OBLIGATE,388
2597,200,OBLIGATE,OBLIGATE,388
2597,1486,OBLIGATE,OBLIGATE,388
2597,335,OBLIGATE,OBLIGATE,388
2597,236,OBLIGATE,OBLIGATE,388
2597,2599,OBLIGATE,OBLIGATE,388
2598,1941,OBLIGATE,OBLIGATE,388
2598,328,OBLIGATE,OBLIGATE,388
2598,320,OBLIGATE,OBLIGATE,388
2598,21,OBLIGATE,OBLIGATE,388
2598,1556,OBLIGATE,OBLIGATE,388
2598,199,OBLIGATE,OBLIGATE,388
2598,121,OBLIGATE,OBLIGATE,388
2598,200,OBLIGATE,OBLIGATE,388
2598,1486,OBLIGATE,OBLIGATE,388
2598,335,OBLIGATE,OBLIGATE,388
2598,236,OBLIGATE,OBLIGATE,388
2598,2599,OBLIGATE,OBLIGATE,388
2599,1941,OBLIGATE,OBLIGATE,388
2599,328,OBLIGATE,OBLIGATE,388
2599,320,OBLIGATE,OBLIGATE,388
2599,21,OBLIGATE,OBLIGATE,388
2599,1556,OBLIGATE,OBLIGATE,388
2599,199,OBLIGATE,OBLIGATE,388
2599,200,articulate,ARTICULATE,493
2599,1486,OBLIGATE,OBLIGATE,388
2599,335,articulate,ARTICULATE,493
2599,236,articulate,ARTICULATE,493
2599,1105,articulate,ARTICULATE,493
2600,1941,DEVELOP,DEVELOP,396
2600,328,OBLIGATE,OBLIGATE,388
2600,2594,OBLIGATE,OBLIGATE,388
2600,2597,OBLIGATE,OBLIGATE,388
2600,2598,OBLIGATE,OBLIGATE,388
2600,320,DEVELOP,DEVELOP,396
2600,21,OBLIGATE,OBLIGATE,388
2600,1556,OBLIGATE,OBLIGATE,388
2600,199,OBLIGATE,OBLIGATE,388
2600,121,OBLIGATE,OBLIGATE,388
2600,200,OBLIGATE,OBLIGATE,388
2600,1486,OBLIGATE,OBLIGATE,388
2600,335,OBLIGATE,OBLIGATE,388
2600,236,OBLIGATE,OBLIGATE,388
2600,2599,OBLIGATE,OBLIGATE,388
2601,1941,OBLIGATE,OBLIGATE,388
2602,1941,OBLIGATE,OBLIGATE,388
2602,2459,OBLIGATE,OBLIGATE,388
2602,2601,OBLIGATE,OBLIGATE,388
2603,1941,OBLIGATE,OBLIGATE,396
2603,1556,OBLIGATE,OBLIGATE,396
2603,1958,OBLIGATE,OBLIGATE,396
2604,1941,OBLIGATE,OBLIGATE,388
2604,199,necessitate,NECESSITATE,396
2604,177,necessitate,NECESSITATE,396
2605,2583,OBLIGATE,OBLIGATE,389
2605,2606,OBLIGATE,OBLIGATE,389
2605,327,accommodate,ACCOMMODATE,389
2605,2607,accommodate,ACCOMMODATE,389
2605,831,accommodate,ACCOMMODATE,389
2605,52,accommodate,ACCOMMODATE,389
2606,2583,OBLIGATE,OBLIGATE,389
2606,318,OBLIGATE,OBLIGATE,389
2607,318,accommodate,ACCOMMODATE,389
2607,327,accommodate,ACCOMMODATE,389
2607,831,accommodate,ACCOMMODATE,389
2607,52,accommodate,ACCOMMODATE,389
2608,2564,AUTHORIZE,AUTHORIZE,390
2608,2565,AUTHORIZE,AUTHORIZE,390
2608,1332,AUTHORIZE,AUTHORIZE,390
2608,2032,AUTHORIZE,AUTHORIZE,390
2608,255,AUTHORIZE,AUTHORIZE,390
2608,81,address,ADDRESS,390
2608,2438,address,ADDRESS,390
2609,2077,OBLIGATE,OBLIGATE,391
2609,807,streamline,STREAMLINE,391
2609,613,streamline,STREAMLINE,391
2609,40,SUPPORT,SUPPORT,391
2609,1833,OBLIGATE,OBLIGATE,391
2609,487,OBLIGATE,OBLIGATE,391
2609,267,OBLIGATE,OBLIGATE,391
2609,1826,OBLIGATE,OBLIGATE,391
2609,386,SUPPORT,SUPPORT,391
2609,323,SUPPORT,SUPPORT,391
2609,177,SUPPORT,SUPPORT,391
2609,570,OBLIGATE,OBLIGATE,391
2610,1209,DEVELOP,DEVELOP,392
2610,327,DEVELOP,DEVELOP,392
2610,2611,DEVELOP,DEVELOP,392
2610,34,DEVELOP,DEVELOP,392
2610,328,DEVELOP,DEVELOP,392
2610,177,DEVELOP,DEVELOP,392
2610,6,DEVELOP,DEVELOP,392
2610,831,DEVELOP,DEVELOP,392
2610,40,DEVELOP,DEVELOP,392
2610,2612,DEVELOP,DEVELOP,392
2610,2613,DEVELOP,DEVELOP,392
2611,1209,DEVELOP,DEVELOP,392
2611,327,DEVELOP,DEVELOP,392
2611,34,DEVELOP,DEVELOP,392
2611,328,DEVELOP,DEVELOP,392
2611,177,DEVELOP,DEVELOP,392
2611,6,DEVELOP,DEVELOP,392
2611,831,DEVELOP,DEVELOP,392
2611,40,DEVELOP,DEVELOP,392
2611,2612,DEVELOP,DEVELOP,392
2611,2613,DEVELOP,DEVELOP,392
2612,328,DEVELOP,DEVELOP,392
2612,177,DEVELOP,DEVELOP,392
2612,6,DEVELOP,DEVELOP,392
2612,40,DEVELOP,DEVELOP,392
2613,328,DEVELOP,DEVELOP,392
2613,177,DEVELOP,DEVELOP,392
2613,6,DEVELOP,DEVELOP,392
2613,831,DEVELOP,DEVELOP,392
2613,40,DEVELOP,DEVELOP,392
2613,2612,DEVELOP,DEVELOP,392
2614,2615,OBLIGATE,OBLIGATE,393
2614,2616,OBLIGATE,OBLIGATE,393
2614,393,OBLIGATE,OBLIGATE,393
2614,2617,OBLIGATE,OBLIGATE,393
2614,2618,OBLIGATE,OBLIGATE,393
2614,2619,OBLIGATE,OBLIGATE,393
2615,2616,OBLIGATE,OBLIGATE,393
2615,393,OBLIGATE,OBLIGATE,393
2615,2617,OBLIGATE,OBLIGATE,393
2615,2618,OBLIGATE,OBLIGATE,393
2615,2619,OBLIGATE,OBLIGATE,393
2616,393,OBLIGATE,OBLIGATE,393
2616,2617,OBLIGATE,OBLIGATE,393
2616,2618,OBLIGATE,OBLIGATE,393
2616,2619,OBLIGATE,OBLIGATE,393
2617,393,OBLIGATE,OBLIGATE,393
2617,2618,OBLIGATE,OBLIGATE,393
2619,393,OBLIGATE,OBLIGATE,393
2619,2617,OBLIGATE,OBLIGATE,393
2619,2618,OBLIGATE,OBLIGATE,393
2620,328,OBLIGATE,OBLIGATE,394
2620,177,SUPPORT,SUPPORT,394
2620,2551,OBLIGATE,OBLIGATE,394
2620,3,include,INCLUDE,394
2620,1941,include,INCLUDE,394
2620,2576,include,INCLUDE,394
2620,2621,include,INCLUDE,394
2620,1825,SUPPORT,SUPPORT,394
2620,392,SUPPORT,SUPPORT,394
2621,3,include,INCLUDE,394
2621,1941,include,INCLUDE,394
2621,2576,include,INCLUDE,394
2622,590,OBLIGATE,OBLIGATE,395
2622,777,OBLIGATE,OBLIGATE,395
2622,52,OBLIGATE,OBLIGATE,395
2622,2623,OBLIGATE,OBLIGATE,395
2622,2624,OBLIGATE,OBLIGATE,395
2622,291,OBLIGATE,OBLIGATE,395
2622,1941,OBLIGATE,OBLIGATE,395
2622,785,OBLIGATE,OBLIGATE,395
2622,13,OBLIGATE,OBLIGATE,395
2622,1209,OBLIGATE,OBLIGATE,395
2623,777,OBLIGATE,OBLIGATE,395
2623,1941,OBLIGATE,OBLIGATE,395
2623,58,OBLIGATE,OBLIGATE,506
2623,392,compose,COMPOSE,506
2623,25,compose,COMPOSE,506
2623,133,OBLIGATE,OBLIGATE,506
2623,318,SUPPORT,SUPPORT,512
2624,590,OBLIGATE,OBLIGATE,395
2624,777,OBLIGATE,OBLIGATE,395
2624,2623,OBLIGATE,OBLIGATE,395
2624,1941,OBLIGATE,OBLIGATE,395
2625,2626,OBLIGATE,OBLIGATE,396
2625,177,necessitate,NECESSITATE,396
2625,323,provide,PROVIDE,396
2625,2627,OBLIGATE,OBLIGATE,396
2625,481,OBLIGATE,OBLIGATE,396
2625,688,necessitate,NECESSITATE,396
2625,1833,OBLIGATE,OBLIGATE,396
2625,185,OBLIGATE,OBLIGATE,396
2625,1941,OBLIGATE,OBLIGATE,396
2625,51,OBLIGATE,OBLIGATE,396
2625,6,OBLIGATE,OBLIGATE,396
2625,1544,OBLIGATE,OBLIGATE,396
2625,320,DEVELOP,DEVELOP,396
2625,2600,DEVELOP,DEVELOP,396
2625,717,DEVELOP,DEVELOP,396
2625,1958,OBLIGATE,OBLIGATE,396
2625,1556,OBLIGATE,OBLIGATE,396
2625,2603,OBLIGATE,OBLIGATE,396
2625,13,OBLIGATE,OBLIGATE,396
2625,2557,provide,PROVIDE,396
2625,34,provide,PROVIDE,396
2625,35,provide,PROVIDE,396
2625,199,necessitate,NECESSITATE,396
2625,2604,necessitate,NECESSITATE,396
2626,177,OBLIGATE,OBLIGATE,396
2626,323,OBLIGATE,OBLIGATE,396
2626,2627,OBLIGATE,OBLIGATE,396
2626,481,OBLIGATE,OBLIGATE,396
2626,267,OBLIGATE,OBLIGATE,396
2627,177,AUTHORIZE,AUTHORIZE,534
2627,323,OBLIGATE,OBLIGATE,396
2627,481,OBLIGATE,OBLIGATE,396
2627,2341,AUTHORIZE,AUTHORIZE,534
2628,328,mean,MEAN,396
2629,292,OBLIGATE,OBLIGATE,397
2629,2630,OBLIGATE,OBLIGATE,397
2629,267,OBLIGATE,OBLIGATE,397
2629,2631,OBLIGATE,OBLIGATE,397
2629,311,OBLIGATE,OBLIGATE,397
2629,2632,OBLIGATE,OBLIGATE,397
2629,314,OBLIGATE,OBLIGATE,397
2629,784,OBLIGATE,OBLIGATE,397
2629,2633,OBLIGATE,OBLIGATE,397
2629,177,OBLIGATE,OBLIGATE,397
2629,318,OBLIGATE,OBLIGATE,397
2630,267,OBLIGATE,OBLIGATE,397
2630,177,OBLIGATE,OBLIGATE,397
2630,318,OBLIGATE,OBLIGATE,397
2630,3,OBLIGATE,OBLIGATE,690
2631,267,OBLIGATE,OBLIGATE,397
2631,40,OBLIGATE,OBLIGATE,397
2631,311,OBLIGATE,OBLIGATE,397
2631,2632,OBLIGATE,OBLIGATE,397
2631,314,OBLIGATE,OBLIGATE,397
2631,784,OBLIGATE,OBLIGATE,397
2631,2633,OBLIGATE,OBLIGATE,397
2632,267,OBLIGATE,OBLIGATE,674
2632,40,OBLIGATE,OBLIGATE,397
2632,311,OBLIGATE,OBLIGATE,397
2632,314,OBLIGATE,OBLIGATE,397
2632,784,OBLIGATE,OBLIGATE,397
2632,2633,OBLIGATE,OBLIGATE,397
2632,131,OBLIGATE,OBLIGATE,674
2632,200,OBLIGATE,OBLIGATE,674
2633,267,OBLIGATE,OBLIGATE,397
2633,311,OBLIGATE,OBLIGATE,397
2633,314,OBLIGATE,OBLIGATE,397
2633,784,OBLIGATE,OBLIGATE,397
2634,2635,USE,USE,398
2634,2636,USE,USE,398
2634,2637,USE,USE,398
2634,13,USE,USE,398
2634,128,USE,USE,398
2634,392,USE,USE,398
2635,2636,USE,USE,398
2635,2637,USE,USE,398
2635,13,USE,USE,398
2635,128,USE,USE,398
2635,392,USE,USE,398
2636,2637,USE,USE,398
2638,2639,compose,COMPOSE,399
2638,2640,OBLIGATE,OBLIGATE,399
2638,364,compose,COMPOSE,399
2638,37,compose,COMPOSE,399
2638,362,OBLIGATE,OBLIGATE,399
2638,1487,OBLIGATE,OBLIGATE,399
2638,1313,OBLIGATE,OBLIGATE,399
2638,392,OBLIGATE,OBLIGATE,399
2639,2640,compose,COMPOSE,399
2639,3,compose,COMPOSE,399
2639,81,compose,COMPOSE,399
2639,364,compose,COMPOSE,399
2639,37,compose,COMPOSE,399
2641,487,reveal,REVEAL,400
2641,2642,reveal,REVEAL,400
2641,2643,reveal,REVEAL,400
2641,2644,reveal,REVEAL,400
2641,450,OBLIGATE,OBLIGATE,400
2641,484,OBLIGATE,OBLIGATE,400
2641,728,OBLIGATE,OBLIGATE,400
2641,617,OBLIGATE,OBLIGATE,400
2641,2645,OBLIGATE,OBLIGATE,400
2641,2646,OBLIGATE,OBLIGATE,400
2642,487,reveal,REVEAL,400
2642,2643,reveal,REVEAL,400
2642,2644,reveal,REVEAL,400
2643,487,fail,FAIL,404
2643,2644,reveal,REVEAL,400
2643,484,fail,FAIL,404
2643,202,OBLIGATE,OBLIGATE,407
2644,487,reveal,REVEAL,400
2644,484,OBLIGATE,OBLIGATE,404
2644,2645,OBLIGATE,OBLIGATE,404
2645,617,OBLIGATE,OBLIGATE,411
2645,487,OBLIGATE,OBLIGATE,401
2645,2661,OBLIGATE,OBLIGATE,409
2645,131,OBLIGATE,OBLIGATE,410
2645,199,OBLIGATE,OBLIGATE,410
2646,728,OBLIGATE,OBLIGATE,400
2646,617,OBLIGATE,OBLIGATE,400
2646,2645,OBLIGATE,OBLIGATE,400
2646,484,OBLIGATE,OBLIGATE,400
2647,487,OBLIGATE,OBLIGATE,401
2647,2648,OBLIGATE,OBLIGATE,401
2647,2649,OBLIGATE,OBLIGATE,401
2647,146,follow,FOLLOW,401
2647,2650,DEVELOP,DEVELOP,401
2647,2651,follow,FOLLOW,401
2647,2652,OBLIGATE,OBLIGATE,401
2647,2645,OBLIGATE,OBLIGATE,401
2647,2653,OBLIGATE,OBLIGATE,401
2647,2654,OBLIGATE,OBLIGATE,401
2647,2655,OBLIGATE,OBLIGATE,401
2648,487,OBLIGATE,OBLIGATE,401
2648,2649,OBLIGATE,OBLIGATE,401
2649,487,OBLIGATE,OBLIGATE,401
2649,146,OBLIGATE,OBLIGATE,409
2649,2696,OBLIGATE,OBLIGATE,409
2649,422,OBLIGATE,OBLIGATE,409
2650,146,DEVELOP,DEVELOP,401
2650,2651,DEVELOP,DEVELOP,401
2651,146,follow,FOLLOW,401
2651,422,demonstrate,DEMONSTRATE,409
2651,202,demonstrate,DEMONSTRATE,409
2651,320,meet,MEET,411
2651,335,meet,MEET,411
2652,487,OBLIGATE,OBLIGATE,401
2652,2645,OBLIGATE,OBLIGATE,409
2652,2653,OBLIGATE,OBLIGATE,401
2652,2654,OBLIGATE,OBLIGATE,409
2652,2655,OBLIGATE,OBLIGATE,401
2652,2661,OBLIGATE,OBLIGATE,409
2653,487,OBLIGATE,OBLIGATE,401
2653,2645,OBLIGATE,OBLIGATE,401
2654,487,OBLIGATE,OBLIGATE,401
2654,2645,OBLIGATE,OBLIGATE,409
2654,2653,OBLIGATE,OBLIGATE,401
2654,2661,OBLIGATE,OBLIGATE,409
2655,487,OBLIGATE,OBLIGATE,401
2655,2645,OBLIGATE,OBLIGATE,401
2655,2653,OBLIGATE,OBLIGATE,401
2655,2654,OBLIGATE,OBLIGATE,401
2659,2660,USE,USE,402
2659,83,USE,USE,402
2659,247,include,INCLUDE,402
2659,276,USE,USE,402
2659,146,include,INCLUDE,402
2659,2661,include,INCLUDE,402
2659,84,OBLIGATE,OBLIGATE,402
2659,728,OBLIGATE,OBLIGATE,402
2659,2662,OBLIGATE,OBLIGATE,402
2659,617,OBLIGATE,OBLIGATE,402
2659,2663,OBLIGATE,OBLIGATE,402
2659,2664,OBLIGATE,OBLIGATE,402
2659,2665,specify,SPECIFY,402
2660,83,USE,USE,402
2660,247,USE,USE,402
2660,276,USE,USE,402
2661,247,include,INCLUDE,402
2661,146,include,INCLUDE,402
2661,6,OBLIGATE,OBLIGATE,409
2662,84,OBLIGATE,OBLIGATE,402
2662,728,OBLIGATE,OBLIGATE,408
2662,617,OBLIGATE,OBLIGATE,408
2662,2663,OBLIGATE,OBLIGATE,408
2663,84,OBLIGATE,OBLIGATE,402
2663,728,OBLIGATE,OBLIGATE,408
2663,617,OBLIGATE,OBLIGATE,408
2665,193,specify,SPECIFY,402
2666,2667,classify,CLASSIFY,403
2666,185,OBLIGATE,OBLIGATE,403
2666,2668,OBLIGATE,OBLIGATE,403
2666,450,OBLIGATE,OBLIGATE,403
2666,2669,OBLIGATE,OBLIGATE,403
2666,2670,meet,MEET,403
2666,320,meet,MEET,403
2666,2671,OBLIGATE,OBLIGATE,403
2666,1630,OBLIGATE,OBLIGATE,403
2667,450,classify,CLASSIFY,403
2669,2074,impede,IMPEDE,410
2670,320,meet,MEET,403
2671,1630,OBLIGATE,OBLIGATE,403
2672,2673,OBLIGATE,OBLIGATE,404
2672,2645,OBLIGATE,OBLIGATE,404
2672,2644,OBLIGATE,OBLIGATE,404
2672,484,fail,FAIL,404
2672,2643,fail,FAIL,404
2672,487,fail,FAIL,404
2672,2674,fail,FAIL,404
2672,2675,interpret,INTERPRET,404
2672,83,interpret,INTERPRET,404
2673,2645,OBLIGATE,OBLIGATE,404
2673,2644,OBLIGATE,OBLIGATE,404
2674,2643,fail,FAIL,404
2674,484,fail,FAIL,404
2674,487,fail,FAIL,404
2675,83,interpret,INTERPRET,404
2676,2677,OBLIGATE,OBLIGATE,405
2676,83,REGULATE,REGULATE,405
2676,450,OBLIGATE,OBLIGATE,405
2676,452,OBLIGATE,OBLIGATE,405
2676,199,OBLIGATE,OBLIGATE,405
2676,233,OBLIGATE,OBLIGATE,405
2676,193,OBLIGATE,OBLIGATE,405
2676,2679,OBLIGATE,OBLIGATE,405
2676,2669,OBLIGATE,OBLIGATE,405
2678,131,EVALUATE,EVALUATE,405
2678,199,EVALUATE,EVALUATE,405
2678,484,EVALUATE,EVALUATE,405
2680,2681,USE,USE,406
2680,2682,qualify,QUALIFY,406
2680,2683,USE,USE,406
2680,2684,USE,USE,406
2680,2291,USE,USE,406
2680,223,provide,PROVIDE,406
2680,889,qualify,QUALIFY,406
2680,634,qualify,QUALIFY,406
2680,181,qualify,QUALIFY,406
2680,224,qualify,QUALIFY,406
2680,2685,provide,PROVIDE,406
2680,422,qualify,QUALIFY,406
2680,164,provide,PROVIDE,406
2680,2686,qualify,QUALIFY,406
2680,131,qualify,QUALIFY,406
2681,2682,USE,USE,406
2681,2683,USE,USE,406
2681,2684,USE,USE,406
2681,2291,USE,USE,406
2681,223,USE,USE,406
2681,889,USE,USE,406
2681,634,USE,USE,406
2682,2291,USE,USE,406
2682,223,provide,PROVIDE,406
2682,889,qualify,QUALIFY,406
2682,634,qualify,QUALIFY,406
2682,181,qualify,QUALIFY,406
2682,2685,provide,PROVIDE,406
2682,422,qualify,QUALIFY,406
2682,164,provide,PROVIDE,406
2682,2686,qualify,QUALIFY,406
2682,131,qualify,QUALIFY,406
2683,2682,USE,USE,406
2683,2684,USE,USE,406
2683,2291,USE,USE,406
2683,223,USE,USE,406
2683,889,USE,USE,406
2683,634,USE,USE,406
2683,181,USE,USE,406
2684,2682,USE,USE,406
2684,2291,USE,USE,406
2684,223,USE,USE,406
2684,889,USE,USE,406
2684,634,USE,USE,406
2685,223,provide,PROVIDE,406
2685,181,provide,PROVIDE,406
2685,422,provide,PROVIDE,406
2685,164,provide,PROVIDE,406
2687,2688,classify,CLASSIFY,407
2687,2689,classify,CLASSIFY,407
2687,2690,include,INCLUDE,407
2687,2643,OBLIGATE,OBLIGATE,407
2687,202,OBLIGATE,OBLIGATE,407
2687,2691,OBLIGATE,OBLIGATE,407
2687,617,OBLIGATE,OBLIGATE,407
2687,2645,OBLIGATE,OBLIGATE,407
2687,2679,USE,USE,407
2687,2669,include,INCLUDE,407
2689,2688,classify,CLASSIFY,407
2691,617,OBLIGATE,OBLIGATE,411
2691,2645,OBLIGATE,OBLIGATE,411
2692,233,include,INCLUDE,407
2693,146,OBLIGATE,OBLIGATE,408
2693,422,OBLIGATE,OBLIGATE,408
2693,2694,OBLIGATE,OBLIGATE,408
2693,487,OBLIGATE,OBLIGATE,408
2693,728,OBLIGATE,OBLIGATE,408
2693,2662,OBLIGATE,OBLIGATE,408
2693,617,OBLIGATE,OBLIGATE,408
2693,2663,OBLIGATE,OBLIGATE,408
2694,146,OBLIGATE,OBLIGATE,408
2694,422,OBLIGATE,OBLIGATE,408
2695,146,OBLIGATE,OBLIGATE,409
2695,2649,OBLIGATE,OBLIGATE,409
2695,2696,OBLIGATE,OBLIGATE,409
2695,422,demonstrate,DEMONSTRATE,409
2695,2651,OBLIGATE,OBLIGATE,409
2695,202,demonstrate,DEMONSTRATE,409
2695,2652,OBLIGATE,OBLIGATE,409
2695,2645,OBLIGATE,OBLIGATE,409
2695,2661,OBLIGATE,OBLIGATE,409
2695,2654,OBLIGATE,OBLIGATE,409
2695,6,OBLIGATE,OBLIGATE,409
2696,146,OBLIGATE,OBLIGATE,409
2697,2698,USE,USE,410
2697,450,OBLIGATE,OBLIGATE,410
2697,233,OBLIGATE,OBLIGATE,410
2697,2699,OBLIGATE,OBLIGATE,410
2697,728,OBLIGATE,OBLIGATE,410
2697,617,OBLIGATE,OBLIGATE,410
2697,2645,OBLIGATE,OBLIGATE,410
2697,199,OBLIGATE,OBLIGATE,410
2697,193,OBLIGATE,OBLIGATE,410
2697,202,OBLIGATE,OBLIGATE,410
2697,2664,EVALUATE,EVALUATE,410
2697,2669,impede,IMPEDE,410
2697,2074,impede,IMPEDE,410
2698,450,USE,USE,410
2699,450,OBLIGATE,OBLIGATE,410
2699,233,OBLIGATE,OBLIGATE,410
2700,2701,USE,USE,411
2700,484,USE,USE,411
2700,2651,meet,MEET,411
2700,320,meet,MEET,411
2700,335,meet,MEET,411
2700,2691,OBLIGATE,OBLIGATE,411
2700,617,OBLIGATE,OBLIGATE,411
2700,2645,OBLIGATE,OBLIGATE,411
2700,2669,OBLIGATE,OBLIGATE,411
2701,484,USE,USE,411
2702,2703,pose,POSE,412
2702,1863,REGULATE,REGULATE,412
2702,1864,pose,POSE,412
2702,1630,pose,POSE,412
2702,267,REGULATE,REGULATE,412
2702,76,violate,VIOLATE,412
2703,1863,pose,POSE,412
2703,1864,pose,POSE,412
2703,1630,pose,POSE,412
2703,267,pose,POSE,412
2704,1863,include,INCLUDE,412
2704,607,include,INCLUDE,412
2704,548,include,INCLUDE,412
2704,2307,include,INCLUDE,412
2705,2706,DEVELOP,DEVELOP,413
2705,327,AUTHORIZE,AUTHORIZE,413
2705,1078,AUTHORIZE,AUTHORIZE,413
2705,1320,AUTHORIZE,AUTHORIZE,413
2705,2707,AUTHORIZE,AUTHORIZE,413
2705,1164,SUPPORT,SUPPORT,413
2705,2708,endorse,ENDORSE,413
2705,67,endorse,ENDORSE,413
2705,276,endorse,ENDORSE,413
2705,259,recognize,RECOGNIZE,413
2705,366,recognize,RECOGNIZE,413
2705,2709,SUPPORT,SUPPORT,413
2705,2710,SUPPORT,SUPPORT,413
2705,36,SUPPORT,SUPPORT,413
2705,33,SUPPORT,SUPPORT,413
2706,207,DEVELOP,DEVELOP,413
2706,34,DEVELOP,DEVELOP,413
2707,207,AUTHORIZE,AUTHORIZE,413
2707,327,AUTHORIZE,AUTHORIZE,413
2707,1320,AUTHORIZE,AUTHORIZE,413
2707,1164,AUTHORIZE,AUTHORIZE,413
2708,207,endorse,ENDORSE,413
2708,34,endorse,ENDORSE,413
2708,67,endorse,ENDORSE,413
2708,276,endorse,ENDORSE,413
2709,207,SUPPORT,SUPPORT,413
2709,1164,SUPPORT,SUPPORT,413
2709,36,SUPPORT,SUPPORT,413
2710,1164,SUPPORT,SUPPORT,413
2710,2709,SUPPORT,SUPPORT,413
2710,36,SUPPORT,SUPPORT,413
2711,1201,OBLIGATE,OBLIGATE,414
2711,2713,OBLIGATE,OBLIGATE,414
2711,2714,OBLIGATE,OBLIGATE,414
2711,224,set,SET,414
2711,295,OBLIGATE,OBLIGATE,414
2711,2715,RESTRICT,RESTRICT,414
2711,924,OBLIGATE,OBLIGATE,414
2711,936,OBLIGATE,OBLIGATE,414
2711,2716,AUTHORIZE,AUTHORIZE,414
2711,2717,AUTHORIZE,AUTHORIZE,414
2711,2718,AUTHORIZE,AUTHORIZE,414
2711,279,define,DEFINE,414
2711,1633,define,DEFINE,414
2711,1634,define,DEFINE,414
2711,1713,define,DEFINE,414
2711,18,set,SET,414
2712,3294,OBLIGATE,OBLIGATE,531
2712,471,OBLIGATE,OBLIGATE,531
2712,220,OBLIGATE,OBLIGATE,531
2712,726,OBLIGATE,OBLIGATE,531
2713,1201,OBLIGATE,OBLIGATE,414
2713,320,OBLIGATE,OBLIGATE,515
2714,1201,OBLIGATE,OBLIGATE,414
2714,2713,OBLIGATE,OBLIGATE,414
2715,295,RESTRICT,RESTRICT,414
2715,924,RESTRICT,RESTRICT,414
2716,2717,AUTHORIZE,AUTHORIZE,414
2716,2718,AUTHORIZE,AUTHORIZE,414
2718,2717,AUTHORIZE,AUTHORIZE,414
2718,3,AUTHORIZE,AUTHORIZE,414
2719,2016,DEVELOP,DEVELOP,415
2719,157,DEVELOP,DEVELOP,415
2719,154,DEVELOP,DEVELOP,415
2719,78,DEVELOP,DEVELOP,415
2719,2721,depict,DEPICT,415
2719,101,SUPPORT,SUPPORT,415
2719,107,SUPPORT,SUPPORT,415
2719,892,declare,DECLARE,415
2720,2719,depict,DEPICT,415
2720,2016,DEVELOP,DEVELOP,415
2720,157,DEVELOP,DEVELOP,415
2720,154,DEVELOP,DEVELOP,415
2720,78,DEVELOP,DEVELOP,415
2720,2721,depict,DEPICT,415
2722,2723,provide,PROVIDE,891
2722,109,provide,PROVIDE,891
2722,935,provide,PROVIDE,891
2722,5034,AUTHORIZE,AUTHORIZE,942
2722,5003,AUTHORIZE,AUTHORIZE,942
2723,1678,SUPPORT,SUPPORT,881
2723,109,provide,PROVIDE,891
2723,935,provide,PROVIDE,891
2724,2719,SUPPORT,SUPPORT,415
2724,101,SUPPORT,SUPPORT,415
2724,107,state,STATE,940
2724,2725,clarify,CLARIFY,943
2724,4873,AUTHORIZE,AUTHORIZE,903
2724,160,AUTHORIZE,AUTHORIZE,903
2724,2879,AUTHORIZE,AUTHORIZE,903
2724,4915,AUTHORIZE,AUTHORIZE,912
2724,181,AUTHORIZE,AUTHORIZE,912
2724,4958,AUTHORIZE,AUTHORIZE,923
2724,5030,state,STATE,940
2724,146,state,STATE,940
2724,337,state,STATE,940
2724,5032,state,STATE,940
2724,273,state,STATE,940
2724,5040,clarify,CLARIFY,943
2725,2719,SUPPORT,SUPPORT,415
2725,101,SUPPORT,SUPPORT,415
2725,107,SUPPORT,SUPPORT,415
2725,5040,clarify,CLARIFY,943
2729,1214,DEVELOP,DEVELOP,417
2729,2730,DEVELOP,DEVELOP,417
2729,2731,DEVELOP,DEVELOP,417
2729,225,OBLIGATE,OBLIGATE,417
2729,1818,OBLIGATE,OBLIGATE,417
2729,821,OBLIGATE,OBLIGATE,417
2729,18,OBLIGATE,OBLIGATE,417
2729,333,OBLIGATE,OBLIGATE,417
2729,1212,OBLIGATE,OBLIGATE,417
2730,1214,DEVELOP,DEVELOP,417
2730,2731,DEVELOP,DEVELOP,417
2731,1214,DEVELOP,DEVELOP,417
2731,225,explain,EXPLAIN,836
2731,248,aim,AIM,443
2731,103,aim,AIM,443
2731,366,confirm,CONFIRM,829
2731,3,explain,EXPLAIN,836
2731,136,explain,EXPLAIN,836
2733,2736,OBLIGATE,OBLIGATE,418
2733,2737,OBLIGATE,OBLIGATE,418
2733,2738,OBLIGATE,OBLIGATE,418
2733,337,OBLIGATE,OBLIGATE,418
2733,185,OBLIGATE,OBLIGATE,418
2733,248,OBLIGATE,OBLIGATE,418
2733,341,OBLIGATE,OBLIGATE,418
2733,265,OBLIGATE,OBLIGATE,418
2734,2733,OBLIGATE,OBLIGATE,418
2734,2735,OBLIGATE,OBLIGATE,418
2734,13,OBLIGATE,OBLIGATE,418
2734,2736,OBLIGATE,OBLIGATE,418
2734,2737,OBLIGATE,OBLIGATE,418
2734,2738,OBLIGATE,OBLIGATE,418
2734,416,OBLIGATE,OBLIGATE,418
2734,181,OBLIGATE,OBLIGATE,418
2735,2733,OBLIGATE,OBLIGATE,418
2735,13,OBLIGATE,OBLIGATE,418
2735,2736,OBLIGATE,OBLIGATE,418
2735,2737,OBLIGATE,OBLIGATE,418
2735,2738,OBLIGATE,OBLIGATE,418
2737,13,OBLIGATE,OBLIGATE,418
2737,2736,OBLIGATE,OBLIGATE,418
2737,314,OBLIGATE,OBLIGATE,510
2738,13,OBLIGATE,OBLIGATE,418
2738,2736,OBLIGATE,OBLIGATE,418
2738,2737,OBLIGATE,OBLIGATE,510
2738,314,OBLIGATE,OBLIGATE,510
2738,291,OBLIGATE,OBLIGATE,510
2739,2733,subject,SUBJECT,418
2739,268,subject,SUBJECT,418
2739,181,subject,SUBJECT,418
2740,2733,OBLIGATE,OBLIGATE,418
2740,341,OBLIGATE,OBLIGATE,418
2740,3707,OBLIGATE,OBLIGATE,626
2740,1880,OBLIGATE,OBLIGATE,626
2741,2733,AUTHORIZE,AUTHORIZE,418
2741,181,AUTHORIZE,AUTHORIZE,418
2741,520,AUTHORIZE,AUTHORIZE,418
2742,983,DEVELOP,DEVELOP,419
2742,1260,broaden,BROADEN,419
2743,2742,extend,EXTEND,419
2743,3,clarify,CLARIFY,884
2743,983,extend,EXTEND,419
2743,90,include,INCLUDE,419
2743,102,extend,EXTEND,419
2743,4796,clarify,CLARIFY,884
2743,4797,clarify,CLARIFY,884
2743,2,clarify,CLARIFY,884
2743,52,clarify,CLARIFY,884
2744,2742,broaden,BROADEN,419
2744,1260,broaden,BROADEN,419
2744,1261,broaden,BROADEN,419
2744,244,broaden,BROADEN,419
2744,983,broaden,BROADEN,419
2745,2742,DEVELOP,DEVELOP,419
2745,983,DEVELOP,DEVELOP,419
2745,634,elect,ELECT,535
2745,181,oblige,OBLIGE,535
2745,3311,oblige,OBLIGE,535
2745,1764,oblige,OBLIGE,535
2745,18,DEVELOP,DEVELOP,932
2746,560,DEVELOP,DEVELOP,420
2746,1779,DEVELOP,DEVELOP,420
2746,2747,DEVELOP,DEVELOP,420
2746,1336,DEVELOP,DEVELOP,420
2746,1844,DEVELOP,DEVELOP,420
2746,2748,DEVELOP,DEVELOP,420
2746,590,OBLIGATE,OBLIGATE,420
2746,137,OBLIGATE,OBLIGATE,420
2746,235,emphasize,EMPHASIZE,420
2746,464,OBLIGATE,OBLIGATE,420
2746,1602,OBLIGATE,OBLIGATE,420
2746,131,emphasize,EMPHASIZE,420
2746,350,OBLIGATE,OBLIGATE,420
2746,268,OBLIGATE,OBLIGATE,420
2746,278,AUTHORIZE,AUTHORIZE,420
2747,644,OBLIGATE,OBLIGATE,580
2747,268,cover,COVER,606
2751,2746,emphasize,EMPHASIZE,420
2751,235,emphasize,EMPHASIZE,420
2751,131,emphasize,EMPHASIZE,420
2753,1601,SUPPORT,SUPPORT,774
2757,337,implemene,IMPLEMENE,823
2757,299,provide,PROVIDE,825
2757,314,provide,PROVIDE,825
2757,4499,implemene,IMPLEMENE,823
2757,4500,implemene,IMPLEMENE,823
2757,18,provide,PROVIDE,825
2757,121,REPORT,REPORT,835
2757,859,REPORT,REPORT,835
2757,5,REPORT,REPORT,835
2762,268,REPORT,REPORT,423
2762,3,OBLIGATE,OBLIGATE,423
2762,13,OBLIGATE,OBLIGATE,423
2762,6,OBLIGATE,OBLIGATE,423
2762,454,OBLIGATE,OBLIGATE,423
2763,2762,OBLIGATE,OBLIGATE,423
2763,2764,OBLIGATE,OBLIGATE,423
2763,6,OBLIGATE,OBLIGATE,423
2764,2762,OBLIGATE,OBLIGATE,423
2764,6,OBLIGATE,OBLIGATE,423
2764,2341,USE,USE,805
2765,2762,OBLIGATE,OBLIGATE,423
2765,2764,OBLIGATE,OBLIGATE,423
2765,786,OBLIGATE,OBLIGATE,651
2765,6,OBLIGATE,OBLIGATE,651
2766,2762,OBLIGATE,OBLIGATE,423
2766,2764,OBLIGATE,OBLIGATE,423
2766,2765,OBLIGATE,OBLIGATE,423
2767,2762,OBLIGATE,OBLIGATE,423
2767,454,OBLIGATE,OBLIGATE,423
2769,2762,OBLIGATE,OBLIGATE,423
2769,13,OBLIGATE,OBLIGATE,423
2769,713,OBLIGATE,OBLIGATE,423
2770,21,set,SET,424
2770,335,OBLIGATE,OBLIGATE,424
2770,236,OBLIGATE,OBLIGATE,424
2770,121,OBLIGATE,OBLIGATE,424
2770,630,OBLIGATE,OBLIGATE,424
2770,2771,OBLIGATE,OBLIGATE,424
2770,402,oblige,OBLIGE,424
2770,235,OBLIGATE,OBLIGATE,424
2770,109,OBLIGATE,OBLIGATE,424
2770,103,OBLIGATE,OBLIGATE,424
2770,13,OBLIGATE,OBLIGATE,424
2770,63,OBLIGATE,OBLIGATE,424
2770,231,SUPPORT,SUPPORT,424
2770,37,SUPPORT,SUPPORT,424
2770,1405,SUPPORT,SUPPORT,424
2771,21,OBLIGATE,OBLIGATE,424
2771,335,OBLIGATE,OBLIGATE,424
2771,236,OBLIGATE,OBLIGATE,424
2771,121,OBLIGATE,OBLIGATE,424
2771,402,OBLIGATE,OBLIGATE,424
2772,2168,OBLIGATE,OBLIGATE,425
2772,62,oblige,OBLIGE,425
2772,109,OBLIGATE,OBLIGATE,425
2772,570,OBLIGATE,OBLIGATE,425
2772,76,IMPLEMENT,IMPLEMENT,425
2772,275,IMPLEMENT,IMPLEMENT,425
2772,271,AUTHORIZE,AUTHORIZE,425
2772,293,AUTHORIZE,AUTHORIZE,425
2775,2583,DEVELOP,DEVELOP,426
2775,328,OBLIGATE,OBLIGATE,426
2775,1597,AUTHORIZE,AUTHORIZE,426
2775,267,OBLIGATE,OBLIGATE,426
2775,1850,expect,EXPECT,426
2775,327,prioritize,PRIORITIZE,426
2775,363,prioritize,PRIORITIZE,426
2775,292,prioritize,PRIORITIZE,426
2775,3,prioritize,PRIORITIZE,426
2775,2779,AUTHORIZE,AUTHORIZE,426
2776,2775,DEVELOP,DEVELOP,426
2776,2583,DEVELOP,DEVELOP,426
2777,2775,DEVELOP,DEVELOP,426
2777,2583,DEVELOP,DEVELOP,426
2777,2776,DEVELOP,DEVELOP,426
2777,1597,DEVELOP,DEVELOP,426
2778,2775,OBLIGATE,OBLIGATE,426
2778,267,OBLIGATE,OBLIGATE,426
2778,131,OBLIGATE,OBLIGATE,426
2778,328,OBLIGATE,OBLIGATE,426
2779,1597,AUTHORIZE,AUTHORIZE,426
2780,327,DEVELOP,DEVELOP,427
2780,3,AUTHORIZE,AUTHORIZE,428
2780,2781,emphasize,EMPHASIZE,427
2780,2151,SUPPORT,SUPPORT,427
2780,40,SUPPORT,SUPPORT,427
2780,2783,OBLIGATE,OBLIGATE,428
2780,2784,AUTHORIZE,AUTHORIZE,428
2780,2785,AUTHORIZE,AUTHORIZE,428
2780,2786,AUTHORIZE,AUTHORIZE,428
2780,2032,SUPPORT,SUPPORT,428
2780,2787,SUPPORT,SUPPORT,428
2780,298,SUPPORT,SUPPORT,428
2780,647,SUPPORT,SUPPORT,428
2780,295,AUTHORIZE,AUTHORIZE,428
2780,2788,SUPPORT,SUPPORT,428
2780,2789,SUPPORT,SUPPORT,428
2780,379,SUPPORT,SUPPORT,428
2780,109,SUPPORT,SUPPORT,428
2780,318,SUPPORT,SUPPORT,428
2780,67,SUPPORT,SUPPORT,428
2780,353,AUTHORIZE,AUTHORIZE,428
2780,13,OBLIGATE,OBLIGATE,428
2780,2790,OBLIGATE,OBLIGATE,428
2781,3,emphasize,EMPHASIZE,427
2782,2780,AUTHORIZE,AUTHORIZE,427
2783,3448,DEVELOP,DEVELOP,620
2783,3,REGULATE,REGULATE,733
2783,3895,REGULATE,REGULATE,733
2783,177,REGULATE,REGULATE,733
2783,140,REGULATE,REGULATE,733
2783,1832,REGULATE,REGULATE,733
2783,295,REGULATE,REGULATE,733
2783,34,REGULATE,REGULATE,733
2783,4126,REGULATE,REGULATE,733
2783,318,REGULATE,REGULATE,733
2783,40,REGULATE,REGULATE,733
2783,3288,REGULATE,REGULATE,733
2783,327,REGULATE,REGULATE,733
2783,570,REGULATE,REGULATE,733
2783,236,REGULATE,REGULATE,733
2783,1835,REGULATE,REGULATE,733
2784,177,AUTHORIZE,AUTHORIZE,428
2784,3,AUTHORIZE,AUTHORIZE,428
2784,2785,AUTHORIZE,AUTHORIZE,428
2785,177,OBLIGATE,OBLIGATE,572
2785,3,OBLIGATE,OBLIGATE,618
2785,481,OBLIGATE,OBLIGATE,572
2785,358,OBLIGATE,OBLIGATE,572
2785,2341,OBLIGATE,OBLIGATE,618
2786,177,AUTHORIZE,AUTHORIZE,428
2786,3,AUTHORIZE,AUTHORIZE,428
2786,2784,AUTHORIZE,AUTHORIZE,428
2786,2785,AUTHORIZE,AUTHORIZE,428
2787,2032,SUPPORT,SUPPORT,428
2787,613,AUTHORIZE,AUTHORIZE,503
2787,322,OBLIGATE,OBLIGATE,686
2787,422,AUTHORIZE,AUTHORIZE,503
2787,379,OBLIGATE,OBLIGATE,607
2787,18,OBLIGATE,OBLIGATE,607
2787,2,OBLIGATE,OBLIGATE,607
2787,327,DEVELOP,DEVELOP,769
2787,1503,OBLIGATE,OBLIGATE,686
2787,267,DEVELOP,DEVELOP,788
2787,268,OBLIGATE,OBLIGATE,788
2787,63,OBLIGATE,OBLIGATE,788
2787,3,OBLIGATE,OBLIGATE,788
2789,647,SUPPORT,SUPPORT,428
2789,295,SUPPORT,SUPPORT,428
2789,2788,SUPPORT,SUPPORT,428
2789,379,SUPPORT,SUPPORT,428
2789,109,SUPPORT,SUPPORT,428
2789,59,SUPPORT,SUPPORT,428
2790,177,OBLIGATE,OBLIGATE,428
2790,59,OBLIGATE,OBLIGATE,428
2791,178,OBLIGATE,OBLIGATE,429
2791,3,DEVELOP,DEVELOP,429
2791,2551,DEVELOP,DEVELOP,429
2791,857,REGULATE,REGULATE,429
2791,2794,OBLIGATE,OBLIGATE,429
2791,18,OBLIGATE,OBLIGATE,429
2791,570,OBLIGATE,OBLIGATE,429
2791,1880,OBLIGATE,OBLIGATE,429
2792,3,DEVELOP,DEVELOP,429
2793,2791,OBLIGATE,OBLIGATE,429
2793,2792,OBLIGATE,OBLIGATE,429
2793,4095,OBLIGATE,OBLIGATE,725
2793,4096,OBLIGATE,OBLIGATE,725
2793,4097,OBLIGATE,OBLIGATE,725
2793,687,OBLIGATE,OBLIGATE,725
2794,18,OBLIGATE,OBLIGATE,429
2795,2791,OBLIGATE,OBLIGATE,429
2795,178,OBLIGATE,OBLIGATE,429
2795,570,OBLIGATE,OBLIGATE,429
2795,1880,OBLIGATE,OBLIGATE,429
2802,786,OBLIGATE,OBLIGATE,431
2802,643,OBLIGATE,OBLIGATE,431
2802,1032,oblige,OBLIGE,431
2802,1639,retain,RETAIN,431
2802,148,OBLIGATE,OBLIGATE,431
2802,234,OBLIGATE,OBLIGATE,431
2802,535,OBLIGATE,OBLIGATE,431
2802,1106,OBLIGATE,OBLIGATE,431
2802,2803,OBLIGATE,OBLIGATE,431
2802,81,OBLIGATE,OBLIGATE,431
2802,69,OBLIGATE,OBLIGATE,431
2802,146,OBLIGATE,OBLIGATE,431
2802,76,OBLIGATE,OBLIGATE,431
2802,80,OBLIGATE,OBLIGATE,431
2802,2804,OBLIGATE,OBLIGATE,431
2802,278,OBLIGATE,OBLIGATE,431
2802,265,oblige,OBLIGE,431
2802,2805,oblige,OBLIGE,431
2802,833,oblige,OBLIGE,431
2802,268,REGULATE,REGULATE,431
2802,262,REGULATE,REGULATE,431
2802,18,REGULATE,REGULATE,431
2803,131,OBLIGATE,OBLIGATE,431
2803,81,OBLIGATE,OBLIGATE,431
2803,69,OBLIGATE,OBLIGATE,431
2803,146,OBLIGATE,OBLIGATE,431
2804,76,OBLIGATE,OBLIGATE,431
2804,80,OBLIGATE,OBLIGATE,431
2804,278,OBLIGATE,OBLIGATE,431
2805,1032,oblige,OBLIGE,431
2805,265,oblige,OBLIGE,431
2805,833,oblige,OBLIGE,431
2806,3,IMPLEMENT,IMPLEMENT,432
2806,85,OBLIGATE,OBLIGATE,432
2807,2806,enact,ENACT,432
2808,2806,OBLIGATE,OBLIGATE,432
2808,2809,OBLIGATE,OBLIGATE,432
2808,496,OBLIGATE,OBLIGATE,432
2809,2806,OBLIGATE,OBLIGATE,432
2809,496,OBLIGATE,OBLIGATE,432
2809,231,OBLIGATE,OBLIGATE,432
2810,2806,OBLIGATE,OBLIGATE,432
2810,496,OBLIGATE,OBLIGATE,432
2810,231,OBLIGATE,OBLIGATE,432
2810,85,OBLIGATE,OBLIGATE,664
2811,2806,detail,DETAIL,432
2812,2813,define,DEFINE,433
2812,2307,define,DEFINE,433
2812,2814,OBLIGATE,OBLIGATE,433
2812,2815,meet,MEET,433
2812,335,OBLIGATE,OBLIGATE,433
2812,109,OBLIGATE,OBLIGATE,433
2812,8,OBLIGATE,OBLIGATE,433
2812,386,OBLIGATE,OBLIGATE,433
2812,107,OBLIGATE,OBLIGATE,433
2812,13,OBLIGATE,OBLIGATE,433
2812,2816,OBLIGATE,OBLIGATE,433
2812,2429,OBLIGATE,OBLIGATE,433
2812,2817,AUTHORIZE,AUTHORIZE,433
2812,327,AUTHORIZE,AUTHORIZE,433
2812,138,AUTHORIZE,AUTHORIZE,433
2812,645,AUTHORIZE,AUTHORIZE,433
2812,2818,AUTHORIZE,AUTHORIZE,433
2812,415,AUTHORIZE,AUTHORIZE,433
2812,59,AUTHORIZE,AUTHORIZE,433
2813,3434,enumerate,ENUMERATE,570
2813,451,enumerate,ENUMERATE,570
2813,1607,enumerate,ENUMERATE,570
2814,386,OBLIGATE,OBLIGATE,433
2814,107,OBLIGATE,OBLIGATE,433
2815,2814,meet,MEET,433
2815,335,meet,MEET,433
2815,109,meet,MEET,433
2816,13,OBLIGATE,OBLIGATE,433
2816,2429,OBLIGATE,OBLIGATE,433
2816,109,OBLIGATE,OBLIGATE,433
2818,327,AUTHORIZE,AUTHORIZE,433
2818,138,AUTHORIZE,AUTHORIZE,433
2818,415,AUTHORIZE,AUTHORIZE,433
2818,59,AUTHORIZE,AUTHORIZE,433
2819,1323,OBLIGATE,OBLIGATE,434
2819,2820,appoint,APPOINT,434
2819,2821,appoint,APPOINT,434
2819,52,OBLIGATE,OBLIGATE,434
2819,2822,oblige,OBLIGE,434
2819,701,OBLIGATE,OBLIGATE,434
2819,702,OBLIGATE,OBLIGATE,434
2819,21,OBLIGATE,OBLIGATE,434
2819,2823,OBLIGATE,OBLIGATE,434
2819,2824,OBLIGATE,OBLIGATE,434
2819,514,oblige,OBLIGE,434
2821,2820,appoint,APPOINT,434
2822,52,OBLIGATE,OBLIGATE,434
2822,701,OBLIGATE,OBLIGATE,434
2822,514,oblige,OBLIGE,434
2824,3,OBLIGATE,OBLIGATE,434
2824,21,OBLIGATE,OBLIGATE,434
2824,2823,OBLIGATE,OBLIGATE,434
2825,224,define,DEFINE,435
2825,327,OBLIGATE,OBLIGATE,435
2825,466,OBLIGATE,OBLIGATE,435
2826,2825,OBLIGATE,OBLIGATE,435
2826,34,OBLIGATE,OBLIGATE,435
2826,2,OBLIGATE,OBLIGATE,435
2827,2825,oblige,OBLIGE,435
2827,466,oblige,OBLIGE,435
2827,2,oblige,OBLIGE,435
2828,795,REPORT,REPORT,436
2828,392,SUPPORT,SUPPORT,436
2828,363,SUPPORT,SUPPORT,436
2828,2,SUPPORT,SUPPORT,436
2828,18,amend,AMEND,436
2828,481,amend,AMEND,436
2828,6,amend,AMEND,436
2828,2829,exclude,EXCLUDE,436
2828,1622,OBLIGATE,OBLIGATE,436
2828,590,REPORT,REPORT,436
2828,265,REPORT,REPORT,436
2828,522,REPORT,REPORT,436
2828,328,REPORT,REPORT,436
2828,288,REPORT,REPORT,436
2829,1622,exclude,EXCLUDE,436
2830,3,urge,URGE,437
2830,438,cover,COVER,437
2830,320,DEVELOP,DEVELOP,437
2830,2831,DEVELOP,DEVELOP,437
2830,2832,DEVELOP,DEVELOP,437
2830,2835,cover,COVER,437
2830,2837,cover,COVER,437
2830,2833,OBLIGATE,OBLIGATE,437
2830,109,OBLIGATE,OBLIGATE,437
2830,110,OBLIGATE,OBLIGATE,437
2830,2834,OBLIGATE,OBLIGATE,437
2830,845,OBLIGATE,OBLIGATE,437
2830,13,urge,URGE,437
2830,101,OBLIGATE,OBLIGATE,437
2830,146,cover,COVER,437
2830,2836,cover,COVER,437
2830,646,cover,COVER,437
2831,438,DEVELOP,DEVELOP,437
2831,320,DEVELOP,DEVELOP,437
2831,2835,DEVELOP,DEVELOP,437
2832,438,DEVELOP,DEVELOP,437
2832,320,DEVELOP,DEVELOP,437
2832,2831,DEVELOP,DEVELOP,437
2832,2837,DEVELOP,DEVELOP,437
2833,109,OBLIGATE,OBLIGATE,437
2833,110,OBLIGATE,OBLIGATE,437
2833,3333,EVALUATE,EVALUATE,553
2833,322,EVALUATE,EVALUATE,553
2833,5,EVALUATE,EVALUATE,553
2833,2250,EVALUATE,EVALUATE,553
2833,838,EVALUATE,EVALUATE,553
2834,2833,OBLIGATE,OBLIGATE,437
2834,110,OBLIGATE,OBLIGATE,437
2835,131,conduct,CONDUCT,831
2835,13,cover,COVER,437
2835,185,conduct,CONDUCT,831
2836,438,cover,COVER,437
2836,13,cover,COVER,437
2836,2835,cover,COVER,437
2836,146,cover,COVER,437
2836,646,cover,COVER,437
2836,2837,cover,COVER,437
2837,3,emphasize,EMPHASIZE,452
2837,2835,cover,COVER,437
2837,13,cover,COVER,437
2837,146,cover,COVER,437
2837,646,cover,COVER,437
2837,2891,emphasize,EMPHASIZE,452
2837,1716,emphasize,EMPHASIZE,452
2839,1444,OBLIGATE,OBLIGATE,532
2839,18,OBLIGATE,OBLIGATE,532
2839,379,OBLIGATE,OBLIGATE,532
2839,37,OBLIGATE,OBLIGATE,532
2839,1121,OBLIGATE,OBLIGATE,532
2840,2841,OBLIGATE,OBLIGATE,438
2840,957,OBLIGATE,OBLIGATE,438
2840,2490,OBLIGATE,OBLIGATE,438
2840,283,OBLIGATE,OBLIGATE,438
2840,2842,OBLIGATE,OBLIGATE,438
2840,360,OBLIGATE,OBLIGATE,438
2840,224,OBLIGATE,OBLIGATE,438
2841,957,OBLIGATE,OBLIGATE,438
2841,2490,OBLIGATE,OBLIGATE,438
2841,283,OBLIGATE,OBLIGATE,438
2841,2842,OBLIGATE,OBLIGATE,438
2841,360,OBLIGATE,OBLIGATE,438
2842,957,OBLIGATE,OBLIGATE,438
2842,2490,OBLIGATE,OBLIGATE,438
2842,360,OBLIGATE,OBLIGATE,438
2842,2486,OBLIGATE,OBLIGATE,438
2842,3340,AUTHORIZE,AUTHORIZE,544
2842,319,AUTHORIZE,AUTHORIZE,544
2842,295,AUTHORIZE,AUTHORIZE,544
2842,1139,AUTHORIZE,AUTHORIZE,544
2842,37,SUPPORT,SUPPORT,929
2842,1958,AUTHORIZE,AUTHORIZE,544
2842,3341,AUTHORIZE,AUTHORIZE,544
2842,313,AUTHORIZE,AUTHORIZE,544
2842,66,OBLIGATE,OBLIGATE,860
2842,177,AUTHORIZE,AUTHORIZE,544
2842,235,SUPPORT,SUPPORT,929
2842,1941,OBLIGATE,OBLIGATE,721
2842,353,OBLIGATE,OBLIGATE,860
2842,276,OBLIGATE,OBLIGATE,860
2842,4480,SUPPORT,SUPPORT,929
2842,1766,SUPPORT,SUPPORT,929
2842,2996,SUPPORT,SUPPORT,929
2842,714,SUPPORT,SUPPORT,929
2842,318,SUPPORT,SUPPORT,929
2843,2844,manage,MANAGE,439
2843,40,include,INCLUDE,439
2843,1462,manage,MANAGE,439
2843,1019,manage,MANAGE,439
2843,2846,include,INCLUDE,439
2843,936,include,INCLUDE,439
2846,936,include,INCLUDE,439
2847,279,provide,PROVIDE,440
2847,267,provide,PROVIDE,440
2848,272,AUTHORIZE,AUTHORIZE,440
2848,399,AUTHORIZE,AUTHORIZE,440
2848,450,AUTHORIZE,AUTHORIZE,440
2854,2855,amend,AMEND,443
2854,248,aim,AIM,443
2854,2,amend,AMEND,443
2854,2856,amend,AMEND,443
2854,2857,include,INCLUDE,443
2854,867,include,INCLUDE,443
2854,422,include,INCLUDE,443
2854,613,include,INCLUDE,443
2854,2858,include,INCLUDE,443
2854,2859,include,INCLUDE,443
2854,40,include,INCLUDE,443
2854,103,aim,AIM,443
2854,2731,aim,AIM,443
2855,248,amend,AMEND,443
2855,2,amend,AMEND,443
2856,2855,amend,AMEND,443
2856,248,amend,AMEND,443
2856,2,amend,AMEND,443
2857,248,include,INCLUDE,443
2857,867,include,INCLUDE,443
2857,422,include,INCLUDE,443
2857,613,include,INCLUDE,443
2857,2859,include,INCLUDE,443
2857,40,include,INCLUDE,443
2857,3134,OBLIGATE,OBLIGATE,499
2857,181,deem,DEEM,583
2857,3508,deem,DEEM,583
2857,131,USE,USE,610
2857,3636,REPORT,REPORT,732
2857,268,REPORT,REPORT,732
2857,341,REPORT,REPORT,732
2857,3009,REPORT,REPORT,732
2857,103,OBLIGATE,OBLIGATE,777
2857,1938,OBLIGATE,OBLIGATE,777
2857,4307,OBLIGATE,OBLIGATE,777
2858,248,include,INCLUDE,443
2858,2857,include,INCLUDE,443
2858,867,include,INCLUDE,443
2858,422,include,INCLUDE,443
2858,613,include,INCLUDE,443
2858,2859,include,INCLUDE,443
2858,40,include,INCLUDE,443
2859,867,include,INCLUDE,443
2859,422,include,INCLUDE,443
2859,613,include,INCLUDE,443
2859,40,include,INCLUDE,443
2860,471,identify,IDENTIFY,444
2860,50,identify,IDENTIFY,444
2860,1062,OBLIGATE,OBLIGATE,444
2860,2862,OBLIGATE,OBLIGATE,444
2860,784,OBLIGATE,OBLIGATE,444
2861,2860,identify,IDENTIFY,444
2861,471,identify,IDENTIFY,444
2861,50,identify,IDENTIFY,444
2862,1062,OBLIGATE,OBLIGATE,444
2862,784,OBLIGATE,OBLIGATE,444
2862,146,USE,USE,598
2862,3343,USE,USE,598
2865,401,sunset,SUNSET,446
2865,3,sunset,SUNSET,446
2865,1668,recommend,RECOMMEND,446
2865,224,sunset,SUNSET,446
2865,37,COORDINATE,COORDINATE,446
2865,1543,identify,IDENTIFY,446
2865,450,SUPPORT,SUPPORT,446
2865,121,meet,MEET,446
2865,860,meet,MEET,446
2865,395,meet,MEET,446
2865,320,meet,MEET,446
2865,199,USE,USE,446
2865,33,USE,USE,446
2865,128,USE,USE,446
2865,63,OBLIGATE,OBLIGATE,446
2866,2844,OBLIGATE,OBLIGATE,447
2866,198,meet,MEET,447
2866,382,OBLIGATE,OBLIGATE,447
2866,2309,meet,MEET,447
2866,13,OBLIGATE,OBLIGATE,447
2866,33,OBLIGATE,OBLIGATE,447
2866,148,OBLIGATE,OBLIGATE,447
2866,166,OBLIGATE,OBLIGATE,447
2866,233,OBLIGATE,OBLIGATE,447
2867,262,DEVELOP,DEVELOP,448
2867,2868,DEVELOP,DEVELOP,448
2867,223,DEVELOP,DEVELOP,448
2867,2310,DEVELOP,DEVELOP,448
2867,2869,OBLIGATE,OBLIGATE,448
2867,2871,receive,RECEIVE,448
2867,235,OBLIGATE,OBLIGATE,448
2867,268,OBLIGATE,OBLIGATE,448
2867,63,OBLIGATE,OBLIGATE,448
2868,223,DEVELOP,DEVELOP,448
2869,319,make,MAKE,729
2869,1941,OBLIGATE,OBLIGATE,765
2869,13,OBLIGATE,OBLIGATE,765
2869,63,OBLIGATE,OBLIGATE,765
2872,2873,include,INCLUDE,449
2872,2874,AUTHORIZE,AUTHORIZE,449
2872,131,AUTHORIZE,AUTHORIZE,449
2872,1716,include,INCLUDE,449
2872,820,include,INCLUDE,449
2872,333,include,INCLUDE,449
2872,299,include,INCLUDE,449
2872,2875,include,INCLUDE,449
2872,76,include,INCLUDE,449
2872,121,AUTHORIZE,AUTHORIZE,449
2872,96,AUTHORIZE,AUTHORIZE,449
2872,13,AUTHORIZE,AUTHORIZE,449
2872,109,AUTHORIZE,AUTHORIZE,449
2872,1352,AUTHORIZE,AUTHORIZE,449
2872,2876,AUTHORIZE,AUTHORIZE,449
2872,337,AUTHORIZE,AUTHORIZE,449
2873,2874,include,INCLUDE,449
2873,1716,include,INCLUDE,449
2873,333,include,INCLUDE,449
2873,299,include,INCLUDE,449
2873,2,include,INCLUDE,449
2873,2875,include,INCLUDE,449
2873,76,include,INCLUDE,449
2873,96,include,INCLUDE,449
2875,2874,include,INCLUDE,449
2875,299,include,INCLUDE,449
2875,2,include,INCLUDE,449
2875,76,include,INCLUDE,449
2875,121,include,INCLUDE,449
2875,96,include,INCLUDE,449
2876,2874,AUTHORIZE,AUTHORIZE,449
2876,131,AUTHORIZE,AUTHORIZE,449
2876,2,AUTHORIZE,AUTHORIZE,449
2876,13,AUTHORIZE,AUTHORIZE,449
2876,109,AUTHORIZE,AUTHORIZE,449
2876,1352,AUTHORIZE,AUTHORIZE,449
2876,121,AUTHORIZE,AUTHORIZE,449
2876,337,AUTHORIZE,AUTHORIZE,449
2876,96,AUTHORIZE,AUTHORIZE,449
2877,121,amend,AMEND,450
2877,2878,RESTRICT,RESTRICT,450
2877,40,amend,AMEND,450
2877,1035,amend,AMEND,450
2877,342,amend,AMEND,450
2877,159,amend,AMEND,450
2877,225,OBLIGATE,OBLIGATE,450
2877,157,OBLIGATE,OBLIGATE,450
2877,101,OBLIGATE,OBLIGATE,450
2877,1963,OBLIGATE,OBLIGATE,450
2877,160,OBLIGATE,OBLIGATE,450
2877,2879,OBLIGATE,OBLIGATE,450
2877,76,incorporate,INCORPORATE,450
2877,2880,RESTRICT,RESTRICT,450
2877,386,AUTHORIZE,AUTHORIZE,450
2877,2881,AUTHORIZE,AUTHORIZE,450
2877,2882,incorporate,INCORPORATE,450
2877,105,incorporate,INCORPORATE,450
2878,3,RESTRICT,RESTRICT,450
2878,121,amend,AMEND,450
2878,76,RESTRICT,RESTRICT,450
2878,4975,amend,AMEND,926
2879,3,OBLIGATE,OBLIGATE,918
2880,3,RESTRICT,RESTRICT,450
2880,2878,RESTRICT,RESTRICT,450
2880,76,RESTRICT,RESTRICT,450
2881,3,AUTHORIZE,AUTHORIZE,450
2881,386,AUTHORIZE,AUTHORIZE,450
2882,8,incorporate,INCORPORATE,450
2882,76,incorporate,INCORPORATE,450
2882,105,incorporate,INCORPORATE,450
2883,3,REPORT,REPORT,451
2883,76,enhance,ENHANCE,451
2883,192,enhance,ENHANCE,451
2883,288,USE,USE,451
2883,580,USE,USE,451
2883,56,USE,USE,451
2883,96,incorporate,INCORPORATE,451
2883,2885,incorporate,INCORPORATE,451
2883,2886,incorporate,INCORPORATE,451
2883,8,incorporate,INCORPORATE,451
2883,146,incorporate,INCORPORATE,451
2883,2888,set,SET,451
2885,96,incorporate,INCORPORATE,451
2885,8,incorporate,INCORPORATE,451
2885,146,incorporate,INCORPORATE,451
2885,157,DEVELOP,DEVELOP,942
2885,154,DEVELOP,DEVELOP,942
2885,78,DEVELOP,DEVELOP,942
2886,96,incorporate,INCORPORATE,451
2886,2885,incorporate,INCORPORATE,451
2886,3,RESTRICT,RESTRICT,942
2886,8,amend,AMEND,464
2886,146,REPORT,REPORT,719
2886,2965,amend,AMEND,464
2886,76,amend,AMEND,464
2886,223,amend,AMEND,464
2886,4916,enact,ENACT,912
2886,4976,RESTRICT,RESTRICT,942
2886,157,RESTRICT,RESTRICT,942
2886,154,RESTRICT,RESTRICT,942
2886,78,RESTRICT,RESTRICT,942
2887,2883,REPORT,REPORT,451
2887,3,REPORT,REPORT,451
2888,13,OBLIGATE,OBLIGATE,916
2888,1444,OBLIGATE,OBLIGATE,901
2890,468,emphasize,EMPHASIZE,452
2890,2891,emphasize,EMPHASIZE,452
2890,3,emphasize,EMPHASIZE,452
2891,109,plan,PLAN,457
2891,1487,urge,URGE,879
2891,4771,urge,URGE,879
2891,859,urge,URGE,879
2892,468,propose,PROPOSE,452
2892,37,propose,PROPOSE,452
2892,69,propose,PROPOSE,452
2893,2891,emphasize,EMPHASIZE,452
2893,3,emphasize,EMPHASIZE,452
2893,1716,emphasize,EMPHASIZE,452
2893,2837,emphasize,EMPHASIZE,452
2895,1678,propose,PROPOSE,452
2897,2905,SUPPORT,SUPPORT,453
2897,1500,OBLIGATE,OBLIGATE,453
2897,41,OBLIGATE,OBLIGATE,453
2897,131,OBLIGATE,OBLIGATE,453
2897,181,OBLIGATE,OBLIGATE,453
2897,363,SUPPORT,SUPPORT,453
2897,2902,SUPPORT,SUPPORT,453
2897,314,OBLIGATE,OBLIGATE,453
2897,872,OBLIGATE,OBLIGATE,453
2897,36,designate,DESIGNATE,453
2897,37,designate,DESIGNATE,453
2897,268,OBLIGATE,OBLIGATE,453
2897,320,SUPPORT,SUPPORT,453
2898,2897,OBLIGATE,OBLIGATE,453
2898,3,OBLIGATE,OBLIGATE,453
2898,1500,OBLIGATE,OBLIGATE,453
2898,41,OBLIGATE,OBLIGATE,453
2901,2897,OBLIGATE,OBLIGATE,453
2901,3,OBLIGATE,OBLIGATE,453
2901,13,OBLIGATE,OBLIGATE,453
2901,131,OBLIGATE,OBLIGATE,453
2901,181,OBLIGATE,OBLIGATE,453
2903,2897,SUPPORT,SUPPORT,453
2903,3,SUPPORT,SUPPORT,453
2903,363,SUPPORT,SUPPORT,453
2903,2902,SUPPORT,SUPPORT,453
2903,314,SUPPORT,SUPPORT,453
2904,2897,designate,DESIGNATE,453
2904,3,designate,DESIGNATE,453
2904,36,designate,DESIGNATE,453
2904,37,designate,DESIGNATE,453
2906,2897,SUPPORT,SUPPORT,453
2906,3,SUPPORT,SUPPORT,453
2906,320,SUPPORT,SUPPORT,453
2907,2908,DEVELOP,DEVELOP,454
2907,1218,cap,CAP,454
2907,2909,DEVELOP,DEVELOP,454
2907,877,AUTHORIZE,AUTHORIZE,454
2907,1158,cap,CAP,454
2907,1643,OBLIGATE,OBLIGATE,454
2907,70,OBLIGATE,OBLIGATE,454
2907,96,cap,CAP,454
2907,413,OBLIGATE,OBLIGATE,454
2907,2910,OBLIGATE,OBLIGATE,454
2907,109,REGULATE,REGULATE,454
2907,53,REGULATE,REGULATE,454
2907,2912,enable,ENABLE,454
2907,323,cap,CAP,454
2908,2909,DEVELOP,DEVELOP,454
2909,3,include,INCLUDE,668
2909,276,include,INCLUDE,668
2910,323,OBLIGATE,OBLIGATE,604
2911,2907,REGULATE,REGULATE,454
2911,109,REGULATE,REGULATE,454
2911,53,REGULATE,REGULATE,454
2912,877,enable,ENABLE,454
2912,1158,enable,ENABLE,454
2913,2907,AUTHORIZE,AUTHORIZE,454
2913,877,AUTHORIZE,AUTHORIZE,454
2914,2916,AUTHORIZE,AUTHORIZE,455
2914,2918,RESTRICT,RESTRICT,455
2914,2047,emphasize,EMPHASIZE,455
2914,2919,include,INCLUDE,455
2914,337,state,STATE,455
2914,328,state,STATE,455
2914,168,emphasize,EMPHASIZE,455
2915,2914,AUTHORIZE,AUTHORIZE,455
2915,2916,AUTHORIZE,AUTHORIZE,455
2918,2047,RESTRICT,RESTRICT,455
2919,2047,include,INCLUDE,455
2920,1209,amend,AMEND,456
2920,1150,OBLIGATE,OBLIGATE,456
2920,34,OBLIGATE,OBLIGATE,456
2920,736,OBLIGATE,OBLIGATE,456
2920,323,OBLIGATE,OBLIGATE,456
2920,363,include,INCLUDE,456
2920,2122,OBLIGATE,OBLIGATE,456
2920,393,OBLIGATE,OBLIGATE,456
2920,58,OBLIGATE,OBLIGATE,456
2920,2922,OBLIGATE,OBLIGATE,456
2920,2923,OBLIGATE,OBLIGATE,456
2920,133,OBLIGATE,OBLIGATE,456
2921,2920,OBLIGATE,OBLIGATE,456
2921,58,OBLIGATE,OBLIGATE,456
2921,323,OBLIGATE,OBLIGATE,456
2921,2122,OBLIGATE,OBLIGATE,456
2922,328,OBLIGATE,OBLIGATE,456
2922,13,OBLIGATE,OBLIGATE,456
2922,2923,OBLIGATE,OBLIGATE,456
2923,328,OBLIGATE,OBLIGATE,456
2923,13,OBLIGATE,OBLIGATE,456
2924,2925,mobilize,MOBILIZE,457
2924,2926,mobilize,MOBILIZE,457
2924,785,DEVELOP,DEVELOP,457
2924,2932,SUPPORT,SUPPORT,457
2924,2927,SUPPORT,SUPPORT,457
2924,2928,DEVELOP,DEVELOP,457
2924,360,plan,PLAN,457
2924,109,plan,PLAN,457
2924,2929,plan,PLAN,457
2924,2930,plan,PLAN,457
2924,2891,plan,PLAN,457
2924,422,explore,EXPLORE,457
2924,314,explore,EXPLORE,457
2924,2931,explore,EXPLORE,457
2924,1111,explore,EXPLORE,457
2924,81,SUPPORT,SUPPORT,457
2924,1503,SUPPORT,SUPPORT,457
2924,1230,SUPPORT,SUPPORT,457
2924,2933,SUPPORT,SUPPORT,457
2924,2934,innovate,INNOVATE,457
2924,2935,innovate,INNOVATE,457
2925,2932,mobilize,MOBILIZE,457
2926,2925,mobilize,MOBILIZE,457
2926,785,mobilize,MOBILIZE,457
2927,481,SUPPORT,SUPPORT,457
2928,785,DEVELOP,DEVELOP,457
2929,360,plan,PLAN,457
2929,109,plan,PLAN,457
2929,2930,plan,PLAN,457
2929,2891,plan,PLAN,457
2930,360,plan,PLAN,457
2930,109,plan,PLAN,457
2930,2891,plan,PLAN,457
2931,422,explore,EXPLORE,457
2931,314,explore,EXPLORE,457
2931,138,explore,EXPLORE,457
2931,1111,explore,EXPLORE,457
2933,138,SUPPORT,SUPPORT,883
2933,2932,SUPPORT,SUPPORT,457
2933,81,SUPPORT,SUPPORT,457
2933,1503,SUPPORT,SUPPORT,457
2933,1230,SUPPORT,SUPPORT,457
2933,833,SUPPORT,SUPPORT,883
2934,3532,OBLIGATE,OBLIGATE,588
2934,570,OBLIGATE,OBLIGATE,588
2934,3533,OBLIGATE,OBLIGATE,588
2934,40,OBLIGATE,OBLIGATE,588
2934,3,OBLIGATE,OBLIGATE,588
2934,37,OBLIGATE,OBLIGATE,588
2935,131,innovate,INNOVATE,457
2935,2934,innovate,INNOVATE,457
2936,2937,depict,DEPICT,458
2936,76,DEVELOP,DEVELOP,458
2936,2938,reside,RESIDE,458
2936,56,reside,RESIDE,458
2936,96,note,NOTE,458
2936,79,note,NOTE,458
2937,164,amend,AMEND,475
2937,96,amend,AMEND,475
2938,2937,OBLIGATE,OBLIGATE,475
2938,96,reside,RESIDE,458
2938,2,compose,COMPOSE,641
2938,121,compose,COMPOSE,641
2938,379,compose,COMPOSE,641
2938,3,OBLIGATE,OBLIGATE,662
2938,100,OBLIGATE,OBLIGATE,941
2938,273,OBLIGATE,OBLIGATE,941
2939,2936,note,NOTE,458
2939,96,note,NOTE,458
2939,79,note,NOTE,458
2940,2486,SUPPORT,SUPPORT,459
2940,37,SUPPORT,SUPPORT,459
2940,1485,hold,HOLD,459
2940,703,OBLIGATE,OBLIGATE,459
2940,701,OBLIGATE,OBLIGATE,459
2940,2941,OBLIGATE,OBLIGATE,459
2940,1405,OBLIGATE,OBLIGATE,459
2940,103,commit,COMMIT,459
2940,2309,commit,COMMIT,459
2940,468,commit,COMMIT,459
2940,1486,REGULATE,REGULATE,459
2940,236,REGULATE,REGULATE,459
2940,335,REGULATE,REGULATE,459
2940,235,REGULATE,REGULATE,459
2940,1557,REGULATE,REGULATE,459
2940,707,REGULATE,REGULATE,459
2940,2429,hold,HOLD,459
2940,1487,SUPPORT,SUPPORT,459
2940,194,SUPPORT,SUPPORT,459
2940,2942,SUPPORT,SUPPORT,459
2940,876,SUPPORT,SUPPORT,459
2940,2943,SUPPORT,SUPPORT,459
2940,2944,SUPPORT,SUPPORT,459
2941,1485,OBLIGATE,OBLIGATE,459
2941,703,OBLIGATE,OBLIGATE,459
2941,701,DEVELOP,DEVELOP,863
2941,1405,OBLIGATE,OBLIGATE,459
2941,121,heighten,HEIGHTEN,804
2941,395,heighten,HEIGHTEN,804
2941,2486,produce,PRODUCE,885
2941,707,DEVELOP,DEVELOP,863
2941,644,produce,PRODUCE,885
2942,1487,SUPPORT,SUPPORT,459
2942,194,SUPPORT,SUPPORT,459
2943,876,SUPPORT,SUPPORT,459
2945,2946,deem,DEEM,460
2945,2947,deem,DEEM,460
2945,2231,challenge,CHALLENGE,460
2945,2948,OBLIGATE,OBLIGATE,460
2945,1716,deem,DEEM,460
2945,185,OBLIGATE,OBLIGATE,460
2945,52,OBLIGATE,OBLIGATE,460
2945,109,forbid,FORBID,460
2945,2949,OBLIGATE,OBLIGATE,460
2945,2950,OBLIGATE,OBLIGATE,460
2945,1758,forbid,FORBID,460
2945,859,OBLIGATE,OBLIGATE,460
2945,1105,OBLIGATE,OBLIGATE,460
2945,103,OBLIGATE,OBLIGATE,460
2945,236,OBLIGATE,OBLIGATE,460
2945,468,OBLIGATE,OBLIGATE,460
2945,2951,forbid,FORBID,460
2945,2952,deem,DEEM,460
2945,2953,deem,DEEM,460
2945,2954,challenge,CHALLENGE,460
2945,164,challenge,CHALLENGE,460
2947,2946,deem,DEEM,460
2948,2946,OBLIGATE,OBLIGATE,460
2948,2947,OBLIGATE,OBLIGATE,460
2948,1716,OBLIGATE,OBLIGATE,460
2949,109,OBLIGATE,OBLIGATE,460
2949,2950,OBLIGATE,OBLIGATE,460
2949,1758,OBLIGATE,OBLIGATE,460
2950,109,OBLIGATE,OBLIGATE,460
2951,109,forbid,FORBID,460
2951,1758,forbid,FORBID,460
2952,2946,deem,DEEM,460
2952,2947,deem,DEEM,460
2952,2953,deem,DEEM,460
2953,2946,deem,DEEM,460
2953,2947,deem,DEEM,460
2954,164,challenge,CHALLENGE,460
2955,178,OBLIGATE,OBLIGATE,461
2955,831,DEVELOP,DEVELOP,461
2955,109,halt,HALT,461
2955,107,take,TAKE,461
2955,783,take,TAKE,461
2955,1472,halt,HALT,461
2955,267,OBLIGATE,OBLIGATE,461
2955,1444,OBLIGATE,OBLIGATE,461
2955,320,DEVELOP,DEVELOP,461
2955,1209,DEVELOP,DEVELOP,461
2955,265,OBLIGATE,OBLIGATE,461
2955,738,OBLIGATE,OBLIGATE,461
2955,1415,OBLIGATE,OBLIGATE,461
2955,520,OBLIGATE,OBLIGATE,461
2955,1140,OBLIGATE,OBLIGATE,461
2956,2955,take,TAKE,461
2956,178,DEVELOP,DEVELOP,461
2956,831,DEVELOP,DEVELOP,461
2956,109,DEVELOP,DEVELOP,461
2956,107,take,TAKE,461
2956,783,take,TAKE,461
2957,2955,halt,HALT,461
2957,109,halt,HALT,461
2957,1472,halt,HALT,461
2957,267,halt,HALT,461
2960,198,RESTRICT,RESTRICT,462
2962,545,AUTHORIZE,AUTHORIZE,463
2962,2963,AUTHORIZE,AUTHORIZE,463
2962,2964,AUTHORIZE,AUTHORIZE,463
2963,545,AUTHORIZE,AUTHORIZE,463
2963,2964,AUTHORIZE,AUTHORIZE,463
2964,545,AUTHORIZE,AUTHORIZE,463
2965,910,clarify,CLARIFY,464
2965,8,amend,AMEND,464
2965,76,DEVELOP,DEVELOP,464
2965,223,amend,AMEND,464
2965,3,clarify,CLARIFY,464
2965,580,DEVELOP,DEVELOP,464
2965,78,DEVELOP,DEVELOP,464
2965,79,constitute,CONSTITUTE,464
2966,2965,define,DEFINE,464
2966,4974,define,DEFINE,926
2966,2878,define,DEFINE,926
2966,4990,amend,AMEND,931
2966,77,amend,AMEND,931
2966,5027,amend,AMEND,939
2967,2965,constitute,CONSTITUTE,464
2967,79,constitute,CONSTITUTE,464
2969,2970,set,SET,465
2969,164,disqualify,DISQUALIFY,465
2969,99,RESTRICT,RESTRICT,465
2969,157,RESTRICT,RESTRICT,465
2969,2971,exclude,EXCLUDE,465
2969,935,exclude,EXCLUDE,465
2969,76,OBLIGATE,OBLIGATE,465
2969,79,OBLIGATE,OBLIGATE,465
2969,80,OBLIGATE,OBLIGATE,465
2969,102,forfeit,FORFEIT,465
2969,2972,disqualify,DISQUALIFY,465
2969,892,set,SET,465
2971,935,exclude,EXCLUDE,465
2971,160,AUTHORIZE,AUTHORIZE,941
2971,107,AUTHORIZE,AUTHORIZE,941
2971,2879,acknowledge,ACKNOWLEDGE,897
2971,886,indicate,INDICATE,919
2972,164,disqualify,DISQUALIFY,465
2973,2974,OBLIGATE,OBLIGATE,466
2973,133,OBLIGATE,OBLIGATE,466
2973,2975,OBLIGATE,OBLIGATE,466
2973,2976,contain,CONTAIN,466
2973,13,REGULATE,REGULATE,466
2973,2980,contain,CONTAIN,466
2973,192,oblige,OBLIGE,466
2973,415,contain,CONTAIN,466
2973,295,contain,CONTAIN,466
2973,1832,contain,CONTAIN,466
2973,2981,contain,CONTAIN,466
2973,2982,contain,CONTAIN,466
2973,135,REGULATE,REGULATE,466
2974,133,OBLIGATE,OBLIGATE,466
2974,2976,OBLIGATE,OBLIGATE,466
2974,3,OBLIGATE,OBLIGATE,466
2975,2974,OBLIGATE,OBLIGATE,466
2975,133,OBLIGATE,OBLIGATE,466
2975,2976,OBLIGATE,OBLIGATE,466
2975,3,OBLIGATE,OBLIGATE,466
2976,3,OBLIGATE,OBLIGATE,466
2977,2973,OBLIGATE,OBLIGATE,466
2977,2974,OBLIGATE,OBLIGATE,466
2977,133,OBLIGATE,OBLIGATE,466
2977,2975,OBLIGATE,OBLIGATE,466
2977,2976,OBLIGATE,OBLIGATE,466
2977,3,OBLIGATE,OBLIGATE,466
2979,2973,oblige,OBLIGE,466
2979,131,oblige,OBLIGE,466
2979,2980,oblige,OBLIGE,466
2979,192,oblige,OBLIGE,466
2979,268,oblige,OBLIGE,466
2980,2976,contain,CONTAIN,466
2980,2982,contain,CONTAIN,466
2981,2976,contain,CONTAIN,466
2981,2980,contain,CONTAIN,466
2981,13,contain,CONTAIN,466
2981,415,contain,CONTAIN,466
2981,295,contain,CONTAIN,466
2981,1832,contain,CONTAIN,466
2981,2982,contain,CONTAIN,466
2982,2976,contain,CONTAIN,466
2983,2986,AUTHORIZE,AUTHORIZE,467
2983,2987,AUTHORIZE,AUTHORIZE,467
2983,19,specify,SPECIFY,467
2983,146,OBLIGATE,OBLIGATE,467
2983,1716,OBLIGATE,OBLIGATE,467
2983,350,OBLIGATE,OBLIGATE,467
2983,1880,OBLIGATE,OBLIGATE,467
2983,2990,OBLIGATE,OBLIGATE,467
2983,335,OBLIGATE,OBLIGATE,467
2983,299,OBLIGATE,OBLIGATE,467
2984,2983,AUTHORIZE,AUTHORIZE,467
2984,2985,AUTHORIZE,AUTHORIZE,467
2984,2986,AUTHORIZE,AUTHORIZE,467
2984,2987,AUTHORIZE,AUTHORIZE,467
2985,2983,AUTHORIZE,AUTHORIZE,467
2985,2986,AUTHORIZE,AUTHORIZE,467
2985,2987,AUTHORIZE,AUTHORIZE,467
2987,2986,AUTHORIZE,AUTHORIZE,467
2989,2983,oblige,OBLIGE,467
2989,2990,oblige,OBLIGE,467
2992,335,stress,STRESS,468
2992,1727,stress,STRESS,468
2992,2993,stress,STRESS,468
2992,2994,stress,STRESS,468
2992,1384,stress,STRESS,468
2992,2995,stress,STRESS,468
2992,2997,underline,UNDERLINE,468
2992,201,emphasize,EMPHASIZE,468
2992,709,underline,UNDERLINE,468
2992,273,emphasize,EMPHASIZE,468
2992,639,emphasize,EMPHASIZE,468
2992,279,underline,UNDERLINE,468
2992,514,underline,UNDERLINE,468
2992,2998,underline,UNDERLINE,468
2993,335,stress,STRESS,468
2993,1727,stress,STRESS,468
2993,1384,stress,STRESS,468
2994,335,stress,STRESS,468
2994,1727,stress,STRESS,468
2994,2993,stress,STRESS,468
2994,1384,stress,STRESS,468
2995,335,stress,STRESS,468
2995,1727,stress,STRESS,468
2995,2993,stress,STRESS,468
2995,2994,stress,STRESS,468
2995,1384,stress,STRESS,468
2996,103,OBLIGATE,OBLIGATE,478
2996,1486,OBLIGATE,OBLIGATE,478
2996,468,OBLIGATE,OBLIGATE,478
2996,514,seek,SEEK,869
2996,4480,SUPPORT,SUPPORT,929
2996,37,SUPPORT,SUPPORT,929
2996,714,SUPPORT,SUPPORT,929
2996,318,SUPPORT,SUPPORT,929
2996,69,recognize,RECOGNIZE,929
2996,822,recognize,RECOGNIZE,929
2998,709,underline,UNDERLINE,468
2998,283,underline,UNDERLINE,468
2998,279,underline,UNDERLINE,468
2998,514,underline,UNDERLINE,468
2999,235,USE,USE,469
2999,314,USE,USE,469
3001,487,provide,PROVIDE,470
3001,51,imply,IMPLY,470
3001,109,alter,ALTER,470
3001,869,alter,ALTER,470
3001,1581,alter,ALTER,470
3001,337,state,STATE,470
3001,2016,state,STATE,470
3001,76,state,STATE,470
3002,3001,imply,IMPLY,470
3002,487,imply,IMPLY,470
3002,140,imply,IMPLY,470
3002,51,imply,IMPLY,470
3003,3001,define,DEFINE,470
3003,140,define,DEFINE,470
3003,883,define,DEFINE,470
3004,3001,state,STATE,470
3004,337,state,STATE,470
3004,2016,state,STATE,470
3004,76,state,STATE,470
3005,3,adapt,ADAPT,471
3005,821,seek,SEEK,471
3005,3008,adapt,ADAPT,471
3005,235,REGULATE,REGULATE,471
3005,335,REGULATE,REGULATE,471
3005,3006,REGULATE,REGULATE,471
3005,311,REGULATE,REGULATE,471
3005,468,IMPLEMENT,IMPLEMENT,471
3005,1307,IMPLEMENT,IMPLEMENT,471
3005,366,IMPLEMENT,IMPLEMENT,471
3005,40,RESTRICT,RESTRICT,471
3005,157,incorporate,INCORPORATE,471
3005,103,incorporate,INCORPORATE,471
3005,846,incorporate,INCORPORATE,471
3005,3009,RESTRICT,RESTRICT,471
3005,3010,RESTRICT,RESTRICT,471
3005,274,RESTRICT,RESTRICT,471
3005,1569,RESTRICT,RESTRICT,471
3006,235,REGULATE,REGULATE,471
3006,335,REGULATE,REGULATE,471
3006,311,REGULATE,REGULATE,471
3008,4397,acknowledge,ACKNOWLEDGE,803
3008,1042,acknowledge,ACKNOWLEDGE,803
3009,3,include,INCLUDE,892
3009,40,RESTRICT,RESTRICT,471
3009,3010,RESTRICT,RESTRICT,471
3009,274,RESTRICT,RESTRICT,471
3009,268,REPORT,REPORT,732
3009,1230,include,INCLUDE,892
3009,164,include,INCLUDE,892
3010,201,emphasize,EMPHASIZE,878
3011,13,OBLIGATE,OBLIGATE,472
3011,738,OBLIGATE,OBLIGATE,472
3012,3011,OBLIGATE,OBLIGATE,472
3012,13,OBLIGATE,OBLIGATE,472
3012,738,OBLIGATE,OBLIGATE,472
3013,3011,OBLIGATE,OBLIGATE,472
3013,13,OBLIGATE,OBLIGATE,472
3014,3011,OBLIGATE,OBLIGATE,472
3014,13,OBLIGATE,OBLIGATE,472
3014,3013,OBLIGATE,OBLIGATE,472
3015,2332,amend,AMEND,473
3015,2333,summarize,SUMMARIZE,473
3015,735,summarize,SUMMARIZE,473
3015,688,OBLIGATE,OBLIGATE,473
3015,13,summarize,SUMMARIZE,473
3015,2334,OBLIGATE,OBLIGATE,473
3015,81,comprise,COMPRISE,473
3015,36,comprise,COMPRISE,473
3015,2305,comprise,COMPRISE,473
3015,1121,comprise,COMPRISE,473
3015,3016,comprise,COMPRISE,473
3015,37,comprise,COMPRISE,473
3015,6,OBLIGATE,OBLIGATE,473
3015,42,OBLIGATE,OBLIGATE,473
3015,1209,OBLIGATE,OBLIGATE,473
3015,3017,OBLIGATE,OBLIGATE,473
3015,2336,OBLIGATE,OBLIGATE,473
3015,33,OBLIGATE,OBLIGATE,473
3015,922,OBLIGATE,OBLIGATE,473
3015,860,OBLIGATE,OBLIGATE,473
3015,67,OBLIGATE,OBLIGATE,473
3015,14,summarize,SUMMARIZE,473
3015,738,summarize,SUMMARIZE,473
3016,81,comprise,COMPRISE,473
3016,36,comprise,COMPRISE,473
3016,2305,comprise,COMPRISE,473
3016,1121,comprise,COMPRISE,473
3016,37,comprise,COMPRISE,473
3017,33,OBLIGATE,OBLIGATE,473
3017,67,OBLIGATE,OBLIGATE,473
3018,639,DEVELOP,DEVELOP,474
3018,831,DEVELOP,DEVELOP,474
3018,3020,DEVELOP,DEVELOP,474
3018,94,comprise,COMPRISE,474
3018,18,comprise,COMPRISE,474
3018,957,comprise,COMPRISE,474
3018,14,comprise,COMPRISE,474
3018,1444,entitle,ENTITLE,474
3018,13,expire,EXPIRE,474
3018,8,OBLIGATE,OBLIGATE,474
3018,2568,OBLIGATE,OBLIGATE,474
3018,340,entitle,ENTITLE,474
3018,3021,entitle,ENTITLE,474
3018,2582,entitle,ENTITLE,474
3018,3022,entitle,ENTITLE,474
3018,96,expire,EXPIRE,474
3019,3018,DEVELOP,DEVELOP,474
3019,639,DEVELOP,DEVELOP,474
3019,831,DEVELOP,DEVELOP,474
3019,3020,DEVELOP,DEVELOP,474
3020,639,DEVELOP,DEVELOP,474
3021,1444,entitle,ENTITLE,474
3021,340,entitle,ENTITLE,474
3021,2582,entitle,ENTITLE,474
3022,1444,entitle,ENTITLE,474
3022,340,entitle,ENTITLE,474
3022,3021,entitle,ENTITLE,474
3022,2582,entitle,ENTITLE,474
3024,2937,OBLIGATE,OBLIGATE,475
3024,96,amend,AMEND,475
3024,2938,OBLIGATE,OBLIGATE,475
3024,3025,classify,CLASSIFY,475
3024,3026,classify,CLASSIFY,475
3024,8,constitute,CONSTITUTE,475
3024,1196,constitute,CONSTITUTE,475
3025,3026,classify,CLASSIFY,475
3027,3029,hold,HOLD,476
3027,2429,hold,HOLD,476
3027,323,hold,HOLD,476
3030,3031,DEVELOP,DEVELOP,477
3030,18,DEVELOP,DEVELOP,477
3030,323,DEVELOP,DEVELOP,477
3030,3034,OBLIGATE,OBLIGATE,477
3030,177,OBLIGATE,OBLIGATE,477
3030,67,OBLIGATE,OBLIGATE,477
3030,140,OBLIGATE,OBLIGATE,477
3030,3035,OBLIGATE,OBLIGATE,477
3031,18,DEVELOP,DEVELOP,477
3031,323,DEVELOP,DEVELOP,477
3032,3030,DEVELOP,DEVELOP,477
3032,3031,DEVELOP,DEVELOP,477
3032,18,DEVELOP,DEVELOP,477
3032,323,DEVELOP,DEVELOP,477
3033,3030,AUTHORIZE,AUTHORIZE,477
3035,177,OBLIGATE,OBLIGATE,477
3035,67,OBLIGATE,OBLIGATE,477
3035,140,OBLIGATE,OBLIGATE,477
3036,1402,foster,FOSTER,478
3036,3,affirm,AFFIRM,478
3036,3037,foster,FOSTER,478
3036,103,OBLIGATE,OBLIGATE,478
3036,1486,OBLIGATE,OBLIGATE,478
3036,468,OBLIGATE,OBLIGATE,478
3036,709,OBLIGATE,OBLIGATE,478
3036,2996,OBLIGATE,OBLIGATE,478
3036,121,affirm,AFFIRM,478
3038,335,accelerate,ACCELERATE,864
3041,3042,AUTHORIZE,AUTHORIZE,479
3041,3043,AUTHORIZE,AUTHORIZE,479
3041,580,OBLIGATE,OBLIGATE,479
3041,3045,OBLIGATE,OBLIGATE,479
3041,268,OBLIGATE,OBLIGATE,479
3041,3048,OBLIGATE,OBLIGATE,479
3041,3049,OBLIGATE,OBLIGATE,479
3042,3043,AUTHORIZE,AUTHORIZE,479
3044,3041,AUTHORIZE,AUTHORIZE,479
3044,3042,AUTHORIZE,AUTHORIZE,479
3044,3043,AUTHORIZE,AUTHORIZE,479
3045,580,OBLIGATE,OBLIGATE,479
3045,335,OBLIGATE,OBLIGATE,479
3048,268,OBLIGATE,OBLIGATE,479
3048,335,OBLIGATE,OBLIGATE,479
3049,268,OBLIGATE,OBLIGATE,479
3049,3048,OBLIGATE,OBLIGATE,479
3049,103,SUPPORT,SUPPORT,847
3049,233,SUPPORT,SUPPORT,847
3050,3052,add,ADD,480
3050,3031,OBLIGATE,OBLIGATE,480
3051,3050,add,ADD,480
3051,3052,add,ADD,480
3053,3055,OBLIGATE,OBLIGATE,481
3053,3,OBLIGATE,OBLIGATE,481
3053,224,set,SET,481
3053,892,set,SET,481
3053,14,receive,RECEIVE,481
3053,3057,receive,RECEIVE,481
3054,3053,OBLIGATE,OBLIGATE,481
3054,3055,OBLIGATE,OBLIGATE,481
3054,3056,OBLIGATE,OBLIGATE,481
3055,3,OBLIGATE,OBLIGATE,481
3056,3053,OBLIGATE,OBLIGATE,481
3056,3055,OBLIGATE,OBLIGATE,481
3057,14,receive,RECEIVE,481
3061,103,REPORT,REPORT,483
3061,3062,REPORT,REPORT,483
3061,101,OBLIGATE,OBLIGATE,483
3061,3063,OBLIGATE,OBLIGATE,483
3061,1968,OBLIGATE,OBLIGATE,483
3061,80,OBLIGATE,OBLIGATE,483
3061,79,OBLIGATE,OBLIGATE,483
3061,187,OBLIGATE,OBLIGATE,483
3061,148,OBLIGATE,OBLIGATE,483
3061,105,OBLIGATE,OBLIGATE,483
3061,3064,DEVELOP,DEVELOP,483
3061,3065,DEVELOP,DEVELOP,483
3061,3066,DEVELOP,DEVELOP,483
3062,103,REPORT,REPORT,483
3062,101,REPORT,REPORT,483
3063,146,OBLIGATE,OBLIGATE,483
3064,1032,lessen,LESSEN,747
3064,4197,lessen,LESSEN,747
3065,3064,DEVELOP,DEVELOP,483
3065,3066,DEVELOP,DEVELOP,483
3066,3064,DEVELOP,DEVELOP,483
3067,3069,OBLIGATE,OBLIGATE,484
3067,3070,OBLIGATE,OBLIGATE,484
3067,13,OBLIGATE,OBLIGATE,484
3068,3067,OBLIGATE,OBLIGATE,484
3068,3069,OBLIGATE,OBLIGATE,484
3068,3070,OBLIGATE,OBLIGATE,484
3068,13,OBLIGATE,OBLIGATE,484
3068,177,OBLIGATE,OBLIGATE,713
3068,3684,OBLIGATE,OBLIGATE,713
3068,66,OBLIGATE,OBLIGATE,713
3069,3070,OBLIGATE,OBLIGATE,484
3069,13,OBLIGATE,OBLIGATE,484
3070,13,OBLIGATE,OBLIGATE,484
3071,3073,amend,AMEND,485
3071,402,DEVELOP,DEVELOP,485
3071,8,OBLIGATE,OBLIGATE,485
3071,639,OBLIGATE,OBLIGATE,485
3071,860,OBLIGATE,OBLIGATE,485
3071,121,OBLIGATE,OBLIGATE,485
3071,1046,OBLIGATE,OBLIGATE,485
3071,259,OBLIGATE,OBLIGATE,485
3071,103,OBLIGATE,OBLIGATE,485
3071,2309,OBLIGATE,OBLIGATE,485
3071,235,meet,MEET,485
3071,1668,OBLIGATE,OBLIGATE,485
3071,362,meet,MEET,485
3071,320,meet,MEET,485
3071,33,OBLIGATE,OBLIGATE,485
3071,37,OBLIGATE,OBLIGATE,485
3071,3074,DEVELOP,DEVELOP,485
3071,514,DEVELOP,DEVELOP,485
3072,3071,amend,AMEND,485
3072,3073,amend,AMEND,485
3074,514,DEVELOP,DEVELOP,485
3076,366,exacerbate,EXACERBATE,756
3076,247,exacerbate,EXACERBATE,756
3078,3079,DEVELOP,DEVELOP,487
3078,236,DEVELOP,DEVELOP,487
3078,5,DEVELOP,DEVELOP,487
3078,3080,DEVELOP,DEVELOP,487
3078,314,OBLIGATE,OBLIGATE,487
3078,3,introduce,INTRODUCE,487
3078,3081,OBLIGATE,OBLIGATE,487
3078,654,OBLIGATE,OBLIGATE,487
3078,3082,introduce,INTRODUCE,487
3078,3083,introduce,INTRODUCE,487
3078,138,REPORT,REPORT,487
3078,3086,REPORT,REPORT,487
3078,103,REPORT,REPORT,487
3079,236,DEVELOP,DEVELOP,487
3079,5,DEVELOP,DEVELOP,487
3080,3079,DEVELOP,DEVELOP,487
3080,236,DEVELOP,DEVELOP,487
3080,5,DEVELOP,DEVELOP,487
3081,314,OBLIGATE,OBLIGATE,487
3081,320,OBLIGATE,OBLIGATE,487
3082,3083,introduce,INTRODUCE,487
3082,3,introduce,INTRODUCE,487
3083,3,introduce,INTRODUCE,487
3084,3078,introduce,INTRODUCE,487
3084,3082,introduce,INTRODUCE,487
3084,3083,introduce,INTRODUCE,487
3084,3,introduce,INTRODUCE,487
3086,138,REPORT,REPORT,487
3086,103,REPORT,REPORT,487
3087,3088,amend,AMEND,488
3087,3089,amend,AMEND,488
3087,218,OBLIGATE,OBLIGATE,488
3087,327,AUTHORIZE,AUTHORIZE,488
3087,111,define,DEFINE,488
3087,972,define,DEFINE,488
3088,3089,amend,AMEND,488
3090,231,OBLIGATE,OBLIGATE,489
3090,375,OBLIGATE,OBLIGATE,489
3090,1668,OBLIGATE,OBLIGATE,489
3090,3091,OBLIGATE,OBLIGATE,489
3090,333,OBLIGATE,OBLIGATE,489
3090,314,intend,INTEND,489
3090,339,OBLIGATE,OBLIGATE,489
3090,304,OBLIGATE,OBLIGATE,489
3090,268,OBLIGATE,OBLIGATE,489
3090,1678,OBLIGATE,OBLIGATE,489
3090,341,OBLIGATE,OBLIGATE,489
3090,639,intend,INTEND,489
3090,85,intend,INTEND,489
3090,3092,DEVELOP,DEVELOP,489
3090,1107,DEVELOP,DEVELOP,489
3090,109,OBLIGATE,OBLIGATE,489
3090,187,OBLIGATE,OBLIGATE,489
3090,105,OBLIGATE,OBLIGATE,489
3090,1100,OBLIGATE,OBLIGATE,489
3090,1721,introduce,INTRODUCE,489
3090,3093,introduce,INTRODUCE,489
3090,2091,introduce,INTRODUCE,489
3090,283,introduce,INTRODUCE,489
3090,1720,introduce,INTRODUCE,489
3091,231,OBLIGATE,OBLIGATE,489
3091,375,OBLIGATE,OBLIGATE,489
3091,1668,OBLIGATE,OBLIGATE,489
3091,333,OBLIGATE,OBLIGATE,489
3091,6,OBLIGATE,OBLIGATE,607
3091,919,OBLIGATE,OBLIGATE,607
3092,1107,DEVELOP,DEVELOP,489
3093,1721,introduce,INTRODUCE,489
3093,2091,introduce,INTRODUCE,489
3093,283,introduce,INTRODUCE,489
3093,1720,introduce,INTRODUCE,489
3094,3095,benefit,BENEFIT,490
3094,2932,benefit,BENEFIT,490
3094,3096,benefit,BENEFIT,490
3095,4397,acknowledge,ACKNOWLEDGE,803
3095,3008,acknowledge,ACKNOWLEDGE,803
3095,1042,acknowledge,ACKNOWLEDGE,803
3096,2932,benefit,BENEFIT,490
3101,279,harm,HARM,491
3101,148,harm,HARM,491
3101,278,harm,HARM,491
3101,3102,harm,HARM,491
3101,3103,OBLIGATE,OBLIGATE,491
3101,185,OBLIGATE,OBLIGATE,491
3101,231,OBLIGATE,OBLIGATE,491
3101,235,OBLIGATE,OBLIGATE,491
3101,3104,OBLIGATE,OBLIGATE,491
3101,59,OBLIGATE,OBLIGATE,491
3101,90,OBLIGATE,OBLIGATE,491
3101,2306,OBLIGATE,OBLIGATE,491
3101,50,OBLIGATE,OBLIGATE,491
3101,1823,OBLIGATE,OBLIGATE,491
3101,1957,OBLIGATE,OBLIGATE,491
3102,279,harm,HARM,491
3102,148,harm,HARM,491
3103,185,OBLIGATE,OBLIGATE,491
3103,231,OBLIGATE,OBLIGATE,491
3103,235,OBLIGATE,OBLIGATE,491
3103,59,OBLIGATE,OBLIGATE,491
3103,90,OBLIGATE,OBLIGATE,491
3103,1823,OBLIGATE,OBLIGATE,491
3103,1957,OBLIGATE,OBLIGATE,491
3104,3103,OBLIGATE,OBLIGATE,491
3104,185,OBLIGATE,OBLIGATE,491
3104,231,OBLIGATE,OBLIGATE,491
3104,236,OBLIGATE,OBLIGATE,491
3104,235,OBLIGATE,OBLIGATE,491
3104,59,OBLIGATE,OBLIGATE,491
3105,271,initiate,INITIATE,492
3105,279,initiate,INITIATE,492
3105,3106,initiate,INITIATE,492
3105,3107,benefit,BENEFIT,492
3105,3109,benefit,BENEFIT,492
3105,807,benefit,BENEFIT,492
3106,271,initiate,INITIATE,492
3106,279,initiate,INITIATE,492
3106,3274,USE,USE,527
3106,131,USE,USE,527
3109,807,benefit,BENEFIT,492
3109,276,benefit,BENEFIT,492
3110,3105,benefit,BENEFIT,492
3110,3109,benefit,BENEFIT,492
3110,807,benefit,BENEFIT,492
3111,2486,OBLIGATE,OBLIGATE,493
3111,200,articulate,ARTICULATE,493
3111,335,articulate,ARTICULATE,493
3111,236,articulate,ARTICULATE,493
3111,468,SUPPORT,SUPPORT,493
3111,2309,urge,URGE,493
3111,3112,articulate,ARTICULATE,493
3111,1105,articulate,ARTICULATE,493
3111,2599,articulate,ARTICULATE,493
3111,235,SUPPORT,SUPPORT,493
3111,467,REPORT,REPORT,493
3111,1976,emphasize,EMPHASIZE,493
3111,1701,emphasize,EMPHASIZE,493
3111,194,OBLIGATE,OBLIGATE,493
3111,654,withstand,WITHSTAND,493
3111,103,SUPPORT,SUPPORT,493
3111,199,SUPPORT,SUPPORT,493
3111,3113,SUPPORT,SUPPORT,493
3111,549,SUPPORT,SUPPORT,493
3111,3114,REPORT,REPORT,493
3111,3115,REPORT,REPORT,493
3111,3116,REPORT,REPORT,493
3111,3117,REPORT,REPORT,493
3111,3118,explain,EXPLAIN,493
3111,1046,explain,EXPLAIN,493
3112,2486,articulate,ARTICULATE,493
3112,200,articulate,ARTICULATE,493
3112,335,articulate,ARTICULATE,493
3112,236,articulate,ARTICULATE,493
3112,468,articulate,ARTICULATE,493
3112,2309,articulate,ARTICULATE,493
3112,1105,articulate,ARTICULATE,493
3112,2599,articulate,ARTICULATE,493
3112,121,articulate,ARTICULATE,493
3113,121,OBLIGATE,OBLIGATE,626
3113,199,SUPPORT,SUPPORT,493
3113,549,SUPPORT,SUPPORT,493
3113,3707,OBLIGATE,OBLIGATE,626
3113,177,OBLIGATE,OBLIGATE,626
3113,392,DEVELOP,DEVELOP,726
3113,131,DEVELOP,DEVELOP,726
3114,3115,REPORT,REPORT,493
3114,3116,REPORT,REPORT,493
3114,3117,REPORT,REPORT,493
3114,3118,REPORT,REPORT,493
3114,707,REPORT,REPORT,493
3115,3116,REPORT,REPORT,493
3117,3115,REPORT,REPORT,493
3117,3116,REPORT,REPORT,493
3117,3118,REPORT,REPORT,493
3118,3115,REPORT,REPORT,493
3118,3116,REPORT,REPORT,493
3119,235,OBLIGATE,OBLIGATE,629
3119,40,OBLIGATE,OBLIGATE,697
3119,319,OBLIGATE,OBLIGATE,691
3119,2,OBLIGATE,OBLIGATE,691
3119,320,OBLIGATE,OBLIGATE,714
3119,1132,OBLIGATE,OBLIGATE,714
3119,52,OBLIGATE,OBLIGATE,714
3119,192,OBLIGATE,OBLIGATE,718
3119,85,OBLIGATE,OBLIGATE,718
3119,1341,SUPPORT,SUPPORT,863
3119,103,SUPPORT,SUPPORT,863
3119,1891,SUPPORT,SUPPORT,863
3119,1976,EVALUATE,EVALUATE,863
3119,325,EVALUATE,EVALUATE,863
3120,2378,AUTHORIZE,AUTHORIZE,494
3120,6,AUTHORIZE,AUTHORIZE,494
3120,2047,AUTHORIZE,AUTHORIZE,494
3120,263,OBLIGATE,OBLIGATE,494
3120,3121,OBLIGATE,OBLIGATE,494
3121,2304,OBLIGATE,OBLIGATE,494
3121,283,provide,PROVIDE,847
3121,146,provide,PROVIDE,847
3122,3,OBLIGATE,OBLIGATE,495
3122,101,OBLIGATE,OBLIGATE,495
3122,231,OBLIGATE,OBLIGATE,495
3122,109,OBLIGATE,OBLIGATE,495
3122,30,OBLIGATE,OBLIGATE,495
3122,225,DEVELOP,DEVELOP,495
3122,283,OBLIGATE,OBLIGATE,495
3122,21,OBLIGATE,OBLIGATE,495
3122,570,OBLIGATE,OBLIGATE,495
3123,3317,classify,CLASSIFY,537
3123,3318,classify,CLASSIFY,537
3123,3938,treat,TREAT,685
3123,76,treat,TREAT,685
3123,220,AUTHORIZE,AUTHORIZE,693
3124,3122,DEVELOP,DEVELOP,495
3124,30,DEVELOP,DEVELOP,495
3124,225,DEVELOP,DEVELOP,495
3124,90,DEVELOP,DEVELOP,495
3125,864,USE,USE,496
3125,3127,USE,USE,496
3125,131,USE,USE,496
3125,96,USE,USE,496
3127,131,USE,USE,496
3128,1108,insist,INSIST,497
3128,914,OBLIGATE,OBLIGATE,497
3128,37,OBLIGATE,OBLIGATE,497
3128,233,OBLIGATE,OBLIGATE,497
3128,1575,OBLIGATE,OBLIGATE,497
3128,1105,REGULATE,REGULATE,497
3128,200,emphasize,EMPHASIZE,497
3128,335,emphasize,EMPHASIZE,497
3128,1365,emphasize,EMPHASIZE,497
3128,235,insist,INSIST,497
3128,109,insist,INSIST,497
3128,121,insist,INSIST,497
3130,3128,insist,INSIST,497
3130,235,insist,INSIST,497
3130,109,insist,INSIST,497
3130,121,insist,INSIST,497
3131,220,DEVELOP,DEVELOP,498
3131,396,DEVELOP,DEVELOP,498
3131,820,OBLIGATE,OBLIGATE,498
3131,70,OBLIGATE,OBLIGATE,498
3131,34,OBLIGATE,OBLIGATE,498
3131,195,OBLIGATE,OBLIGATE,498
3131,442,DEVELOP,DEVELOP,498
3131,299,OBLIGATE,OBLIGATE,498
3131,121,OBLIGATE,OBLIGATE,498
3131,634,OBLIGATE,OBLIGATE,498
3131,21,DEVELOP,DEVELOP,498
3131,845,DEVELOP,DEVELOP,498
3131,177,DEVELOP,DEVELOP,498
3131,3133,DEVELOP,DEVELOP,498
3131,509,preserve,PRESERVE,498
3131,295,preserve,PRESERVE,498
3132,76,specify,SPECIFY,868
3132,109,specify,SPECIFY,868
3132,59,AUTHORIZE,AUTHORIZE,814
3132,1096,initiate,INITIATE,842
3132,2074,specify,SPECIFY,868
3132,102,seek,SEEK,918
3132,1403,take,TAKE,909
3132,96,seek,SEEK,918
3133,220,DEVELOP,DEVELOP,498
3134,224,incite,INCITE,499
3134,639,OBLIGATE,OBLIGATE,499
3134,220,OBLIGATE,OBLIGATE,499
3134,3139,incite,INCITE,499
3134,177,incite,INCITE,499
3135,3134,OBLIGATE,OBLIGATE,499
3135,2857,OBLIGATE,OBLIGATE,499
3135,225,OBLIGATE,OBLIGATE,499
3136,3134,DEVELOP,DEVELOP,499
3136,3137,DEVELOP,DEVELOP,499
3137,3134,DEVELOP,DEVELOP,499
3138,3134,AUTHORIZE,AUTHORIZE,499
3138,425,AUTHORIZE,AUTHORIZE,499
3138,109,AUTHORIZE,AUTHORIZE,499
3138,3802,preserve,PRESERVE,646
3138,220,AUTHORIZE,AUTHORIZE,693
3138,3123,AUTHORIZE,AUTHORIZE,693
3141,3142,REGULATE,REGULATE,501
3141,442,REGULATE,REGULATE,501
3141,13,REGULATE,REGULATE,501
3141,177,REGULATE,REGULATE,501
3141,198,REGULATE,REGULATE,501
3141,109,REGULATE,REGULATE,501
3142,442,REGULATE,REGULATE,501
3142,13,REGULATE,REGULATE,501
3142,177,REGULATE,REGULATE,501
3142,198,REGULATE,REGULATE,501
3142,109,REGULATE,REGULATE,501
3144,1389,alter,ALTER,502
3144,107,alter,ALTER,502
3144,783,DEVELOP,DEVELOP,502
3144,109,DEVELOP,DEVELOP,502
3144,415,OBLIGATE,OBLIGATE,502
3144,186,OBLIGATE,OBLIGATE,502
3144,8,alter,ALTER,502
3144,96,alter,ALTER,502
3144,37,alter,ALTER,502
3145,3144,AUTHORIZE,AUTHORIZE,502
3145,3146,AUTHORIZE,AUTHORIZE,502
3146,3144,AUTHORIZE,AUTHORIZE,502
3147,3144,DEVELOP,DEVELOP,502
3147,107,DEVELOP,DEVELOP,502
3147,783,DEVELOP,DEVELOP,502
3147,109,DEVELOP,DEVELOP,502
3148,313,OBLIGATE,OBLIGATE,503
3148,437,OBLIGATE,OBLIGATE,503
3148,177,REGULATE,REGULATE,503
3148,1829,OBLIGATE,OBLIGATE,503
3148,613,AUTHORIZE,AUTHORIZE,503
3148,2787,AUTHORIZE,AUTHORIZE,503
3148,322,AUTHORIZE,AUTHORIZE,503
3148,422,AUTHORIZE,AUTHORIZE,503
3148,131,SUPPORT,SUPPORT,503
3148,3149,SUPPORT,SUPPORT,503
3148,67,AUTHORIZE,AUTHORIZE,503
3148,318,AUTHORIZE,AUTHORIZE,503
3148,13,REGULATE,REGULATE,503
3148,3150,REGULATE,REGULATE,503
3148,236,REGULATE,REGULATE,503
3148,382,REGULATE,REGULATE,503
3149,131,SUPPORT,SUPPORT,503
3150,177,REGULATE,REGULATE,503
3150,13,REGULATE,REGULATE,503
3150,236,REGULATE,REGULATE,503
3150,382,REGULATE,REGULATE,503
3153,131,DEVELOP,DEVELOP,504
3153,3154,DEVELOP,DEVELOP,566
3154,131,DEVELOP,DEVELOP,504
3155,3156,amend,AMEND,505
3155,151,OBLIGATE,OBLIGATE,505
3155,3157,OBLIGATE,OBLIGATE,505
3155,268,OBLIGATE,OBLIGATE,505
3155,63,OBLIGATE,OBLIGATE,505
3155,3158,OBLIGATE,OBLIGATE,505
3155,292,EVALUATE,EVALUATE,505
3155,3,EVALUATE,EVALUATE,505
3155,440,EVALUATE,EVALUATE,505
3157,151,OBLIGATE,OBLIGATE,505
3157,268,OBLIGATE,OBLIGATE,505
3157,63,OBLIGATE,OBLIGATE,505
3158,292,EVALUATE,EVALUATE,505
3158,3,EVALUATE,EVALUATE,505
3158,440,EVALUATE,EVALUATE,505
3158,337,RESTRICT,RESTRICT,584
3158,186,RESTRICT,RESTRICT,584
3158,3519,RESTRICT,RESTRICT,584
3158,206,OBLIGATE,OBLIGATE,584
3158,2503,OBLIGATE,OBLIGATE,584
3160,58,DEVELOP,DEVELOP,506
3161,3160,DEVELOP,DEVELOP,506
3163,178,DEVELOP,DEVELOP,507
3163,3164,DEVELOP,DEVELOP,507
3163,83,DEVELOP,DEVELOP,507
3163,484,OBLIGATE,OBLIGATE,507
3163,87,OBLIGATE,OBLIGATE,507
3163,2103,OBLIGATE,OBLIGATE,507
3163,3166,OBLIGATE,OBLIGATE,507
3163,983,OBLIGATE,OBLIGATE,507
3163,3167,OBLIGATE,OBLIGATE,507
3164,178,DEVELOP,DEVELOP,507
3164,83,DEVELOP,DEVELOP,507
3164,484,DEVELOP,DEVELOP,507
3165,1444,form,FORM,812
3165,3,form,FORM,812
3165,13,form,FORM,812
3166,983,OBLIGATE,OBLIGATE,507
3166,3167,OBLIGATE,OBLIGATE,507
3166,3713,DEVELOP,DEVELOP,627
3166,328,DEVELOP,DEVELOP,627
3166,13,OBLIGATE,OBLIGATE,748
3166,3,OBLIGATE,OBLIGATE,748
3167,983,OBLIGATE,OBLIGATE,507
3168,2503,oblige,OBLIGE,508
3168,52,OBLIGATE,OBLIGATE,508
3168,3169,seek,SEEK,508
3168,3,OBLIGATE,OBLIGATE,508
3168,3170,OBLIGATE,OBLIGATE,508
3168,247,OBLIGATE,OBLIGATE,508
3168,3171,OBLIGATE,OBLIGATE,508
3168,40,OBLIGATE,OBLIGATE,508
3168,121,OBLIGATE,OBLIGATE,508
3168,3172,OBLIGATE,OBLIGATE,508
3168,13,oblige,OBLIGE,508
3168,63,oblige,OBLIGE,508
3169,52,REPORT,REPORT,624
3169,40,seek,SEEK,508
3169,821,REPORT,REPORT,624
3169,311,REPORT,REPORT,624
3170,52,OBLIGATE,OBLIGATE,624
3170,3,OBLIGATE,OBLIGATE,508
3170,3695,OBLIGATE,OBLIGATE,624
3170,821,include,INCLUDE,624
3170,3696,include,INCLUDE,624
3171,3170,include,INCLUDE,624
3171,3696,include,INCLUDE,624
3171,311,include,INCLUDE,624
3172,40,OBLIGATE,OBLIGATE,624
3172,121,OBLIGATE,OBLIGATE,624
3173,3175,define,DEFINE,509
3173,1941,OBLIGATE,OBLIGATE,509
3173,33,OBLIGATE,OBLIGATE,509
3173,3176,OBLIGATE,OBLIGATE,509
3173,1192,OBLIGATE,OBLIGATE,509
3173,235,OBLIGATE,OBLIGATE,509
3173,140,OBLIGATE,OBLIGATE,509
3173,570,OBLIGATE,OBLIGATE,509
3173,121,OBLIGATE,OBLIGATE,509
3173,1630,OBLIGATE,OBLIGATE,509
3173,66,OBLIGATE,OBLIGATE,509
3173,2459,OBLIGATE,OBLIGATE,509
3175,3174,define,DEFINE,509
3176,3174,OBLIGATE,OBLIGATE,509
3176,1941,OBLIGATE,OBLIGATE,509
3176,33,OBLIGATE,OBLIGATE,509
3176,6,OBLIGATE,OBLIGATE,509
3177,2737,OBLIGATE,OBLIGATE,510
3177,2738,OBLIGATE,OBLIGATE,510
3177,314,OBLIGATE,OBLIGATE,510
3177,291,OBLIGATE,OBLIGATE,510
3177,935,EVALUATE,EVALUATE,510
3177,181,OBLIGATE,OBLIGATE,510
3177,40,USE,USE,510
3177,225,USE,USE,510
3178,3179,EVALUATE,EVALUATE,511
3178,40,enhance,ENHANCE,511
3178,224,OBLIGATE,OBLIGATE,511
3178,52,address,ADDRESS,511
3178,532,address,ADDRESS,511
3178,3180,EVALUATE,EVALUATE,511
3178,417,EVALUATE,EVALUATE,511
3178,3,enhance,ENHANCE,511
3178,539,OBLIGATE,OBLIGATE,511
3178,18,OBLIGATE,OBLIGATE,511
3179,40,EVALUATE,EVALUATE,511
3179,3180,EVALUATE,EVALUATE,511
3179,417,EVALUATE,EVALUATE,511
3180,417,EVALUATE,EVALUATE,511
3181,3182,AUTHORIZE,AUTHORIZE,512
3181,836,OBLIGATE,OBLIGATE,512
3181,3183,OBLIGATE,OBLIGATE,512
3181,2623,SUPPORT,SUPPORT,512
3181,3184,OBLIGATE,OBLIGATE,512
3181,320,OBLIGATE,OBLIGATE,512
3181,3185,OBLIGATE,OBLIGATE,512
3181,318,SUPPORT,SUPPORT,512
3181,498,AUTHORIZE,AUTHORIZE,512
3181,52,AUTHORIZE,AUTHORIZE,512
3181,363,AUTHORIZE,AUTHORIZE,512
3181,386,AUTHORIZE,AUTHORIZE,512
3181,1832,RESTRICT,RESTRICT,512
3181,1016,RESTRICT,RESTRICT,512
3181,1633,RESTRICT,RESTRICT,512
3181,279,RESTRICT,RESTRICT,512
3181,121,AUTHORIZE,AUTHORIZE,512
3181,236,AUTHORIZE,AUTHORIZE,512
3181,327,AUTHORIZE,AUTHORIZE,512
3181,1403,AUTHORIZE,AUTHORIZE,512
3183,2623,OBLIGATE,OBLIGATE,512
3183,283,OBLIGATE,OBLIGATE,512
3183,3184,OBLIGATE,OBLIGATE,512
3183,320,OBLIGATE,OBLIGATE,512
3184,283,OBLIGATE,OBLIGATE,512
3184,320,OBLIGATE,OBLIGATE,512
3185,3183,OBLIGATE,OBLIGATE,512
3185,283,OBLIGATE,OBLIGATE,512
3185,3184,OBLIGATE,OBLIGATE,512
3185,320,OBLIGATE,OBLIGATE,512
3186,3187,OBLIGATE,OBLIGATE,513
3186,333,DEVELOP,DEVELOP,513
3186,3,DEVELOP,DEVELOP,513
3186,3188,DEVELOP,DEVELOP,513
3186,3189,DEVELOP,DEVELOP,513
3186,3190,DEVELOP,DEVELOP,513
3186,3191,DEVELOP,DEVELOP,513
3186,311,DEVELOP,DEVELOP,513
3186,675,DEVELOP,DEVELOP,513
3186,3192,OBLIGATE,OBLIGATE,513
3187,333,DEVELOP,DEVELOP,513
3187,3,DEVELOP,DEVELOP,513
3187,3188,DEVELOP,DEVELOP,513
3187,3189,DEVELOP,DEVELOP,513
3187,3190,DEVELOP,DEVELOP,513
3187,3191,DEVELOP,DEVELOP,513
3187,311,DEVELOP,DEVELOP,513
3187,675,DEVELOP,DEVELOP,513
3187,3192,OBLIGATE,OBLIGATE,513
3188,3,DEVELOP,DEVELOP,513
3188,3189,DEVELOP,DEVELOP,513
3189,3,DEVELOP,DEVELOP,513
3190,3,DEVELOP,DEVELOP,513
3190,3188,DEVELOP,DEVELOP,513
3190,3189,DEVELOP,DEVELOP,513
3190,675,DEVELOP,DEVELOP,513
3191,3,DEVELOP,DEVELOP,513
3191,3188,DEVELOP,DEVELOP,513
3191,3189,DEVELOP,DEVELOP,513
3191,3190,DEVELOP,DEVELOP,513
3191,311,DEVELOP,DEVELOP,513
3191,675,DEVELOP,DEVELOP,513
3193,198,provide,PROVIDE,514
3193,1556,provide,PROVIDE,514
3193,296,OBLIGATE,OBLIGATE,514
3193,235,OBLIGATE,OBLIGATE,514
3193,42,OBLIGATE,OBLIGATE,514
3193,3194,OBLIGATE,OBLIGATE,514
3193,37,OBLIGATE,OBLIGATE,514
3193,570,OBLIGATE,OBLIGATE,514
3193,3195,OBLIGATE,OBLIGATE,514
3194,468,OBLIGATE,OBLIGATE,514
3194,235,OBLIGATE,OBLIGATE,514
3194,296,OBLIGATE,OBLIGATE,514
3194,42,OBLIGATE,OBLIGATE,514
3194,13,OBLIGATE,OBLIGATE,514
3194,63,OBLIGATE,OBLIGATE,514
3195,220,OBLIGATE,OBLIGATE,540
3196,2713,OBLIGATE,OBLIGATE,515
3196,320,OBLIGATE,OBLIGATE,515
3196,3197,OBLIGATE,OBLIGATE,515
3196,3198,OBLIGATE,OBLIGATE,515
3197,2713,OBLIGATE,OBLIGATE,515
3197,320,OBLIGATE,OBLIGATE,515
3198,3,OBLIGATE,OBLIGATE,515
3199,3,REGULATE,REGULATE,886
3199,18,REGULATE,REGULATE,886
3199,930,REGULATE,REGULATE,886
3202,319,OBLIGATE,OBLIGATE,516
3202,328,EVALUATE,EVALUATE,516
3202,3203,OBLIGATE,OBLIGATE,516
3202,320,EVALUATE,EVALUATE,516
3202,3204,OBLIGATE,OBLIGATE,516
3202,3205,include,INCLUDE,516
3202,18,OBLIGATE,OBLIGATE,516
3202,3206,OBLIGATE,OBLIGATE,516
3202,3207,OBLIGATE,OBLIGATE,516
3202,233,OBLIGATE,OBLIGATE,516
3202,231,OBLIGATE,OBLIGATE,516
3202,3208,OBLIGATE,OBLIGATE,516
3202,268,OBLIGATE,OBLIGATE,516
3202,1198,OBLIGATE,OBLIGATE,516
3202,3209,OBLIGATE,OBLIGATE,516
3202,422,EVALUATE,EVALUATE,516
3202,3210,EVALUATE,EVALUATE,516
3202,3211,EVALUATE,EVALUATE,516
3202,82,OBLIGATE,OBLIGATE,516
3202,273,OBLIGATE,OBLIGATE,516
3203,319,include,INCLUDE,516
3203,328,include,INCLUDE,516
3203,320,include,INCLUDE,516
3203,18,OBLIGATE,OBLIGATE,516
3203,3207,OBLIGATE,OBLIGATE,516
3203,233,OBLIGATE,OBLIGATE,516
3203,231,OBLIGATE,OBLIGATE,516
3203,268,OBLIGATE,OBLIGATE,516
3203,1198,OBLIGATE,OBLIGATE,516
3204,319,OBLIGATE,OBLIGATE,516
3204,328,include,INCLUDE,516
3204,3203,OBLIGATE,OBLIGATE,516
3204,320,include,INCLUDE,516
3204,450,OBLIGATE,OBLIGATE,516
3204,3205,include,INCLUDE,516
3204,18,OBLIGATE,OBLIGATE,516
3204,3206,OBLIGATE,OBLIGATE,516
3204,3207,OBLIGATE,OBLIGATE,516
3204,233,OBLIGATE,OBLIGATE,516
3204,231,OBLIGATE,OBLIGATE,516
3204,3208,OBLIGATE,OBLIGATE,516
3204,268,OBLIGATE,OBLIGATE,516
3204,1198,OBLIGATE,OBLIGATE,516
3204,3209,OBLIGATE,OBLIGATE,516
3204,82,OBLIGATE,OBLIGATE,516
3204,273,OBLIGATE,OBLIGATE,516
3205,319,include,INCLUDE,516
3205,328,include,INCLUDE,516
3205,3203,include,INCLUDE,516
3205,320,include,INCLUDE,516
3206,3203,OBLIGATE,OBLIGATE,516
3206,18,OBLIGATE,OBLIGATE,516
3206,3207,OBLIGATE,OBLIGATE,516
3206,233,OBLIGATE,OBLIGATE,516
3206,231,OBLIGATE,OBLIGATE,516
3206,268,OBLIGATE,OBLIGATE,516
3206,1198,OBLIGATE,OBLIGATE,516
3206,206,OBLIGATE,OBLIGATE,815
3206,957,OBLIGATE,OBLIGATE,815
3206,860,OBLIGATE,OBLIGATE,815
3206,177,OBLIGATE,OBLIGATE,815
3206,235,OBLIGATE,OBLIGATE,902
3206,120,OBLIGATE,OBLIGATE,902
3207,18,OBLIGATE,OBLIGATE,516
3207,233,OBLIGATE,OBLIGATE,516
3207,231,OBLIGATE,OBLIGATE,516
3207,268,OBLIGATE,OBLIGATE,516
3207,1198,OBLIGATE,OBLIGATE,516
3208,3203,OBLIGATE,OBLIGATE,516
3208,18,OBLIGATE,OBLIGATE,516
3208,3206,OBLIGATE,OBLIGATE,516
3208,3207,OBLIGATE,OBLIGATE,516
3208,233,OBLIGATE,OBLIGATE,516
3208,231,OBLIGATE,OBLIGATE,516
3208,268,OBLIGATE,OBLIGATE,516
3208,1198,OBLIGATE,OBLIGATE,516
3208,617,OBLIGATE,OBLIGATE,516
3209,319,OBLIGATE,OBLIGATE,516
3209,328,EVALUATE,EVALUATE,516
3209,320,EVALUATE,EVALUATE,516
3209,422,EVALUATE,EVALUATE,516
3209,3210,EVALUATE,EVALUATE,516
3209,18,OBLIGATE,OBLIGATE,516
3209,617,OBLIGATE,OBLIGATE,516
3209,231,OBLIGATE,OBLIGATE,516
3209,273,OBLIGATE,OBLIGATE,516
3210,319,EVALUATE,EVALUATE,516
3210,328,EVALUATE,EVALUATE,516
3210,320,EVALUATE,EVALUATE,516
3210,422,EVALUATE,EVALUATE,516
3211,319,EVALUATE,EVALUATE,516
3211,328,EVALUATE,EVALUATE,516
3211,320,EVALUATE,EVALUATE,516
3211,3209,EVALUATE,EVALUATE,516
3211,422,EVALUATE,EVALUATE,516
3211,3210,EVALUATE,EVALUATE,516
3214,3215,RESTRICT,RESTRICT,517
3214,107,amend,AMEND,583
3214,3507,amend,AMEND,583
3214,3513,amend,AMEND,583
3215,181,RESTRICT,RESTRICT,517
3216,319,OBLIGATE,OBLIGATE,518
3216,466,OBLIGATE,OBLIGATE,518
3216,295,USE,USE,518
3216,1375,USE,USE,518
3216,6,USE,USE,518
3216,235,USE,USE,518
3216,3217,USE,USE,518
3216,85,USE,USE,518
3216,1941,OBLIGATE,OBLIGATE,518
3216,33,OBLIGATE,OBLIGATE,518
3216,570,OBLIGATE,OBLIGATE,518
3216,670,OBLIGATE,OBLIGATE,518
3216,3218,OBLIGATE,OBLIGATE,518
3216,1169,OBLIGATE,OBLIGATE,518
3216,109,OBLIGATE,OBLIGATE,518
3216,2047,OBLIGATE,OBLIGATE,518
3216,3219,OBLIGATE,OBLIGATE,518
3216,37,OBLIGATE,OBLIGATE,518
3216,320,OBLIGATE,OBLIGATE,518
3216,934,OBLIGATE,OBLIGATE,518
3216,299,OBLIGATE,OBLIGATE,518
3217,466,USE,USE,518
3217,235,USE,USE,518
3217,85,USE,USE,518
3217,1941,USE,USE,518
3218,319,OBLIGATE,OBLIGATE,518
3218,466,OBLIGATE,OBLIGATE,518
3218,1941,OBLIGATE,OBLIGATE,518
3218,670,OBLIGATE,OBLIGATE,518
3218,1169,OBLIGATE,OBLIGATE,518
3218,109,OBLIGATE,OBLIGATE,518
3218,2047,OBLIGATE,OBLIGATE,518
3218,3219,OBLIGATE,OBLIGATE,518
3219,319,OBLIGATE,OBLIGATE,518
3219,466,OBLIGATE,OBLIGATE,518
3219,1941,OBLIGATE,OBLIGATE,518
3219,1169,OBLIGATE,OBLIGATE,518
3219,109,OBLIGATE,OBLIGATE,518
3219,2047,OBLIGATE,OBLIGATE,518
3220,164,AUTHORIZE,AUTHORIZE,519
3220,3221,AUTHORIZE,AUTHORIZE,519
3220,3,AUTHORIZE,AUTHORIZE,519
3220,310,AUTHORIZE,AUTHORIZE,519
3220,52,AUTHORIZE,AUTHORIZE,519
3220,1410,AUTHORIZE,AUTHORIZE,519
3220,3223,AUTHORIZE,AUTHORIZE,519
3220,3224,AUTHORIZE,AUTHORIZE,519
3221,164,AUTHORIZE,AUTHORIZE,519
3221,3,AUTHORIZE,AUTHORIZE,519
3221,310,AUTHORIZE,AUTHORIZE,519
3221,52,AUTHORIZE,AUTHORIZE,519
3221,1410,AUTHORIZE,AUTHORIZE,519
3221,3224,AUTHORIZE,AUTHORIZE,519
3222,3220,AUTHORIZE,AUTHORIZE,519
3222,164,AUTHORIZE,AUTHORIZE,519
3222,3221,AUTHORIZE,AUTHORIZE,519
3222,3,AUTHORIZE,AUTHORIZE,519
3222,310,AUTHORIZE,AUTHORIZE,519
3222,52,AUTHORIZE,AUTHORIZE,519
3222,1410,AUTHORIZE,AUTHORIZE,519
3222,3223,AUTHORIZE,AUTHORIZE,519
3222,3224,AUTHORIZE,AUTHORIZE,519
3223,164,AUTHORIZE,AUTHORIZE,519
3223,3221,AUTHORIZE,AUTHORIZE,519
3223,3,AUTHORIZE,AUTHORIZE,519
3223,310,AUTHORIZE,AUTHORIZE,519
3223,52,AUTHORIZE,AUTHORIZE,519
3223,1410,AUTHORIZE,AUTHORIZE,519
3223,3224,AUTHORIZE,AUTHORIZE,519
3224,164,AUTHORIZE,AUTHORIZE,519
3224,3,AUTHORIZE,AUTHORIZE,519
3224,310,AUTHORIZE,AUTHORIZE,519
3224,1410,AUTHORIZE,AUTHORIZE,519
3225,3226,presume,PRESUME,520
3225,131,OBLIGATE,OBLIGATE,520
3225,268,OBLIGATE,OBLIGATE,520
3225,220,OBLIGATE,OBLIGATE,520
3225,341,OBLIGATE,OBLIGATE,520
3225,422,OBLIGATE,OBLIGATE,520
3225,3227,presume,PRESUME,520
3225,3228,presume,PRESUME,520
3225,107,presume,PRESUME,520
3225,146,OBLIGATE,OBLIGATE,520
3225,340,OBLIGATE,OBLIGATE,520
3225,3229,OBLIGATE,OBLIGATE,520
3225,3230,OBLIGATE,OBLIGATE,520
3226,131,OBLIGATE,OBLIGATE,520
3226,268,OBLIGATE,OBLIGATE,520
3226,220,OBLIGATE,OBLIGATE,520
3226,341,OBLIGATE,OBLIGATE,520
3226,422,presume,PRESUME,520
3226,3227,presume,PRESUME,520
3226,3228,presume,PRESUME,520
3226,107,presume,PRESUME,520
3227,3228,presume,PRESUME,520
3227,107,presume,PRESUME,520
3228,107,presume,PRESUME,520
3229,146,OBLIGATE,OBLIGATE,520
3229,340,OBLIGATE,OBLIGATE,520
3229,422,OBLIGATE,OBLIGATE,520
3230,146,OBLIGATE,OBLIGATE,520
3230,340,OBLIGATE,OBLIGATE,520
3230,422,OBLIGATE,OBLIGATE,520
3230,3229,OBLIGATE,OBLIGATE,520
3231,13,OBLIGATE,OBLIGATE,933
3231,328,OBLIGATE,OBLIGATE,933
3232,644,amend,AMEND,521
3232,3233,amend,AMEND,521
3232,3,amend,AMEND,521
3232,37,OBLIGATE,OBLIGATE,521
3232,2047,OBLIGATE,OBLIGATE,521
3232,283,include,INCLUDE,521
3232,1384,include,INCLUDE,521
3232,1976,include,INCLUDE,521
3232,539,OBLIGATE,OBLIGATE,521
3232,278,OBLIGATE,OBLIGATE,521
3232,491,amend,AMEND,521
3232,2,amend,AMEND,521
3233,644,amend,AMEND,521
3233,3,amend,AMEND,521
3233,247,amend,AMEND,521
3233,2,amend,AMEND,521
3233,350,OBLIGATE,OBLIGATE,759
3233,83,OBLIGATE,OBLIGATE,759
3236,13,OBLIGATE,OBLIGATE,522
3236,3237,OBLIGATE,OBLIGATE,522
3236,3238,OBLIGATE,OBLIGATE,522
3236,3239,OBLIGATE,OBLIGATE,522
3236,3240,OBLIGATE,OBLIGATE,522
3236,3242,OBLIGATE,OBLIGATE,522
3237,13,OBLIGATE,OBLIGATE,522
3237,3238,OBLIGATE,OBLIGATE,522
3237,3240,OBLIGATE,OBLIGATE,522
3237,3242,OBLIGATE,OBLIGATE,522
3238,13,OBLIGATE,OBLIGATE,522
3239,13,OBLIGATE,OBLIGATE,522
3239,3237,OBLIGATE,OBLIGATE,522
3239,3238,OBLIGATE,OBLIGATE,522
3239,3240,OBLIGATE,OBLIGATE,522
3239,3242,OBLIGATE,OBLIGATE,522
3240,13,OBLIGATE,OBLIGATE,522
3240,3238,OBLIGATE,OBLIGATE,522
3241,3236,OBLIGATE,OBLIGATE,522
3241,13,OBLIGATE,OBLIGATE,522
3241,3237,OBLIGATE,OBLIGATE,522
3241,3238,OBLIGATE,OBLIGATE,522
3241,3239,OBLIGATE,OBLIGATE,522
3241,3240,OBLIGATE,OBLIGATE,522
3241,3242,OBLIGATE,OBLIGATE,522
3242,13,OBLIGATE,OBLIGATE,522
3242,3238,OBLIGATE,OBLIGATE,522
3242,3240,OBLIGATE,OBLIGATE,522
3242,131,SUPPORT,SUPPORT,762
3242,2,SUPPORT,SUPPORT,762
3242,415,SUPPORT,SUPPORT,762
3245,422,USE,USE,791
3245,860,USE,USE,791
3245,120,USE,USE,791
3248,327,AUTHORIZE,AUTHORIZE,524
3248,2316,AUTHORIZE,AUTHORIZE,524
3248,3249,AUTHORIZE,AUTHORIZE,524
3248,3250,AUTHORIZE,AUTHORIZE,524
3248,3251,AUTHORIZE,AUTHORIZE,524
3248,3252,AUTHORIZE,AUTHORIZE,524
3248,3253,AUTHORIZE,AUTHORIZE,524
3249,327,AUTHORIZE,AUTHORIZE,524
3249,2316,AUTHORIZE,AUTHORIZE,524
3249,3253,AUTHORIZE,AUTHORIZE,524
3250,327,AUTHORIZE,AUTHORIZE,524
3250,2316,AUTHORIZE,AUTHORIZE,524
3250,3249,AUTHORIZE,AUTHORIZE,524
3250,3251,AUTHORIZE,AUTHORIZE,524
3250,3252,AUTHORIZE,AUTHORIZE,524
3250,3253,AUTHORIZE,AUTHORIZE,524
3251,327,AUTHORIZE,AUTHORIZE,524
3251,2316,AUTHORIZE,AUTHORIZE,524
3251,3249,AUTHORIZE,AUTHORIZE,524
3251,3252,AUTHORIZE,AUTHORIZE,524
3251,3253,AUTHORIZE,AUTHORIZE,524
3252,327,AUTHORIZE,AUTHORIZE,524
3252,2316,AUTHORIZE,AUTHORIZE,524
3252,3249,AUTHORIZE,AUTHORIZE,524
3252,3253,AUTHORIZE,AUTHORIZE,524
3252,18,OBLIGATE,OBLIGATE,595
3252,3569,OBLIGATE,OBLIGATE,595
3252,279,OBLIGATE,OBLIGATE,595
3252,1573,OBLIGATE,OBLIGATE,595
3254,319,OBLIGATE,OBLIGATE,525
3254,63,OBLIGATE,OBLIGATE,525
3254,178,AUTHORIZE,AUTHORIZE,525
3254,320,AUTHORIZE,AUTHORIZE,525
3254,329,AUTHORIZE,AUTHORIZE,525
3257,33,OBLIGATE,OBLIGATE,526
3257,13,OBLIGATE,OBLIGATE,526
3257,665,OBLIGATE,OBLIGATE,526
3258,3257,amend,AMEND,526
3258,386,amend,AMEND,526
3259,3257,amend,AMEND,526
3259,3258,amend,AMEND,526
3259,386,amend,AMEND,526
3260,3257,OBLIGATE,OBLIGATE,526
3260,33,OBLIGATE,OBLIGATE,526
3260,2168,OBLIGATE,OBLIGATE,526
3261,3257,OBLIGATE,OBLIGATE,526
3261,386,OBLIGATE,OBLIGATE,526
3261,3262,OBLIGATE,OBLIGATE,526
3262,3257,OBLIGATE,OBLIGATE,526
3262,386,OBLIGATE,OBLIGATE,526
3263,3257,OBLIGATE,OBLIGATE,526
3263,13,OBLIGATE,OBLIGATE,526
3263,665,OBLIGATE,OBLIGATE,526
3264,3257,DEVELOP,DEVELOP,526
3264,2168,DEVELOP,DEVELOP,526
3265,3257,DEVELOP,DEVELOP,526
3265,76,DEVELOP,DEVELOP,526
3266,3257,DEVELOP,DEVELOP,526
3266,76,DEVELOP,DEVELOP,526
3266,3265,DEVELOP,DEVELOP,526
3266,3866,DEVELOP,DEVELOP,665
3267,3257,OBLIGATE,OBLIGATE,526
3267,107,OBLIGATE,OBLIGATE,526
3267,231,OBLIGATE,OBLIGATE,526
3268,3257,OBLIGATE,OBLIGATE,526
3268,107,OBLIGATE,OBLIGATE,526
3268,231,OBLIGATE,OBLIGATE,526
3268,3267,OBLIGATE,OBLIGATE,526
3269,278,USE,USE,527
3269,3270,USE,USE,527
3269,3274,USE,USE,527
3269,3106,USE,USE,527
3269,131,USE,USE,527
3274,131,USE,USE,527
3275,3276,OBLIGATE,OBLIGATE,528
3275,3199,OBLIGATE,OBLIGATE,528
3275,907,OBLIGATE,OBLIGATE,528
3275,570,OBLIGATE,OBLIGATE,528
3275,62,OBLIGATE,OBLIGATE,528
3275,1140,OBLIGATE,OBLIGATE,528
3275,3279,OBLIGATE,OBLIGATE,528
3275,3280,OBLIGATE,OBLIGATE,528
3275,3281,OBLIGATE,OBLIGATE,528
3277,3275,OBLIGATE,OBLIGATE,528
3277,3199,OBLIGATE,OBLIGATE,528
3277,907,OBLIGATE,OBLIGATE,528
3278,3275,OBLIGATE,OBLIGATE,528
3278,570,OBLIGATE,OBLIGATE,528
3278,62,OBLIGATE,OBLIGATE,528
3278,1140,OBLIGATE,OBLIGATE,528
3279,206,OBLIGATE,OBLIGATE,528
3279,62,OBLIGATE,OBLIGATE,528
3280,62,OBLIGATE,OBLIGATE,528
3280,3279,OBLIGATE,OBLIGATE,528
3281,62,OBLIGATE,OBLIGATE,528
3281,3279,OBLIGATE,OBLIGATE,528
3281,3280,OBLIGATE,OBLIGATE,528
3282,148,set,SET,529
3282,157,RESTRICT,RESTRICT,529
3282,273,provide,PROVIDE,529
3282,508,provide,PROVIDE,529
3282,18,provide,PROVIDE,529
3282,3288,provide,PROVIDE,529
3282,107,AUTHORIZE,AUTHORIZE,529
3282,386,AUTHORIZE,AUTHORIZE,529
3282,784,AUTHORIZE,AUTHORIZE,529
3282,373,set,SET,529
3282,8,set,SET,529
3283,3282,RESTRICT,RESTRICT,529
3283,3285,RESTRICT,RESTRICT,529
3283,3286,RESTRICT,RESTRICT,529
3283,157,RESTRICT,RESTRICT,529
3284,3282,RESTRICT,RESTRICT,529
3284,3283,RESTRICT,RESTRICT,529
3284,3285,RESTRICT,RESTRICT,529
3284,3286,RESTRICT,RESTRICT,529
3284,157,RESTRICT,RESTRICT,529
3285,3282,RESTRICT,RESTRICT,529
3285,3286,RESTRICT,RESTRICT,529
3285,157,RESTRICT,RESTRICT,529
3286,3282,RESTRICT,RESTRICT,529
3286,157,RESTRICT,RESTRICT,529
3287,3866,AUTHORIZE,AUTHORIZE,665
3287,102,AUTHORIZE,AUTHORIZE,927
3287,894,AUTHORIZE,AUTHORIZE,927
3287,3524,AUTHORIZE,AUTHORIZE,927
3288,273,provide,PROVIDE,529
3288,18,provide,PROVIDE,529
3288,3,REGULATE,REGULATE,733
3288,177,REGULATE,REGULATE,733
3288,140,REGULATE,REGULATE,733
3288,1832,REGULATE,REGULATE,733
3288,34,REGULATE,REGULATE,733
3288,40,REGULATE,REGULATE,733
3288,327,REGULATE,REGULATE,733
3288,236,REGULATE,REGULATE,733
3288,146,RESTRICT,RESTRICT,807
3289,3282,AUTHORIZE,AUTHORIZE,529
3289,107,AUTHORIZE,AUTHORIZE,529
3289,386,AUTHORIZE,AUTHORIZE,529
3289,784,AUTHORIZE,AUTHORIZE,529
3290,3282,AUTHORIZE,AUTHORIZE,529
3290,3289,AUTHORIZE,AUTHORIZE,529
3290,107,AUTHORIZE,AUTHORIZE,529
3290,386,AUTHORIZE,AUTHORIZE,529
3290,784,AUTHORIZE,AUTHORIZE,529
3290,3866,AUTHORIZE,AUTHORIZE,665
3290,373,AUTHORIZE,AUTHORIZE,665
3290,3287,AUTHORIZE,AUTHORIZE,665
3290,105,AUTHORIZE,AUTHORIZE,665
3293,2307,REPORT,REPORT,530
3293,1941,REPORT,REPORT,530
3293,688,REPORT,REPORT,530
3293,480,REPORT,REPORT,530
3293,283,REPORT,REPORT,530
3293,63,REPORT,REPORT,530
3294,471,OBLIGATE,OBLIGATE,531
3294,220,OBLIGATE,OBLIGATE,531
3295,1444,terminate,TERMINATE,532
3295,3296,DEVELOP,DEVELOP,532
3295,18,OBLIGATE,OBLIGATE,532
3295,379,OBLIGATE,OBLIGATE,532
3295,37,OBLIGATE,OBLIGATE,532
3295,3297,OBLIGATE,OBLIGATE,532
3295,2839,OBLIGATE,OBLIGATE,532
3295,3298,OBLIGATE,OBLIGATE,532
3295,1121,OBLIGATE,OBLIGATE,532
3295,63,identify,IDENTIFY,532
3295,1384,identify,IDENTIFY,532
3295,3299,identify,IDENTIFY,532
3295,1140,terminate,TERMINATE,532
3296,1444,DEVELOP,DEVELOP,532
3297,1444,OBLIGATE,OBLIGATE,532
3297,18,OBLIGATE,OBLIGATE,532
3297,379,OBLIGATE,OBLIGATE,532
3297,37,OBLIGATE,OBLIGATE,532
3297,2839,OBLIGATE,OBLIGATE,532
3297,3298,OBLIGATE,OBLIGATE,532
3297,1121,OBLIGATE,OBLIGATE,532
3298,1444,OBLIGATE,OBLIGATE,532
3298,18,OBLIGATE,OBLIGATE,532
3298,379,OBLIGATE,OBLIGATE,532
3298,37,OBLIGATE,OBLIGATE,532
3298,2839,OBLIGATE,OBLIGATE,532
3298,1121,OBLIGATE,OBLIGATE,532
3299,1444,identify,IDENTIFY,532
3299,13,identify,IDENTIFY,532
3299,63,identify,IDENTIFY,532
3299,1384,identify,IDENTIFY,532
3300,340,DEVELOP,DEVELOP,533
3300,2057,DEVELOP,DEVELOP,533
3300,85,SUPPORT,SUPPORT,533
3300,328,set,SET,533
3300,3,set,SET,533
3300,550,OBLIGATE,OBLIGATE,533
3300,335,OBLIGATE,OBLIGATE,533
3300,859,OBLIGATE,OBLIGATE,533
3300,1169,OBLIGATE,OBLIGATE,533
3300,1107,OBLIGATE,OBLIGATE,533
3300,131,include,INCLUDE,533
3300,3302,include,INCLUDE,533
3300,3303,include,INCLUDE,533
3300,33,include,INCLUDE,533
3300,109,OBLIGATE,OBLIGATE,533
3300,2352,OBLIGATE,OBLIGATE,533
3300,1976,EVALUATE,EVALUATE,533
3300,63,AUTHORIZE,AUTHORIZE,533
3300,957,SUPPORT,SUPPORT,533
3301,3300,DEVELOP,DEVELOP,533
3301,340,DEVELOP,DEVELOP,533
3301,2057,DEVELOP,DEVELOP,533
3301,85,DEVELOP,DEVELOP,533
3301,328,DEVELOP,DEVELOP,533
3302,328,include,INCLUDE,533
3302,131,include,INCLUDE,533
3302,33,include,INCLUDE,533
3303,328,include,INCLUDE,533
3303,131,include,INCLUDE,533
3303,3302,include,INCLUDE,533
3303,33,include,INCLUDE,533
3304,313,OBLIGATE,OBLIGATE,534
3304,1825,REGULATE,REGULATE,534
3304,575,REGULATE,REGULATE,534
3304,1829,OBLIGATE,OBLIGATE,534
3304,2341,AUTHORIZE,AUTHORIZE,534
3304,2627,AUTHORIZE,AUTHORIZE,534
3304,1832,SUPPORT,SUPPORT,534
3304,1833,SUPPORT,SUPPORT,534
3304,318,SUPPORT,SUPPORT,534
3304,3305,SUPPORT,SUPPORT,534
3304,3306,SUPPORT,SUPPORT,534
3304,1077,SUPPORT,SUPPORT,534
3304,13,OBLIGATE,OBLIGATE,534
3304,1834,REGULATE,REGULATE,534
3304,164,REGULATE,REGULATE,534
3305,575,OBLIGATE,OBLIGATE,574
3305,177,OBLIGATE,OBLIGATE,574
3305,3306,SUPPORT,SUPPORT,534
3305,689,OBLIGATE,OBLIGATE,567
3305,34,OBLIGATE,OBLIGATE,567
3305,67,AUTHORIZE,AUTHORIZE,709
3305,1332,AUTHORIZE,AUTHORIZE,709
3306,177,SUPPORT,SUPPORT,534
3307,3308,elect,ELECT,535
3307,3309,elect,ELECT,535
3307,2745,oblige,OBLIGE,535
3307,634,elect,ELECT,535
3307,181,oblige,OBLIGE,535
3307,3310,define,DEFINE,535
3307,3311,define,DEFINE,535
3307,1997,OBLIGATE,OBLIGATE,535
3307,1261,OBLIGATE,OBLIGATE,535
3307,1764,oblige,OBLIGE,535
3307,783,define,DEFINE,535
3308,3309,elect,ELECT,535
3308,2745,elect,ELECT,535
3308,634,elect,ELECT,535
3308,181,elect,ELECT,535
3309,2745,elect,ELECT,535
3309,634,elect,ELECT,535
3309,3310,elect,ELECT,535
3310,181,OBLIGATE,OBLIGATE,535
3310,3311,define,DEFINE,535
3310,1261,OBLIGATE,OBLIGATE,535
3310,783,define,DEFINE,535
3311,783,define,DEFINE,535
3312,1444,OBLIGATE,OBLIGATE,536
3312,121,DEVELOP,DEVELOP,536
3312,860,DEVELOP,DEVELOP,536
3312,876,EVALUATE,EVALUATE,536
3312,3315,OBLIGATE,OBLIGATE,536
3312,1107,OBLIGATE,OBLIGATE,536
3312,514,OBLIGATE,OBLIGATE,536
3312,1140,OBLIGATE,OBLIGATE,536
3313,3312,OBLIGATE,OBLIGATE,536
3313,1444,OBLIGATE,OBLIGATE,536
3313,3314,OBLIGATE,OBLIGATE,536
3313,3315,OBLIGATE,OBLIGATE,536
3313,1107,OBLIGATE,OBLIGATE,536
3313,2,OBLIGATE,OBLIGATE,536
3313,514,OBLIGATE,OBLIGATE,536
3313,3316,OBLIGATE,OBLIGATE,536
3314,3312,OBLIGATE,OBLIGATE,536
3314,1444,OBLIGATE,OBLIGATE,536
3314,3315,OBLIGATE,OBLIGATE,536
3314,1107,OBLIGATE,OBLIGATE,536
3314,514,OBLIGATE,OBLIGATE,536
3314,3316,OBLIGATE,OBLIGATE,536
3315,1444,OBLIGATE,OBLIGATE,536
3315,1107,OBLIGATE,OBLIGATE,536
3315,514,OBLIGATE,OBLIGATE,536
3316,3312,OBLIGATE,OBLIGATE,536
3316,1444,OBLIGATE,OBLIGATE,536
3316,3315,OBLIGATE,OBLIGATE,536
3316,1107,OBLIGATE,OBLIGATE,536
3316,514,OBLIGATE,OBLIGATE,536
3317,249,OBLIGATE,OBLIGATE,537
3317,3318,classify,CLASSIFY,537
3318,146,acknowledge,ACKNOWLEDGE,897
3318,4843,acknowledge,ACKNOWLEDGE,897
3318,2971,acknowledge,ACKNOWLEDGE,897
3318,4844,acknowledge,ACKNOWLEDGE,897
3318,160,acknowledge,ACKNOWLEDGE,897
3318,2879,acknowledge,ACKNOWLEDGE,897
3319,220,OBLIGATE,OBLIGATE,538
3319,146,OBLIGATE,OBLIGATE,538
3319,3,OBLIGATE,OBLIGATE,538
3320,3319,OBLIGATE,OBLIGATE,538
3320,220,OBLIGATE,OBLIGATE,538
3320,146,OBLIGATE,OBLIGATE,538
3320,3,OBLIGATE,OBLIGATE,538
3320,3321,OBLIGATE,OBLIGATE,538
3321,3319,OBLIGATE,OBLIGATE,538
3321,220,OBLIGATE,OBLIGATE,598
3321,146,OBLIGATE,OBLIGATE,538
3321,3,OBLIGATE,OBLIGATE,598
3321,76,enhance,ENHANCE,598
3321,80,enhance,ENHANCE,598
3321,3343,OBLIGATE,OBLIGATE,598
3321,471,OBLIGATE,OBLIGATE,598
3322,3319,OBLIGATE,OBLIGATE,538
3322,220,OBLIGATE,OBLIGATE,538
3322,3,OBLIGATE,OBLIGATE,538
3322,3321,OBLIGATE,OBLIGATE,538
3322,3342,fail,FAIL,545
3322,146,fail,FAIL,545
3322,3343,fail,FAIL,545
3323,926,DEVELOP,DEVELOP,539
3323,2,DEVELOP,DEVELOP,539
3323,3,OBLIGATE,OBLIGATE,539
3323,109,OBLIGATE,OBLIGATE,539
3323,8,OBLIGATE,OBLIGATE,539
3323,320,OBLIGATE,OBLIGATE,539
3324,3323,DEVELOP,DEVELOP,539
3324,926,DEVELOP,DEVELOP,539
3324,2,DEVELOP,DEVELOP,539
3324,707,DEVELOP,DEVELOP,539
3325,3323,OBLIGATE,OBLIGATE,539
3325,109,OBLIGATE,OBLIGATE,539
3325,8,OBLIGATE,OBLIGATE,539
3325,320,OBLIGATE,OBLIGATE,539
3326,4065,OBLIGATE,OBLIGATE,886
3326,109,OBLIGATE,OBLIGATE,886
3327,220,OBLIGATE,OBLIGATE,540
3327,320,OBLIGATE,OBLIGATE,540
3327,360,OBLIGATE,OBLIGATE,540
3327,422,OBLIGATE,OBLIGATE,540
3327,3328,OBLIGATE,OBLIGATE,540
3327,59,OBLIGATE,OBLIGATE,540
3327,3195,OBLIGATE,OBLIGATE,540
3327,3329,OBLIGATE,OBLIGATE,540
3328,220,OBLIGATE,OBLIGATE,540
3328,320,OBLIGATE,OBLIGATE,540
3328,360,OBLIGATE,OBLIGATE,540
3328,422,OBLIGATE,OBLIGATE,540
3329,220,OBLIGATE,OBLIGATE,540
3329,360,OBLIGATE,OBLIGATE,540
3329,59,OBLIGATE,OBLIGATE,540
3329,3195,OBLIGATE,OBLIGATE,540
3332,3333,OBLIGATE,OBLIGATE,542
3332,327,AUTHORIZE,AUTHORIZE,542
3332,292,AUTHORIZE,AUTHORIZE,542
3332,3334,OBLIGATE,OBLIGATE,542
3332,40,OBLIGATE,OBLIGATE,542
3332,224,OBLIGATE,OBLIGATE,542
3332,3336,DEVELOP,DEVELOP,542
3332,451,OBLIGATE,OBLIGATE,542
3332,131,OBLIGATE,OBLIGATE,542
3332,13,OBLIGATE,OBLIGATE,542
3332,63,OBLIGATE,OBLIGATE,542
3333,3,OBLIGATE,OBLIGATE,616
3334,3333,OBLIGATE,OBLIGATE,691
3334,327,AUTHORIZE,AUTHORIZE,542
3334,40,OBLIGATE,OBLIGATE,542
3334,451,OBLIGATE,OBLIGATE,542
3334,177,OBLIGATE,OBLIGATE,691
3334,416,OBLIGATE,OBLIGATE,691
3334,297,SUPPORT,SUPPORT,917
3334,4938,SUPPORT,SUPPORT,917
3335,3332,DEVELOP,DEVELOP,542
3335,3333,DEVELOP,DEVELOP,542
3335,3336,DEVELOP,DEVELOP,542
3336,3333,DEVELOP,DEVELOP,542
3337,178,OBLIGATE,OBLIGATE,543
3337,3338,OBLIGATE,OBLIGATE,543
3337,3339,OBLIGATE,OBLIGATE,543
3339,178,OBLIGATE,OBLIGATE,543
3339,4449,USE,USE,813
3339,4451,USE,USE,813
3340,319,AUTHORIZE,AUTHORIZE,544
3340,295,AUTHORIZE,AUTHORIZE,544
3340,1139,AUTHORIZE,AUTHORIZE,544
3340,37,AUTHORIZE,AUTHORIZE,544
3340,1958,AUTHORIZE,AUTHORIZE,544
3340,3341,AUTHORIZE,AUTHORIZE,544
3340,66,AUTHORIZE,AUTHORIZE,544
3340,177,AUTHORIZE,AUTHORIZE,544
3341,319,AUTHORIZE,AUTHORIZE,544
3341,37,AUTHORIZE,AUTHORIZE,544
3341,1958,AUTHORIZE,AUTHORIZE,544
3341,177,AUTHORIZE,AUTHORIZE,544
3341,335,demonstrate,DEMONSTRATE,831
3341,103,demonstrate,DEMONSTRATE,831
3341,235,demonstrate,DEMONSTRATE,831
3341,4553,demonstrate,DEMONSTRATE,831
3341,236,demonstrate,DEMONSTRATE,831
3341,930,demonstrate,DEMONSTRATE,831
3342,63,OBLIGATE,OBLIGATE,545
3343,3342,fail,FAIL,545
3343,3,OBLIGATE,OBLIGATE,598
3343,471,OBLIGATE,OBLIGATE,598
3343,220,OBLIGATE,OBLIGATE,598
3344,328,base,BASE,546
3344,3345,OBLIGATE,OBLIGATE,546
3344,450,detail,DETAIL,546
3344,3348,detail,DETAIL,546
3345,328,OBLIGATE,OBLIGATE,546
3345,450,OBLIGATE,OBLIGATE,546
3346,3344,base,BASE,546
3346,328,base,BASE,546
3346,1758,base,BASE,546
3347,3344,detail,DETAIL,546
3347,1758,detail,DETAIL,546
3347,450,detail,DETAIL,546
3347,3348,detail,DETAIL,546
3347,3349,detail,DETAIL,546
3347,3350,detail,DETAIL,546
3347,3351,detail,DETAIL,546
3347,3352,detail,DETAIL,546
3348,450,detail,DETAIL,546
3349,3344,detail,DETAIL,546
3349,1758,detail,DETAIL,546
3349,450,detail,DETAIL,546
3349,3348,detail,DETAIL,546
3350,3344,detail,DETAIL,546
3350,1758,detail,DETAIL,546
3350,450,detail,DETAIL,546
3350,3348,detail,DETAIL,546
3350,3349,detail,DETAIL,546
3351,3344,detail,DETAIL,546
3351,1758,detail,DETAIL,546
3351,450,detail,DETAIL,546
3351,3348,detail,DETAIL,546
3351,3349,detail,DETAIL,546
3351,3350,detail,DETAIL,546
3351,3352,detail,DETAIL,546
3352,3344,detail,DETAIL,546
3352,1758,detail,DETAIL,546
3352,450,detail,DETAIL,546
3352,3348,detail,DETAIL,546
3352,3349,detail,DETAIL,546
3352,3350,detail,DETAIL,546
3353,268,OBLIGATE,OBLIGATE,547
3353,3354,OBLIGATE,OBLIGATE,547
3353,67,have,HAVE,547
3353,34,OBLIGATE,OBLIGATE,547
3353,1686,have,HAVE,547
3353,37,OBLIGATE,OBLIGATE,547
3353,295,OBLIGATE,OBLIGATE,547
3354,268,OBLIGATE,OBLIGATE,547
3354,3,OBLIGATE,OBLIGATE,547
3354,67,OBLIGATE,OBLIGATE,547
3355,1,integrate,INTEGRATE,548
3355,327,OBLIGATE,OBLIGATE,548
3355,555,OBLIGATE,OBLIGATE,548
3355,3357,OBLIGATE,OBLIGATE,548
3355,379,integrate,INTEGRATE,548
3355,298,integrate,INTEGRATE,548
3355,37,integrate,INTEGRATE,548
3355,297,integrate,INTEGRATE,548
3355,3358,OBLIGATE,OBLIGATE,548
3355,624,OBLIGATE,OBLIGATE,548
3356,3355,OBLIGATE,OBLIGATE,548
3356,1,integrate,INTEGRATE,548
3356,327,OBLIGATE,OBLIGATE,548
3356,555,OBLIGATE,OBLIGATE,548
3356,3357,OBLIGATE,OBLIGATE,548
3356,379,integrate,INTEGRATE,548
3356,37,integrate,INTEGRATE,548
3356,297,integrate,INTEGRATE,548
3356,3358,OBLIGATE,OBLIGATE,548
3356,624,OBLIGATE,OBLIGATE,548
3356,3378,DEVELOP,DEVELOP,556
3356,3379,DEVELOP,DEVELOP,556
3357,327,OBLIGATE,OBLIGATE,548
3357,555,AUTHORIZE,AUTHORIZE,577
3357,379,integrate,INTEGRATE,548
3357,298,integrate,INTEGRATE,548
3357,37,integrate,INTEGRATE,548
3357,297,integrate,INTEGRATE,548
3357,3358,OBLIGATE,OBLIGATE,548
3357,3471,AUTHORIZE,AUTHORIZE,577
3357,487,incentivize,INCENTIVIZE,577
3357,386,incentivize,INCENTIVIZE,577
3357,328,AUTHORIZE,AUTHORIZE,577
3359,3360,designate,DESIGNATE,549
3359,3361,designate,DESIGNATE,549
3359,919,OBLIGATE,OBLIGATE,549
3359,3362,include,INCLUDE,549
3359,292,include,INCLUDE,549
3359,995,OBLIGATE,OBLIGATE,549
3359,3363,OBLIGATE,OBLIGATE,549
3359,3364,OBLIGATE,OBLIGATE,549
3359,295,OBLIGATE,OBLIGATE,549
3359,85,OBLIGATE,OBLIGATE,549
3359,340,OBLIGATE,OBLIGATE,549
3359,323,OBLIGATE,OBLIGATE,549
3359,268,OBLIGATE,OBLIGATE,549
3359,3365,OBLIGATE,OBLIGATE,549
3359,1000,include,INCLUDE,549
3360,919,designate,DESIGNATE,549
3360,292,designate,DESIGNATE,549
3361,3360,designate,DESIGNATE,549
3361,919,designate,DESIGNATE,549
3361,3362,designate,DESIGNATE,549
3361,292,designate,DESIGNATE,549
3362,995,OBLIGATE,OBLIGATE,549
3362,268,OBLIGATE,OBLIGATE,549
3363,995,OBLIGATE,OBLIGATE,549
3363,3364,OBLIGATE,OBLIGATE,549
3363,295,OBLIGATE,OBLIGATE,549
3364,995,OBLIGATE,OBLIGATE,549
3364,295,OBLIGATE,OBLIGATE,549
3365,919,OBLIGATE,OBLIGATE,549
3365,3362,OBLIGATE,OBLIGATE,549
3365,292,OBLIGATE,OBLIGATE,549
3365,13,OBLIGATE,OBLIGATE,549
3366,3,OBLIGATE,OBLIGATE,550
3366,3367,OBLIGATE,OBLIGATE,550
3366,708,OBLIGATE,OBLIGATE,550
3367,85,OBLIGATE,OBLIGATE,550
3368,327,OBLIGATE,OBLIGATE,551
3368,337,OBLIGATE,OBLIGATE,551
3368,415,OBLIGATE,OBLIGATE,551
3368,41,OBLIGATE,OBLIGATE,551
3368,1328,OBLIGATE,OBLIGATE,551
3368,3369,OBLIGATE,OBLIGATE,551
3368,267,OBLIGATE,OBLIGATE,551
3368,85,OBLIGATE,OBLIGATE,551
3368,1026,OBLIGATE,OBLIGATE,551
3368,3370,OBLIGATE,OBLIGATE,551
3368,414,AUTHORIZE,AUTHORIZE,551
3368,13,OBLIGATE,OBLIGATE,551
3368,960,OBLIGATE,OBLIGATE,551
3369,327,OBLIGATE,OBLIGATE,551
3369,337,OBLIGATE,OBLIGATE,551
3369,415,OBLIGATE,OBLIGATE,551
3369,41,OBLIGATE,OBLIGATE,551
3369,1328,OBLIGATE,OBLIGATE,551
3369,267,OBLIGATE,OBLIGATE,551
3370,85,OBLIGATE,OBLIGATE,551
3370,1026,OBLIGATE,OBLIGATE,551
3371,224,OBLIGATE,OBLIGATE,552
3371,2178,OBLIGATE,OBLIGATE,552
3371,177,OBLIGATE,OBLIGATE,552
3371,323,OBLIGATE,OBLIGATE,552
3371,2341,OBLIGATE,OBLIGATE,552
3371,40,OBLIGATE,OBLIGATE,552
3371,311,OBLIGATE,OBLIGATE,552
3371,3373,OBLIGATE,OBLIGATE,552
3371,2176,OBLIGATE,OBLIGATE,552
3371,1533,OBLIGATE,OBLIGATE,552
3371,133,OBLIGATE,OBLIGATE,552
3371,522,OBLIGATE,OBLIGATE,552
3373,40,OBLIGATE,OBLIGATE,552
3373,311,OBLIGATE,OBLIGATE,552
3373,1533,OBLIGATE,OBLIGATE,552
3374,3333,OBLIGATE,OBLIGATE,553
3374,13,OBLIGATE,OBLIGATE,553
3374,63,OBLIGATE,OBLIGATE,553
3374,224,OBLIGATE,OBLIGATE,553
3374,322,EVALUATE,EVALUATE,553
3374,5,EVALUATE,EVALUATE,553
3374,2250,EVALUATE,EVALUATE,553
3374,838,EVALUATE,EVALUATE,553
3374,2833,EVALUATE,EVALUATE,553
3374,311,EVALUATE,EVALUATE,553
3374,319,OBLIGATE,OBLIGATE,553
3374,81,OBLIGATE,OBLIGATE,553
3374,1720,OBLIGATE,OBLIGATE,553
3374,364,OBLIGATE,OBLIGATE,553
3374,25,OBLIGATE,OBLIGATE,553
3374,2103,OBLIGATE,OBLIGATE,553
3374,235,OBLIGATE,OBLIGATE,553
3375,358,OBLIGATE,OBLIGATE,554
3375,418,OBLIGATE,OBLIGATE,554
3375,3376,OBLIGATE,OBLIGATE,554
3375,210,OBLIGATE,OBLIGATE,554
3375,255,OBLIGATE,OBLIGATE,554
3375,40,OBLIGATE,OBLIGATE,554
3375,806,OBLIGATE,OBLIGATE,554
3375,178,OBLIGATE,OBLIGATE,554
3376,416,OBLIGATE,OBLIGATE,554
3376,210,OBLIGATE,OBLIGATE,554
3376,177,OBLIGATE,OBLIGATE,554
3376,255,OBLIGATE,OBLIGATE,554
3376,40,OBLIGATE,OBLIGATE,554
3377,328,OBLIGATE,OBLIGATE,555
3377,2594,OBLIGATE,OBLIGATE,555
3377,335,OBLIGATE,OBLIGATE,555
3377,236,OBLIGATE,OBLIGATE,555
3378,3379,COORDINATE,COORDINATE,556
3378,418,OBLIGATE,OBLIGATE,556
3378,291,OBLIGATE,OBLIGATE,556
3378,295,OBLIGATE,OBLIGATE,556
3378,392,OBLIGATE,OBLIGATE,556
3378,809,OBLIGATE,OBLIGATE,556
3378,3380,OBLIGATE,OBLIGATE,556
3378,819,COORDINATE,COORDINATE,556
3378,1332,COORDINATE,COORDINATE,556
3378,236,COORDINATE,COORDINATE,556
3378,268,COORDINATE,COORDINATE,556
3378,1903,COORDINATE,COORDINATE,556
3379,298,COORDINATE,COORDINATE,556
3379,819,COORDINATE,COORDINATE,556
3379,1332,COORDINATE,COORDINATE,556
3379,236,COORDINATE,COORDINATE,556
3379,268,COORDINATE,COORDINATE,556
3379,1903,COORDINATE,COORDINATE,556
3380,291,OBLIGATE,OBLIGATE,556
3380,295,OBLIGATE,OBLIGATE,759
3380,392,OBLIGATE,OBLIGATE,556
3380,809,OBLIGATE,OBLIGATE,556
3380,3471,OBLIGATE,OBLIGATE,577
3380,303,OBLIGATE,OBLIGATE,577
3380,297,OBLIGATE,OBLIGATE,577
3380,777,OBLIGATE,OBLIGATE,744
3380,1832,OBLIGATE,OBLIGATE,744
3380,379,OBLIGATE,OBLIGATE,744
3380,4245,OBLIGATE,OBLIGATE,759
3380,267,OBLIGATE,OBLIGATE,759
3381,177,SUPPORT,SUPPORT,731
3381,3,SUPPORT,SUPPORT,731
3381,131,SUPPORT,SUPPORT,731
3381,40,SUPPORT,SUPPORT,731
3382,1832,SUPPORT,SUPPORT,557
3382,240,SUPPORT,SUPPORT,557
3383,177,initiate,INITIATE,557
3383,3381,initiate,INITIATE,557
3383,131,initiate,INITIATE,557
3384,3,prioritize,PRIORITIZE,557
3384,613,prioritize,PRIORITIZE,557
3385,3388,include,INCLUDE,558
3385,236,insert,INSERT,558
3385,450,insert,INSERT,558
3385,298,insert,INSERT,558
3385,3,insert,INSERT,558
3386,3385,include,INCLUDE,558
3386,3387,include,INCLUDE,558
3386,3388,include,INCLUDE,558
3386,3389,include,INCLUDE,558
3387,3385,include,INCLUDE,558
3387,3388,include,INCLUDE,558
3387,3389,include,INCLUDE,558
3389,3385,include,INCLUDE,558
3389,3388,include,INCLUDE,558
3389,450,include,INCLUDE,558
3389,298,include,INCLUDE,558
3390,319,OBLIGATE,OBLIGATE,559
3390,378,DEVELOP,DEVELOP,559
3390,3391,OBLIGATE,OBLIGATE,559
3390,1941,oblige,OBLIGE,559
3390,37,OBLIGATE,OBLIGATE,559
3390,295,OBLIGATE,OBLIGATE,559
3390,34,OBLIGATE,OBLIGATE,559
3390,268,OBLIGATE,OBLIGATE,559
3390,63,OBLIGATE,OBLIGATE,559
3390,1983,OBLIGATE,OBLIGATE,559
3391,319,OBLIGATE,OBLIGATE,559
3391,67,OBLIGATE,OBLIGATE,559
3391,3,OBLIGATE,OBLIGATE,559
3391,1941,OBLIGATE,OBLIGATE,559
3392,3390,OBLIGATE,OBLIGATE,559
3392,67,OBLIGATE,OBLIGATE,559
3392,268,OBLIGATE,OBLIGATE,559
3392,63,OBLIGATE,OBLIGATE,559
3393,102,seek,SEEK,560
3393,105,seek,SEEK,560
3393,3396,seek,SEEK,560
3395,2971,REPORT,REPORT,560
3395,2879,AUTHORIZE,AUTHORIZE,920
3396,102,seek,SEEK,560
3396,3868,provide,PROVIDE,919
3397,3399,OBLIGATE,OBLIGATE,561
3397,267,OBLIGATE,OBLIGATE,561
3397,62,OBLIGATE,OBLIGATE,561
3397,3,prioritize,PRIORITIZE,561
3397,512,AUTHORIZE,AUTHORIZE,561
3397,80,OBLIGATE,OBLIGATE,561
3397,91,OBLIGATE,OBLIGATE,561
3398,3397,AUTHORIZE,AUTHORIZE,561
3398,280,AUTHORIZE,AUTHORIZE,561
3398,1864,AUTHORIZE,AUTHORIZE,561
3398,267,AUTHORIZE,AUTHORIZE,561
3400,3397,prioritize,PRIORITIZE,561
3400,3,OBLIGATE,OBLIGATE,595
3400,146,OBLIGATE,OBLIGATE,595
3400,2051,OBLIGATE,OBLIGATE,595
3402,806,OBLIGATE,OBLIGATE,562
3402,85,OBLIGATE,OBLIGATE,562
3403,807,OBLIGATE,OBLIGATE,562
3403,3,OBLIGATE,OBLIGATE,562
3403,85,OBLIGATE,OBLIGATE,562
3404,800,include,INCLUDE,563
3404,255,include,INCLUDE,563
3404,40,include,INCLUDE,563
3404,801,DEVELOP,DEVELOP,563
3404,802,OBLIGATE,OBLIGATE,563
3404,803,OBLIGATE,OBLIGATE,563
3404,3405,OBLIGATE,OBLIGATE,563
3404,570,OBLIGATE,OBLIGATE,563
3404,13,include,INCLUDE,563
3404,279,include,INCLUDE,563
3405,802,OBLIGATE,OBLIGATE,563
3407,418,OBLIGATE,OBLIGATE,564
3407,647,DEVELOP,DEVELOP,564
3407,905,DEVELOP,DEVELOP,564
3407,320,DEVELOP,DEVELOP,564
3407,210,DEVELOP,DEVELOP,564
3407,1832,OBLIGATE,OBLIGATE,564
3407,280,OBLIGATE,OBLIGATE,564
3408,358,OBLIGATE,OBLIGATE,564
3408,40,amend,AMEND,573
3408,3,OBLIGATE,OBLIGATE,620
3409,131,REGULATE,REGULATE,564
3410,328,OBLIGATE,OBLIGATE,564
3410,1830,OBLIGATE,OBLIGATE,564
3410,177,OBLIGATE,OBLIGATE,564
3411,328,OBLIGATE,OBLIGATE,565
3411,386,OBLIGATE,OBLIGATE,565
3411,3412,AUTHORIZE,AUTHORIZE,565
3411,18,OBLIGATE,OBLIGATE,565
3411,1314,OBLIGATE,OBLIGATE,565
3411,1321,OBLIGATE,OBLIGATE,565
3411,379,OBLIGATE,OBLIGATE,565
3411,259,OBLIGATE,OBLIGATE,565
3411,335,OBLIGATE,OBLIGATE,565
3411,236,OBLIGATE,OBLIGATE,565
3411,516,OBLIGATE,OBLIGATE,565
3411,3414,SUPPORT,SUPPORT,565
3411,34,SUPPORT,SUPPORT,565
3411,67,SUPPORT,SUPPORT,565
3411,177,provide,PROVIDE,565
3411,2032,provide,PROVIDE,565
3411,1958,provide,PROVIDE,565
3411,255,provide,PROVIDE,565
3411,3415,provide,PROVIDE,565
3414,34,SUPPORT,SUPPORT,565
3414,67,SUPPORT,SUPPORT,565
3414,177,SUPPORT,SUPPORT,736
3414,347,SUPPORT,SUPPORT,736
3415,2032,provide,PROVIDE,565
3415,1958,provide,PROVIDE,565
3415,177,provide,PROVIDE,565
3415,255,provide,PROVIDE,565
3418,418,OBLIGATE,OBLIGATE,566
3418,402,OBLIGATE,OBLIGATE,566
3418,1410,OBLIGATE,OBLIGATE,566
3418,414,OBLIGATE,OBLIGATE,566
3419,327,OBLIGATE,OBLIGATE,567
3419,3420,OBLIGATE,OBLIGATE,567
3419,267,OBLIGATE,OBLIGATE,567
3419,3305,OBLIGATE,OBLIGATE,567
3419,268,OBLIGATE,OBLIGATE,567
3419,585,OBLIGATE,OBLIGATE,567
3419,2097,OBLIGATE,OBLIGATE,567
3419,1092,OBLIGATE,OBLIGATE,567
3419,328,AUTHORIZE,AUTHORIZE,567
3420,327,OBLIGATE,OBLIGATE,567
3420,689,OBLIGATE,OBLIGATE,567
3420,34,OBLIGATE,OBLIGATE,567
3420,267,OBLIGATE,OBLIGATE,567
3422,313,AUTHORIZE,AUTHORIZE,568
3422,3423,OBLIGATE,OBLIGATE,568
3422,2230,OBLIGATE,OBLIGATE,568
3422,3424,SUPPORT,SUPPORT,568
3422,40,OBLIGATE,OBLIGATE,568
3422,177,make,MAKE,568
3422,1825,make,MAKE,568
3422,3425,OBLIGATE,OBLIGATE,568
3422,3,AUTHORIZE,AUTHORIZE,568
3422,85,DEVELOP,DEVELOP,568
3422,1111,DEVELOP,DEVELOP,568
3422,644,DEVELOP,DEVELOP,568
3422,535,DEVELOP,DEVELOP,568
3422,386,AUTHORIZE,AUTHORIZE,568
3422,51,AUTHORIZE,AUTHORIZE,568
3422,422,AUTHORIZE,AUTHORIZE,568
3422,52,SUPPORT,SUPPORT,568
3422,379,SUPPORT,SUPPORT,568
3422,1590,make,MAKE,568
3423,2230,OBLIGATE,OBLIGATE,568
3423,3424,OBLIGATE,OBLIGATE,568
3423,40,OBLIGATE,OBLIGATE,605
3423,177,OBLIGATE,OBLIGATE,568
3423,297,OBLIGATE,OBLIGATE,605
3423,328,OBLIGATE,OBLIGATE,605
3424,3,DEVELOP,DEVELOP,568
3424,1825,SUPPORT,SUPPORT,568
3425,1825,OBLIGATE,OBLIGATE,568
3426,177,AUTHORIZE,AUTHORIZE,569
3426,3427,OBLIGATE,OBLIGATE,569
3426,516,OBLIGATE,OBLIGATE,569
3426,3428,AUTHORIZE,AUTHORIZE,569
3426,323,OBLIGATE,OBLIGATE,569
3426,3429,OBLIGATE,OBLIGATE,569
3426,3413,SUPPORT,SUPPORT,569
3426,3430,specify,SPECIFY,569
3426,2,set,SET,569
3426,255,specify,SPECIFY,569
3426,34,AUTHORIZE,AUTHORIZE,569
3426,85,AUTHORIZE,AUTHORIZE,569
3426,327,set,SET,569
3427,177,OBLIGATE,OBLIGATE,574
3427,3428,OBLIGATE,OBLIGATE,569
3427,575,OBLIGATE,OBLIGATE,574
3427,3305,OBLIGATE,OBLIGATE,574
3428,177,AUTHORIZE,AUTHORIZE,569
3428,3424,AUTHORIZE,AUTHORIZE,569
3428,34,AUTHORIZE,AUTHORIZE,569
3428,85,AUTHORIZE,AUTHORIZE,569
3428,40,define,DEFINE,658
3429,3427,OBLIGATE,OBLIGATE,569
3429,3424,OBLIGATE,OBLIGATE,569
3430,3424,specify,SPECIFY,569
3430,2,specify,SPECIFY,569
3430,255,specify,SPECIFY,569
3433,980,enumerate,ENUMERATE,570
3433,276,displace,DISPLACE,570
3433,3434,enumerate,ENUMERATE,570
3433,2813,enumerate,ENUMERATE,570
3433,3436,enumerate,ENUMERATE,570
3433,2051,enumerate,ENUMERATE,570
3433,3437,enumerate,ENUMERATE,570
3433,3438,enumerate,ENUMERATE,570
3433,451,enumerate,ENUMERATE,570
3433,1607,enumerate,ENUMERATE,570
3434,451,enumerate,ENUMERATE,570
3434,1607,enumerate,ENUMERATE,570
3435,3433,enumerate,ENUMERATE,570
3435,3434,enumerate,ENUMERATE,570
3435,2813,enumerate,ENUMERATE,570
3435,3436,enumerate,ENUMERATE,570
3435,2051,enumerate,ENUMERATE,570
3435,3437,enumerate,ENUMERATE,570
3435,3438,enumerate,ENUMERATE,570
3435,451,enumerate,ENUMERATE,570
3435,1607,enumerate,ENUMERATE,570
3436,3434,enumerate,ENUMERATE,570
3436,2813,enumerate,ENUMERATE,570
3436,2051,enumerate,ENUMERATE,570
3436,3437,enumerate,ENUMERATE,570
3436,451,enumerate,ENUMERATE,570
3436,1607,enumerate,ENUMERATE,570
3437,3434,enumerate,ENUMERATE,570
3437,2813,enumerate,ENUMERATE,570
3437,2051,enumerate,ENUMERATE,570
3437,451,enumerate,ENUMERATE,570
3437,1607,enumerate,ENUMERATE,570
3438,3434,enumerate,ENUMERATE,570
3438,2813,enumerate,ENUMERATE,570
3438,3436,enumerate,ENUMERATE,570
3438,2051,enumerate,ENUMERATE,570
3438,3437,enumerate,ENUMERATE,570
3438,451,enumerate,ENUMERATE,570
3438,1607,enumerate,ENUMERATE,570
3440,416,amend,AMEND,571
3442,3443,amend,AMEND,572
3442,418,amend,AMEND,572
3442,1826,amend,AMEND,572
3442,359,AUTHORIZE,AUTHORIZE,572
3442,481,EVALUATE,EVALUATE,572
3442,1833,OBLIGATE,OBLIGATE,572
3442,1078,OBLIGATE,OBLIGATE,572
3442,177,OBLIGATE,OBLIGATE,572
3442,358,AUTHORIZE,AUTHORIZE,572
3442,2785,OBLIGATE,OBLIGATE,572
3442,1608,AUTHORIZE,AUTHORIZE,572
3442,3444,AUTHORIZE,AUTHORIZE,572
3442,3445,AUTHORIZE,AUTHORIZE,572
3442,570,EVALUATE,EVALUATE,572
3443,418,amend,AMEND,572
3443,1826,amend,AMEND,572
3443,3,amend,AMEND,572
3443,359,amend,AMEND,572
3444,3,AUTHORIZE,AUTHORIZE,572
3444,359,AUTHORIZE,AUTHORIZE,572
3445,481,AUTHORIZE,AUTHORIZE,572
3447,3408,amend,AMEND,573
3448,3741,DEVELOP,DEVELOP,632
3449,3450,OBLIGATE,OBLIGATE,573
3451,575,OBLIGATE,OBLIGATE,574
3451,177,SUPPORT,SUPPORT,574
3451,3305,SUPPORT,SUPPORT,574
3451,3427,OBLIGATE,OBLIGATE,574
3451,516,SUPPORT,SUPPORT,574
3451,40,SUPPORT,SUPPORT,574
3451,3,SUPPORT,SUPPORT,574
3451,335,SUPPORT,SUPPORT,574
3451,3452,SUPPORT,SUPPORT,574
3451,3453,SUPPORT,SUPPORT,574
3451,3456,SUPPORT,SUPPORT,574
3451,617,SUPPORT,SUPPORT,574
3451,236,SUPPORT,SUPPORT,574
3451,1423,SUPPORT,SUPPORT,574
3451,1986,SUPPORT,SUPPORT,574
3451,1293,SUPPORT,SUPPORT,574
3451,3457,DEVELOP,DEVELOP,574
3451,2557,DEVELOP,DEVELOP,574
3451,67,DEVELOP,DEVELOP,574
3451,3458,DEVELOP,DEVELOP,574
3451,3459,DEVELOP,DEVELOP,574
3451,3460,DEVELOP,DEVELOP,574
3451,405,SUPPORT,SUPPORT,574
3452,177,SUPPORT,SUPPORT,574
3452,40,SUPPORT,SUPPORT,574
3452,3,SUPPORT,SUPPORT,574
3452,335,SUPPORT,SUPPORT,574
3453,177,SUPPORT,SUPPORT,574
3453,40,SUPPORT,SUPPORT,574
3453,3,SUPPORT,SUPPORT,574
3453,335,SUPPORT,SUPPORT,574
3453,3452,SUPPORT,SUPPORT,574
3454,62,DEVELOP,DEVELOP,601
3454,644,DEVELOP,DEVELOP,601
3454,3596,DEVELOP,DEVELOP,601
3456,177,SUPPORT,SUPPORT,574
3456,617,SUPPORT,SUPPORT,574
3456,236,SUPPORT,SUPPORT,574
3456,1423,SUPPORT,SUPPORT,574
3457,177,DEVELOP,DEVELOP,574
3457,2557,DEVELOP,DEVELOP,574
3457,67,DEVELOP,DEVELOP,574
3457,3458,DEVELOP,DEVELOP,574
3457,3459,DEVELOP,DEVELOP,574
3457,3460,DEVELOP,DEVELOP,574
3458,177,DEVELOP,DEVELOP,574
3458,327,DEVELOP,DEVELOP,727
3459,177,DEVELOP,DEVELOP,574
3459,2557,DEVELOP,DEVELOP,574
3459,67,DEVELOP,DEVELOP,574
3459,3458,DEVELOP,DEVELOP,574
3460,177,DEVELOP,DEVELOP,574
3460,2557,DEVELOP,DEVELOP,574
3460,67,DEVELOP,DEVELOP,574
3460,3458,DEVELOP,DEVELOP,574
3460,3459,DEVELOP,DEVELOP,574
3461,225,choose,CHOOSE,575
3461,3462,USE,USE,575
3461,185,choose,CHOOSE,575
3461,1880,USE,USE,575
3461,3463,choose,CHOOSE,575
3461,120,choose,CHOOSE,575
3461,3123,AUTHORIZE,AUTHORIZE,575
3461,3464,AUTHORIZE,AUTHORIZE,575
3461,3465,AUTHORIZE,AUTHORIZE,575
3462,181,USE,USE,575
3462,185,OBLIGATE,OBLIGATE,693
3462,1880,USE,USE,575
3462,3765,OBLIGATE,OBLIGATE,693
3462,422,OBLIGATE,OBLIGATE,693
3462,131,OBLIGATE,OBLIGATE,693
3463,225,choose,CHOOSE,575
3463,185,choose,CHOOSE,575
3463,120,choose,CHOOSE,575
3464,181,AUTHORIZE,AUTHORIZE,575
3464,3465,AUTHORIZE,AUTHORIZE,575
3466,278,define,DEFINE,576
3466,52,define,DEFINE,576
3466,234,define,DEFINE,576
3466,279,define,DEFINE,576
3466,2794,define,DEFINE,576
3466,3467,define,DEFINE,576
3466,3468,define,DEFINE,576
3466,1459,define,DEFINE,576
3466,3469,define,DEFINE,576
3466,3432,define,DEFINE,576
3467,2794,define,DEFINE,576
3468,2794,define,DEFINE,576
3468,3467,define,DEFINE,576
3469,3432,define,DEFINE,576
3471,555,AUTHORIZE,AUTHORIZE,577
3471,236,enhance,ENHANCE,577
3471,63,OBLIGATE,OBLIGATE,577
3471,328,AUTHORIZE,AUTHORIZE,577
3472,3471,DEVELOP,DEVELOP,577
3472,1,DEVELOP,DEVELOP,577
3472,3473,DEVELOP,DEVELOP,577
3472,418,DEVELOP,DEVELOP,577
3472,644,DEVELOP,DEVELOP,577
3472,291,DEVELOP,DEVELOP,577
3472,303,DEVELOP,DEVELOP,577
3472,1713,DEVELOP,DEVELOP,577
3473,3471,DEVELOP,DEVELOP,577
3473,1,DEVELOP,DEVELOP,577
3473,418,DEVELOP,DEVELOP,577
3473,644,DEVELOP,DEVELOP,577
3473,291,DEVELOP,DEVELOP,577
3473,303,DEVELOP,DEVELOP,577
3473,1713,DEVELOP,DEVELOP,577
3474,3471,OBLIGATE,OBLIGATE,577
3474,306,OBLIGATE,OBLIGATE,577
3474,63,OBLIGATE,OBLIGATE,577
3474,328,OBLIGATE,OBLIGATE,577
3475,235,generate,GENERATE,578
3475,224,OBLIGATE,OBLIGATE,578
3475,3476,COORDINATE,COORDINATE,578
3475,424,OBLIGATE,OBLIGATE,578
3479,3475,COORDINATE,COORDINATE,578
3479,3476,COORDINATE,COORDINATE,578
3480,590,OBLIGATE,OBLIGATE,579
3480,34,OBLIGATE,OBLIGATE,579
3480,3481,OBLIGATE,OBLIGATE,579
3480,3482,OBLIGATE,OBLIGATE,579
3480,177,certify,CERTIFY,579
3480,35,RESTRICT,RESTRICT,579
3480,340,RESTRICT,RESTRICT,579
3480,327,AUTHORIZE,AUTHORIZE,579
3480,276,AUTHORIZE,AUTHORIZE,579
3480,3484,AUTHORIZE,AUTHORIZE,579
3480,3485,AUTHORIZE,AUTHORIZE,579
3480,3107,AUTHORIZE,AUTHORIZE,579
3481,590,OBLIGATE,OBLIGATE,579
3481,34,OBLIGATE,OBLIGATE,579
3482,590,OBLIGATE,OBLIGATE,579
3482,34,OBLIGATE,OBLIGATE,579
3482,3481,OBLIGATE,OBLIGATE,579
3484,327,AUTHORIZE,AUTHORIZE,579
3484,276,AUTHORIZE,AUTHORIZE,579
3484,3485,AUTHORIZE,AUTHORIZE,579
3484,3107,AUTHORIZE,AUTHORIZE,579
3485,327,AUTHORIZE,AUTHORIZE,579
3485,276,AUTHORIZE,AUTHORIZE,579
3485,3107,AUTHORIZE,AUTHORIZE,579
3487,162,OBLIGATE,OBLIGATE,580
3487,3488,OBLIGATE,OBLIGATE,580
3487,13,OBLIGATE,OBLIGATE,580
3487,2312,OBLIGATE,OBLIGATE,580
3487,2747,OBLIGATE,OBLIGATE,580
3487,318,OBLIGATE,OBLIGATE,580
3487,67,OBLIGATE,OBLIGATE,580
3487,3489,OBLIGATE,OBLIGATE,580
3487,644,OBLIGATE,OBLIGATE,580
3487,3490,OBLIGATE,OBLIGATE,580
3487,3491,OBLIGATE,OBLIGATE,580
3487,3492,OBLIGATE,OBLIGATE,580
3487,3493,OBLIGATE,OBLIGATE,580
3487,1336,OBLIGATE,OBLIGATE,580
3487,3,OBLIGATE,OBLIGATE,580
3487,676,OBLIGATE,OBLIGATE,580
3487,62,OBLIGATE,OBLIGATE,580
3487,63,OBLIGATE,OBLIGATE,580
3488,13,OBLIGATE,OBLIGATE,580
3489,13,OBLIGATE,OBLIGATE,580
3489,2747,OBLIGATE,OBLIGATE,580
3489,644,OBLIGATE,OBLIGATE,580
3489,276,OBLIGATE,OBLIGATE,580
3489,3490,OBLIGATE,OBLIGATE,580
3489,273,OBLIGATE,OBLIGATE,580
3490,13,OBLIGATE,OBLIGATE,580
3490,2747,specify,SPECIFY,597
3490,644,OBLIGATE,OBLIGATE,580
3491,3,OBLIGATE,OBLIGATE,580
3492,13,OBLIGATE,OBLIGATE,580
3492,3491,OBLIGATE,OBLIGATE,580
3492,273,OBLIGATE,OBLIGATE,580
3492,3493,OBLIGATE,OBLIGATE,580
3492,1336,OBLIGATE,OBLIGATE,580
3492,3,OBLIGATE,OBLIGATE,580
3492,676,OBLIGATE,OBLIGATE,580
3493,13,OBLIGATE,OBLIGATE,580
3493,3491,OBLIGATE,OBLIGATE,580
3493,273,OBLIGATE,OBLIGATE,580
3493,1336,OBLIGATE,OBLIGATE,580
3493,3,OBLIGATE,OBLIGATE,580
3494,651,RESTRICT,RESTRICT,581
3494,3495,OBLIGATE,OBLIGATE,581
3494,1679,OBLIGATE,OBLIGATE,581
3494,3498,OBLIGATE,OBLIGATE,581
3494,3496,OBLIGATE,OBLIGATE,581
3494,185,OBLIGATE,OBLIGATE,581
3494,177,OBLIGATE,OBLIGATE,581
3494,77,OBLIGATE,OBLIGATE,581
3494,103,OBLIGATE,OBLIGATE,581
3494,3497,REGULATE,REGULATE,581
3494,109,REGULATE,REGULATE,581
3494,59,REGULATE,REGULATE,581
3494,507,provide,PROVIDE,581
3494,21,provide,PROVIDE,581
3495,157,RESTRICT,RESTRICT,581
3496,157,RESTRICT,RESTRICT,640
3496,185,OBLIGATE,OBLIGATE,581
3496,177,OBLIGATE,OBLIGATE,581
3496,77,OBLIGATE,OBLIGATE,581
3496,442,RESTRICT,RESTRICT,640
3496,170,RESTRICT,RESTRICT,640
3496,3776,RESTRICT,RESTRICT,640
3497,177,OBLIGATE,OBLIGATE,581
3497,3498,OBLIGATE,OBLIGATE,581
3497,109,REGULATE,REGULATE,581
3497,59,REGULATE,REGULATE,581
3498,3495,OBLIGATE,OBLIGATE,581
3498,177,OBLIGATE,OBLIGATE,581
3498,109,OBLIGATE,OBLIGATE,581
3499,328,terminate,TERMINATE,582
3499,800,AUTHORIZE,AUTHORIZE,582
3499,3500,DEVELOP,DEVELOP,582
3499,3501,prioritize,PRIORITIZE,582
3499,422,include,INCLUDE,582
3499,3,include,INCLUDE,582
3499,2032,include,INCLUDE,582
3499,248,include,INCLUDE,582
3499,416,prioritize,PRIORITIZE,582
3499,3502,OBLIGATE,OBLIGATE,582
3499,3503,OBLIGATE,OBLIGATE,582
3499,3504,OBLIGATE,OBLIGATE,582
3499,1832,OBLIGATE,OBLIGATE,582
3499,3505,seek,SEEK,582
3499,327,AUTHORIZE,AUTHORIZE,582
3500,328,DEVELOP,DEVELOP,582
3500,800,DEVELOP,DEVELOP,582
3500,131,DEVELOP,DEVELOP,582
3501,328,DEVELOP,DEVELOP,582
3501,800,DEVELOP,DEVELOP,582
3501,3500,DEVELOP,DEVELOP,582
3501,131,DEVELOP,DEVELOP,582
3501,335,prioritize,PRIORITIZE,582
3501,416,prioritize,PRIORITIZE,582
3502,800,OBLIGATE,OBLIGATE,582
3502,131,OBLIGATE,OBLIGATE,582
3502,3504,OBLIGATE,OBLIGATE,582
3502,63,OBLIGATE,OBLIGATE,653
3502,3333,AUTHORIZE,AUTHORIZE,795
3502,18,AUTHORIZE,AUTHORIZE,795
3503,800,OBLIGATE,OBLIGATE,582
3503,3502,OBLIGATE,OBLIGATE,582
3503,3504,OBLIGATE,OBLIGATE,582
3503,1832,OBLIGATE,OBLIGATE,582
3504,800,OBLIGATE,OBLIGATE,582
3506,3214,amend,AMEND,583
3506,107,burden,BURDEN,583
3506,3507,amend,AMEND,583
3506,3513,reclassify,RECLASSIFY,583
3506,3508,deem,DEEM,583
3506,2857,deem,DEEM,583
3506,3509,deem,DEEM,583
3506,3510,burden,BURDEN,583
3506,304,OBLIGATE,OBLIGATE,583
3506,3511,OBLIGATE,OBLIGATE,583
3506,3512,OBLIGATE,OBLIGATE,583
3506,273,reclassify,RECLASSIFY,583
3506,185,reclassify,RECLASSIFY,583
3506,3514,reclassify,RECLASSIFY,583
3507,107,AUTHORIZE,AUTHORIZE,909
3507,181,amend,AMEND,583
3507,4895,AUTHORIZE,AUTHORIZE,909
3508,3,include,INCLUDE,898
3509,181,deem,DEEM,583
3509,3508,deem,DEEM,583
3509,2857,deem,DEEM,583
3510,107,burden,BURDEN,583
3511,181,OBLIGATE,OBLIGATE,583
3512,181,OBLIGATE,OBLIGATE,583
3512,304,OBLIGATE,OBLIGATE,583
3512,3511,OBLIGATE,OBLIGATE,583
3513,273,reclassify,RECLASSIFY,583
3513,185,reclassify,RECLASSIFY,583
3514,181,reclassify,RECLASSIFY,583
3514,3513,reclassify,RECLASSIFY,583
3514,273,reclassify,RECLASSIFY,583
3514,185,reclassify,RECLASSIFY,583
3514,101,hold,HOLD,893
3515,3516,AUTHORIZE,AUTHORIZE,584
3515,3517,AUTHORIZE,AUTHORIZE,584
3515,337,RESTRICT,RESTRICT,584
3515,186,RESTRICT,RESTRICT,584
3515,3518,RESTRICT,RESTRICT,584
3515,3158,OBLIGATE,OBLIGATE,584
3515,3519,RESTRICT,RESTRICT,584
3515,206,OBLIGATE,OBLIGATE,584
3515,2503,OBLIGATE,OBLIGATE,584
3515,3520,OBLIGATE,OBLIGATE,584
3515,318,AUTHORIZE,AUTHORIZE,584
3518,18,RESTRICT,RESTRICT,584
3518,1415,RESTRICT,RESTRICT,584
3518,337,RESTRICT,RESTRICT,584
3518,186,RESTRICT,RESTRICT,584
3518,3158,RESTRICT,RESTRICT,584
3518,3519,RESTRICT,RESTRICT,584
3520,18,OBLIGATE,OBLIGATE,584
3520,1415,OBLIGATE,OBLIGATE,584
3520,3158,OBLIGATE,OBLIGATE,584
3520,206,OBLIGATE,OBLIGATE,584
3520,2503,OBLIGATE,OBLIGATE,584
3520,318,OBLIGATE,OBLIGATE,584
3521,3523,bring,BRING,585
3521,157,bring,BRING,585
3521,224,provide,PROVIDE,585
3521,512,AUTHORIZE,AUTHORIZE,585
3521,121,AUTHORIZE,AUTHORIZE,585
3521,3525,DEVELOP,DEVELOP,585
3521,2,provide,PROVIDE,585
3521,8,provide,PROVIDE,585
3523,157,bring,BRING,585
3523,109,REGULATE,REGULATE,642
3523,164,affect,AFFECT,930
3523,18,violate,VIOLATE,861
3523,80,affect,AFFECT,930
3523,96,affect,AFFECT,930
3524,288,AUTHORIZE,AUTHORIZE,919
3524,102,AUTHORIZE,AUTHORIZE,927
3524,894,seek,SEEK,934
3524,80,seek,SEEK,934
3526,40,OBLIGATE,OBLIGATE,586
3526,2747,OBLIGATE,OBLIGATE,586
3526,1336,OBLIGATE,OBLIGATE,586
3526,2748,OBLIGATE,OBLIGATE,586
3526,3527,OBLIGATE,OBLIGATE,586
3526,876,OBLIGATE,OBLIGATE,586
3526,3,OBLIGATE,OBLIGATE,586
3526,3528,OBLIGATE,OBLIGATE,586
3526,676,OBLIGATE,OBLIGATE,586
3527,2748,OBLIGATE,OBLIGATE,586
3527,876,OBLIGATE,OBLIGATE,586
3527,3,OBLIGATE,OBLIGATE,586
3527,3528,OBLIGATE,OBLIGATE,586
3527,676,OBLIGATE,OBLIGATE,586
3528,2747,specify,SPECIFY,597
3528,2748,OBLIGATE,OBLIGATE,586
3528,876,OBLIGATE,OBLIGATE,586
3528,3,OBLIGATE,OBLIGATE,586
3528,676,specify,SPECIFY,597
3528,3577,specify,SPECIFY,597
3528,3490,specify,SPECIFY,597
3528,3579,specify,SPECIFY,597
3529,590,OBLIGATE,OBLIGATE,587
3529,2288,OBLIGATE,OBLIGATE,587
3529,2235,OBLIGATE,OBLIGATE,587
3529,255,OBLIGATE,OBLIGATE,587
3529,3530,OBLIGATE,OBLIGATE,587
3529,103,OBLIGATE,OBLIGATE,587
3529,1941,OBLIGATE,OBLIGATE,587
3529,2236,OBLIGATE,OBLIGATE,587
3530,590,OBLIGATE,OBLIGATE,587
3530,2288,OBLIGATE,OBLIGATE,587
3530,2235,OBLIGATE,OBLIGATE,587
3530,255,OBLIGATE,OBLIGATE,587
3530,103,OBLIGATE,OBLIGATE,587
3530,1941,OBLIGATE,OBLIGATE,587
3530,2236,OBLIGATE,OBLIGATE,587
3531,3532,OBLIGATE,OBLIGATE,588
3531,570,OBLIGATE,OBLIGATE,588
3531,3533,OBLIGATE,OBLIGATE,588
3531,2934,OBLIGATE,OBLIGATE,588
3531,3534,OBLIGATE,OBLIGATE,588
3531,37,OBLIGATE,OBLIGATE,588
3531,1833,OBLIGATE,OBLIGATE,588
3531,3535,OBLIGATE,OBLIGATE,588
3531,255,OBLIGATE,OBLIGATE,588
3531,807,OBLIGATE,OBLIGATE,588
3533,3532,OBLIGATE,OBLIGATE,593
3533,40,OBLIGATE,OBLIGATE,588
3533,3,OBLIGATE,OBLIGATE,588
3533,37,OBLIGATE,OBLIGATE,588
3533,498,OBLIGATE,OBLIGATE,593
3533,335,OBLIGATE,OBLIGATE,593
3534,3532,OBLIGATE,OBLIGATE,588
3534,570,OBLIGATE,OBLIGATE,588
3534,3533,OBLIGATE,OBLIGATE,588
3534,2934,OBLIGATE,OBLIGATE,588
3534,40,OBLIGATE,OBLIGATE,588
3534,3,OBLIGATE,OBLIGATE,588
3534,37,OBLIGATE,OBLIGATE,588
3534,1833,OBLIGATE,OBLIGATE,588
3534,3535,OBLIGATE,OBLIGATE,588
3535,3532,OBLIGATE,OBLIGATE,593
3535,570,OBLIGATE,OBLIGATE,588
3535,3533,OBLIGATE,OBLIGATE,588
3535,2934,OBLIGATE,OBLIGATE,588
3535,40,OBLIGATE,OBLIGATE,588
3535,3,OBLIGATE,OBLIGATE,588
3535,37,OBLIGATE,OBLIGATE,593
3535,1833,OBLIGATE,OBLIGATE,593
3536,2737,AUTHORIZE,AUTHORIZE,589
3536,76,DEVELOP,DEVELOP,589
3536,80,DEVELOP,DEVELOP,589
3536,79,DEVELOP,DEVELOP,589
3536,386,DEVELOP,DEVELOP,589
3542,3536,AUTHORIZE,AUTHORIZE,589
3542,2737,AUTHORIZE,AUTHORIZE,589
3545,3,OBLIGATE,OBLIGATE,696
3545,524,OBLIGATE,OBLIGATE,696
3545,52,OBLIGATE,OBLIGATE,696
3545,268,OBLIGATE,OBLIGATE,696
3545,40,OBLIGATE,OBLIGATE,696
3546,267,OBLIGATE,OBLIGATE,590
3546,131,DEVELOP,DEVELOP,590
3546,1901,REPORT,REPORT,590
3546,1880,REPORT,REPORT,590
3546,40,REPORT,REPORT,590
3546,103,REPORT,REPORT,590
3546,1137,collect,COLLECT,590
3546,286,collect,COLLECT,590
3546,265,REPORT,REPORT,590
3551,545,OBLIGATE,OBLIGATE,591
3551,3552,OBLIGATE,OBLIGATE,591
3551,3553,OBLIGATE,OBLIGATE,591
3551,267,OBLIGATE,OBLIGATE,591
3551,556,OBLIGATE,OBLIGATE,591
3551,1662,OBLIGATE,OBLIGATE,591
3551,675,OBLIGATE,OBLIGATE,591
3551,1663,OBLIGATE,OBLIGATE,591
3551,3554,REPORT,REPORT,591
3551,402,provide,PROVIDE,591
3551,3555,OBLIGATE,OBLIGATE,591
3551,13,OBLIGATE,OBLIGATE,591
3551,475,OBLIGATE,OBLIGATE,591
3551,1689,OBLIGATE,OBLIGATE,591
3552,545,OBLIGATE,OBLIGATE,591
3552,3553,OBLIGATE,OBLIGATE,591
3552,2503,OBLIGATE,OBLIGATE,624
3552,267,OBLIGATE,OBLIGATE,591
3552,52,OBLIGATE,OBLIGATE,624
3552,3169,OBLIGATE,OBLIGATE,624
3553,545,OBLIGATE,OBLIGATE,591
3553,3,OBLIGATE,OBLIGATE,591
3553,247,OBLIGATE,OBLIGATE,591
3553,236,OBLIGATE,OBLIGATE,591
3553,267,OBLIGATE,OBLIGATE,591
3554,402,REPORT,REPORT,591
3554,3555,REPORT,REPORT,591
3555,474,EVALUATE,EVALUATE,609
3556,328,OBLIGATE,OBLIGATE,592
3556,2259,OBLIGATE,OBLIGATE,592
3556,590,OBLIGATE,OBLIGATE,592
3556,3557,OBLIGATE,OBLIGATE,592
3556,3558,OBLIGATE,OBLIGATE,592
3556,422,OBLIGATE,OBLIGATE,592
3556,347,OBLIGATE,OBLIGATE,592
3556,784,OBLIGATE,OBLIGATE,592
3556,40,OBLIGATE,OBLIGATE,592
3556,3559,OBLIGATE,OBLIGATE,592
3556,1678,OBLIGATE,OBLIGATE,592
3556,2378,OBLIGATE,OBLIGATE,592
3556,1321,OBLIGATE,OBLIGATE,592
3556,3560,OBLIGATE,OBLIGATE,592
3556,327,OBLIGATE,OBLIGATE,592
3556,2288,OBLIGATE,OBLIGATE,592
3556,363,OBLIGATE,OBLIGATE,592
3557,3558,OBLIGATE,OBLIGATE,592
3557,422,OBLIGATE,OBLIGATE,592
3557,347,OBLIGATE,OBLIGATE,592
3557,784,OBLIGATE,OBLIGATE,592
3557,40,OBLIGATE,OBLIGATE,592
3557,3559,OBLIGATE,OBLIGATE,592
3557,1678,OBLIGATE,OBLIGATE,592
3557,2378,OBLIGATE,OBLIGATE,592
3557,1321,OBLIGATE,OBLIGATE,592
3557,3560,OBLIGATE,OBLIGATE,592
3557,327,OBLIGATE,OBLIGATE,592
3557,2288,OBLIGATE,OBLIGATE,592
3557,363,OBLIGATE,OBLIGATE,592
3558,328,OBLIGATE,OBLIGATE,592
3558,422,OBLIGATE,OBLIGATE,592
3558,347,OBLIGATE,OBLIGATE,592
3558,784,OBLIGATE,OBLIGATE,592
3558,481,OBLIGATE,OBLIGATE,592
3558,40,OBLIGATE,OBLIGATE,592
3558,1678,OBLIGATE,OBLIGATE,592
3558,327,OBLIGATE,OBLIGATE,592
3558,363,OBLIGATE,OBLIGATE,592
3559,328,OBLIGATE,OBLIGATE,592
3559,3558,OBLIGATE,OBLIGATE,592
3559,422,OBLIGATE,OBLIGATE,592
3559,347,OBLIGATE,OBLIGATE,592
3559,784,OBLIGATE,OBLIGATE,592
3559,40,OBLIGATE,OBLIGATE,592
3559,1678,OBLIGATE,OBLIGATE,592
3559,327,OBLIGATE,OBLIGATE,592
3559,363,OBLIGATE,OBLIGATE,592
3560,328,OBLIGATE,OBLIGATE,592
3560,3558,OBLIGATE,OBLIGATE,592
3560,422,OBLIGATE,OBLIGATE,592
3560,347,OBLIGATE,OBLIGATE,592
3560,784,OBLIGATE,OBLIGATE,592
3560,40,OBLIGATE,OBLIGATE,592
3560,3559,OBLIGATE,OBLIGATE,592
3560,1678,OBLIGATE,OBLIGATE,592
3560,327,OBLIGATE,OBLIGATE,592
3560,363,OBLIGATE,OBLIGATE,592
3560,401,OBLIGATE,OBLIGATE,602
3560,26,OBLIGATE,OBLIGATE,602
3561,3532,OBLIGATE,OBLIGATE,593
3561,570,OBLIGATE,OBLIGATE,593
3561,3533,OBLIGATE,OBLIGATE,593
3561,498,OBLIGATE,OBLIGATE,593
3561,335,OBLIGATE,OBLIGATE,593
3561,37,OBLIGATE,OBLIGATE,593
3561,1833,OBLIGATE,OBLIGATE,593
3561,3535,OBLIGATE,OBLIGATE,593
3561,807,OBLIGATE,OBLIGATE,593
3561,85,OBLIGATE,OBLIGATE,593
3563,95,OBLIGATE,OBLIGATE,594
3563,3564,define,DEFINE,594
3563,66,violate,VIOLATE,594
3563,320,DEVELOP,DEVELOP,594
3563,76,violate,VIOLATE,594
3563,3565,define,DEFINE,594
3563,3567,define,DEFINE,594
3564,320,DEVELOP,DEVELOP,594
3565,3564,define,DEFINE,594
3566,379,SUPPORT,SUPPORT,825
3566,335,SUPPORT,SUPPORT,825
3566,2306,SUPPORT,SUPPORT,825
3567,3564,define,DEFINE,594
3567,3565,define,DEFINE,594
3567,3566,define,DEFINE,594
3568,3569,OBLIGATE,OBLIGATE,595
3568,3252,OBLIGATE,OBLIGATE,595
3568,1573,OBLIGATE,OBLIGATE,595
3568,146,OBLIGATE,OBLIGATE,595
3568,52,OBLIGATE,OBLIGATE,595
3568,639,OBLIGATE,OBLIGATE,595
3568,3570,OBLIGATE,OBLIGATE,595
3568,3,OBLIGATE,OBLIGATE,595
3568,3400,OBLIGATE,OBLIGATE,595
3568,2051,OBLIGATE,OBLIGATE,595
3570,146,OBLIGATE,OBLIGATE,595
3570,3,OBLIGATE,OBLIGATE,595
3570,3400,OBLIGATE,OBLIGATE,595
3570,2051,OBLIGATE,OBLIGATE,595
3571,328,AUTHORIZE,AUTHORIZE,596
3571,589,include,INCLUDE,596
3571,3572,include,INCLUDE,596
3571,52,include,INCLUDE,596
3571,131,include,INCLUDE,596
3571,3573,include,INCLUDE,596
3572,328,AUTHORIZE,AUTHORIZE,596
3572,52,include,INCLUDE,596
3572,131,include,INCLUDE,596
3572,3573,include,INCLUDE,596
3573,52,include,INCLUDE,596
3573,1503,include,INCLUDE,596
3573,131,include,INCLUDE,596
3577,62,OBLIGATE,OBLIGATE,597
3577,273,OBLIGATE,OBLIGATE,597
3577,267,OBLIGATE,OBLIGATE,597
3577,52,subject,SUBJECT,597
3577,3490,specify,SPECIFY,597
3579,2747,specify,SPECIFY,597
3579,3577,specify,SPECIFY,597
3579,3490,specify,SPECIFY,597
3580,146,USE,USE,598
3580,3343,OBLIGATE,OBLIGATE,598
3580,2862,USE,USE,598
3580,3,OBLIGATE,OBLIGATE,598
3580,76,enhance,ENHANCE,598
3580,3321,OBLIGATE,OBLIGATE,598
3580,3581,enhance,ENHANCE,598
3580,80,enhance,ENHANCE,598
3580,471,OBLIGATE,OBLIGATE,598
3580,3584,OBLIGATE,OBLIGATE,598
3580,181,OBLIGATE,OBLIGATE,598
3580,13,OBLIGATE,OBLIGATE,598
3580,220,OBLIGATE,OBLIGATE,598
3580,2497,OBLIGATE,OBLIGATE,598
3581,3,enhance,ENHANCE,598
3581,76,enhance,ENHANCE,598
3581,3321,enhance,ENHANCE,598
3581,80,enhance,ENHANCE,598
3582,3580,OBLIGATE,OBLIGATE,598
3582,471,OBLIGATE,OBLIGATE,598
3583,3580,OBLIGATE,OBLIGATE,598
3583,3584,OBLIGATE,OBLIGATE,598
3583,181,OBLIGATE,OBLIGATE,598
3583,13,OBLIGATE,OBLIGATE,598
3585,328,include,INCLUDE,599
3585,1,include,INCLUDE,599
3585,311,include,INCLUDE,599
3585,3586,include,INCLUDE,599
3586,3,include,INCLUDE,599
3586,291,include,INCLUDE,599
3586,328,include,INCLUDE,599
3586,311,include,INCLUDE,599
3590,177,OBLIGATE,OBLIGATE,600
3590,3591,oblige,OBLIGE,600
3590,422,OBLIGATE,OBLIGATE,600
3590,3594,OBLIGATE,OBLIGATE,600
3590,1139,OBLIGATE,OBLIGATE,600
3590,13,OBLIGATE,OBLIGATE,600
3590,872,OBLIGATE,OBLIGATE,600
3590,416,OBLIGATE,OBLIGATE,600
3590,37,OBLIGATE,OBLIGATE,600
3591,177,OBLIGATE,OBLIGATE,600
3591,422,OBLIGATE,OBLIGATE,600
3591,121,oblige,OBLIGE,600
3594,1139,OBLIGATE,OBLIGATE,600
3595,62,DEVELOP,DEVELOP,601
3595,644,OBLIGATE,OBLIGATE,601
3595,3596,SUPPORT,SUPPORT,601
3595,3454,DEVELOP,DEVELOP,601
3595,1759,OBLIGATE,OBLIGATE,601
3595,1825,OBLIGATE,OBLIGATE,601
3595,3597,OBLIGATE,OBLIGATE,601
3595,3598,OBLIGATE,OBLIGATE,601
3595,63,OBLIGATE,OBLIGATE,601
3595,498,recommend,RECOMMEND,601
3595,1415,EVALUATE,EVALUATE,601
3595,3,SUPPORT,SUPPORT,601
3595,3599,SUPPORT,SUPPORT,601
3596,62,DEVELOP,DEVELOP,601
3596,644,DEVELOP,DEVELOP,601
3596,498,recommend,RECOMMEND,601
3596,3,SUPPORT,SUPPORT,601
3597,1759,OBLIGATE,OBLIGATE,601
3597,1825,OBLIGATE,OBLIGATE,601
3598,1759,OBLIGATE,OBLIGATE,601
3598,1825,OBLIGATE,OBLIGATE,601
3598,3597,OBLIGATE,OBLIGATE,601
3599,3596,SUPPORT,SUPPORT,601
3599,3,SUPPORT,SUPPORT,601
3600,3601,DEVELOP,DEVELOP,602
3600,3602,OBLIGATE,OBLIGATE,602
3600,401,COORDINATE,COORDINATE,602
3600,688,define,DEFINE,602
3600,3560,OBLIGATE,OBLIGATE,602
3600,26,OBLIGATE,OBLIGATE,602
3600,3603,OBLIGATE,OBLIGATE,602
3600,1838,define,DEFINE,602
3600,3604,OBLIGATE,OBLIGATE,602
3600,714,OBLIGATE,OBLIGATE,602
3600,37,OBLIGATE,OBLIGATE,602
3600,570,OBLIGATE,OBLIGATE,602
3601,3602,DEVELOP,DEVELOP,602
3601,401,DEVELOP,DEVELOP,602
3602,401,OBLIGATE,OBLIGATE,602
3602,3,OBLIGATE,OBLIGATE,602
3602,3604,OBLIGATE,OBLIGATE,602
3602,714,OBLIGATE,OBLIGATE,602
3602,37,OBLIGATE,OBLIGATE,602
3603,401,OBLIGATE,OBLIGATE,602
3603,3560,OBLIGATE,OBLIGATE,602
3603,26,OBLIGATE,OBLIGATE,602
3603,1838,OBLIGATE,OBLIGATE,602
3604,401,OBLIGATE,OBLIGATE,602
3605,955,IMPLEMENT,IMPLEMENT,603
3605,954,DEVELOP,DEVELOP,603
3605,3,OBLIGATE,OBLIGATE,603
3605,85,OBLIGATE,OBLIGATE,603
3605,858,OBLIGATE,OBLIGATE,603
3605,13,OBLIGATE,OBLIGATE,603
3605,957,REGULATE,REGULATE,603
3606,3605,OBLIGATE,OBLIGATE,603
3606,177,OBLIGATE,OBLIGATE,603
3606,13,OBLIGATE,OBLIGATE,603
3607,3608,affect,AFFECT,604
3607,401,OBLIGATE,OBLIGATE,604
3607,198,OBLIGATE,OBLIGATE,604
3607,639,OBLIGATE,OBLIGATE,604
3607,379,OBLIGATE,OBLIGATE,604
3607,13,affect,AFFECT,604
3607,37,oblige,OBLIGE,604
3607,323,OBLIGATE,OBLIGATE,604
3607,2910,OBLIGATE,OBLIGATE,604
3607,265,OBLIGATE,OBLIGATE,604
3607,3,OBLIGATE,OBLIGATE,604
3607,120,OBLIGATE,OBLIGATE,604
3607,876,OBLIGATE,OBLIGATE,604
3607,468,OBLIGATE,OBLIGATE,604
3607,110,affect,AFFECT,604
3608,3,OBLIGATE,OBLIGATE,604
3609,3423,OBLIGATE,OBLIGATE,605
3609,40,DEVELOP,DEVELOP,605
3609,297,OBLIGATE,OBLIGATE,605
3609,328,DEVELOP,DEVELOP,605
3609,3612,SUPPORT,SUPPORT,605
3609,3613,SUPPORT,SUPPORT,605
3609,3614,SUPPORT,SUPPORT,605
3609,3615,SUPPORT,SUPPORT,605
3609,322,DEVELOP,DEVELOP,605
3612,3613,SUPPORT,SUPPORT,605
3614,3612,SUPPORT,SUPPORT,605
3614,3613,SUPPORT,SUPPORT,605
3615,40,SUPPORT,SUPPORT,605
3615,3612,SUPPORT,SUPPORT,605
3615,3613,SUPPORT,SUPPORT,605
3615,3614,SUPPORT,SUPPORT,605
3616,5,REGULATE,REGULATE,822
3616,131,REGULATE,REGULATE,822
3616,1898,REGULATE,REGULATE,822
3622,3623,DEVELOP,DEVELOP,607
3622,2128,DEVELOP,DEVELOP,607
3622,2787,OBLIGATE,OBLIGATE,607
3622,379,OBLIGATE,OBLIGATE,607
3622,18,OBLIGATE,OBLIGATE,607
3622,919,OBLIGATE,OBLIGATE,607
3622,3091,OBLIGATE,OBLIGATE,607
3622,392,OBLIGATE,OBLIGATE,607
3622,819,OBLIGATE,OBLIGATE,607
3622,296,OBLIGATE,OBLIGATE,607
3622,295,OBLIGATE,OBLIGATE,607
3622,3624,OBLIGATE,OBLIGATE,607
3622,3625,OBLIGATE,OBLIGATE,607
3622,13,OBLIGATE,OBLIGATE,607
3623,2128,DEVELOP,DEVELOP,607
3623,6,DEVELOP,DEVELOP,607
3623,2787,DEVELOP,DEVELOP,607
3623,379,DEVELOP,DEVELOP,607
3623,18,DEVELOP,DEVELOP,607
3625,392,OBLIGATE,OBLIGATE,607
3625,296,OBLIGATE,OBLIGATE,607
3625,295,OBLIGATE,OBLIGATE,607
3625,3624,OBLIGATE,OBLIGATE,607
3626,280,OBLIGATE,OBLIGATE,608
3626,3627,OBLIGATE,OBLIGATE,608
3626,76,DEVELOP,DEVELOP,608
3626,109,DEVELOP,DEVELOP,608
3626,3588,OBLIGATE,OBLIGATE,608
3626,3,OBLIGATE,OBLIGATE,608
3626,63,OBLIGATE,OBLIGATE,608
3626,302,OBLIGATE,OBLIGATE,608
3627,280,OBLIGATE,OBLIGATE,608
3627,3,OBLIGATE,OBLIGATE,608
3627,63,OBLIGATE,OBLIGATE,608
3631,103,OBLIGATE,OBLIGATE,748
3631,131,OBLIGATE,OBLIGATE,748
3631,366,OBLIGATE,OBLIGATE,748
3634,3636,OBLIGATE,OBLIGATE,610
3634,2857,USE,USE,610
3634,131,USE,USE,610
3634,341,fail,FAIL,610
3634,1177,fail,FAIL,610
3635,3634,fail,FAIL,610
3635,3636,OBLIGATE,OBLIGATE,610
3635,2857,USE,USE,610
3635,131,USE,USE,610
3635,341,fail,FAIL,610
3635,1177,fail,FAIL,610
3636,268,REPORT,REPORT,732
3636,341,REPORT,REPORT,732
3636,3009,REPORT,REPORT,732
3639,328,SUPPORT,SUPPORT,805
3639,4410,SUPPORT,SUPPORT,805
3643,3644,DEVELOP,DEVELOP,612
3643,401,terminate,TERMINATE,612
3643,3645,necessitate,NECESSITATE,612
3643,1880,OBLIGATE,OBLIGATE,612
3643,236,OBLIGATE,OBLIGATE,612
3643,1157,necessitate,NECESSITATE,612
3643,335,necessitate,NECESSITATE,612
3643,247,necessitate,NECESSITATE,612
3643,3646,OBLIGATE,OBLIGATE,612
3643,53,OBLIGATE,OBLIGATE,612
3643,3647,OBLIGATE,OBLIGATE,612
3643,1140,terminate,TERMINATE,612
3645,1880,OBLIGATE,OBLIGATE,782
3645,236,OBLIGATE,OBLIGATE,612
3645,1157,necessitate,NECESSITATE,612
3645,335,necessitate,NECESSITATE,612
3645,247,RESTRICT,RESTRICT,782
3645,4323,OBLIGATE,OBLIGATE,782
3645,736,OBLIGATE,OBLIGATE,782
3645,54,RESTRICT,RESTRICT,782
3645,274,OBLIGATE,OBLIGATE,782
3645,340,OBLIGATE,OBLIGATE,782
3645,265,OBLIGATE,OBLIGATE,782
3645,63,OBLIGATE,OBLIGATE,782
3646,53,OBLIGATE,OBLIGATE,612
3646,3647,OBLIGATE,OBLIGATE,612
3646,236,AUTHORIZE,AUTHORIZE,785
3647,53,OBLIGATE,OBLIGATE,612
3648,244,work,WORK,613
3648,688,have,HAVE,613
3649,3648,work,WORK,613
3649,244,work,WORK,613
3649,688,work,WORK,613
3650,3648,work,WORK,613
3650,3649,work,WORK,613
3650,244,work,WORK,613
3650,688,work,WORK,613
3651,280,threaten,THREATEN,614
3651,40,pose,POSE,614
3651,1713,pose,POSE,614
3651,3,pose,POSE,614
3651,278,threaten,THREATEN,614
3651,62,OBLIGATE,OBLIGATE,614
3651,187,OBLIGATE,OBLIGATE,614
3651,295,OBLIGATE,OBLIGATE,614
3653,162,define,DEFINE,615
3653,2301,define,DEFINE,615
3654,327,DEVELOP,DEVELOP,616
3654,3333,OBLIGATE,OBLIGATE,616
3654,3658,OBLIGATE,OBLIGATE,616
3654,311,OBLIGATE,OBLIGATE,616
3654,3659,DEVELOP,DEVELOP,616
3654,192,DEVELOP,DEVELOP,616
3654,265,AUTHORIZE,AUTHORIZE,616
3654,63,AUTHORIZE,AUTHORIZE,616
3654,329,AUTHORIZE,AUTHORIZE,616
3654,318,AUTHORIZE,AUTHORIZE,616
3658,327,OBLIGATE,OBLIGATE,616
3658,3333,OBLIGATE,OBLIGATE,616
3658,3,OBLIGATE,OBLIGATE,616
3658,311,OBLIGATE,OBLIGATE,616
3659,327,DEVELOP,DEVELOP,616
3659,192,DEVELOP,DEVELOP,616
3666,313,OBLIGATE,OBLIGATE,618
3666,1825,OBLIGATE,OBLIGATE,618
3666,3504,OBLIGATE,OBLIGATE,618
3666,3,OBLIGATE,OBLIGATE,618
3666,2341,OBLIGATE,OBLIGATE,618
3666,2785,OBLIGATE,OBLIGATE,618
3666,2783,OBLIGATE,OBLIGATE,618
3666,2032,OBLIGATE,OBLIGATE,618
3666,351,OBLIGATE,OBLIGATE,618
3666,1832,SUPPORT,SUPPORT,618
3666,1833,SUPPORT,SUPPORT,618
3666,3667,follow,FOLLOW,618
3666,13,OBLIGATE,OBLIGATE,618
3666,3668,OBLIGATE,OBLIGATE,618
3669,432,OBLIGATE,OBLIGATE,619
3669,13,OBLIGATE,OBLIGATE,619
3669,350,OBLIGATE,OBLIGATE,619
3669,3670,OBLIGATE,OBLIGATE,619
3669,644,OBLIGATE,OBLIGATE,619
3669,3671,OBLIGATE,OBLIGATE,619
3669,177,OBLIGATE,OBLIGATE,619
3669,288,OBLIGATE,OBLIGATE,619
3669,52,OBLIGATE,OBLIGATE,619
3669,128,REPORT,REPORT,619
3669,3673,SUPPORT,SUPPORT,619
3669,3674,OBLIGATE,OBLIGATE,619
3669,3675,OBLIGATE,OBLIGATE,619
3669,3,OBLIGATE,OBLIGATE,619
3669,3677,OBLIGATE,OBLIGATE,619
3671,644,OBLIGATE,OBLIGATE,680
3671,3676,OBLIGATE,OBLIGATE,619
3671,13,OBLIGATE,OBLIGATE,680
3673,131,highlight,HIGHLIGHT,680
3674,3675,OBLIGATE,OBLIGATE,680
3675,131,OBLIGATE,OBLIGATE,680
3676,3674,OBLIGATE,OBLIGATE,619
3676,3675,OBLIGATE,OBLIGATE,619
3676,3,OBLIGATE,OBLIGATE,619
3677,3674,OBLIGATE,OBLIGATE,619
3677,3675,OBLIGATE,OBLIGATE,619
3677,3676,OBLIGATE,OBLIGATE,619
3677,3,OBLIGATE,OBLIGATE,619
3678,3,OBLIGATE,OBLIGATE,620
3678,3408,OBLIGATE,OBLIGATE,620
3678,2783,DEVELOP,DEVELOP,620
3678,3448,DEVELOP,DEVELOP,620
3678,3449,OBLIGATE,OBLIGATE,620
3678,613,OBLIGATE,OBLIGATE,620
3678,311,SUPPORT,SUPPORT,620
3678,3681,OBLIGATE,OBLIGATE,620
3678,177,SUPPORT,SUPPORT,620
3678,1832,SUPPORT,SUPPORT,620
3678,3682,SUPPORT,SUPPORT,620
3678,363,provide,PROVIDE,620
3679,3678,reauthorize,REAUTHORIZE,620
3680,3678,OBLIGATE,OBLIGATE,620
3681,311,OBLIGATE,OBLIGATE,620
3681,131,OBLIGATE,OBLIGATE,620
3682,311,SUPPORT,SUPPORT,620
3682,177,SUPPORT,SUPPORT,620
3682,1832,SUPPORT,SUPPORT,620
3683,3068,OBLIGATE,OBLIGATE,621
3683,177,AUTHORIZE,AUTHORIZE,621
3683,3684,AUTHORIZE,AUTHORIZE,621
3683,1910,OBLIGATE,OBLIGATE,621
3683,62,OBLIGATE,OBLIGATE,621
3683,166,AUTHORIZE,AUTHORIZE,621
3683,570,OBLIGATE,OBLIGATE,621
3684,177,OBLIGATE,OBLIGATE,713
3684,62,OBLIGATE,OBLIGATE,713
3684,166,AUTHORIZE,AUTHORIZE,621
3684,66,OBLIGATE,OBLIGATE,713
3684,52,OBLIGATE,OBLIGATE,713
3684,13,OBLIGATE,OBLIGATE,713
3684,63,OBLIGATE,OBLIGATE,713
3684,224,OBLIGATE,OBLIGATE,713
3685,2126,OBLIGATE,OBLIGATE,622
3685,314,OBLIGATE,OBLIGATE,622
3685,3119,OBLIGATE,OBLIGATE,622
3685,3686,OBLIGATE,OBLIGATE,622
3685,296,amend,AMEND,622
3685,3687,OBLIGATE,OBLIGATE,622
3685,717,OBLIGATE,OBLIGATE,622
3685,3688,OBLIGATE,OBLIGATE,622
3685,3689,SUPPORT,SUPPORT,622
3685,67,SUPPORT,SUPPORT,622
3685,2595,SUPPORT,SUPPORT,622
3685,363,SUPPORT,SUPPORT,622
3685,311,SUPPORT,SUPPORT,622
3685,3690,SUPPORT,SUPPORT,622
3685,3691,amend,AMEND,622
3686,314,OBLIGATE,OBLIGATE,622
3686,3119,OBLIGATE,OBLIGATE,622
3687,40,OBLIGATE,OBLIGATE,622
3688,40,OBLIGATE,OBLIGATE,629
3688,418,OBLIGATE,OBLIGATE,629
3688,151,OBLIGATE,OBLIGATE,629
3688,314,OBLIGATE,OBLIGATE,629
3688,3119,OBLIGATE,OBLIGATE,629
3688,2129,OBLIGATE,OBLIGATE,629
3688,235,OBLIGATE,OBLIGATE,629
3689,40,SUPPORT,SUPPORT,629
3689,3688,OBLIGATE,OBLIGATE,629
3689,311,SUPPORT,SUPPORT,629
3689,418,OBLIGATE,OBLIGATE,629
3689,151,OBLIGATE,OBLIGATE,629
3689,314,OBLIGATE,OBLIGATE,629
3689,3119,OBLIGATE,OBLIGATE,629
3689,2129,OBLIGATE,OBLIGATE,629
3689,235,OBLIGATE,OBLIGATE,629
3690,40,SUPPORT,SUPPORT,629
3690,3689,SUPPORT,SUPPORT,629
3690,311,SUPPORT,SUPPORT,629
3691,296,amend,AMEND,622
3691,3689,SUPPORT,SUPPORT,629
3691,40,SUPPORT,SUPPORT,629
3691,311,SUPPORT,SUPPORT,629
3691,3690,SUPPORT,SUPPORT,629
3692,3693,threaten,THREATEN,623
3692,278,threaten,THREATEN,623
3692,280,OBLIGATE,OBLIGATE,623
3693,276,threaten,THREATEN,623
3693,278,threaten,THREATEN,623
3695,52,OBLIGATE,OBLIGATE,624
3697,3698,DEVELOP,DEVELOP,625
3697,224,terminate,TERMINATE,625
3697,3699,DEVELOP,DEVELOP,625
3697,328,terminate,TERMINATE,625
3697,52,OBLIGATE,OBLIGATE,625
3697,3700,incorporate,INCORPORATE,625
3697,3701,identify,IDENTIFY,625
3697,3702,identify,IDENTIFY,625
3697,536,identify,IDENTIFY,625
3697,3703,identify,IDENTIFY,625
3697,3704,identify,IDENTIFY,625
3697,1320,select,SELECT,625
3697,1078,select,SELECT,625
3697,295,select,SELECT,625
3697,3705,prioritize,PRIORITIZE,625
3697,292,prioritize,PRIORITIZE,625
3697,439,prioritize,PRIORITIZE,625
3697,440,prioritize,PRIORITIZE,625
3697,3706,prioritize,PRIORITIZE,625
3697,40,OBLIGATE,OBLIGATE,625
3697,442,OBLIGATE,OBLIGATE,625
3697,265,OBLIGATE,OBLIGATE,625
3697,63,OBLIGATE,OBLIGATE,625
3698,328,DEVELOP,DEVELOP,625
3698,52,DEVELOP,DEVELOP,625
3699,3698,DEVELOP,DEVELOP,625
3700,328,incorporate,INCORPORATE,625
3700,1819,OBLIGATE,OBLIGATE,678
3701,52,identify,IDENTIFY,625
3701,3702,identify,IDENTIFY,625
3701,536,identify,IDENTIFY,625
3701,3703,identify,IDENTIFY,625
3701,3704,identify,IDENTIFY,625
3702,52,identify,IDENTIFY,625
3702,536,identify,IDENTIFY,625
3702,3703,identify,IDENTIFY,625
3702,3704,identify,IDENTIFY,625
3703,52,identify,IDENTIFY,625
3703,536,identify,IDENTIFY,625
3704,52,identify,IDENTIFY,625
3704,536,identify,IDENTIFY,625
3704,3703,identify,IDENTIFY,625
3705,1320,select,SELECT,625
3705,295,OBLIGATE,OBLIGATE,764
3705,439,prioritize,PRIORITIZE,678
3705,440,prioritize,PRIORITIZE,678
3706,3705,prioritize,PRIORITIZE,625
3706,292,prioritize,PRIORITIZE,625
3706,439,prioritize,PRIORITIZE,625
3706,440,prioritize,PRIORITIZE,625
3707,320,DEVELOP,DEVELOP,626
3707,1716,DEVELOP,DEVELOP,626
3707,131,AUTHORIZE,AUTHORIZE,626
3707,3708,OBLIGATE,OBLIGATE,626
3707,1880,OBLIGATE,OBLIGATE,626
3707,146,OBLIGATE,OBLIGATE,626
3707,220,AUTHORIZE,AUTHORIZE,626
3707,59,OBLIGATE,OBLIGATE,626
3707,1709,OBLIGATE,OBLIGATE,626
3707,148,AUTHORIZE,AUTHORIZE,626
3707,109,AUTHORIZE,AUTHORIZE,626
3707,177,OBLIGATE,OBLIGATE,626
3707,327,AUTHORIZE,AUTHORIZE,626
3707,187,AUTHORIZE,AUTHORIZE,626
3708,121,OBLIGATE,OBLIGATE,626
3708,1880,OBLIGATE,OBLIGATE,626
3708,146,OBLIGATE,OBLIGATE,626
3709,3707,OBLIGATE,OBLIGATE,626
3709,220,OBLIGATE,OBLIGATE,626
3709,59,OBLIGATE,OBLIGATE,626
3709,131,OBLIGATE,OBLIGATE,626
3709,1709,OBLIGATE,OBLIGATE,626
3709,442,OBLIGATE,OBLIGATE,640
3709,157,OBLIGATE,OBLIGATE,640
3710,3707,OBLIGATE,OBLIGATE,626
3710,109,OBLIGATE,OBLIGATE,626
3710,1851,OBLIGATE,OBLIGATE,626
3711,3712,DEVELOP,DEVELOP,627
3711,3713,REGULATE,REGULATE,627
3711,485,OBLIGATE,OBLIGATE,627
3711,3166,DEVELOP,DEVELOP,627
3711,3714,REGULATE,REGULATE,627
3711,3715,REGULATE,REGULATE,627
3711,83,OBLIGATE,OBLIGATE,627
3711,255,OBLIGATE,OBLIGATE,627
3711,1880,OBLIGATE,OBLIGATE,627
3711,585,OBLIGATE,OBLIGATE,627
3711,2097,OBLIGATE,OBLIGATE,627
3711,1092,OBLIGATE,OBLIGATE,627
3711,2583,REGULATE,REGULATE,627
3711,3716,REGULATE,REGULATE,627
3711,327,REGULATE,REGULATE,627
3711,337,REGULATE,REGULATE,627
3712,3713,DEVELOP,DEVELOP,627
3712,328,DEVELOP,DEVELOP,627
3712,485,DEVELOP,DEVELOP,627
3712,3166,DEVELOP,DEVELOP,627
3712,3714,DEVELOP,DEVELOP,627
3713,3715,REGULATE,REGULATE,627
3714,3713,DEVELOP,DEVELOP,627
3714,485,DEVELOP,DEVELOP,627
3714,3166,DEVELOP,DEVELOP,627
3714,2583,REGULATE,REGULATE,627
3714,3716,REGULATE,REGULATE,627
3714,327,REGULATE,REGULATE,627
3714,337,REGULATE,REGULATE,627
3716,2583,REGULATE,REGULATE,627
3716,327,REGULATE,REGULATE,627
3716,337,REGULATE,REGULATE,627
3717,345,amend,AMEND,628
3717,313,AUTHORIZE,AUTHORIZE,628
3717,347,amend,AMEND,628
3717,3718,amend,AMEND,628
3717,177,OBLIGATE,OBLIGATE,628
3717,346,SUPPORT,SUPPORT,628
3717,348,DEVELOP,DEVELOP,628
3717,318,DEVELOP,DEVELOP,628
3717,379,SUPPORT,SUPPORT,628
3717,1833,OBLIGATE,OBLIGATE,628
3717,1321,OBLIGATE,OBLIGATE,628
3717,3719,OBLIGATE,OBLIGATE,628
3717,1901,OBLIGATE,OBLIGATE,628
3717,352,OBLIGATE,OBLIGATE,628
3717,255,OBLIGATE,OBLIGATE,628
3717,63,OBLIGATE,OBLIGATE,628
3717,3720,SUPPORT,SUPPORT,628
3718,347,amend,AMEND,628
3718,177,amend,AMEND,628
3718,349,amend,AMEND,628
3719,177,OBLIGATE,OBLIGATE,628
3719,379,OBLIGATE,OBLIGATE,628
3719,1833,OBLIGATE,OBLIGATE,628
3719,1321,OBLIGATE,OBLIGATE,628
3719,3,OBLIGATE,OBLIGATE,628
3719,349,OBLIGATE,OBLIGATE,628
3720,379,SUPPORT,SUPPORT,628
3720,131,OBLIGATE,OBLIGATE,691
3720,1825,OBLIGATE,OBLIGATE,691
3721,418,OBLIGATE,OBLIGATE,629
3721,151,OBLIGATE,OBLIGATE,629
3721,314,OBLIGATE,OBLIGATE,629
3721,3119,OBLIGATE,OBLIGATE,629
3721,2129,OBLIGATE,OBLIGATE,629
3721,235,OBLIGATE,OBLIGATE,629
3721,3688,OBLIGATE,OBLIGATE,629
3721,3689,SUPPORT,SUPPORT,629
3721,3722,OBLIGATE,OBLIGATE,629
3721,2595,SUPPORT,SUPPORT,629
3721,3691,SUPPORT,SUPPORT,629
3721,311,SUPPORT,SUPPORT,629
3721,3690,SUPPORT,SUPPORT,629
3721,67,SUPPORT,SUPPORT,629
3721,363,SUPPORT,SUPPORT,629
3721,3723,SUPPORT,SUPPORT,629
3722,235,OBLIGATE,OBLIGATE,629
3722,3689,OBLIGATE,OBLIGATE,629
3723,67,SUPPORT,SUPPORT,629
3723,363,SUPPORT,SUPPORT,629
3724,279,determine,DETERMINE,630
3724,3725,determine,DETERMINE,630
3724,1607,determine,DETERMINE,630
3724,276,determine,DETERMINE,630
3724,298,determine,DETERMINE,630
3724,639,OBLIGATE,OBLIGATE,630
3724,1466,OBLIGATE,OBLIGATE,630
3724,21,call,CALL,630
3724,3726,call,CALL,630
3724,819,call,CALL,630
3724,233,call,CALL,630
3724,320,call,CALL,630
3724,3727,call,CALL,630
3724,495,call,CALL,630
3724,402,REPORT,REPORT,630
3724,62,REPORT,REPORT,630
3724,644,REPORT,REPORT,630
3724,646,REPORT,REPORT,630
3724,185,REPORT,REPORT,630
3724,81,REPORT,REPORT,630
3724,1462,REPORT,REPORT,630
3724,3728,REPORT,REPORT,630
3724,3729,REPORT,REPORT,630
3724,3730,REPORT,REPORT,630
3724,350,REPORT,REPORT,630
3724,3731,REPORT,REPORT,630
3724,1046,REPORT,REPORT,630
3725,3,determine,DETERMINE,630
3725,279,determine,DETERMINE,630
3725,1607,determine,DETERMINE,630
3725,276,determine,DETERMINE,630
3725,298,determine,DETERMINE,630
3725,40,determine,DETERMINE,630
3726,21,call,CALL,630
3726,233,call,CALL,630
3726,320,call,CALL,630
3726,3727,call,CALL,630
3726,495,call,CALL,630
3727,21,call,CALL,630
3727,233,call,CALL,630
3727,320,call,CALL,630
3727,495,call,CALL,630
3728,402,REPORT,REPORT,630
3728,62,REPORT,REPORT,630
3728,644,REPORT,REPORT,630
3728,646,REPORT,REPORT,630
3728,185,OBLIGATE,OBLIGATE,868
3728,81,REPORT,REPORT,630
3728,1462,REPORT,REPORT,630
3728,3729,REPORT,REPORT,630
3728,350,REPORT,REPORT,630
3728,3731,REPORT,REPORT,630
3728,1046,REPORT,REPORT,630
3728,181,OBLIGATE,OBLIGATE,868
3728,4705,OBLIGATE,OBLIGATE,868
3728,201,OBLIGATE,OBLIGATE,868
3728,21,specify,SPECIFY,874
3728,772,specify,SPECIFY,874
3728,4740,specify,SPECIFY,874
3728,4741,specify,SPECIFY,874
3728,422,specify,SPECIFY,874
3728,314,specify,SPECIFY,874
3728,131,specify,SPECIFY,874
3728,984,specify,SPECIFY,874
3728,223,specify,SPECIFY,874
3728,53,specify,SPECIFY,874
3728,634,specify,SPECIFY,874
3728,1163,specify,SPECIFY,874
3728,288,specify,SPECIFY,874
3728,4744,specify,SPECIFY,874
3728,76,specify,SPECIFY,874
3728,1487,SUPPORT,SUPPORT,947
3728,838,SUPPORT,SUPPORT,947
3728,1072,SUPPORT,SUPPORT,947
3728,198,SUPPORT,SUPPORT,947
3728,332,SUPPORT,SUPPORT,947
3728,751,SUPPORT,SUPPORT,947
3729,402,REPORT,REPORT,630
3729,62,REPORT,REPORT,630
3729,644,REPORT,REPORT,630
3729,646,REPORT,REPORT,630
3729,185,REPORT,REPORT,630
3729,81,REPORT,REPORT,630
3729,1462,REPORT,REPORT,630
3729,350,REPORT,REPORT,630
3729,3731,REPORT,REPORT,630
3729,1046,REPORT,REPORT,630
3730,402,REPORT,REPORT,630
3730,62,OBLIGATE,OBLIGATE,767
3730,644,REPORT,REPORT,630
3730,646,OBLIGATE,OBLIGATE,767
3730,185,OBLIGATE,OBLIGATE,767
3730,81,REPORT,REPORT,630
3730,1462,REPORT,REPORT,630
3730,3728,REPORT,REPORT,630
3730,3729,REPORT,REPORT,630
3730,350,REPORT,REPORT,630
3730,3731,REPORT,REPORT,630
3730,1046,REPORT,REPORT,630
3730,858,OBLIGATE,OBLIGATE,767
3730,2114,OBLIGATE,OBLIGATE,767
3731,402,REPORT,REPORT,630
3731,62,OBLIGATE,OBLIGATE,767
3731,644,REPORT,REPORT,630
3731,646,REPORT,REPORT,630
3731,185,REPORT,REPORT,630
3731,81,REPORT,REPORT,630
3731,1462,REPORT,REPORT,630
3731,350,REPORT,REPORT,630
3731,1046,REPORT,REPORT,630
3731,63,OBLIGATE,OBLIGATE,767
3731,295,OBLIGATE,OBLIGATE,767
3731,379,OBLIGATE,OBLIGATE,767
3731,1729,SUPPORT,SUPPORT,879
3732,3734,OBLIGATE,OBLIGATE,631
3732,292,OBLIGATE,OBLIGATE,631
3732,1077,OBLIGATE,OBLIGATE,631
3732,3735,OBLIGATE,OBLIGATE,631
3732,36,OBLIGATE,OBLIGATE,631
3732,363,SUPPORT,SUPPORT,631
3732,3736,SUPPORT,SUPPORT,631
3732,415,SUPPORT,SUPPORT,631
3732,3737,SUPPORT,SUPPORT,631
3732,3306,SUPPORT,SUPPORT,631
3732,3738,SUPPORT,SUPPORT,631
3732,3739,SUPPORT,SUPPORT,631
3733,3732,amend,AMEND,631
3734,292,OBLIGATE,OBLIGATE,631
3735,1077,OBLIGATE,OBLIGATE,631
3735,36,OBLIGATE,OBLIGATE,631
3736,363,SUPPORT,SUPPORT,631
3736,415,SUPPORT,SUPPORT,631
3737,363,SUPPORT,SUPPORT,631
3737,3736,SUPPORT,SUPPORT,631
3737,415,SUPPORT,SUPPORT,631
3738,3306,SUPPORT,SUPPORT,631
3739,3306,SUPPORT,SUPPORT,631
3739,3738,SUPPORT,SUPPORT,631
3740,3448,DEVELOP,DEVELOP,632
3740,3741,DEVELOP,DEVELOP,632
3740,328,specify,SPECIFY,632
3740,364,provide,PROVIDE,632
3740,402,OBLIGATE,OBLIGATE,632
3740,417,OBLIGATE,OBLIGATE,632
3740,131,form,FORM,632
3740,2074,DEVELOP,DEVELOP,632
3740,3742,DEVELOP,DEVELOP,632
3740,386,provide,PROVIDE,632
3740,1410,provide,PROVIDE,632
3740,1328,provide,PROVIDE,632
3740,3744,provide,PROVIDE,632
3740,1808,form,FORM,632
3740,522,OBLIGATE,OBLIGATE,632
3740,3745,specify,SPECIFY,632
3740,329,specify,SPECIFY,632
3742,2074,DEVELOP,DEVELOP,632
3744,364,provide,PROVIDE,632
3744,386,provide,PROVIDE,632
3744,1410,provide,PROVIDE,632
3744,1328,provide,PROVIDE,632
3744,131,provide,PROVIDE,632
3745,328,AUTHORIZE,AUTHORIZE,736
3747,320,amend,AMEND,633
3747,177,amend,AMEND,633
3747,1096,amend,AMEND,633
3748,177,AUTHORIZE,AUTHORIZE,633
3748,327,AUTHORIZE,AUTHORIZE,633
3749,177,OBLIGATE,OBLIGATE,633
3749,1096,OBLIGATE,OBLIGATE,633
3750,177,SUPPORT,SUPPORT,633
3750,714,SUPPORT,SUPPORT,633
3750,41,SUPPORT,SUPPORT,633
3751,3754,adjudicate,ADJUDICATE,635
3751,3755,adjudicate,ADJUDICATE,635
3751,13,REGULATE,REGULATE,635
3755,3754,adjudicate,ADJUDICATE,635
3758,800,OBLIGATE,OBLIGATE,636
3758,3759,DEVELOP,DEVELOP,636
3758,876,OBLIGATE,OBLIGATE,636
3758,1352,OBLIGATE,OBLIGATE,636
3758,67,OBLIGATE,OBLIGATE,636
3758,13,OBLIGATE,OBLIGATE,636
3758,960,OBLIGATE,OBLIGATE,636
3758,168,OBLIGATE,OBLIGATE,636
3758,3760,DEVELOP,DEVELOP,636
3758,1941,DEVELOP,DEVELOP,636
3758,1758,DEVELOP,DEVELOP,636
3758,320,DEVELOP,DEVELOP,636
3758,516,form,FORM,636
3758,3427,form,FORM,636
3758,3762,form,FORM,636
3758,3763,define,DEFINE,636
3758,40,define,DEFINE,636
3759,800,OBLIGATE,OBLIGATE,636
3759,876,OBLIGATE,OBLIGATE,636
3759,1352,COORDINATE,COORDINATE,658
3759,67,OBLIGATE,OBLIGATE,636
3759,1758,form,FORM,658
3759,320,DEVELOP,DEVELOP,636
3759,3845,define,DEFINE,658
3759,335,COORDINATE,COORDINATE,658
3759,238,COORDINATE,COORDINATE,658
3759,40,define,DEFINE,658
3759,3428,define,DEFINE,658
3759,3763,define,DEFINE,658
3760,1941,DEVELOP,DEVELOP,636
3760,3845,DEVELOP,DEVELOP,658
3760,3759,DEVELOP,DEVELOP,658
3761,3758,DEVELOP,DEVELOP,636
3761,3759,form,FORM,658
3761,1758,form,FORM,658
3761,320,DEVELOP,DEVELOP,636
3761,3845,form,FORM,658
3762,516,form,FORM,636
3762,3427,form,FORM,636
3763,40,define,DEFINE,658
3763,3845,define,DEFINE,658
3763,3428,define,DEFINE,658
3765,181,include,INCLUDE,655
3765,3,USE,USE,755
3765,101,include,INCLUDE,655
3765,185,USE,USE,755
3765,131,OBLIGATE,OBLIGATE,755
3765,1403,OBLIGATE,OBLIGATE,755
3765,276,OBLIGATE,OBLIGATE,755
3765,4233,OBLIGATE,OBLIGATE,755
3765,186,USE,USE,755
3767,59,RESTRICT,RESTRICT,638
3767,3768,OBLIGATE,OBLIGATE,638
3767,3,OBLIGATE,OBLIGATE,638
3767,3769,OBLIGATE,OBLIGATE,638
3767,3770,OBLIGATE,OBLIGATE,638
3767,728,OBLIGATE,OBLIGATE,638
3768,3,OBLIGATE,OBLIGATE,638
3768,3769,OBLIGATE,OBLIGATE,638
3768,3770,OBLIGATE,OBLIGATE,638
3768,728,OBLIGATE,OBLIGATE,638
3769,3,OBLIGATE,OBLIGATE,638
3769,728,OBLIGATE,OBLIGATE,638
3770,3,OBLIGATE,OBLIGATE,638
3770,3769,OBLIGATE,OBLIGATE,638
3770,728,OBLIGATE,OBLIGATE,638
3771,3,AUTHORIZE,AUTHORIZE,639
3771,3772,AUTHORIZE,AUTHORIZE,639
3771,3773,AUTHORIZE,AUTHORIZE,639
3771,62,OBLIGATE,OBLIGATE,639
3771,402,OBLIGATE,OBLIGATE,639
3771,40,OBLIGATE,OBLIGATE,639
3771,3774,AUTHORIZE,AUTHORIZE,639
3771,386,OBLIGATE,OBLIGATE,639
3771,639,OBLIGATE,OBLIGATE,639
3772,3,AUTHORIZE,AUTHORIZE,639
3773,3,AUTHORIZE,AUTHORIZE,639
3773,3772,AUTHORIZE,AUTHORIZE,639
3773,3774,AUTHORIZE,AUTHORIZE,639
3774,3,AUTHORIZE,AUTHORIZE,639
3774,3772,AUTHORIZE,AUTHORIZE,639
3775,442,OBLIGATE,OBLIGATE,640
3775,170,AUTHORIZE,AUTHORIZE,640
3775,3776,RESTRICT,RESTRICT,640
3775,3496,RESTRICT,RESTRICT,640
3775,157,AUTHORIZE,AUTHORIZE,640
3775,3709,OBLIGATE,OBLIGATE,640
3775,3777,AUTHORIZE,AUTHORIZE,640
3775,3778,exclude,EXCLUDE,640
3775,919,AUTHORIZE,AUTHORIZE,640
3776,442,RESTRICT,RESTRICT,640
3776,170,RESTRICT,RESTRICT,640
3779,3780,compose,COMPOSE,641
3779,2,compose,COMPOSE,641
3779,2938,compose,COMPOSE,641
3779,845,compose,COMPOSE,641
3779,395,compose,COMPOSE,641
3779,121,compose,COMPOSE,641
3779,1290,compose,COMPOSE,641
3779,379,compose,COMPOSE,641
3782,1764,REPORT,REPORT,642
3782,3783,REPORT,REPORT,642
3782,224,REGULATE,REGULATE,642
3782,886,provide,PROVIDE,642
3782,131,provide,PROVIDE,642
3782,81,OBLIGATE,OBLIGATE,642
3782,231,REGULATE,REGULATE,642
3782,199,REPORT,REPORT,642
3782,2074,REGULATE,REGULATE,642
3782,109,REGULATE,REGULATE,642
3782,8,OBLIGATE,OBLIGATE,642
3782,341,REGULATE,REGULATE,642
3782,3523,REGULATE,REGULATE,642
3783,1764,REPORT,REPORT,642
3784,3782,provide,PROVIDE,642
3784,886,provide,PROVIDE,642
3784,131,provide,PROVIDE,642
3784,81,provide,PROVIDE,642
3789,3790,OBLIGATE,OBLIGATE,644
3789,389,set,SET,644
3789,40,OBLIGATE,OBLIGATE,644
3789,3791,OBLIGATE,OBLIGATE,644
3789,52,OBLIGATE,OBLIGATE,644
3789,3792,OBLIGATE,OBLIGATE,644
3789,199,identify,IDENTIFY,644
3789,335,identify,IDENTIFY,644
3789,392,AUTHORIZE,AUTHORIZE,644
3789,63,OBLIGATE,OBLIGATE,644
3790,389,OBLIGATE,OBLIGATE,644
3790,40,OBLIGATE,OBLIGATE,644
3791,3790,OBLIGATE,OBLIGATE,644
3791,389,OBLIGATE,OBLIGATE,644
3791,40,OBLIGATE,OBLIGATE,644
3792,52,OBLIGATE,OBLIGATE,644
3793,271,DEVELOP,DEVELOP,645
3793,548,DEVELOP,DEVELOP,645
3793,3424,OBLIGATE,OBLIGATE,645
3793,1634,OBLIGATE,OBLIGATE,645
3793,62,OBLIGATE,OBLIGATE,645
3793,644,OBLIGATE,OBLIGATE,645
3793,328,OBLIGATE,OBLIGATE,645
3793,777,OBLIGATE,OBLIGATE,645
3793,109,OBLIGATE,OBLIGATE,645
3793,13,OBLIGATE,OBLIGATE,645
3793,52,OBLIGATE,OBLIGATE,645
3794,3793,DEVELOP,DEVELOP,645
3794,271,DEVELOP,DEVELOP,645
3794,548,DEVELOP,DEVELOP,645
3794,3424,DEVELOP,DEVELOP,645
3795,3793,incorporate,INCORPORATE,645
3795,3424,incorporate,INCORPORATE,645
3795,3796,incorporate,INCORPORATE,645
3796,3793,incorporate,INCORPORATE,645
3796,3424,incorporate,INCORPORATE,645
3797,3798,RESTRICT,RESTRICT,646
3797,1092,RESTRICT,RESTRICT,646
3797,34,RESTRICT,RESTRICT,646
3797,1087,impact,IMPACT,646
3797,220,impact,IMPACT,646
3797,422,impact,IMPACT,646
3797,1091,impact,IMPACT,646
3797,18,OBLIGATE,OBLIGATE,646
3797,3799,OBLIGATE,OBLIGATE,646
3797,1459,OBLIGATE,OBLIGATE,646
3797,107,IMPLEMENT,IMPLEMENT,646
3797,109,IMPLEMENT,IMPLEMENT,646
3797,3800,clarify,CLARIFY,646
3797,3801,clarify,CLARIFY,646
3797,876,clarify,CLARIFY,646
3797,3802,preserve,PRESERVE,646
3797,3138,preserve,PRESERVE,646
3798,1092,RESTRICT,RESTRICT,646
3798,34,RESTRICT,RESTRICT,646
3798,1087,OBLIGATE,OBLIGATE,806
3798,233,OBLIGATE,OBLIGATE,806
3798,585,OBLIGATE,OBLIGATE,806
3798,2097,OBLIGATE,OBLIGATE,806
3799,18,OBLIGATE,OBLIGATE,646
3799,1459,OBLIGATE,OBLIGATE,646
3800,3801,clarify,CLARIFY,646
3800,876,clarify,CLARIFY,646
3801,876,clarify,CLARIFY,646
3803,224,propose,PROPOSE,647
3803,13,OBLIGATE,OBLIGATE,647
3803,1012,EVALUATE,EVALUATE,647
3803,1014,propose,PROPOSE,647
3804,267,OBLIGATE,OBLIGATE,648
3804,3805,OBLIGATE,OBLIGATE,648
3804,422,OBLIGATE,OBLIGATE,648
3804,136,RESTRICT,RESTRICT,648
3804,3806,RESTRICT,RESTRICT,648
3804,570,oblige,OBLIGE,648
3804,328,oblige,OBLIGE,648
3805,267,OBLIGATE,OBLIGATE,648
3805,422,OBLIGATE,OBLIGATE,648
3806,136,RESTRICT,RESTRICT,648
3806,96,take,TAKE,930
3807,224,OBLIGATE,OBLIGATE,649
3807,13,OBLIGATE,OBLIGATE,649
3807,475,OBLIGATE,OBLIGATE,649
3810,474,express,EXPRESS,650
3810,3811,OBLIGATE,OBLIGATE,650
3810,49,OBLIGATE,OBLIGATE,650
3810,1157,OBLIGATE,OBLIGATE,650
3810,52,OBLIGATE,OBLIGATE,650
3810,3,OBLIGATE,OBLIGATE,650
3810,422,OBLIGATE,OBLIGATE,650
3810,37,OBLIGATE,OBLIGATE,650
3810,3812,OBLIGATE,OBLIGATE,650
3810,809,OBLIGATE,OBLIGATE,650
3810,539,OBLIGATE,OBLIGATE,650
3810,13,OBLIGATE,OBLIGATE,650
3810,3813,oblige,OBLIGE,650
3810,18,oblige,OBLIGE,650
3810,1273,express,EXPRESS,650
3810,62,OBLIGATE,OBLIGATE,650
3811,49,OBLIGATE,OBLIGATE,650
3813,13,OBLIGATE,OBLIGATE,916
3813,18,oblige,OBLIGE,650
3813,1273,oblige,OBLIGE,650
3813,4932,OBLIGATE,OBLIGATE,916
3813,2888,OBLIGATE,OBLIGATE,916
3814,3815,OBLIGATE,OBLIGATE,651
3814,1758,OBLIGATE,OBLIGATE,651
3814,323,OBLIGATE,OBLIGATE,651
3814,402,DEVELOP,DEVELOP,651
3814,3816,OBLIGATE,OBLIGATE,651
3814,2765,OBLIGATE,OBLIGATE,651
3814,786,OBLIGATE,OBLIGATE,651
3814,6,OBLIGATE,OBLIGATE,651
3814,40,SUPPORT,SUPPORT,651
3814,495,reassign,REASSIGN,651
3814,3817,DEVELOP,DEVELOP,651
3814,139,DEVELOP,DEVELOP,651
3814,1880,DEVELOP,DEVELOP,651
3814,1032,OBLIGATE,OBLIGATE,651
3814,30,DEVELOP,DEVELOP,651
3814,646,DEVELOP,DEVELOP,651
3815,1758,OBLIGATE,OBLIGATE,651
3815,323,OBLIGATE,OBLIGATE,651
3816,2765,OBLIGATE,OBLIGATE,651
3816,786,OBLIGATE,OBLIGATE,651
3816,6,OBLIGATE,OBLIGATE,651
3817,139,DEVELOP,DEVELOP,651
3817,1880,DEVELOP,DEVELOP,651
3818,96,OBLIGATE,OBLIGATE,652
3818,3,OBLIGATE,OBLIGATE,652
3818,3819,OBLIGATE,OBLIGATE,652
3818,386,OBLIGATE,OBLIGATE,652
3818,70,OBLIGATE,OBLIGATE,652
3818,181,OBLIGATE,OBLIGATE,652
3818,3820,OBLIGATE,OBLIGATE,652
3818,76,OBLIGATE,OBLIGATE,652
3818,109,OBLIGATE,OBLIGATE,652
3819,3,OBLIGATE,OBLIGATE,652
3819,96,OBLIGATE,OBLIGATE,652
3819,386,OBLIGATE,OBLIGATE,652
3819,70,OBLIGATE,OBLIGATE,652
3819,181,OBLIGATE,OBLIGATE,652
3820,181,OBLIGATE,OBLIGATE,652
3820,76,OBLIGATE,OBLIGATE,652
3820,109,OBLIGATE,OBLIGATE,652
3821,3333,OBLIGATE,OBLIGATE,653
3821,295,OBLIGATE,OBLIGATE,653
3821,328,OBLIGATE,OBLIGATE,653
3821,3822,OBLIGATE,OBLIGATE,653
3821,177,form,FORM,653
3821,1733,OBLIGATE,OBLIGATE,653
3821,1078,OBLIGATE,OBLIGATE,653
3821,315,DEVELOP,DEVELOP,653
3821,2341,SUPPORT,SUPPORT,653
3821,3823,SUPPORT,SUPPORT,653
3821,3824,SUPPORT,SUPPORT,653
3821,1832,form,FORM,653
3821,3502,OBLIGATE,OBLIGATE,653
3821,63,OBLIGATE,OBLIGATE,653
3822,3333,OBLIGATE,OBLIGATE,653
3822,295,OBLIGATE,OBLIGATE,653
3822,328,OBLIGATE,OBLIGATE,653
3822,177,OBLIGATE,OBLIGATE,653
3823,177,SUPPORT,SUPPORT,653
3823,2341,SUPPORT,SUPPORT,653
3824,40,SUPPORT,SUPPORT,653
3824,177,SUPPORT,SUPPORT,653
3824,2341,SUPPORT,SUPPORT,653
3824,3823,SUPPORT,SUPPORT,653
3825,3821,form,FORM,653
3825,177,form,FORM,653
3825,1832,form,FORM,653
3825,3502,form,FORM,653
3826,133,OBLIGATE,OBLIGATE,654
3826,52,OBLIGATE,OBLIGATE,654
3826,3828,view,VIEW,654
3826,267,OBLIGATE,OBLIGATE,654
3826,164,AUTHORIZE,AUTHORIZE,654
3826,1119,OBLIGATE,OBLIGATE,654
3826,109,resolve,RESOLVE,654
3826,3,OBLIGATE,OBLIGATE,654
3826,350,OBLIGATE,OBLIGATE,654
3826,63,OBLIGATE,OBLIGATE,654
3828,133,OBLIGATE,OBLIGATE,654
3828,52,OBLIGATE,OBLIGATE,654
3828,267,OBLIGATE,OBLIGATE,654
3829,3826,AUTHORIZE,AUTHORIZE,654
3829,164,AUTHORIZE,AUTHORIZE,654
3829,1119,AUTHORIZE,AUTHORIZE,654
3831,181,include,INCLUDE,655
3831,967,include,INCLUDE,655
3831,3765,include,INCLUDE,655
3831,101,include,INCLUDE,655
3831,185,include,INCLUDE,655
3834,3835,RESTRICT,RESTRICT,656
3834,3836,RESTRICT,RESTRICT,656
3834,202,AUTHORIZE,AUTHORIZE,656
3834,335,AUTHORIZE,AUTHORIZE,656
3834,295,AUTHORIZE,AUTHORIZE,656
3834,311,AUTHORIZE,AUTHORIZE,656
3834,109,OBLIGATE,OBLIGATE,656
3834,203,OBLIGATE,OBLIGATE,656
3834,3839,OBLIGATE,OBLIGATE,656
3834,3840,OBLIGATE,OBLIGATE,656
3834,118,OBLIGATE,OBLIGATE,656
3834,268,RESTRICT,RESTRICT,656
3834,1581,RESTRICT,RESTRICT,656
3834,320,RESTRICT,RESTRICT,656
3837,3834,DEVELOP,DEVELOP,656
3837,3836,DEVELOP,DEVELOP,656
3837,202,DEVELOP,DEVELOP,656
3837,335,DEVELOP,DEVELOP,656
3839,109,OBLIGATE,OBLIGATE,656
3839,203,OBLIGATE,OBLIGATE,656
3839,81,OBLIGATE,OBLIGATE,914
3839,1140,OBLIGATE,OBLIGATE,914
3839,9,OBLIGATE,OBLIGATE,914
3840,109,OBLIGATE,OBLIGATE,656
3840,203,OBLIGATE,OBLIGATE,656
3840,3839,OBLIGATE,OBLIGATE,656
3840,118,OBLIGATE,OBLIGATE,656
3845,3846,redesignate,REDESIGNATE,658
3845,1352,COORDINATE,COORDINATE,658
3845,1758,form,FORM,658
3845,335,COORDINATE,COORDINATE,658
3845,238,DEVELOP,DEVELOP,658
3845,177,redesignate,REDESIGNATE,658
3845,40,define,DEFINE,658
3845,3428,define,DEFINE,658
3847,3845,appoint,APPOINT,658
3847,3846,redesignate,REDESIGNATE,658
3847,3848,appoint,APPOINT,658
3848,3845,appoint,APPOINT,658
3849,3845,redesignate,REDESIGNATE,658
3849,177,redesignate,REDESIGNATE,658
3849,40,redesignate,REDESIGNATE,658
3850,3845,DEVELOP,DEVELOP,658
3850,238,DEVELOP,DEVELOP,658
3850,40,DEVELOP,DEVELOP,658
3852,322,amend,AMEND,659
3852,52,amend,AMEND,659
3852,362,amend,AMEND,659
3854,1230,DEVELOP,DEVELOP,659
3854,40,DEVELOP,DEVELOP,659
3854,3,DEVELOP,DEVELOP,659
3855,1230,DEVELOP,DEVELOP,659
3855,3854,DEVELOP,DEVELOP,659
3855,40,DEVELOP,DEVELOP,659
3855,3,DEVELOP,DEVELOP,659
3855,3853,DEVELOP,DEVELOP,659
3855,107,DEVELOP,DEVELOP,659
3858,52,OBLIGATE,OBLIGATE,751
3858,3,OBLIGATE,OBLIGATE,751
3858,59,OBLIGATE,OBLIGATE,751
3860,3861,OBLIGATE,OBLIGATE,662
3860,2938,OBLIGATE,OBLIGATE,662
3860,3,OBLIGATE,OBLIGATE,662
3860,151,hold,HOLD,662
3860,828,hold,HOLD,662
3860,131,hold,HOLD,662
3861,2938,OBLIGATE,OBLIGATE,662
3861,3,OBLIGATE,OBLIGATE,662
3862,235,AUTHORIZE,AUTHORIZE,663
3862,62,AUTHORIZE,AUTHORIZE,663
3862,186,AUTHORIZE,AUTHORIZE,663
3863,3862,amend,AMEND,663
3863,1864,amend,AMEND,663
3863,276,amend,AMEND,663
3863,1983,amend,AMEND,663
3864,85,OBLIGATE,OBLIGATE,664
3864,3865,OBLIGATE,OBLIGATE,664
3864,2810,OBLIGATE,OBLIGATE,664
3864,224,OBLIGATE,OBLIGATE,664
3865,85,OBLIGATE,OBLIGATE,664
3865,2810,OBLIGATE,OBLIGATE,664
3865,467,OBLIGATE,OBLIGATE,664
3866,96,include,INCLUDE,665
3866,181,AUTHORIZE,AUTHORIZE,665
3866,83,AUTHORIZE,AUTHORIZE,665
3866,107,AUTHORIZE,AUTHORIZE,665
3866,121,AUTHORIZE,AUTHORIZE,665
3866,8,REGULATE,REGULATE,665
3867,3866,AUTHORIZE,AUTHORIZE,665
3867,121,AUTHORIZE,AUTHORIZE,665
3868,3866,REGULATE,REGULATE,665
3868,8,REGULATE,REGULATE,665
3868,101,DEVELOP,DEVELOP,943
3870,319,make,MAKE,729
3870,1068,make,MAKE,729
3870,1069,make,MAKE,729
3870,2869,make,MAKE,729
3870,1071,DEVELOP,DEVELOP,729
3870,1137,DEVELOP,DEVELOP,729
3870,457,OBLIGATE,OBLIGATE,667
3870,3872,make,MAKE,729
3870,666,DEVELOP,DEVELOP,729
3870,665,DEVELOP,DEVELOP,667
3870,3873,DEVELOP,DEVELOP,729
3870,3874,DEVELOP,DEVELOP,667
3870,340,REPORT,REPORT,729
3870,13,REPORT,REPORT,729
3870,1072,REPORT,REPORT,729
3870,4109,OBLIGATE,OBLIGATE,729
3870,37,OBLIGATE,OBLIGATE,729
3870,850,DEVELOP,DEVELOP,729
3871,3870,OBLIGATE,OBLIGATE,667
3871,457,OBLIGATE,OBLIGATE,667
3871,3872,OBLIGATE,OBLIGATE,667
3871,1069,OBLIGATE,OBLIGATE,765
3871,2869,OBLIGATE,OBLIGATE,765
3871,1071,OBLIGATE,OBLIGATE,765
3871,1137,OBLIGATE,OBLIGATE,765
3871,1941,OBLIGATE,OBLIGATE,765
3871,1072,OBLIGATE,OBLIGATE,765
3871,2093,OBLIGATE,OBLIGATE,765
3871,320,OBLIGATE,OBLIGATE,765
3871,13,OBLIGATE,OBLIGATE,765
3871,63,OBLIGATE,OBLIGATE,765
3871,4109,OBLIGATE,OBLIGATE,765
3871,1880,OBLIGATE,OBLIGATE,765
3871,233,OBLIGATE,OBLIGATE,765
3871,4267,OBLIGATE,OBLIGATE,765
3872,457,OBLIGATE,OBLIGATE,667
3872,2869,make,MAKE,729
3872,319,make,MAKE,729
3873,665,DEVELOP,DEVELOP,667
3873,850,DEVELOP,DEVELOP,729
3873,392,OBLIGATE,OBLIGATE,763
3873,364,OBLIGATE,OBLIGATE,763
3873,858,leverage,LEVERAGE,763
3873,314,leverage,LEVERAGE,763
3873,157,OBLIGATE,OBLIGATE,763
3873,295,leverage,LEVERAGE,763
3873,318,leverage,LEVERAGE,763
3874,665,DEVELOP,DEVELOP,667
3874,3873,DEVELOP,DEVELOP,667
3875,62,OBLIGATE,OBLIGATE,668
3875,570,OBLIGATE,OBLIGATE,668
3875,276,include,INCLUDE,668
3875,279,OBLIGATE,OBLIGATE,668
3875,302,OBLIGATE,OBLIGATE,668
3875,13,AUTHORIZE,AUTHORIZE,668
3875,272,include,INCLUDE,668
3875,298,include,INCLUDE,668
3875,234,include,INCLUDE,668
3875,671,include,INCLUDE,668
3875,2909,include,INCLUDE,668
3875,269,AUTHORIZE,AUTHORIZE,668
3876,3880,OBLIGATE,OBLIGATE,669
3876,3881,OBLIGATE,OBLIGATE,669
3876,466,OBLIGATE,OBLIGATE,669
3876,3882,OBLIGATE,OBLIGATE,669
3876,639,oblige,OBLIGE,669
3876,474,OBLIGATE,OBLIGATE,669
3876,13,OBLIGATE,OBLIGATE,669
3880,3881,OBLIGATE,OBLIGATE,669
3882,466,OBLIGATE,OBLIGATE,669
3883,262,oblige,OBLIGE,670
3883,609,USE,USE,670
3883,198,OBLIGATE,OBLIGATE,670
3883,3884,OBLIGATE,OBLIGATE,670
3883,624,OBLIGATE,OBLIGATE,670
3883,625,OBLIGATE,OBLIGATE,670
3883,1107,OBLIGATE,OBLIGATE,670
3883,320,OBLIGATE,OBLIGATE,670
3883,3885,OBLIGATE,OBLIGATE,670
3883,3886,oblige,OBLIGE,670
3883,554,oblige,OBLIGE,670
3884,198,OBLIGATE,OBLIGATE,670
3884,580,OBLIGATE,OBLIGATE,670
3886,554,oblige,OBLIGE,670
3887,157,RESTRICT,RESTRICT,671
3887,3888,RESTRICT,RESTRICT,671
3887,80,RESTRICT,RESTRICT,671
3887,79,RESTRICT,RESTRICT,671
3887,224,REGULATE,REGULATE,671
3887,975,exclude,EXCLUDE,671
3887,107,exclude,EXCLUDE,671
3887,56,DEVELOP,DEVELOP,671
3887,976,DEVELOP,DEVELOP,671
3888,157,RESTRICT,RESTRICT,671
3888,80,RESTRICT,RESTRICT,671
3892,3891,OBLIGATE,OBLIGATE,672
3893,177,OBLIGATE,OBLIGATE,673
3893,34,OBLIGATE,OBLIGATE,673
3894,363,OBLIGATE,OBLIGATE,673
3894,295,OBLIGATE,OBLIGATE,673
3894,130,OBLIGATE,OBLIGATE,673
3894,393,OBLIGATE,OBLIGATE,673
3895,177,OBLIGATE,OBLIGATE,769
3895,3,REGULATE,REGULATE,733
3895,140,REGULATE,REGULATE,733
3895,1832,REGULATE,REGULATE,733
3895,295,REGULATE,REGULATE,733
3895,34,REGULATE,REGULATE,733
3895,4126,REGULATE,REGULATE,733
3895,318,REGULATE,REGULATE,733
3895,40,REGULATE,REGULATE,733
3895,3288,REGULATE,REGULATE,733
3895,327,REGULATE,REGULATE,733
3895,570,REGULATE,REGULATE,733
3895,236,REGULATE,REGULATE,733
3895,1835,REGULATE,REGULATE,733
3895,2787,OBLIGATE,OBLIGATE,769
3895,297,SUPPORT,SUPPORT,917
3895,3334,SUPPORT,SUPPORT,917
3895,4938,SUPPORT,SUPPORT,917
3898,131,DEVELOP,DEVELOP,674
3898,200,consider,CONSIDER,674
3898,2632,OBLIGATE,OBLIGATE,674
3898,267,OBLIGATE,OBLIGATE,674
3898,358,OBLIGATE,OBLIGATE,674
3898,417,OBLIGATE,OBLIGATE,674
3898,37,DEVELOP,DEVELOP,674
3898,295,DEVELOP,DEVELOP,674
3898,1957,DEVELOP,DEVELOP,674
3899,3898,DEVELOP,DEVELOP,674
3899,131,DEVELOP,DEVELOP,674
3899,37,DEVELOP,DEVELOP,674
3899,295,DEVELOP,DEVELOP,674
3899,1957,DEVELOP,DEVELOP,674
3900,3901,OBLIGATE,OBLIGATE,675
3900,3902,OBLIGATE,OBLIGATE,675
3900,644,OBLIGATE,OBLIGATE,675
3900,236,OBLIGATE,OBLIGATE,675
3900,2517,OBLIGATE,OBLIGATE,675
3900,3,OBLIGATE,OBLIGATE,675
3900,1908,RESTRICT,RESTRICT,675
3900,1137,RESTRICT,RESTRICT,675
3900,3903,AUTHORIZE,AUTHORIZE,675
3900,3904,AUTHORIZE,AUTHORIZE,675
3900,3905,AUTHORIZE,AUTHORIZE,675
3900,3906,AUTHORIZE,AUTHORIZE,675
3900,3907,OBLIGATE,OBLIGATE,675
3901,644,OBLIGATE,OBLIGATE,675
3901,702,OBLIGATE,OBLIGATE,675
3901,236,OBLIGATE,OBLIGATE,675
3901,2517,OBLIGATE,OBLIGATE,675
3901,3,OBLIGATE,OBLIGATE,675
3901,1137,RESTRICT,RESTRICT,675
3902,3901,OBLIGATE,OBLIGATE,675
3902,644,OBLIGATE,OBLIGATE,675
3902,236,OBLIGATE,OBLIGATE,675
3902,2517,OBLIGATE,OBLIGATE,675
3902,3,OBLIGATE,OBLIGATE,675
3903,3904,AUTHORIZE,AUTHORIZE,675
3903,3906,AUTHORIZE,AUTHORIZE,675
3905,3903,AUTHORIZE,AUTHORIZE,675
3905,3904,AUTHORIZE,AUTHORIZE,675
3905,3906,AUTHORIZE,AUTHORIZE,675
3906,3904,AUTHORIZE,AUTHORIZE,675
3907,3901,OBLIGATE,OBLIGATE,675
3910,224,undermine,UNDERMINE,702
3910,4007,undermine,UNDERMINE,702
3910,18,undermine,UNDERMINE,702
3910,930,undermine,UNDERMINE,702
3914,178,DEVELOP,DEVELOP,678
3914,416,DEVELOP,DEVELOP,678
3914,40,OBLIGATE,OBLIGATE,678
3914,1819,expire,EXPIRE,678
3914,3700,OBLIGATE,OBLIGATE,678
3914,438,OBLIGATE,OBLIGATE,678
3914,52,OBLIGATE,OBLIGATE,678
3914,3705,prioritize,PRIORITIZE,678
3914,292,prioritize,PRIORITIZE,678
3914,439,prioritize,PRIORITIZE,678
3914,440,prioritize,PRIORITIZE,678
3914,265,OBLIGATE,OBLIGATE,678
3914,444,OBLIGATE,OBLIGATE,678
3915,800,OBLIGATE,OBLIGATE,679
3915,335,OBLIGATE,OBLIGATE,679
3915,224,AUTHORIZE,AUTHORIZE,679
3915,3917,OBLIGATE,OBLIGATE,679
3915,268,OBLIGATE,OBLIGATE,679
3917,268,OBLIGATE,OBLIGATE,679
3921,432,OBLIGATE,OBLIGATE,680
3921,13,OBLIGATE,OBLIGATE,680
3921,350,OBLIGATE,OBLIGATE,680
3921,3670,OBLIGATE,OBLIGATE,680
3921,644,specify,SPECIFY,680
3921,3671,OBLIGATE,OBLIGATE,680
3921,40,REPORT,REPORT,680
3921,288,identify,IDENTIFY,680
3921,52,identify,IDENTIFY,680
3921,3673,highlight,HIGHLIGHT,680
3921,3674,OBLIGATE,OBLIGATE,680
3921,3675,OBLIGATE,OBLIGATE,680
3921,255,OBLIGATE,OBLIGATE,680
3922,429,OBLIGATE,OBLIGATE,681
3922,267,comprise,COMPRISE,681
3922,3923,advise,ADVISE,681
3922,430,advise,ADVISE,681
3922,335,REGULATE,REGULATE,681
3922,3924,REGULATE,REGULATE,681
3922,3925,REGULATE,REGULATE,681
3922,3926,REGULATE,REGULATE,681
3922,1321,REGULATE,REGULATE,681
3923,267,advise,ADVISE,681
3924,335,REGULATE,REGULATE,681
3924,3925,REGULATE,REGULATE,681
3924,3926,REGULATE,REGULATE,681
3925,335,REGULATE,REGULATE,681
3926,335,REGULATE,REGULATE,681
3926,3925,REGULATE,REGULATE,681
3927,3928,define,DEFINE,682
3927,3929,REGULATE,REGULATE,682
3927,185,RESTRICT,RESTRICT,682
3927,3930,define,DEFINE,682
3927,341,OBLIGATE,OBLIGATE,682
3927,109,OBLIGATE,OBLIGATE,682
3927,187,OBLIGATE,OBLIGATE,682
3927,894,OBLIGATE,OBLIGATE,682
3927,327,AUTHORIZE,AUTHORIZE,682
3927,3931,AUTHORIZE,AUTHORIZE,682
3928,276,RESTRICT,RESTRICT,682
3928,3929,RESTRICT,RESTRICT,682
3928,185,RESTRICT,RESTRICT,682
3928,3930,define,DEFINE,682
3929,276,RESTRICT,RESTRICT,682
3929,185,RESTRICT,RESTRICT,682
3929,131,REGULATE,REGULATE,682
3929,76,REGULATE,REGULATE,682
3931,276,AUTHORIZE,AUTHORIZE,682
3931,327,AUTHORIZE,AUTHORIZE,682
3932,448,consider,CONSIDER,683
3932,267,OBLIGATE,OBLIGATE,683
3932,963,OBLIGATE,OBLIGATE,683
3932,319,OBLIGATE,OBLIGATE,683
3932,471,OBLIGATE,OBLIGATE,683
3932,18,OBLIGATE,OBLIGATE,683
3932,37,OBLIGATE,OBLIGATE,683
3932,248,consider,CONSIDER,683
3932,52,consider,CONSIDER,683
3932,13,OBLIGATE,OBLIGATE,683
3932,475,OBLIGATE,OBLIGATE,683
3933,62,AUTHORIZE,AUTHORIZE,684
3933,271,AUTHORIZE,AUTHORIZE,684
3933,279,AUTHORIZE,AUTHORIZE,684
3933,293,AUTHORIZE,AUTHORIZE,684
3937,285,USE,USE,688
3938,634,OBLIGATE,OBLIGATE,685
3938,235,OBLIGATE,OBLIGATE,685
3938,1088,OBLIGATE,OBLIGATE,685
3938,495,OBLIGATE,OBLIGATE,685
3938,146,OBLIGATE,OBLIGATE,685
3938,220,OBLIGATE,OBLIGATE,685
3938,13,OBLIGATE,OBLIGATE,685
3938,63,OBLIGATE,OBLIGATE,685
3938,76,treat,TREAT,685
3939,3938,OBLIGATE,OBLIGATE,685
3939,131,OBLIGATE,OBLIGATE,685
3939,146,OBLIGATE,OBLIGATE,685
3940,3941,SUPPORT,SUPPORT,686
3940,688,SUPPORT,SUPPORT,686
3940,3942,DEVELOP,DEVELOP,686
3940,296,OBLIGATE,OBLIGATE,686
3940,259,OBLIGATE,OBLIGATE,686
3940,40,OBLIGATE,OBLIGATE,686
3940,639,OBLIGATE,OBLIGATE,686
3940,177,OBLIGATE,OBLIGATE,686
3940,162,OBLIGATE,OBLIGATE,686
3940,327,SUPPORT,SUPPORT,686
3940,1415,OBLIGATE,OBLIGATE,686
3940,248,OBLIGATE,OBLIGATE,686
3940,2787,OBLIGATE,OBLIGATE,686
3940,1503,OBLIGATE,OBLIGATE,686
3940,322,OBLIGATE,OBLIGATE,686
3940,3943,SUPPORT,SUPPORT,686
3940,1125,SUPPORT,SUPPORT,686
3942,296,DEVELOP,DEVELOP,686
3943,327,SUPPORT,SUPPORT,686
3944,3945,DEVELOP,DEVELOP,687
3944,40,focus,FOCUS,687
3944,2051,focus,FOCUS,687
3944,346,focus,FOCUS,687
3944,1764,designate,DESIGNATE,687
3944,279,designate,DESIGNATE,687
3944,1633,designate,DESIGNATE,687
3944,1634,designate,DESIGNATE,687
3944,1635,designate,DESIGNATE,687
3944,392,OBLIGATE,OBLIGATE,687
3946,62,OBLIGATE,OBLIGATE,688
3946,271,OBLIGATE,OBLIGATE,688
3946,285,USE,USE,688
3946,279,USE,USE,688
3946,273,OBLIGATE,OBLIGATE,688
3946,1871,OBLIGATE,OBLIGATE,688
3946,3,focus,FOCUS,688
3946,451,focus,FOCUS,688
3946,807,focus,FOCUS,688
3946,275,USE,USE,688
3946,3937,USE,USE,688
3947,981,OBLIGATE,OBLIGATE,689
3947,13,OBLIGATE,OBLIGATE,689
3947,100,OBLIGATE,OBLIGATE,689
3947,986,OBLIGATE,OBLIGATE,689
3947,3948,OBLIGATE,OBLIGATE,689
3947,3949,OBLIGATE,OBLIGATE,689
3948,981,OBLIGATE,OBLIGATE,689
3948,13,OBLIGATE,OBLIGATE,689
3948,100,OBLIGATE,OBLIGATE,689
3948,986,OBLIGATE,OBLIGATE,689
3948,3949,OBLIGATE,OBLIGATE,689
3949,981,OBLIGATE,OBLIGATE,689
3949,983,OBLIGATE,OBLIGATE,689
3949,13,OBLIGATE,OBLIGATE,689
3949,100,OBLIGATE,OBLIGATE,689
3950,295,OBLIGATE,OBLIGATE,690
3950,2630,OBLIGATE,OBLIGATE,690
3950,358,OBLIGATE,OBLIGATE,690
3950,194,OBLIGATE,OBLIGATE,690
3950,361,OBLIGATE,OBLIGATE,690
3950,362,OBLIGATE,OBLIGATE,690
3950,359,OBLIGATE,OBLIGATE,690
3950,1830,OBLIGATE,OBLIGATE,690
3950,323,DEVELOP,DEVELOP,690
3950,3952,DEVELOP,DEVELOP,690
3950,3953,DEVELOP,DEVELOP,690
3950,144,OBLIGATE,OBLIGATE,690
3950,3955,DEVELOP,DEVELOP,690
3950,313,OBLIGATE,OBLIGATE,690
3950,3956,OBLIGATE,OBLIGATE,690
3950,5,OBLIGATE,OBLIGATE,690
3950,360,OBLIGATE,OBLIGATE,690
3950,278,OBLIGATE,OBLIGATE,690
3951,3950,OBLIGATE,OBLIGATE,690
3951,358,OBLIGATE,OBLIGATE,690
3951,194,OBLIGATE,OBLIGATE,690
3951,361,OBLIGATE,OBLIGATE,690
3952,323,DEVELOP,DEVELOP,690
3952,144,DEVELOP,DEVELOP,690
3952,3955,DEVELOP,DEVELOP,690
3953,323,DEVELOP,DEVELOP,690
3953,3952,DEVELOP,DEVELOP,690
3953,144,DEVELOP,DEVELOP,690
3953,3955,DEVELOP,DEVELOP,690
3954,3950,DEVELOP,DEVELOP,690
3954,323,DEVELOP,DEVELOP,690
3954,3952,DEVELOP,DEVELOP,690
3954,3953,DEVELOP,DEVELOP,690
3954,144,DEVELOP,DEVELOP,690
3954,3955,DEVELOP,DEVELOP,690
3955,3,DEVELOP,DEVELOP,690
3955,323,DEVELOP,DEVELOP,690
3955,144,DEVELOP,DEVELOP,690
3956,194,OBLIGATE,OBLIGATE,690
3956,5,OBLIGATE,OBLIGATE,690
3957,319,OBLIGATE,OBLIGATE,691
3957,177,OBLIGATE,OBLIGATE,691
3957,532,OBLIGATE,OBLIGATE,691
3957,3958,OBLIGATE,OBLIGATE,691
3957,2,OBLIGATE,OBLIGATE,691
3957,3119,OBLIGATE,OBLIGATE,691
3957,575,OBLIGATE,OBLIGATE,691
3957,40,OBLIGATE,OBLIGATE,691
3957,358,OBLIGATE,OBLIGATE,691
3957,359,OBLIGATE,OBLIGATE,691
3957,535,OBLIGATE,OBLIGATE,691
3957,1826,OBLIGATE,OBLIGATE,691
3957,3959,OBLIGATE,OBLIGATE,691
3957,1759,OBLIGATE,OBLIGATE,691
3957,3960,OBLIGATE,OBLIGATE,691
3957,18,OBLIGATE,OBLIGATE,691
3957,3504,OBLIGATE,OBLIGATE,691
3957,613,OBLIGATE,OBLIGATE,691
3957,1597,OBLIGATE,OBLIGATE,691
3957,3961,OBLIGATE,OBLIGATE,691
3957,3333,OBLIGATE,OBLIGATE,691
3957,3334,OBLIGATE,OBLIGATE,691
3957,416,OBLIGATE,OBLIGATE,691
3957,1825,OBLIGATE,OBLIGATE,691
3957,3720,OBLIGATE,OBLIGATE,691
3958,319,OBLIGATE,OBLIGATE,691
3958,177,OBLIGATE,OBLIGATE,691
3959,177,OBLIGATE,OBLIGATE,691
3959,532,OBLIGATE,OBLIGATE,691
3959,358,OBLIGATE,OBLIGATE,691
3960,1759,OBLIGATE,OBLIGATE,691
3960,18,OBLIGATE,OBLIGATE,691
3961,177,OBLIGATE,OBLIGATE,691
3961,532,OBLIGATE,OBLIGATE,691
3961,3504,OBLIGATE,OBLIGATE,691
3961,613,OBLIGATE,OBLIGATE,691
3961,1597,OBLIGATE,OBLIGATE,691
3962,3963,OBLIGATE,OBLIGATE,692
3962,3964,REPORT,REPORT,692
3962,3965,DEVELOP,DEVELOP,692
3962,3966,OBLIGATE,OBLIGATE,692
3962,3967,REPORT,REPORT,692
3962,634,OBLIGATE,OBLIGATE,692
3962,101,provide,PROVIDE,692
3962,268,OBLIGATE,OBLIGATE,692
3962,3968,OBLIGATE,OBLIGATE,692
3962,3969,OBLIGATE,OBLIGATE,692
3962,3970,OBLIGATE,OBLIGATE,692
3962,3971,OBLIGATE,OBLIGATE,692
3963,454,OBLIGATE,OBLIGATE,692
3963,634,OBLIGATE,OBLIGATE,692
3963,101,provide,PROVIDE,692
3963,268,OBLIGATE,OBLIGATE,692
3964,3963,REPORT,REPORT,692
3964,41,REPORT,REPORT,692
3964,3967,REPORT,REPORT,692
3965,3964,DEVELOP,DEVELOP,692
3966,3963,OBLIGATE,OBLIGATE,692
3966,3967,OBLIGATE,OBLIGATE,692
3966,634,OBLIGATE,OBLIGATE,692
3968,3963,OBLIGATE,OBLIGATE,692
3968,634,OBLIGATE,OBLIGATE,692
3968,41,OBLIGATE,OBLIGATE,692
3968,268,OBLIGATE,OBLIGATE,692
3968,3969,OBLIGATE,OBLIGATE,692
3968,3971,OBLIGATE,OBLIGATE,692
3969,3963,OBLIGATE,OBLIGATE,692
3969,634,OBLIGATE,OBLIGATE,692
3969,268,OBLIGATE,OBLIGATE,692
3969,3971,OBLIGATE,OBLIGATE,692
3970,3963,OBLIGATE,OBLIGATE,692
3970,634,OBLIGATE,OBLIGATE,692
3970,268,OBLIGATE,OBLIGATE,692
3970,3968,OBLIGATE,OBLIGATE,692
3970,3969,OBLIGATE,OBLIGATE,692
3970,3971,OBLIGATE,OBLIGATE,692
3971,3963,OBLIGATE,OBLIGATE,692
3971,634,OBLIGATE,OBLIGATE,692
3971,268,OBLIGATE,OBLIGATE,692
3971,52,define,DEFINE,806
3972,3765,OBLIGATE,OBLIGATE,693
3972,3462,OBLIGATE,OBLIGATE,693
3972,185,OBLIGATE,OBLIGATE,693
3972,131,OBLIGATE,OBLIGATE,693
3972,220,AUTHORIZE,AUTHORIZE,693
3972,3138,AUTHORIZE,AUTHORIZE,693
3972,3123,AUTHORIZE,AUTHORIZE,693
3972,1459,OBLIGATE,OBLIGATE,693
3972,3195,OBLIGATE,OBLIGATE,693
3974,131,RESTRICT,RESTRICT,694
3974,783,RESTRICT,RESTRICT,694
3974,157,RESTRICT,RESTRICT,694
3974,973,RESTRICT,RESTRICT,694
3979,267,OBLIGATE,OBLIGATE,695
3979,639,OBLIGATE,OBLIGATE,695
3979,6,OBLIGATE,OBLIGATE,695
3979,3,OBLIGATE,OBLIGATE,695
3979,109,OBLIGATE,OBLIGATE,695
3979,983,OBLIGATE,OBLIGATE,695
3979,3981,terminate,TERMINATE,695
3982,3983,AUTHORIZE,AUTHORIZE,696
3982,524,AUTHORIZE,AUTHORIZE,696
3982,40,OBLIGATE,OBLIGATE,696
3982,1032,OBLIGATE,OBLIGATE,696
3982,255,OBLIGATE,OBLIGATE,696
3982,2307,oblige,OBLIGE,696
3983,3,AUTHORIZE,AUTHORIZE,696
3983,524,AUTHORIZE,AUTHORIZE,696
3983,51,AUTHORIZE,AUTHORIZE,696
3984,3985,amend,AMEND,697
3984,3986,OBLIGATE,OBLIGATE,697
3984,3987,OBLIGATE,OBLIGATE,697
3984,2,OBLIGATE,OBLIGATE,697
3984,415,OBLIGATE,OBLIGATE,697
3984,3988,OBLIGATE,OBLIGATE,697
3984,3989,OBLIGATE,OBLIGATE,697
3984,3990,oblige,OBLIGE,697
3984,708,oblige,OBLIGE,697
3984,3991,SUPPORT,SUPPORT,697
3984,396,SUPPORT,SUPPORT,697
3984,234,SUPPORT,SUPPORT,697
3984,131,SUPPORT,SUPPORT,697
3984,18,OBLIGATE,OBLIGATE,697
3984,414,OBLIGATE,OBLIGATE,697
3984,292,necessitate,NECESSITATE,697
3984,40,OBLIGATE,OBLIGATE,697
3984,3119,OBLIGATE,OBLIGATE,697
3984,3992,OBLIGATE,OBLIGATE,697
3986,3987,OBLIGATE,OBLIGATE,697
3986,2,OBLIGATE,OBLIGATE,697
3986,415,OBLIGATE,OBLIGATE,697
3986,3988,OBLIGATE,OBLIGATE,697
3986,3989,OBLIGATE,OBLIGATE,697
3988,3987,OBLIGATE,OBLIGATE,697
3988,2,OBLIGATE,OBLIGATE,697
3988,415,OBLIGATE,OBLIGATE,697
3988,267,OBLIGATE,OBLIGATE,739
3988,386,OBLIGATE,OBLIGATE,739
3988,323,OBLIGATE,OBLIGATE,739
3989,3987,OBLIGATE,OBLIGATE,697
3989,2,OBLIGATE,OBLIGATE,697
3989,415,OBLIGATE,OBLIGATE,697
3989,3988,OBLIGATE,OBLIGATE,697
3990,3987,oblige,OBLIGE,697
3991,396,SUPPORT,SUPPORT,697
3991,234,SUPPORT,SUPPORT,697
3991,131,SUPPORT,SUPPORT,697
3993,3994,DEVELOP,DEVELOP,698
3993,18,DEVELOP,DEVELOP,698
3993,3182,OBLIGATE,OBLIGATE,698
3993,850,OBLIGATE,OBLIGATE,698
3993,320,OBLIGATE,OBLIGATE,698
3993,21,OBLIGATE,OBLIGATE,698
3993,69,OBLIGATE,OBLIGATE,698
3994,18,DEVELOP,DEVELOP,698
3994,3,DEVELOP,DEVELOP,698
3994,3182,DEVELOP,DEVELOP,698
3994,667,OBLIGATE,OBLIGATE,763
3994,3873,OBLIGATE,OBLIGATE,763
3994,392,OBLIGATE,OBLIGATE,763
3994,364,OBLIGATE,OBLIGATE,763
3994,858,OBLIGATE,OBLIGATE,763
3994,314,OBLIGATE,OBLIGATE,763
3994,157,OBLIGATE,OBLIGATE,763
3994,4263,OBLIGATE,OBLIGATE,763
3994,670,OBLIGATE,OBLIGATE,763
3994,671,OBLIGATE,OBLIGATE,763
3994,1619,OBLIGATE,OBLIGATE,763
3998,410,USE,USE,699
3998,337,USE,USE,699
3998,1546,USE,USE,699
3998,3999,USE,USE,699
3999,337,USE,USE,699
3999,1546,USE,USE,699
4000,2557,DEVELOP,DEVELOP,701
4000,2559,OBLIGATE,OBLIGATE,701
4000,403,AUTHORIZE,AUTHORIZE,701
4000,41,DEVELOP,DEVELOP,701
4000,575,OBLIGATE,OBLIGATE,701
4000,1077,OBLIGATE,OBLIGATE,701
4000,292,OBLIGATE,OBLIGATE,701
4000,26,OBLIGATE,OBLIGATE,701
4000,379,OBLIGATE,OBLIGATE,701
4000,327,OBLIGATE,OBLIGATE,701
4000,495,OBLIGATE,OBLIGATE,701
4000,1313,OBLIGATE,OBLIGATE,701
4000,4001,OBLIGATE,OBLIGATE,701
4000,4002,AUTHORIZE,AUTHORIZE,701
4000,4003,AUTHORIZE,AUTHORIZE,701
4000,2439,AUTHORIZE,AUTHORIZE,701
4000,4006,OBLIGATE,OBLIGATE,701
4001,327,OBLIGATE,OBLIGATE,701
4001,495,OBLIGATE,OBLIGATE,701
4001,1313,OBLIGATE,OBLIGATE,701
4002,403,AUTHORIZE,AUTHORIZE,701
4002,4003,AUTHORIZE,AUTHORIZE,701
4002,2439,AUTHORIZE,AUTHORIZE,701
4003,403,AUTHORIZE,AUTHORIZE,701
4006,292,OBLIGATE,OBLIGATE,701
4007,18,undermine,UNDERMINE,702
4007,930,undermine,UNDERMINE,702
4008,4009,DEVELOP,DEVELOP,703
4008,276,DEVELOP,DEVELOP,703
4008,850,DEVELOP,DEVELOP,703
4008,3,AUTHORIZE,AUTHORIZE,703
4008,2594,REPORT,REPORT,703
4008,4010,REPORT,REPORT,703
4008,335,REPORT,REPORT,703
4008,550,REPORT,REPORT,703
4008,707,REPORT,REPORT,703
4008,1720,DEVELOP,DEVELOP,703
4008,37,DEVELOP,DEVELOP,703
4009,276,DEVELOP,DEVELOP,703
4009,850,DEVELOP,DEVELOP,703
4010,335,REGULATE,REGULATE,818
4011,4012,RESTRICT,RESTRICT,704
4011,1119,OBLIGATE,OBLIGATE,704
4011,4015,OBLIGATE,OBLIGATE,704
4011,1032,OBLIGATE,OBLIGATE,704
4011,507,AUTHORIZE,AUTHORIZE,704
4011,4016,AUTHORIZE,AUTHORIZE,704
4011,478,intend,INTEND,704
4015,1119,OBLIGATE,OBLIGATE,704
4015,1032,OBLIGATE,OBLIGATE,704
4015,507,OBLIGATE,OBLIGATE,704
4016,507,AUTHORIZE,AUTHORIZE,704
4017,4018,DEVELOP,DEVELOP,705
4017,21,COORDINATE,COORDINATE,705
4017,617,DEVELOP,DEVELOP,705
4017,728,DEVELOP,DEVELOP,705
4017,235,DEVELOP,DEVELOP,705
4017,930,DEVELOP,DEVELOP,705
4017,138,OBLIGATE,OBLIGATE,705
4017,3,OBLIGATE,OBLIGATE,705
4017,121,OBLIGATE,OBLIGATE,705
4017,4019,OBLIGATE,OBLIGATE,705
4017,4020,OBLIGATE,OBLIGATE,705
4017,4021,OBLIGATE,OBLIGATE,705
4017,3119,OBLIGATE,OBLIGATE,705
4017,320,oblige,OBLIGE,705
4017,40,oblige,OBLIGE,705
4017,18,COORDINATE,COORDINATE,705
4018,21,DEVELOP,DEVELOP,705
4018,617,DEVELOP,DEVELOP,705
4018,728,DEVELOP,DEVELOP,705
4018,235,DEVELOP,DEVELOP,705
4018,930,DEVELOP,DEVELOP,705
4018,138,DEVELOP,DEVELOP,705
4019,21,OBLIGATE,OBLIGATE,705
4019,138,OBLIGATE,OBLIGATE,705
4019,121,OBLIGATE,OBLIGATE,705
4019,4020,OBLIGATE,OBLIGATE,705
4020,21,OBLIGATE,OBLIGATE,705
4020,138,OBLIGATE,OBLIGATE,705
4020,121,OBLIGATE,OBLIGATE,705
4021,3,OBLIGATE,OBLIGATE,705
4022,1941,OBLIGATE,OBLIGATE,706
4022,177,OBLIGATE,OBLIGATE,706
4022,4023,SUPPORT,SUPPORT,706
4022,318,OBLIGATE,OBLIGATE,706
4022,858,oblige,OBLIGE,706
4022,396,oblige,OBLIGE,706
4022,4024,oblige,OBLIGE,706
4022,4025,oblige,OBLIGE,706
4022,13,OBLIGATE,OBLIGATE,706
4022,295,OBLIGATE,OBLIGATE,706
4022,392,OBLIGATE,OBLIGATE,706
4022,475,OBLIGATE,OBLIGATE,706
4023,1941,SUPPORT,SUPPORT,706
4023,177,SUPPORT,SUPPORT,706
4023,40,SUPPORT,SUPPORT,706
4024,858,oblige,OBLIGE,706
4025,40,oblige,OBLIGE,706
4025,858,oblige,OBLIGE,706
4025,396,oblige,OBLIGE,706
4025,4024,oblige,OBLIGE,706
4027,347,OBLIGATE,OBLIGATE,707
4027,625,OBLIGATE,OBLIGATE,707
4027,6,OBLIGATE,OBLIGATE,707
4027,4029,OBLIGATE,OBLIGATE,707
4027,224,DEVELOP,DEVELOP,707
4027,328,DEVELOP,DEVELOP,707
4029,347,OBLIGATE,OBLIGATE,707
4029,625,OBLIGATE,OBLIGATE,707
4029,6,OBLIGATE,OBLIGATE,707
4030,4031,OBLIGATE,OBLIGATE,708
4030,109,OBLIGATE,OBLIGATE,708
4030,1703,OBLIGATE,OBLIGATE,708
4030,224,AUTHORIZE,AUTHORIZE,708
4030,333,include,INCLUDE,708
4030,278,include,INCLUDE,708
4030,4033,OBLIGATE,OBLIGATE,708
4030,1554,OBLIGATE,OBLIGATE,708
4030,4034,OBLIGATE,OBLIGATE,708
4030,59,OBLIGATE,OBLIGATE,708
4030,1137,OBLIGATE,OBLIGATE,708
4030,63,OBLIGATE,OBLIGATE,708
4030,565,AUTHORIZE,AUTHORIZE,708
4030,713,AUTHORIZE,AUTHORIZE,708
4031,109,OBLIGATE,OBLIGATE,708
4031,1703,OBLIGATE,OBLIGATE,708
4031,386,OBLIGATE,OBLIGATE,708
4033,386,OBLIGATE,OBLIGATE,708
4035,550,DEVELOP,DEVELOP,709
4035,313,DEVELOP,DEVELOP,709
4035,1825,DEVELOP,DEVELOP,709
4035,4036,OBLIGATE,OBLIGATE,709
4035,177,OBLIGATE,OBLIGATE,709
4035,210,OBLIGATE,OBLIGATE,709
4035,52,OBLIGATE,OBLIGATE,709
4035,328,DEVELOP,DEVELOP,709
4035,4037,OBLIGATE,OBLIGATE,709
4035,5,OBLIGATE,OBLIGATE,709
4035,276,IMPLEMENT,IMPLEMENT,709
4035,1668,IMPLEMENT,IMPLEMENT,709
4035,3305,AUTHORIZE,AUTHORIZE,709
4035,67,AUTHORIZE,AUTHORIZE,709
4035,4041,AUTHORIZE,AUTHORIZE,709
4035,1332,AUTHORIZE,AUTHORIZE,709
4035,2,DEVELOP,DEVELOP,709
4035,1352,initiate,INITIATE,709
4035,33,initiate,INITIATE,709
4035,13,OBLIGATE,OBLIGATE,709
4035,838,OBLIGATE,OBLIGATE,709
4035,4042,OBLIGATE,OBLIGATE,709
4035,278,DEVELOP,DEVELOP,709
4036,177,OBLIGATE,OBLIGATE,709
4036,210,OBLIGATE,OBLIGATE,709
4036,236,OBLIGATE,OBLIGATE,709
4037,5,OBLIGATE,OBLIGATE,709
4038,4035,OBLIGATE,OBLIGATE,709
4038,4037,OBLIGATE,OBLIGATE,709
4038,5,OBLIGATE,OBLIGATE,709
4039,4035,IMPLEMENT,IMPLEMENT,709
4039,276,IMPLEMENT,IMPLEMENT,709
4039,1668,IMPLEMENT,IMPLEMENT,709
4040,4035,IMPLEMENT,IMPLEMENT,709
4040,4039,IMPLEMENT,IMPLEMENT,709
4040,276,IMPLEMENT,IMPLEMENT,709
4040,1668,IMPLEMENT,IMPLEMENT,709
4041,3305,AUTHORIZE,AUTHORIZE,709
4041,67,AUTHORIZE,AUTHORIZE,709
4041,1332,AUTHORIZE,AUTHORIZE,709
4042,236,OBLIGATE,OBLIGATE,709
4042,322,OBLIGATE,OBLIGATE,728
4042,13,OBLIGATE,OBLIGATE,709
4042,838,OBLIGATE,OBLIGATE,728
4042,481,OBLIGATE,OBLIGATE,728
4042,1787,OBLIGATE,OBLIGATE,728
4043,4035,DEVELOP,DEVELOP,709
4043,1825,DEVELOP,DEVELOP,709
4043,278,DEVELOP,DEVELOP,709
4044,4049,include,INCLUDE,710
4044,1169,include,INCLUDE,710
4044,396,include,INCLUDE,710
4045,109,DEVELOP,DEVELOP,715
4045,366,DEVELOP,DEVELOP,715
4045,2301,DEVELOP,DEVELOP,715
4049,1169,include,INCLUDE,710
4049,396,include,INCLUDE,710
4050,216,access,ACCESS,711
4050,4051,access,ACCESS,711
4050,415,access,ACCESS,711
4050,4052,access,ACCESS,711
4050,4053,access,ACCESS,711
4050,1500,AUTHORIZE,AUTHORIZE,711
4050,4054,OBLIGATE,OBLIGATE,711
4050,1665,OBLIGATE,OBLIGATE,711
4051,415,access,ACCESS,711
4052,216,access,ACCESS,711
4052,4051,access,ACCESS,711
4052,415,access,ACCESS,711
4053,216,access,ACCESS,711
4053,4051,access,ACCESS,711
4053,415,access,ACCESS,711
4053,4052,access,ACCESS,711
4053,52,access,ACCESS,711
4053,1500,access,ACCESS,711
4054,1665,OBLIGATE,OBLIGATE,711
4056,231,meet,MEET,712
4056,3,meet,MEET,712
4056,148,RESTRICT,RESTRICT,712
4056,4057,RESTRICT,RESTRICT,712
4056,90,OBLIGATE,OBLIGATE,712
4056,886,OBLIGATE,OBLIGATE,712
4056,50,OBLIGATE,OBLIGATE,712
4056,220,OBLIGATE,OBLIGATE,712
4056,59,OBLIGATE,OBLIGATE,712
4056,252,OBLIGATE,OBLIGATE,712
4056,109,OBLIGATE,OBLIGATE,712
4056,422,meet,MEET,712
4056,4058,meet,MEET,712
4057,231,RESTRICT,RESTRICT,712
4057,148,RESTRICT,RESTRICT,712
4058,231,meet,MEET,712
4058,422,meet,MEET,712
4060,2504,amend,AMEND,714
4060,929,amend,AMEND,714
4060,919,OBLIGATE,OBLIGATE,714
4060,3,OBLIGATE,OBLIGATE,714
4060,320,SUPPORT,SUPPORT,714
4060,1132,OBLIGATE,OBLIGATE,714
4060,3119,OBLIGATE,OBLIGATE,714
4060,52,OBLIGATE,OBLIGATE,714
4060,2,SUPPORT,SUPPORT,714
4060,41,SUPPORT,SUPPORT,714
4060,1941,OBLIGATE,OBLIGATE,714
4060,570,OBLIGATE,OBLIGATE,714
4061,4045,DEVELOP,DEVELOP,715
4061,109,DEVELOP,DEVELOP,715
4061,366,DEVELOP,DEVELOP,715
4061,2301,OBLIGATE,OBLIGATE,715
4061,33,OBLIGATE,OBLIGATE,715
4061,103,OBLIGATE,OBLIGATE,715
4061,121,OBLIGATE,OBLIGATE,715
4061,4062,OBLIGATE,OBLIGATE,715
4061,4063,OBLIGATE,OBLIGATE,715
4061,1556,OBLIGATE,OBLIGATE,715
4061,18,OBLIGATE,OBLIGATE,715
4061,13,OBLIGATE,OBLIGATE,715
4061,4064,OBLIGATE,OBLIGATE,715
4061,4065,OBLIGATE,OBLIGATE,715
4061,1941,OBLIGATE,OBLIGATE,715
4061,514,OBLIGATE,OBLIGATE,715
4063,18,OBLIGATE,OBLIGATE,715
4064,13,OBLIGATE,OBLIGATE,715
4064,4065,OBLIGATE,OBLIGATE,715
4065,13,OBLIGATE,OBLIGATE,715
4065,67,DEVELOP,DEVELOP,837
4065,109,OBLIGATE,OBLIGATE,886
4066,320,OBLIGATE,OBLIGATE,716
4066,2061,amend,AMEND,716
4066,4068,amend,AMEND,716
4066,236,AUTHORIZE,AUTHORIZE,716
4066,1941,OBLIGATE,OBLIGATE,716
4066,2594,OBLIGATE,OBLIGATE,716
4066,4069,OBLIGATE,OBLIGATE,716
4066,177,AUTHORIZE,AUTHORIZE,716
4066,199,EVALUATE,EVALUATE,716
4066,200,EVALUATE,EVALUATE,716
4066,4070,EVALUATE,EVALUATE,716
4066,1720,OBLIGATE,OBLIGATE,716
4066,37,DEVELOP,DEVELOP,716
4066,13,OBLIGATE,OBLIGATE,716
4066,63,OBLIGATE,OBLIGATE,716
4066,84,AUTHORIZE,AUTHORIZE,716
4067,4066,amend,AMEND,716
4067,320,amend,AMEND,716
4067,2061,amend,AMEND,716
4067,4068,amend,AMEND,716
4068,320,amend,AMEND,716
4068,418,demonstrate,DEMONSTRATE,737
4068,273,demonstrate,DEMONSTRATE,737
4068,3,demonstrate,DEMONSTRATE,737
4068,1607,demonstrate,DEMONSTRATE,737
4069,1941,OBLIGATE,OBLIGATE,716
4070,199,EVALUATE,EVALUATE,716
4070,200,EVALUATE,EVALUATE,716
4071,4066,DEVELOP,DEVELOP,716
4071,1720,DEVELOP,DEVELOP,716
4071,37,DEVELOP,DEVELOP,716
4072,644,oblige,OBLIGE,717
4072,18,OBLIGATE,OBLIGATE,717
4072,267,oblige,OBLIGE,717
4072,224,AUTHORIZE,AUTHORIZE,717
4072,550,OBLIGATE,OBLIGATE,717
4072,33,OBLIGATE,OBLIGATE,717
4072,295,OBLIGATE,OBLIGATE,717
4072,1733,OBLIGATE,OBLIGATE,717
4072,1314,OBLIGATE,OBLIGATE,717
4072,2,oblige,OBLIGE,717
4072,207,oblige,OBLIGE,717
4072,195,OBLIGATE,OBLIGATE,717
4072,1230,OBLIGATE,OBLIGATE,717
4072,416,OBLIGATE,OBLIGATE,717
4072,41,OBLIGATE,OBLIGATE,717
4072,13,oblige,OBLIGE,717
4072,323,oblige,OBLIGE,717
4073,644,OBLIGATE,OBLIGATE,718
4073,63,OBLIGATE,OBLIGATE,718
4073,4074,REPORT,REPORT,718
4073,4075,OBLIGATE,OBLIGATE,718
4073,273,REPORT,REPORT,718
4073,262,OBLIGATE,OBLIGATE,718
4073,1587,OBLIGATE,OBLIGATE,718
4073,192,categorize,CATEGORIZE,718
4073,3119,OBLIGATE,OBLIGATE,718
4073,85,categorize,CATEGORIZE,718
4073,1364,categorize,CATEGORIZE,718
4073,13,OBLIGATE,OBLIGATE,718
4074,644,REPORT,REPORT,718
4074,63,REPORT,REPORT,718
4074,273,REPORT,REPORT,718
4075,644,OBLIGATE,OBLIGATE,718
4075,63,REPORT,REPORT,718
4075,4074,REPORT,REPORT,718
4075,273,REPORT,REPORT,718
4077,298,EVALUATE,EVALUATE,720
4077,4078,EVALUATE,EVALUATE,720
4077,1758,EVALUATE,EVALUATE,720
4077,297,REPORT,REPORT,720
4077,40,REPORT,REPORT,720
4077,3,REPORT,REPORT,720
4077,4079,REPORT,REPORT,720
4077,451,REPORT,REPORT,720
4077,6,REPORT,REPORT,720
4077,67,REPORT,REPORT,720
4077,4080,REPORT,REPORT,720
4077,4081,EVALUATE,EVALUATE,720
4077,52,DEVELOP,DEVELOP,720
4077,614,DEVELOP,DEVELOP,720
4077,4082,DEVELOP,DEVELOP,720
4077,4083,DEVELOP,DEVELOP,720
4077,278,DEVELOP,DEVELOP,720
4078,276,EVALUATE,EVALUATE,720
4078,298,EVALUATE,EVALUATE,720
4078,1758,EVALUATE,EVALUATE,720
4079,3,REPORT,REPORT,720
4079,451,REPORT,REPORT,720
4079,67,REPORT,REPORT,720
4080,276,REPORT,REPORT,720
4080,298,REPORT,REPORT,720
4080,297,REPORT,REPORT,720
4080,40,REPORT,REPORT,720
4080,3,REPORT,REPORT,720
4080,4079,REPORT,REPORT,720
4080,451,REPORT,REPORT,720
4080,6,REPORT,REPORT,720
4080,67,REPORT,REPORT,720
4081,298,EVALUATE,EVALUATE,720
4081,52,EVALUATE,EVALUATE,720
4082,614,DEVELOP,DEVELOP,720
4082,52,DEVELOP,DEVELOP,720
4083,614,DEVELOP,DEVELOP,720
4083,4082,DEVELOP,DEVELOP,720
4083,278,DEVELOP,DEVELOP,720
4083,52,DEVELOP,DEVELOP,720
4084,236,OBLIGATE,OBLIGATE,721
4084,335,OBLIGATE,OBLIGATE,721
4084,1105,OBLIGATE,OBLIGATE,721
4084,121,OBLIGATE,OBLIGATE,721
4084,1941,OBLIGATE,OBLIGATE,721
4084,4087,OBLIGATE,OBLIGATE,721
4084,2842,OBLIGATE,OBLIGATE,721
4084,379,OBLIGATE,OBLIGATE,721
4084,364,OBLIGATE,OBLIGATE,721
4084,570,OBLIGATE,OBLIGATE,721
4084,872,OBLIGATE,OBLIGATE,721
4084,1139,OBLIGATE,OBLIGATE,721
4087,1941,OBLIGATE,OBLIGATE,721
4087,2842,OBLIGATE,OBLIGATE,721
4087,3,advocate,ADVOCATE,880
4089,195,transmit,TRANSMIT,722
4090,485,OBLIGATE,OBLIGATE,768
4090,1358,OBLIGATE,OBLIGATE,768
4091,407,AUTHORIZE,AUTHORIZE,723
4091,327,AUTHORIZE,AUTHORIZE,723
4091,408,OBLIGATE,OBLIGATE,723
4091,53,OBLIGATE,OBLIGATE,723
4091,3,OBLIGATE,OBLIGATE,723
4091,311,prescribe,PRESCRIBE,723
4092,4091,AUTHORIZE,AUTHORIZE,723
4092,407,AUTHORIZE,AUTHORIZE,723
4092,327,AUTHORIZE,AUTHORIZE,723
4092,34,AUTHORIZE,AUTHORIZE,723
4092,52,AUTHORIZE,AUTHORIZE,723
4094,543,OBLIGATE,OBLIGATE,724
4094,63,OBLIGATE,OBLIGATE,724
4095,687,OBLIGATE,OBLIGATE,725
4095,3,AUTHORIZE,AUTHORIZE,725
4095,3564,AUTHORIZE,AUTHORIZE,725
4096,4095,OBLIGATE,OBLIGATE,725
4096,687,OBLIGATE,OBLIGATE,725
4096,3564,OBLIGATE,OBLIGATE,725
4097,4095,OBLIGATE,OBLIGATE,725
4097,4096,OBLIGATE,OBLIGATE,725
4097,687,OBLIGATE,OBLIGATE,725
4098,178,OBLIGATE,OBLIGATE,726
4098,392,DEVELOP,DEVELOP,726
4098,224,OBLIGATE,OBLIGATE,726
4098,131,DEVELOP,DEVELOP,726
4098,151,DEVELOP,DEVELOP,726
4098,1107,join,JOIN,726
4098,4099,join,JOIN,726
4098,109,deem,DEEM,726
4098,442,deem,DEEM,726
4098,570,OBLIGATE,OBLIGATE,726
4098,220,OBLIGATE,OBLIGATE,726
4098,957,DEVELOP,DEVELOP,726
4098,2490,DEVELOP,DEVELOP,726
4098,3,DEVELOP,DEVELOP,726
4098,4100,DEVELOP,DEVELOP,726
4098,177,DEVELOP,DEVELOP,726
4099,178,join,JOIN,726
4099,3113,join,JOIN,726
4099,151,join,JOIN,726
4099,1107,join,JOIN,726
4100,151,DEVELOP,DEVELOP,726
4100,220,DEVELOP,DEVELOP,726
4100,957,DEVELOP,DEVELOP,726
4100,2490,DEVELOP,DEVELOP,726
4100,3,DEVELOP,DEVELOP,726
4100,177,DEVELOP,DEVELOP,726
4101,2583,DEVELOP,DEVELOP,727
4101,4102,define,DEFINE,727
4101,213,define,DEFINE,727
4101,3458,OBLIGATE,OBLIGATE,727
4101,327,DEVELOP,DEVELOP,727
4101,267,SUPPORT,SUPPORT,727
4101,328,AUTHORIZE,AUTHORIZE,727
4101,570,oblige,OBLIGE,727
4101,4103,define,DEFINE,727
4101,416,SUPPORT,SUPPORT,727
4101,4104,OBLIGATE,OBLIGATE,727
4101,4105,OBLIGATE,OBLIGATE,727
4101,223,OBLIGATE,OBLIGATE,727
4102,2583,DEVELOP,DEVELOP,727
4102,213,define,DEFINE,727
4102,3458,DEVELOP,DEVELOP,727
4102,327,DEVELOP,DEVELOP,727
4102,267,DEVELOP,DEVELOP,727
4103,4102,define,DEFINE,727
4103,213,define,DEFINE,727
4104,3458,OBLIGATE,OBLIGATE,727
4104,4105,OBLIGATE,OBLIGATE,727
4104,223,OBLIGATE,OBLIGATE,727
4105,3458,OBLIGATE,OBLIGATE,727
4105,223,OBLIGATE,OBLIGATE,727
4106,2506,DEVELOP,DEVELOP,728
4106,313,OBLIGATE,OBLIGATE,728
4106,192,DEVELOP,DEVELOP,728
4106,328,IMPLEMENT,IMPLEMENT,728
4106,837,SUPPORT,SUPPORT,728
4106,2576,IMPLEMENT,IMPLEMENT,728
4106,4107,IMPLEMENT,IMPLEMENT,728
4106,386,OBLIGATE,OBLIGATE,728
4106,4108,OBLIGATE,OBLIGATE,728
4106,481,OBLIGATE,OBLIGATE,728
4106,52,SUPPORT,SUPPORT,728
4106,1590,SUPPORT,SUPPORT,728
4106,235,SUPPORT,SUPPORT,728
4106,1958,DEVELOP,DEVELOP,728
4106,495,DEVELOP,DEVELOP,728
4106,363,SUPPORT,SUPPORT,728
4106,2,SUPPORT,SUPPORT,728
4106,212,emphasize,EMPHASIZE,728
4106,6,emphasize,EMPHASIZE,728
4106,121,emphasize,EMPHASIZE,728
4106,565,emphasize,EMPHASIZE,728
4106,312,AUTHORIZE,AUTHORIZE,728
4106,4042,OBLIGATE,OBLIGATE,728
4106,838,OBLIGATE,OBLIGATE,728
4106,1787,OBLIGATE,OBLIGATE,728
4107,2576,IMPLEMENT,IMPLEMENT,728
4107,328,IMPLEMENT,IMPLEMENT,728
4108,386,OBLIGATE,OBLIGATE,728
4108,177,OBLIGATE,OBLIGATE,728
4108,131,OBLIGATE,OBLIGATE,728
4108,322,OBLIGATE,OBLIGATE,728
4108,481,OBLIGATE,OBLIGATE,728
4109,37,OBLIGATE,OBLIGATE,729
4109,2869,OBLIGATE,OBLIGATE,765
4109,1137,OBLIGATE,OBLIGATE,765
4109,1941,OBLIGATE,OBLIGATE,765
4109,1072,OBLIGATE,OBLIGATE,765
4109,320,OBLIGATE,OBLIGATE,765
4109,13,OBLIGATE,OBLIGATE,765
4109,63,OBLIGATE,OBLIGATE,765
4109,1880,OBLIGATE,OBLIGATE,765
4109,233,OBLIGATE,OBLIGATE,765
4109,4267,OBLIGATE,OBLIGATE,765
4110,4112,DEVELOP,DEVELOP,730
4110,4113,DEVELOP,DEVELOP,730
4110,34,DEVELOP,DEVELOP,730
4110,67,AUTHORIZE,AUTHORIZE,730
4110,4114,DEVELOP,DEVELOP,730
4110,418,OBLIGATE,OBLIGATE,730
4110,350,OBLIGATE,OBLIGATE,730
4110,13,OBLIGATE,OBLIGATE,730
4110,328,AUTHORIZE,AUTHORIZE,730
4110,312,AUTHORIZE,AUTHORIZE,730
4110,4115,AUTHORIZE,AUTHORIZE,730
4113,34,DEVELOP,DEVELOP,730
4113,67,DEVELOP,DEVELOP,730
4113,4114,DEVELOP,DEVELOP,730
4114,613,DEVELOP,DEVELOP,730
4114,34,DEVELOP,DEVELOP,730
4114,67,DEVELOP,DEVELOP,730
4115,358,AUTHORIZE,AUTHORIZE,730
4115,177,AUTHORIZE,AUTHORIZE,730
4115,67,AUTHORIZE,AUTHORIZE,730
4115,328,AUTHORIZE,AUTHORIZE,730
4115,312,AUTHORIZE,AUTHORIZE,730
4116,359,SUPPORT,SUPPORT,731
4116,360,OBLIGATE,OBLIGATE,731
4116,3,SUPPORT,SUPPORT,731
4116,4117,OBLIGATE,OBLIGATE,731
4116,131,SUPPORT,SUPPORT,731
4116,224,SUPPORT,SUPPORT,731
4116,295,OBLIGATE,OBLIGATE,731
4116,957,OBLIGATE,OBLIGATE,731
4116,361,OBLIGATE,OBLIGATE,731
4116,3381,SUPPORT,SUPPORT,731
4116,4118,OBLIGATE,OBLIGATE,731
4116,4119,DEVELOP,DEVELOP,731
4116,4120,DEVELOP,DEVELOP,731
4116,363,SUPPORT,SUPPORT,731
4116,364,SUPPORT,SUPPORT,731
4116,144,AUTHORIZE,AUTHORIZE,731
4116,278,AUTHORIZE,AUTHORIZE,731
4116,234,AUTHORIZE,AUTHORIZE,731
4116,177,SUPPORT,SUPPORT,731
4116,1828,SUPPORT,SUPPORT,731
4116,40,SUPPORT,SUPPORT,731
4117,359,OBLIGATE,OBLIGATE,731
4117,360,OBLIGATE,OBLIGATE,731
4117,3,OBLIGATE,OBLIGATE,731
4118,3,OBLIGATE,OBLIGATE,731
4119,3,DEVELOP,DEVELOP,731
4119,131,DEVELOP,DEVELOP,731
4120,3,DEVELOP,DEVELOP,731
4120,4119,DEVELOP,DEVELOP,731
4120,131,DEVELOP,DEVELOP,731
4121,4122,OBLIGATE,OBLIGATE,732
4121,3636,REPORT,REPORT,732
4121,224,REGULATE,REGULATE,732
4121,268,specify,SPECIFY,732
4121,341,define,DEFINE,732
4121,2857,REPORT,REPORT,732
4121,3009,REPORT,REPORT,732
4121,76,REGULATE,REGULATE,732
4121,109,take,TAKE,732
4121,3132,take,TAKE,732
4121,4123,specify,SPECIFY,732
4121,103,specify,SPECIFY,732
4121,225,exclude,EXCLUDE,732
4121,4124,exclude,EXCLUDE,732
4121,327,define,DEFINE,732
4121,8,REGULATE,REGULATE,732
4122,3636,OBLIGATE,OBLIGATE,732
4123,268,specify,SPECIFY,732
4123,103,specify,SPECIFY,732
4124,225,exclude,EXCLUDE,732
4125,575,REGULATE,REGULATE,733
4125,3895,REGULATE,REGULATE,733
4125,177,REGULATE,REGULATE,733
4125,3,REGULATE,REGULATE,733
4125,2783,REGULATE,REGULATE,733
4125,140,REGULATE,REGULATE,733
4125,1832,REGULATE,REGULATE,733
4125,295,REGULATE,REGULATE,733
4125,34,REGULATE,REGULATE,733
4125,4126,REGULATE,REGULATE,733
4125,318,REGULATE,REGULATE,733
4125,40,REGULATE,REGULATE,733
4125,3288,REGULATE,REGULATE,733
4125,405,REGULATE,REGULATE,733
4125,327,REGULATE,REGULATE,733
4125,570,REGULATE,REGULATE,733
4125,236,REGULATE,REGULATE,733
4125,1835,REGULATE,REGULATE,733
4126,3,REGULATE,REGULATE,733
4126,177,REGULATE,REGULATE,733
4126,140,REGULATE,REGULATE,733
4126,1832,REGULATE,REGULATE,733
4126,295,REGULATE,REGULATE,733
4126,34,REGULATE,REGULATE,733
4126,318,REGULATE,REGULATE,733
4126,40,REGULATE,REGULATE,733
4126,3288,REGULATE,REGULATE,733
4126,327,REGULATE,REGULATE,733
4126,236,REGULATE,REGULATE,733
4126,1835,REGULATE,REGULATE,733
4127,4125,REGULATE,REGULATE,733
4127,3,REGULATE,REGULATE,733
4127,3895,REGULATE,REGULATE,733
4127,2783,REGULATE,REGULATE,733
4127,177,REGULATE,REGULATE,733
4127,140,REGULATE,REGULATE,733
4127,1832,REGULATE,REGULATE,733
4127,295,REGULATE,REGULATE,733
4127,34,REGULATE,REGULATE,733
4127,4126,REGULATE,REGULATE,733
4127,318,REGULATE,REGULATE,733
4127,40,REGULATE,REGULATE,733
4127,3288,REGULATE,REGULATE,733
4127,405,REGULATE,REGULATE,733
4127,327,REGULATE,REGULATE,733
4127,570,REGULATE,REGULATE,733
4127,236,REGULATE,REGULATE,733
4127,1835,REGULATE,REGULATE,733
4128,822,DEVELOP,DEVELOP,792
4128,1369,DEVELOP,DEVELOP,792
4128,40,DEVELOP,DEVELOP,792
4128,33,DEVELOP,DEVELOP,792
4128,81,DEVELOP,DEVELOP,792
4128,224,DEVELOP,DEVELOP,792
4132,4133,RESTRICT,RESTRICT,735
4132,99,RESTRICT,RESTRICT,735
4132,224,REGULATE,REGULATE,735
4132,89,RESTRICT,RESTRICT,735
4132,104,RESTRICT,RESTRICT,735
4132,4134,REPORT,REPORT,735
4132,90,REPORT,REPORT,735
4133,99,RESTRICT,RESTRICT,735
4134,90,REPORT,REPORT,735
4138,292,SUPPORT,SUPPORT,736
4138,177,OBLIGATE,OBLIGATE,736
4138,347,SUPPORT,SUPPORT,736
4138,3414,SUPPORT,SUPPORT,736
4138,4142,OBLIGATE,OBLIGATE,736
4138,416,OBLIGATE,OBLIGATE,736
4138,3745,AUTHORIZE,AUTHORIZE,736
4138,328,AUTHORIZE,AUTHORIZE,736
4142,177,OBLIGATE,OBLIGATE,736
4142,416,OBLIGATE,OBLIGATE,736
4143,350,OBLIGATE,OBLIGATE,737
4143,481,OBLIGATE,OBLIGATE,737
4143,4145,OBLIGATE,OBLIGATE,737
4143,418,OBLIGATE,OBLIGATE,737
4143,13,OBLIGATE,OBLIGATE,737
4143,63,OBLIGATE,OBLIGATE,737
4143,224,OBLIGATE,OBLIGATE,737
4146,418,demonstrate,DEMONSTRATE,737
4146,273,demonstrate,DEMONSTRATE,737
4146,3,demonstrate,DEMONSTRATE,737
4146,1607,demonstrate,DEMONSTRATE,737
4146,4068,demonstrate,DEMONSTRATE,737
4147,4149,have,HAVE,738
4147,4150,have,HAVE,738
4147,177,have,HAVE,738
4147,268,have,HAVE,738
4147,2,have,HAVE,738
4147,415,have,HAVE,738
4147,82,have,HAVE,738
4147,40,have,HAVE,738
4149,4150,have,HAVE,738
4149,177,have,HAVE,738
4149,268,have,HAVE,738
4149,2,have,HAVE,738
4149,415,have,HAVE,738
4149,82,have,HAVE,738
4149,40,have,HAVE,738
4150,3,have,HAVE,738
4150,177,have,HAVE,738
4150,268,have,HAVE,738
4150,2,have,HAVE,738
4150,415,have,HAVE,738
4150,82,have,HAVE,738
4150,40,have,HAVE,738
4151,297,EVALUATE,EVALUATE,739
4151,267,OBLIGATE,OBLIGATE,739
4151,386,REGULATE,REGULATE,739
4151,4154,OBLIGATE,OBLIGATE,739
4151,3988,OBLIGATE,OBLIGATE,739
4151,323,OBLIGATE,OBLIGATE,739
4151,4155,OBLIGATE,OBLIGATE,739
4151,328,AUTHORIZE,AUTHORIZE,739
4151,4156,EVALUATE,EVALUATE,739
4151,362,EVALUATE,EVALUATE,739
4151,18,SUPPORT,SUPPORT,739
4154,267,OBLIGATE,OBLIGATE,739
4154,386,OBLIGATE,OBLIGATE,739
4154,3988,OBLIGATE,OBLIGATE,739
4154,323,OBLIGATE,OBLIGATE,739
4155,297,OBLIGATE,OBLIGATE,739
4155,267,OBLIGATE,OBLIGATE,739
4155,386,OBLIGATE,OBLIGATE,739
4155,4154,OBLIGATE,OBLIGATE,739
4155,3988,OBLIGATE,OBLIGATE,739
4155,323,OBLIGATE,OBLIGATE,739
4156,297,EVALUATE,EVALUATE,739
4157,34,SUPPORT,SUPPORT,740
4157,224,RESTRICT,RESTRICT,740
4157,4158,OBLIGATE,OBLIGATE,740
4157,131,OBLIGATE,OBLIGATE,740
4157,148,SUPPORT,SUPPORT,740
4157,100,SUPPORT,SUPPORT,740
4157,50,conduct,CONDUCT,740
4157,4159,target,TARGET,740
4157,4160,target,TARGET,740
4157,67,SUPPORT,SUPPORT,740
4157,570,OBLIGATE,OBLIGATE,740
4158,3,OBLIGATE,OBLIGATE,740
4158,131,OBLIGATE,OBLIGATE,740
4160,3,target,TARGET,740
4160,4159,target,TARGET,740
4163,2573,amend,AMEND,742
4163,2460,amend,AMEND,742
4163,4165,DEVELOP,DEVELOP,742
4163,452,DEVELOP,DEVELOP,742
4163,4166,OBLIGATE,OBLIGATE,742
4163,1829,OBLIGATE,OBLIGATE,742
4163,1832,OBLIGATE,OBLIGATE,742
4163,4167,OBLIGATE,OBLIGATE,742
4163,4168,OBLIGATE,OBLIGATE,742
4163,4169,DEVELOP,DEVELOP,742
4163,67,DEVELOP,DEVELOP,742
4163,312,AUTHORIZE,AUTHORIZE,742
4163,4170,REPORT,REPORT,742
4163,268,OBLIGATE,OBLIGATE,742
4163,4171,OBLIGATE,OBLIGATE,742
4164,4163,DEVELOP,DEVELOP,742
4164,4165,DEVELOP,DEVELOP,742
4164,452,DEVELOP,DEVELOP,742
4164,177,DEVELOP,DEVELOP,742
4165,452,DEVELOP,DEVELOP,742
4166,131,OBLIGATE,OBLIGATE,742
4167,4168,OBLIGATE,OBLIGATE,742
4169,177,DEVELOP,DEVELOP,742
4169,67,DEVELOP,DEVELOP,742
4171,268,OBLIGATE,OBLIGATE,742
4172,4173,OBLIGATE,OBLIGATE,743
4172,4174,OBLIGATE,OBLIGATE,743
4172,3,AUTHORIZE,AUTHORIZE,743
4172,1214,OBLIGATE,OBLIGATE,743
4172,37,OBLIGATE,OBLIGATE,743
4172,35,specify,SPECIFY,743
4172,4175,specify,SPECIFY,743
4172,36,specify,SPECIFY,743
4172,4176,specify,SPECIFY,743
4172,4177,specify,SPECIFY,743
4172,21,specify,SPECIFY,743
4173,4174,OBLIGATE,OBLIGATE,743
4173,1214,OBLIGATE,OBLIGATE,743
4174,1214,OBLIGATE,OBLIGATE,743
4175,37,OBLIGATE,OBLIGATE,743
4175,35,specify,SPECIFY,743
4175,36,specify,SPECIFY,743
4175,4176,specify,SPECIFY,743
4175,21,specify,SPECIFY,743
4176,37,OBLIGATE,OBLIGATE,743
4176,35,specify,SPECIFY,743
4176,36,specify,SPECIFY,743
4176,21,specify,SPECIFY,743
4177,37,OBLIGATE,OBLIGATE,743
4177,35,specify,SPECIFY,743
4177,4175,specify,SPECIFY,743
4177,36,specify,SPECIFY,743
4177,4176,specify,SPECIFY,743
4177,21,specify,SPECIFY,743
4178,4179,AUTHORIZE,AUTHORIZE,744
4178,2291,OBLIGATE,OBLIGATE,744
4178,550,OBLIGATE,OBLIGATE,744
4178,255,OBLIGATE,OBLIGATE,744
4178,777,OBLIGATE,OBLIGATE,744
4178,1832,OBLIGATE,OBLIGATE,744
4178,379,OBLIGATE,OBLIGATE,744
4178,295,OBLIGATE,OBLIGATE,744
4178,3380,OBLIGATE,OBLIGATE,744
4178,1111,OBLIGATE,OBLIGATE,744
4178,236,OBLIGATE,OBLIGATE,744
4178,52,OBLIGATE,OBLIGATE,744
4178,276,OBLIGATE,OBLIGATE,744
4178,418,OBLIGATE,OBLIGATE,744
4178,63,OBLIGATE,OBLIGATE,744
4180,541,make,MAKE,745
4180,187,make,MAKE,745
4180,4181,make,MAKE,745
4180,195,make,MAKE,745
4180,248,make,MAKE,745
4180,4182,make,MAKE,745
4180,224,OBLIGATE,OBLIGATE,745
4181,187,make,MAKE,745
4181,195,make,MAKE,745
4181,248,make,MAKE,745
4181,4182,make,MAKE,745
4181,1214,make,MAKE,745
4182,187,make,MAKE,745
4182,195,make,MAKE,745
4182,248,make,MAKE,745
4191,368,RESTRICT,RESTRICT,802
4191,3,RESTRICT,RESTRICT,802
4191,4394,RESTRICT,RESTRICT,802
4191,136,USE,USE,861
4191,18,RESTRICT,RESTRICT,802
4191,195,USE,USE,861
4191,1356,RESTRICT,RESTRICT,802
4191,70,USE,USE,861
4191,34,USE,USE,861
4191,1229,USE,USE,861
4191,80,USE,USE,861
4194,3064,lessen,LESSEN,747
4194,1032,lessen,LESSEN,747
4194,4197,lessen,LESSEN,747
4194,224,supplement,SUPPLEMENT,747
4194,373,recover,RECOVER,747
4194,4199,recover,RECOVER,747
4194,4200,recover,RECOVER,747
4194,426,recover,RECOVER,747
4194,4201,supplement,SUPPLEMENT,747
4199,373,recover,RECOVER,747
4200,373,recover,RECOVER,747
4200,4199,recover,RECOVER,747
4202,103,OBLIGATE,OBLIGATE,748
4202,131,OBLIGATE,OBLIGATE,748
4202,3631,OBLIGATE,OBLIGATE,748
4202,366,OBLIGATE,OBLIGATE,748
4202,233,OBLIGATE,OBLIGATE,748
4202,181,OBLIGATE,OBLIGATE,748
4202,4204,OBLIGATE,OBLIGATE,748
4202,13,OBLIGATE,OBLIGATE,748
4202,2324,OBLIGATE,OBLIGATE,748
4202,3166,OBLIGATE,OBLIGATE,748
4204,485,plan,PLAN,787
4204,13,OBLIGATE,OBLIGATE,748
4204,3,OBLIGATE,OBLIGATE,748
4204,2324,OBLIGATE,OBLIGATE,748
4204,3166,OBLIGATE,OBLIGATE,748
4204,350,plan,PLAN,787
4205,247,DEVELOP,DEVELOP,749
4205,954,AUTHORIZE,AUTHORIZE,749
4205,560,AUTHORIZE,AUTHORIZE,749
4211,4212,DEVELOP,DEVELOP,750
4211,1019,OBLIGATE,OBLIGATE,750
4211,654,OBLIGATE,OBLIGATE,750
4211,4214,OBLIGATE,OBLIGATE,750
4211,637,OBLIGATE,OBLIGATE,750
4211,33,OBLIGATE,OBLIGATE,750
4211,320,DEVELOP,DEVELOP,750
4211,498,DEVELOP,DEVELOP,750
4211,1866,DEVELOP,DEVELOP,750
4211,468,DEVELOP,DEVELOP,750
4211,907,OBLIGATE,OBLIGATE,750
4211,4215,OBLIGATE,OBLIGATE,750
4211,4216,OBLIGATE,OBLIGATE,750
4211,223,RESTRICT,RESTRICT,750
4211,4217,RESTRICT,RESTRICT,750
4212,1019,OBLIGATE,OBLIGATE,750
4212,654,OBLIGATE,OBLIGATE,750
4212,4213,include,INCLUDE,770
4212,498,DEVELOP,DEVELOP,750
4212,1866,DEVELOP,DEVELOP,750
4212,468,DEVELOP,DEVELOP,750
4212,4280,include,INCLUDE,770
4212,2498,include,INCLUDE,770
4212,33,include,INCLUDE,770
4213,4280,AUTHORIZE,AUTHORIZE,770
4213,337,AUTHORIZE,AUTHORIZE,770
4213,4284,AUTHORIZE,AUTHORIZE,770
4213,59,AUTHORIZE,AUTHORIZE,770
4214,131,OBLIGATE,OBLIGATE,750
4214,4213,OBLIGATE,OBLIGATE,750
4215,4216,OBLIGATE,OBLIGATE,750
4217,223,RESTRICT,RESTRICT,750
4218,3858,OBLIGATE,OBLIGATE,751
4218,52,OBLIGATE,OBLIGATE,751
4218,3,OBLIGATE,OBLIGATE,751
4219,4220,AUTHORIZE,AUTHORIZE,752
4219,4221,OBLIGATE,OBLIGATE,752
4219,787,OBLIGATE,OBLIGATE,752
4219,224,alter,ALTER,752
4219,85,RESTRICT,RESTRICT,752
4219,235,RESTRICT,RESTRICT,752
4219,157,RESTRICT,RESTRICT,752
4219,373,AUTHORIZE,AUTHORIZE,752
4219,4223,alter,ALTER,752
4220,787,OBLIGATE,OBLIGATE,752
4220,373,AUTHORIZE,AUTHORIZE,752
4221,4220,OBLIGATE,OBLIGATE,752
4221,787,OBLIGATE,OBLIGATE,752
4223,496,alter,ALTER,752
4225,50,AUTHORIZE,AUTHORIZE,753
4226,4227,AUTHORIZE,AUTHORIZE,754
4226,255,OBLIGATE,OBLIGATE,754
4226,40,OBLIGATE,OBLIGATE,754
4226,4228,OBLIGATE,OBLIGATE,754
4226,210,OBLIGATE,OBLIGATE,754
4226,4229,DEVELOP,DEVELOP,754
4226,4230,DEVELOP,DEVELOP,754
4226,58,form,FORM,754
4226,2,form,FORM,754
4226,4231,form,FORM,754
4226,545,AUTHORIZE,AUTHORIZE,754
4226,81,AUTHORIZE,AUTHORIZE,754
4228,40,OBLIGATE,OBLIGATE,754
4228,210,OBLIGATE,OBLIGATE,754
4228,131,OBLIGATE,OBLIGATE,754
4229,131,DEVELOP,DEVELOP,754
4230,4229,DEVELOP,DEVELOP,754
4231,58,form,FORM,754
4231,2,form,FORM,754
4233,185,OBLIGATE,OBLIGATE,755
4233,1403,OBLIGATE,OBLIGATE,755
4233,276,OBLIGATE,OBLIGATE,755
4233,131,OBLIGATE,OBLIGATE,755
4233,484,OBLIGATE,OBLIGATE,755
4234,4235,exacerbate,EXACERBATE,756
4234,366,exacerbate,EXACERBATE,756
4234,3076,exacerbate,EXACERBATE,756
4234,401,appoint,APPOINT,756
4234,3,appoint,APPOINT,756
4234,18,initiate,INITIATE,756
4234,957,compose,COMPOSE,756
4234,4236,compose,COMPOSE,756
4234,4237,compose,COMPOSE,756
4234,422,OBLIGATE,OBLIGATE,756
4234,195,OBLIGATE,OBLIGATE,756
4234,860,OBLIGATE,OBLIGATE,756
4234,395,OBLIGATE,OBLIGATE,756
4234,570,OBLIGATE,OBLIGATE,756
4234,571,OBLIGATE,OBLIGATE,756
4234,13,oblige,OBLIGE,756
4234,486,oblige,OBLIGE,756
4234,166,appoint,APPOINT,756
4234,8,appoint,APPOINT,756
4234,1444,appoint,APPOINT,756
4235,366,exacerbate,EXACERBATE,756
4235,3076,exacerbate,EXACERBATE,756
4236,18,compose,COMPOSE,756
4236,957,compose,COMPOSE,756
4237,18,compose,COMPOSE,756
4237,957,compose,COMPOSE,756
4237,4236,compose,COMPOSE,756
4243,4620,amend,AMEND,845
4243,4621,amend,AMEND,845
4243,3,amend,AMEND,845
4245,4246,OBLIGATE,OBLIGATE,759
4245,267,OBLIGATE,OBLIGATE,759
4245,224,OBLIGATE,OBLIGATE,759
4245,295,OBLIGATE,OBLIGATE,759
4245,350,OBLIGATE,OBLIGATE,759
4245,3233,OBLIGATE,OBLIGATE,759
4245,83,OBLIGATE,OBLIGATE,759
4245,13,OBLIGATE,OBLIGATE,759
4246,267,OBLIGATE,OBLIGATE,759
4246,328,OBLIGATE,OBLIGATE,759
4247,4245,OBLIGATE,OBLIGATE,759
4247,267,OBLIGATE,OBLIGATE,759
4247,295,OBLIGATE,OBLIGATE,759
4247,3380,OBLIGATE,OBLIGATE,759
4248,4245,OBLIGATE,OBLIGATE,759
4248,350,OBLIGATE,OBLIGATE,759
4248,3233,OBLIGATE,OBLIGATE,759
4248,83,OBLIGATE,OBLIGATE,759
4249,342,provide,PROVIDE,760
4249,426,provide,PROVIDE,760
4253,3,handle,HANDLE,760
4253,220,handle,HANDLE,760
4253,2,handle,HANDLE,760
4254,262,OBLIGATE,OBLIGATE,761
4254,178,OBLIGATE,OBLIGATE,761
4254,4255,OBLIGATE,OBLIGATE,761
4254,659,OBLIGATE,OBLIGATE,761
4254,660,OBLIGATE,OBLIGATE,761
4257,4258,IMPLEMENT,IMPLEMENT,762
4257,4259,IMPLEMENT,IMPLEMENT,762
4257,4260,IMPLEMENT,IMPLEMENT,762
4257,295,DEVELOP,DEVELOP,762
4257,2,SUPPORT,SUPPORT,762
4257,1941,appoint,APPOINT,762
4257,3242,SUPPORT,SUPPORT,762
4257,415,SUPPORT,SUPPORT,762
4257,4261,IMPLEMENT,IMPLEMENT,762
4259,1941,appoint,APPOINT,762
4260,4259,IMPLEMENT,IMPLEMENT,762
4260,295,DEVELOP,DEVELOP,762
4260,1941,appoint,APPOINT,762
4260,4261,IMPLEMENT,IMPLEMENT,762
4261,4259,IMPLEMENT,IMPLEMENT,762
4262,666,leverage,LEVERAGE,763
4262,667,OBLIGATE,OBLIGATE,763
4262,3873,leverage,LEVERAGE,763
4262,392,OBLIGATE,OBLIGATE,763
4262,364,OBLIGATE,OBLIGATE,763
4262,858,leverage,LEVERAGE,763
4262,314,leverage,LEVERAGE,763
4262,157,OBLIGATE,OBLIGATE,763
4262,668,OBLIGATE,OBLIGATE,763
4262,4263,OBLIGATE,OBLIGATE,763
4262,670,OBLIGATE,OBLIGATE,763
4262,671,OBLIGATE,OBLIGATE,763
4262,3994,OBLIGATE,OBLIGATE,763
4262,1619,OBLIGATE,OBLIGATE,763
4262,295,leverage,LEVERAGE,763
4262,318,leverage,LEVERAGE,763
4263,3873,OBLIGATE,OBLIGATE,763
4263,392,OBLIGATE,OBLIGATE,763
4263,364,OBLIGATE,OBLIGATE,763
4263,858,OBLIGATE,OBLIGATE,763
4263,314,OBLIGATE,OBLIGATE,763
4263,157,OBLIGATE,OBLIGATE,763
4264,178,DEVELOP,DEVELOP,764
4264,40,DEVELOP,DEVELOP,764
4264,3,DEVELOP,DEVELOP,764
4264,328,terminate,TERMINATE,764
4264,52,terminate,TERMINATE,764
4264,4265,incorporate,INCORPORATE,764
4264,536,incorporate,INCORPORATE,764
4264,131,incorporate,INCORPORATE,764
4264,295,OBLIGATE,OBLIGATE,764
4264,3705,OBLIGATE,OBLIGATE,764
4265,328,incorporate,INCORPORATE,764
4265,536,incorporate,INCORPORATE,764
4265,131,incorporate,INCORPORATE,764
4266,1068,OBLIGATE,OBLIGATE,765
4266,1069,OBLIGATE,OBLIGATE,765
4266,1941,OBLIGATE,OBLIGATE,765
4266,2869,OBLIGATE,OBLIGATE,765
4266,1071,OBLIGATE,OBLIGATE,765
4266,1137,OBLIGATE,OBLIGATE,765
4266,1072,OBLIGATE,OBLIGATE,765
4266,2093,OBLIGATE,OBLIGATE,765
4266,3871,OBLIGATE,OBLIGATE,765
4266,320,OBLIGATE,OBLIGATE,765
4266,13,OBLIGATE,OBLIGATE,765
4266,63,OBLIGATE,OBLIGATE,765
4266,4109,OBLIGATE,OBLIGATE,765
4266,1880,OBLIGATE,OBLIGATE,765
4266,233,OBLIGATE,OBLIGATE,765
4266,4267,OBLIGATE,OBLIGATE,765
4267,2869,OBLIGATE,OBLIGATE,765
4267,1137,OBLIGATE,OBLIGATE,765
4267,1941,OBLIGATE,OBLIGATE,765
4267,1072,OBLIGATE,OBLIGATE,765
4267,320,OBLIGATE,OBLIGATE,765
4267,13,OBLIGATE,OBLIGATE,765
4267,63,OBLIGATE,OBLIGATE,765
4267,1880,OBLIGATE,OBLIGATE,765
4267,233,OBLIGATE,OBLIGATE,765
4268,2168,define,DEFINE,766
4268,4269,define,DEFINE,766
4268,3274,define,DEFINE,766
4268,4271,define,DEFINE,766
4268,980,benefit,BENEFIT,766
4268,4270,benefit,BENEFIT,766
4268,451,RESTRICT,RESTRICT,766
4268,1026,define,DEFINE,766
4270,980,benefit,BENEFIT,766
4272,62,OBLIGATE,OBLIGATE,767
4272,185,OBLIGATE,OBLIGATE,767
4272,858,OBLIGATE,OBLIGATE,767
4272,4273,OBLIGATE,OBLIGATE,767
4272,2114,OBLIGATE,OBLIGATE,767
4272,3730,OBLIGATE,OBLIGATE,767
4272,177,USE,USE,767
4272,2,USE,USE,767
4272,568,OBLIGATE,OBLIGATE,767
4272,63,OBLIGATE,OBLIGATE,767
4272,295,OBLIGATE,OBLIGATE,767
4272,379,OBLIGATE,OBLIGATE,767
4272,3731,OBLIGATE,OBLIGATE,767
4272,8,USE,USE,767
4272,21,USE,USE,767
4272,1134,USE,USE,767
4272,1095,USE,USE,767
4272,235,USE,USE,767
4273,62,OBLIGATE,OBLIGATE,767
4273,646,OBLIGATE,OBLIGATE,767
4273,185,OBLIGATE,OBLIGATE,767
4273,858,OBLIGATE,OBLIGATE,767
4273,2114,OBLIGATE,OBLIGATE,767
4273,3730,OBLIGATE,OBLIGATE,767
4274,485,OBLIGATE,OBLIGATE,768
4274,4090,OBLIGATE,OBLIGATE,768
4274,1358,USE,USE,768
4274,4275,USE,USE,768
4274,195,transmit,TRANSMIT,768
4275,1358,USE,USE,768
4276,4277,DEVELOP,DEVELOP,769
4276,327,provide,PROVIDE,769
4276,2444,DEVELOP,DEVELOP,769
4276,177,OBLIGATE,OBLIGATE,769
4276,3895,OBLIGATE,OBLIGATE,769
4276,363,provide,PROVIDE,769
4276,1320,provide,PROVIDE,769
4276,4278,provide,PROVIDE,769
4276,4279,OBLIGATE,OBLIGATE,769
4276,268,OBLIGATE,OBLIGATE,769
4276,63,OBLIGATE,OBLIGATE,769
4277,327,DEVELOP,DEVELOP,769
4277,2444,DEVELOP,DEVELOP,769
4277,2787,DEVELOP,DEVELOP,769
4278,327,provide,PROVIDE,769
4278,363,provide,PROVIDE,769
4278,1320,provide,PROVIDE,769
4280,33,include,INCLUDE,770
4280,3,RESTRICT,RESTRICT,770
4280,320,OBLIGATE,OBLIGATE,770
4280,109,OBLIGATE,OBLIGATE,770
4280,337,AUTHORIZE,AUTHORIZE,770
4280,4284,AUTHORIZE,AUTHORIZE,770
4280,59,AUTHORIZE,AUTHORIZE,770
4281,4280,OBLIGATE,OBLIGATE,770
4281,4213,OBLIGATE,OBLIGATE,770
4281,109,OBLIGATE,OBLIGATE,770
4281,320,OBLIGATE,OBLIGATE,770
4281,637,OBLIGATE,OBLIGATE,770
4281,1019,OBLIGATE,OBLIGATE,770
4281,1866,OBLIGATE,OBLIGATE,770
4282,4280,DEVELOP,DEVELOP,770
4282,337,DEVELOP,DEVELOP,770
4282,4283,DEVELOP,DEVELOP,770
4283,4280,DEVELOP,DEVELOP,770
4283,337,DEVELOP,DEVELOP,770
4284,337,OBLIGATE,OBLIGATE,833
4284,3,OBLIGATE,OBLIGATE,833
4286,454,elect,ELECT,772
4288,936,pose,POSE,773
4288,356,pose,POSE,773
4288,1323,pose,POSE,773
4288,279,pose,POSE,773
4288,1621,face,FACE,773
4288,1748,pose,POSE,773
4288,76,pose,POSE,773
4289,4288,pose,POSE,773
4289,162,pose,POSE,773
4289,936,pose,POSE,773
4289,356,pose,POSE,773
4289,278,pose,POSE,773
4289,1323,pose,POSE,773
4289,279,pose,POSE,773
4290,4288,pose,POSE,773
4290,162,pose,POSE,773
4290,936,pose,POSE,773
4290,356,pose,POSE,773
4290,1323,pose,POSE,773
4290,279,pose,POSE,773
4290,4289,pose,POSE,773
4291,4288,pose,POSE,773
4291,162,pose,POSE,773
4291,545,pose,POSE,773
4291,356,pose,POSE,773
4291,278,pose,POSE,773
4291,1323,pose,POSE,773
4291,1748,pose,POSE,773
4291,153,pose,POSE,773
4291,76,pose,POSE,773
4292,4293,amend,AMEND,774
4292,4294,amend,AMEND,774
4292,3,AUTHORIZE,AUTHORIZE,774
4292,280,AUTHORIZE,AUTHORIZE,774
4292,356,AUTHORIZE,AUTHORIZE,774
4292,1713,define,DEFINE,774
4292,80,AUTHORIZE,AUTHORIZE,774
4292,62,OBLIGATE,OBLIGATE,774
4292,40,OBLIGATE,OBLIGATE,774
4292,302,OBLIGATE,OBLIGATE,774
4292,1137,AUTHORIZE,AUTHORIZE,774
4292,59,OBLIGATE,OBLIGATE,774
4292,2753,SUPPORT,SUPPORT,774
4292,1601,SUPPORT,SUPPORT,774
4292,76,AUTHORIZE,AUTHORIZE,774
4292,79,AUTHORIZE,AUTHORIZE,774
4293,4294,amend,AMEND,774
4293,3,amend,AMEND,774
4294,3,amend,AMEND,774
4296,1770,OBLIGATE,OBLIGATE,775
4297,4296,DEVELOP,DEVELOP,775
4297,4298,DEVELOP,DEVELOP,775
4298,4296,DEVELOP,DEVELOP,775
4299,327,AUTHORIZE,AUTHORIZE,776
4299,85,AUTHORIZE,AUTHORIZE,776
4299,53,AUTHORIZE,AUTHORIZE,776
4299,140,AUTHORIZE,AUTHORIZE,776
4299,410,AUTHORIZE,AUTHORIZE,776
4299,1645,AUTHORIZE,AUTHORIZE,776
4299,4302,AUTHORIZE,AUTHORIZE,776
4302,1645,AUTHORIZE,AUTHORIZE,776
4303,225,OBLIGATE,OBLIGATE,777
4303,18,OBLIGATE,OBLIGATE,777
4303,1370,OBLIGATE,OBLIGATE,777
4303,905,OBLIGATE,OBLIGATE,777
4303,4304,OBLIGATE,OBLIGATE,777
4303,223,OBLIGATE,OBLIGATE,777
4303,1976,OBLIGATE,OBLIGATE,777
4303,1118,OBLIGATE,OBLIGATE,777
4303,146,OBLIGATE,OBLIGATE,777
4303,4305,OBLIGATE,OBLIGATE,777
4303,13,OBLIGATE,OBLIGATE,777
4303,4306,OBLIGATE,OBLIGATE,777
4303,1459,OBLIGATE,OBLIGATE,777
4303,103,OBLIGATE,OBLIGATE,777
4303,2857,OBLIGATE,OBLIGATE,777
4303,1938,OBLIGATE,OBLIGATE,777
4303,4307,OBLIGATE,OBLIGATE,777
4304,225,OBLIGATE,OBLIGATE,777
4304,223,OBLIGATE,OBLIGATE,777
4304,1976,OBLIGATE,OBLIGATE,777
4304,1118,OBLIGATE,OBLIGATE,777
4305,225,OBLIGATE,OBLIGATE,777
4305,146,OBLIGATE,OBLIGATE,777
4305,13,OBLIGATE,OBLIGATE,777
4305,1459,OBLIGATE,OBLIGATE,777
4306,225,OBLIGATE,OBLIGATE,777
4306,146,OBLIGATE,OBLIGATE,777
4306,4305,OBLIGATE,OBLIGATE,777
4306,13,OBLIGATE,OBLIGATE,777
4306,1459,OBLIGATE,OBLIGATE,777
4307,103,OBLIGATE,OBLIGATE,777
4308,2557,provide,PROVIDE,778
4308,35,provide,PROVIDE,778
4308,41,provide,PROVIDE,778
4308,457,REPORT,REPORT,778
4308,328,REPORT,REPORT,778
4308,2439,REPORT,REPORT,778
4315,4316,avoid,AVOID,779
4315,1880,DEVELOP,DEVELOP,779
4315,4318,DEVELOP,DEVELOP,779
4315,3,DEVELOP,DEVELOP,779
4315,1111,DEVELOP,DEVELOP,779
4316,1880,avoid,AVOID,779
4318,3,DEVELOP,DEVELOP,779
4318,1111,DEVELOP,DEVELOP,779
4321,410,amend,AMEND,780
4321,337,amend,AMEND,780
4321,131,amend,AMEND,780
4321,299,amend,AMEND,780
4321,323,amend,AMEND,780
4323,736,OBLIGATE,OBLIGATE,782
4323,247,RESTRICT,RESTRICT,782
4323,1880,OBLIGATE,OBLIGATE,782
4323,340,AUTHORIZE,AUTHORIZE,782
4323,327,AUTHORIZE,AUTHORIZE,782
4323,809,AUTHORIZE,AUTHORIZE,782
4323,373,AUTHORIZE,AUTHORIZE,782
4323,105,AUTHORIZE,AUTHORIZE,782
4323,265,OBLIGATE,OBLIGATE,782
4323,63,OBLIGATE,OBLIGATE,782
4325,4323,RESTRICT,RESTRICT,782
4325,274,RESTRICT,RESTRICT,782
4326,1901,OBLIGATE,OBLIGATE,783
4326,131,enhance,ENHANCE,783
4326,358,enhance,ENHANCE,783
4326,4327,enhance,ENHANCE,783
4326,535,enhance,ENHANCE,783
4326,267,OBLIGATE,OBLIGATE,783
4326,4328,OBLIGATE,OBLIGATE,783
4326,63,OBLIGATE,OBLIGATE,783
4326,1134,OBLIGATE,OBLIGATE,783
4327,1901,enhance,ENHANCE,783
4327,131,enhance,ENHANCE,783
4327,358,enhance,ENHANCE,783
4327,535,enhance,ENHANCE,783
4328,1901,OBLIGATE,OBLIGATE,783
4328,267,OBLIGATE,OBLIGATE,783
4328,63,OBLIGATE,OBLIGATE,783
4328,1134,OBLIGATE,OBLIGATE,783
4330,504,OBLIGATE,OBLIGATE,784
4330,4331,DEVELOP,DEVELOP,784
4330,498,AUTHORIZE,AUTHORIZE,784
4330,148,IMPLEMENT,IMPLEMENT,784
4330,107,OBLIGATE,OBLIGATE,784
4330,18,OBLIGATE,OBLIGATE,784
4330,157,OBLIGATE,OBLIGATE,784
4330,4332,provide,PROVIDE,784
4330,96,IMPLEMENT,IMPLEMENT,784
4330,509,preempt,PREEMPT,784
4332,96,provide,PROVIDE,784
4332,2971,indicate,INDICATE,919
4332,886,indicate,INDICATE,919
4333,236,AUTHORIZE,AUTHORIZE,785
4333,224,OBLIGATE,OBLIGATE,785
4333,120,consider,CONSIDER,785
4333,40,AUTHORIZE,AUTHORIZE,785
4333,237,OBLIGATE,OBLIGATE,785
4333,3646,AUTHORIZE,AUTHORIZE,785
4333,121,OBLIGATE,OBLIGATE,785
4333,860,OBLIGATE,OBLIGATE,785
4333,3,OBLIGATE,OBLIGATE,785
4333,4335,OBLIGATE,OBLIGATE,785
4333,177,AUTHORIZE,AUTHORIZE,785
4333,539,OBLIGATE,OBLIGATE,785
4334,4333,AUTHORIZE,AUTHORIZE,785
4334,236,AUTHORIZE,AUTHORIZE,785
4334,3646,AUTHORIZE,AUTHORIZE,785
4335,40,OBLIGATE,OBLIGATE,785
4335,121,OBLIGATE,OBLIGATE,785
4335,860,OBLIGATE,OBLIGATE,785
4335,3,OBLIGATE,OBLIGATE,785
4336,4338,OBLIGATE,OBLIGATE,786
4336,202,OBLIGATE,OBLIGATE,786
4336,131,OBLIGATE,OBLIGATE,786
4337,4434,COORDINATE,COORDINATE,810
4337,37,COORDINATE,COORDINATE,810
4337,957,COORDINATE,COORDINATE,810
4338,4337,OBLIGATE,OBLIGATE,786
4338,202,OBLIGATE,OBLIGATE,786
4338,131,OBLIGATE,OBLIGATE,786
4338,181,OBLIGATE,OBLIGATE,786
4341,4342,OBLIGATE,OBLIGATE,787
4341,3715,OBLIGATE,OBLIGATE,787
4341,4343,OBLIGATE,OBLIGATE,787
4341,76,OBLIGATE,OBLIGATE,787
4341,4344,OBLIGATE,OBLIGATE,787
4341,485,extend,EXTEND,787
4341,4345,extend,EXTEND,787
4342,485,plan,PLAN,787
4342,386,plan,PLAN,787
4342,83,plan,PLAN,787
4342,2524,OBLIGATE,OBLIGATE,787
4342,350,plan,PLAN,787
4342,3715,OBLIGATE,OBLIGATE,787
4342,4343,OBLIGATE,OBLIGATE,787
4343,3715,OBLIGATE,OBLIGATE,787
4344,2524,OBLIGATE,OBLIGATE,787
4344,76,OBLIGATE,OBLIGATE,787
4345,485,extend,EXTEND,787
4345,350,extend,EXTEND,787
4346,278,OBLIGATE,OBLIGATE,788
4346,4347,DEVELOP,DEVELOP,788
4346,267,exchange,EXCHANGE,788
4346,4348,OBLIGATE,OBLIGATE,788
4346,2787,OBLIGATE,OBLIGATE,788
4346,273,exchange,EXCHANGE,788
4346,1558,exchange,EXCHANGE,788
4346,268,OBLIGATE,OBLIGATE,788
4346,63,OBLIGATE,OBLIGATE,788
4346,6,OBLIGATE,OBLIGATE,788
4346,3,OBLIGATE,OBLIGATE,788
4346,1787,OBLIGATE,OBLIGATE,788
4347,278,DEVELOP,DEVELOP,788
4347,267,DEVELOP,DEVELOP,788
4347,4348,DEVELOP,DEVELOP,788
4347,2787,DEVELOP,DEVELOP,788
4348,278,OBLIGATE,OBLIGATE,788
4348,267,DEVELOP,DEVELOP,788
4348,2787,OBLIGATE,OBLIGATE,788
4348,268,OBLIGATE,OBLIGATE,788
4348,63,OBLIGATE,OBLIGATE,788
4348,6,OBLIGATE,OBLIGATE,788
4348,3,OBLIGATE,OBLIGATE,788
4348,1787,OBLIGATE,OBLIGATE,788
4350,76,codify,CODIFY,789
4350,993,codify,CODIFY,789
4350,3,codify,CODIFY,789
4350,80,define,DEFINE,789
4350,79,OBLIGATE,OBLIGATE,789
4350,2176,OBLIGATE,OBLIGATE,789
4350,519,codify,CODIFY,789
4351,4352,amend,AMEND,790
4351,260,incorporate,INCORPORATE,790
4351,262,incorporate,INCORPORATE,790
4351,207,OBLIGATE,OBLIGATE,790
4351,1423,OBLIGATE,OBLIGATE,790
4351,90,OBLIGATE,OBLIGATE,790
4351,570,OBLIGATE,OBLIGATE,790
4351,686,define,DEFINE,790
4351,403,DEVELOP,DEVELOP,790
4351,1046,incorporate,INCORPORATE,790
4351,4353,incorporate,INCORPORATE,790
4351,687,incorporate,INCORPORATE,790
4351,340,incorporate,INCORPORATE,790
4352,3,amend,AMEND,790
4352,260,amend,AMEND,790
4352,262,amend,AMEND,790
4353,260,incorporate,INCORPORATE,790
4353,262,incorporate,INCORPORATE,790
4353,1046,incorporate,INCORPORATE,790
4353,687,incorporate,INCORPORATE,790
4353,340,incorporate,INCORPORATE,790
4354,422,USE,USE,791
4354,860,USE,USE,791
4354,120,USE,USE,791
4354,3245,USE,USE,791
4354,224,USE,USE,791
4357,271,DEVELOP,DEVELOP,793
4357,236,DEVELOP,DEVELOP,793
4357,4361,DEVELOP,DEVELOP,793
4357,223,DEVELOP,DEVELOP,793
4357,4362,DEVELOP,DEVELOP,793
4357,131,AUTHORIZE,AUTHORIZE,793
4357,267,designate,DESIGNATE,793
4357,4363,designate,DESIGNATE,793
4361,271,DEVELOP,DEVELOP,793
4361,236,DEVELOP,DEVELOP,793
4361,223,DEVELOP,DEVELOP,793
4361,4362,DEVELOP,DEVELOP,793
4362,271,DEVELOP,DEVELOP,793
4362,236,DEVELOP,DEVELOP,793
4362,223,DEVELOP,DEVELOP,793
4362,131,DEVELOP,DEVELOP,793
4363,267,designate,DESIGNATE,793
4368,3333,AUTHORIZE,AUTHORIZE,795
4368,1720,OBLIGATE,OBLIGATE,795
4368,364,OBLIGATE,OBLIGATE,795
4368,37,OBLIGATE,OBLIGATE,795
4368,3502,AUTHORIZE,AUTHORIZE,795
4368,333,OBLIGATE,OBLIGATE,795
4368,295,OBLIGATE,OBLIGATE,795
4368,379,OBLIGATE,OBLIGATE,795
4368,18,AUTHORIZE,AUTHORIZE,795
4369,1720,predict,PREDICT,795
4369,314,predict,PREDICT,795
4369,247,predict,PREDICT,795
4370,1720,predict,PREDICT,795
4370,4369,predict,PREDICT,795
4370,314,predict,PREDICT,795
4370,247,predict,PREDICT,795
4371,4372,launch,LAUNCH,796
4371,4373,launch,LAUNCH,796
4371,4374,launch,LAUNCH,796
4371,4375,launch,LAUNCH,796
4373,4372,launch,LAUNCH,796
4373,4374,launch,LAUNCH,796
4373,4375,launch,LAUNCH,796
4374,4372,launch,LAUNCH,796
4375,4372,launch,LAUNCH,796
4375,4374,launch,LAUNCH,796
4379,4380,provide,PROVIDE,798
4379,121,provide,PROVIDE,798
4379,335,provide,PROVIDE,798
4379,1727,provide,PROVIDE,798
4379,4381,provide,PROVIDE,798
4379,4382,provide,PROVIDE,798
4379,4383,provide,PROVIDE,798
4380,121,REPORT,REPORT,862
4380,335,provide,PROVIDE,798
4380,1727,REPORT,REPORT,862
4380,4382,provide,PROVIDE,798
4380,4383,provide,PROVIDE,798
4380,259,REPORT,REPORT,862
4380,69,REPORT,REPORT,862
4380,279,REPORT,REPORT,862
4380,236,REPORT,REPORT,862
4380,468,REPORT,REPORT,862
4381,4380,provide,PROVIDE,798
4381,121,provide,PROVIDE,798
4381,335,provide,PROVIDE,798
4381,1727,provide,PROVIDE,798
4381,4382,provide,PROVIDE,798
4381,4383,provide,PROVIDE,798
4382,121,provide,PROVIDE,798
4382,335,provide,PROVIDE,798
4382,1727,provide,PROVIDE,798
4382,4383,provide,PROVIDE,798
4383,121,provide,PROVIDE,798
4383,335,provide,PROVIDE,798
4383,1727,provide,PROVIDE,798
4383,3,SUPPORT,SUPPORT,873
4383,138,SUPPORT,SUPPORT,873
4383,259,SUPPORT,SUPPORT,873
4384,3129,OBLIGATE,OBLIGATE,799
4384,4385,OBLIGATE,OBLIGATE,799
4384,630,OBLIGATE,OBLIGATE,799
4384,121,OBLIGATE,OBLIGATE,799
4384,236,OBLIGATE,OBLIGATE,799
4384,4386,RESTRICT,RESTRICT,799
4384,1926,OBLIGATE,OBLIGATE,799
4384,1356,OBLIGATE,OBLIGATE,799
4384,4387,USE,USE,799
4384,876,USE,USE,799
4385,630,OBLIGATE,OBLIGATE,799
4385,121,OBLIGATE,OBLIGATE,799
4385,236,OBLIGATE,OBLIGATE,799
4387,876,USE,USE,799
4388,1061,provide,PROVIDE,800
4388,1218,provide,PROVIDE,800
4388,741,provide,PROVIDE,800
4388,4389,USE,USE,800
4388,102,USE,USE,800
4390,235,commit,COMMIT,801
4390,630,commit,COMMIT,801
4390,120,commit,COMMIT,801
4390,181,commit,COMMIT,801
4390,80,commit,COMMIT,801
4390,4392,commit,COMMIT,801
4391,555,deem,DEEM,801
4391,454,deem,DEEM,801
4391,195,deem,DEEM,801
4392,235,commit,COMMIT,801
4392,181,commit,COMMIT,801
4392,80,commit,COMMIT,801
4393,368,RESTRICT,RESTRICT,802
4393,3,RESTRICT,RESTRICT,802
4393,4394,RESTRICT,RESTRICT,802
4393,4191,RESTRICT,RESTRICT,802
4393,136,RESTRICT,RESTRICT,802
4393,18,produce,PRODUCE,802
4393,195,RESTRICT,RESTRICT,802
4393,1356,RESTRICT,RESTRICT,802
4393,820,produce,PRODUCE,802
4393,70,produce,PRODUCE,802
4393,34,produce,PRODUCE,802
4393,4395,produce,PRODUCE,802
4393,1036,produce,PRODUCE,802
4393,360,produce,PRODUCE,802
4393,199,produce,PRODUCE,802
4393,120,produce,PRODUCE,802
4393,585,produce,PRODUCE,802
4393,2097,produce,PRODUCE,802
4393,586,produce,PRODUCE,802
4393,1092,produce,PRODUCE,802
4394,368,RESTRICT,RESTRICT,802
4394,3,RESTRICT,RESTRICT,802
4394,136,RESTRICT,RESTRICT,802
4394,18,RESTRICT,RESTRICT,802
4394,195,RESTRICT,RESTRICT,802
4394,1356,RESTRICT,RESTRICT,802
4395,18,produce,PRODUCE,802
4395,70,produce,PRODUCE,802
4395,34,produce,PRODUCE,802
4395,360,produce,PRODUCE,802
4395,199,produce,PRODUCE,802
4395,120,produce,PRODUCE,802
4395,585,produce,PRODUCE,802
4395,2097,produce,PRODUCE,802
4395,586,produce,PRODUCE,802
4395,1092,produce,PRODUCE,802
4396,4397,acknowledge,ACKNOWLEDGE,803
4396,4398,acknowledge,ACKNOWLEDGE,803
4396,3008,acknowledge,ACKNOWLEDGE,803
4396,4399,acknowledge,ACKNOWLEDGE,803
4396,1042,acknowledge,ACKNOWLEDGE,803
4396,1108,acknowledge,ACKNOWLEDGE,803
4396,3095,acknowledge,ACKNOWLEDGE,803
4396,4400,announce,ANNOUNCE,803
4396,1163,acknowledge,ACKNOWLEDGE,803
4396,580,acknowledge,ACKNOWLEDGE,803
4396,18,IMPLEMENT,IMPLEMENT,803
4396,236,IMPLEMENT,IMPLEMENT,803
4396,930,IMPLEMENT,IMPLEMENT,803
4396,1648,announce,ANNOUNCE,803
4396,4401,announce,ANNOUNCE,803
4397,1042,acknowledge,ACKNOWLEDGE,803
4398,4397,acknowledge,ACKNOWLEDGE,803
4398,3008,acknowledge,ACKNOWLEDGE,803
4398,1042,acknowledge,ACKNOWLEDGE,803
4398,3095,acknowledge,ACKNOWLEDGE,803
4399,4397,acknowledge,ACKNOWLEDGE,803
4399,4398,acknowledge,ACKNOWLEDGE,803
4399,3008,acknowledge,ACKNOWLEDGE,803
4399,1042,acknowledge,ACKNOWLEDGE,803
4399,1108,acknowledge,ACKNOWLEDGE,803
4399,3095,acknowledge,ACKNOWLEDGE,803
4400,4397,acknowledge,ACKNOWLEDGE,803
4400,4398,acknowledge,ACKNOWLEDGE,803
4400,3008,acknowledge,ACKNOWLEDGE,803
4400,4399,acknowledge,ACKNOWLEDGE,803
4400,1042,acknowledge,ACKNOWLEDGE,803
4400,1108,acknowledge,ACKNOWLEDGE,803
4400,3095,acknowledge,ACKNOWLEDGE,803
4400,1163,acknowledge,ACKNOWLEDGE,803
4400,580,acknowledge,ACKNOWLEDGE,803
4400,1648,announce,ANNOUNCE,803
4400,4401,announce,ANNOUNCE,803
4401,1648,announce,ANNOUNCE,803
4402,645,OBLIGATE,OBLIGATE,804
4402,4403,OBLIGATE,OBLIGATE,804
4402,1365,OBLIGATE,OBLIGATE,804
4402,335,OBLIGATE,OBLIGATE,804
4402,498,OBLIGATE,OBLIGATE,827
4402,231,OBLIGATE,OBLIGATE,827
4402,707,OBLIGATE,OBLIGATE,827
4402,323,OBLIGATE,OBLIGATE,827
4403,645,OBLIGATE,OBLIGATE,804
4403,1365,OBLIGATE,OBLIGATE,804
4403,335,OBLIGATE,OBLIGATE,804
4404,121,heighten,HEIGHTEN,804
4404,395,heighten,HEIGHTEN,804
4404,2941,heighten,HEIGHTEN,804
4404,274,heighten,HEIGHTEN,804
4405,2341,USE,USE,805
4405,2764,USE,USE,805
4405,3639,SUPPORT,SUPPORT,805
4405,59,DEVELOP,DEVELOP,805
4405,320,DEVELOP,DEVELOP,805
4405,4408,exceed,EXCEED,805
4405,2523,manage,MANAGE,805
4405,181,manage,MANAGE,805
4406,4405,USE,USE,805
4406,2341,USE,USE,805
4406,2764,USE,USE,805
4407,4405,USE,USE,805
4407,2341,USE,USE,805
4407,4406,USE,USE,805
4407,2764,USE,USE,805
4407,3639,USE,USE,805
4409,4405,SUPPORT,SUPPORT,805
4409,4410,SUPPORT,SUPPORT,805
4409,3639,SUPPORT,SUPPORT,805
4411,4405,manage,MANAGE,805
4411,2523,manage,MANAGE,805
4411,181,manage,MANAGE,805
4412,4405,manage,MANAGE,805
4412,131,manage,MANAGE,805
4412,4410,manage,MANAGE,805
4412,2523,manage,MANAGE,805
4412,4411,manage,MANAGE,805
4412,181,manage,MANAGE,805
4413,3798,OBLIGATE,OBLIGATE,806
4413,233,OBLIGATE,OBLIGATE,806
4413,585,OBLIGATE,OBLIGATE,806
4413,2097,OBLIGATE,OBLIGATE,806
4413,1087,show,SHOW,806
4413,3971,define,DEFINE,806
4413,52,define,DEFINE,806
4413,96,take,TAKE,806
4413,639,take,TAKE,806
4414,4413,OBLIGATE,OBLIGATE,806
4414,3798,OBLIGATE,OBLIGATE,806
4414,4415,OBLIGATE,OBLIGATE,806
4414,233,OBLIGATE,OBLIGATE,806
4414,585,OBLIGATE,OBLIGATE,806
4414,2097,OBLIGATE,OBLIGATE,806
4414,3971,OBLIGATE,OBLIGATE,806
4415,4413,OBLIGATE,OBLIGATE,806
4415,3798,OBLIGATE,OBLIGATE,806
4415,233,OBLIGATE,OBLIGATE,806
4415,585,OBLIGATE,OBLIGATE,806
4415,2097,OBLIGATE,OBLIGATE,806
4416,4413,define,DEFINE,806
4416,3971,define,DEFINE,806
4416,52,define,DEFINE,806
4417,4413,AUTHORIZE,AUTHORIZE,806
4417,1147,AUTHORIZE,AUTHORIZE,806
4417,96,AUTHORIZE,AUTHORIZE,806
4418,4419,OBLIGATE,OBLIGATE,807
4418,877,OBLIGATE,OBLIGATE,807
4418,1809,set,SET,807
4418,1618,perform,PERFORM,807
4418,3288,RESTRICT,RESTRICT,807
4418,4420,RESTRICT,RESTRICT,807
4418,146,RESTRICT,RESTRICT,807
4418,4421,IMPLEMENT,IMPLEMENT,807
4418,235,IMPLEMENT,IMPLEMENT,807
4418,133,OBLIGATE,OBLIGATE,807
4418,96,set,SET,807
4419,3,DEVELOP,DEVELOP,807
4420,3288,RESTRICT,RESTRICT,807
4420,146,RESTRICT,RESTRICT,807
4421,877,IMPLEMENT,IMPLEMENT,807
4421,235,IMPLEMENT,IMPLEMENT,807
4422,336,OBLIGATE,OBLIGATE,808
4422,634,OBLIGATE,OBLIGATE,808
4422,131,OBLIGATE,OBLIGATE,808
4422,4424,OBLIGATE,OBLIGATE,808
4422,236,OBLIGATE,OBLIGATE,808
4422,333,OBLIGATE,OBLIGATE,808
4422,4426,OBLIGATE,OBLIGATE,808
4424,634,OBLIGATE,OBLIGATE,808
4424,131,OBLIGATE,OBLIGATE,808
4425,4422,OBLIGATE,OBLIGATE,808
4425,4426,OBLIGATE,OBLIGATE,808
4427,4429,OBLIGATE,OBLIGATE,809
4427,67,DEVELOP,DEVELOP,809
4427,53,OBLIGATE,OBLIGATE,809
4427,809,OBLIGATE,OBLIGATE,809
4427,736,OBLIGATE,OBLIGATE,809
4427,4430,OBLIGATE,OBLIGATE,809
4427,14,OBLIGATE,OBLIGATE,809
4427,873,designate,DESIGNATE,809
4427,41,OBLIGATE,OBLIGATE,809
4427,3,OBLIGATE,OBLIGATE,809
4427,4431,OBLIGATE,OBLIGATE,809
4427,70,OBLIGATE,OBLIGATE,809
4427,13,OBLIGATE,OBLIGATE,809
4427,738,OBLIGATE,OBLIGATE,809
4428,4427,DEVELOP,DEVELOP,809
4428,140,DEVELOP,DEVELOP,809
4428,67,DEVELOP,DEVELOP,809
4428,53,DEVELOP,DEVELOP,809
4430,736,OBLIGATE,OBLIGATE,809
4430,14,OBLIGATE,OBLIGATE,809
4431,3,OBLIGATE,OBLIGATE,809
4431,70,OBLIGATE,OBLIGATE,809
4432,4427,OBLIGATE,OBLIGATE,809
4432,4,OBLIGATE,OBLIGATE,809
4432,3,OBLIGATE,OBLIGATE,809
4432,4431,OBLIGATE,OBLIGATE,809
4432,70,OBLIGATE,OBLIGATE,809
4433,4427,OBLIGATE,OBLIGATE,809
4433,14,OBLIGATE,OBLIGATE,809
4433,13,OBLIGATE,OBLIGATE,809
4433,738,OBLIGATE,OBLIGATE,809
4434,341,COORDINATE,COORDINATE,810
4434,1444,OBLIGATE,OBLIGATE,810
4434,166,OBLIGATE,OBLIGATE,810
4434,85,OBLIGATE,OBLIGATE,810
4434,131,OBLIGATE,OBLIGATE,810
4434,335,OBLIGATE,OBLIGATE,810
4434,37,COORDINATE,COORDINATE,810
4434,957,COORDINATE,COORDINATE,810
4434,177,OBLIGATE,OBLIGATE,810
4435,4434,COORDINATE,COORDINATE,810
4435,341,COORDINATE,COORDINATE,810
4435,1444,COORDINATE,COORDINATE,810
4435,4436,COORDINATE,COORDINATE,810
4436,4434,OBLIGATE,OBLIGATE,810
4436,341,COORDINATE,COORDINATE,810
4436,1444,OBLIGATE,OBLIGATE,810
4436,4437,OBLIGATE,OBLIGATE,810
4437,4434,OBLIGATE,OBLIGATE,810
4437,1444,OBLIGATE,OBLIGATE,810
4438,4434,OBLIGATE,OBLIGATE,810
4438,177,OBLIGATE,OBLIGATE,810
4440,206,OBLIGATE,OBLIGATE,811
4440,146,OBLIGATE,OBLIGATE,811
4441,4440,OBLIGATE,OBLIGATE,811
4441,206,OBLIGATE,OBLIGATE,811
4441,336,OBLIGATE,OBLIGATE,811
4441,3,OBLIGATE,OBLIGATE,811
4441,146,OBLIGATE,OBLIGATE,811
4441,2524,OBLIGATE,OBLIGATE,811
4442,4440,REGULATE,REGULATE,811
4442,4443,REGULATE,REGULATE,811
4442,416,REGULATE,REGULATE,811
4442,4664,wish,WISH,856
4442,1451,wish,WISH,856
4442,157,wish,WISH,856
4443,4440,REGULATE,REGULATE,811
4443,3,REGULATE,REGULATE,811
4443,416,REGULATE,REGULATE,811
4445,645,DEVELOP,DEVELOP,812
4445,18,DEVELOP,DEVELOP,812
4445,268,DEVELOP,DEVELOP,812
4445,13,form,FORM,812
4445,109,DEVELOP,DEVELOP,812
4445,1444,form,FORM,812
4445,3165,form,FORM,812
4446,4445,DEVELOP,DEVELOP,812
4446,645,DEVELOP,DEVELOP,812
4447,4445,DEVELOP,DEVELOP,812
4447,18,DEVELOP,DEVELOP,812
4447,268,DEVELOP,DEVELOP,812
4448,4445,DEVELOP,DEVELOP,812
4448,645,DEVELOP,DEVELOP,812
4448,109,DEVELOP,DEVELOP,812
4449,4450,amend,AMEND,813
4449,146,OBLIGATE,OBLIGATE,813
4449,96,set,SET,813
4450,146,amend,AMEND,927
4451,4449,USE,USE,813
4451,4450,amend,AMEND,813
4451,3,define,DEFINE,903
4451,248,alter,ALTER,923
4451,96,enact,ENACT,893
4451,102,alter,ALTER,923
4451,3508,AUTHORIZE,AUTHORIZE,893
4451,101,OBLIGATE,OBLIGATE,893
4451,4846,add,ADD,897
4451,1390,enact,ENACT,898
4451,181,define,DEFINE,903
4451,111,intend,INTEND,903
4451,1260,intend,INTEND,903
4451,21,OBLIGATE,OBLIGATE,923
4451,512,SUPPORT,SUPPORT,923
4452,5,RESTRICT,RESTRICT,814
4452,120,RESTRICT,RESTRICT,814
4452,787,OBLIGATE,OBLIGATE,814
4452,360,OBLIGATE,OBLIGATE,814
4452,131,obtain,OBTAIN,814
4452,336,obtain,OBTAIN,814
4452,333,conduct,CONDUCT,814
4452,59,AUTHORIZE,AUTHORIZE,814
4452,109,AUTHORIZE,AUTHORIZE,814
4452,3132,AUTHORIZE,AUTHORIZE,814
4453,4452,define,DEFINE,814
4454,206,OBLIGATE,OBLIGATE,815
4454,1347,OBLIGATE,OBLIGATE,815
4454,85,OBLIGATE,OBLIGATE,815
4454,617,OBLIGATE,OBLIGATE,815
4454,103,OBLIGATE,OBLIGATE,815
4454,468,OBLIGATE,OBLIGATE,815
4454,957,OBLIGATE,OBLIGATE,815
4454,860,OBLIGATE,OBLIGATE,815
4454,177,OBLIGATE,OBLIGATE,815
4454,3206,OBLIGATE,OBLIGATE,815
4454,234,OBLIGATE,OBLIGATE,815
4454,18,OBLIGATE,OBLIGATE,815
4454,133,OBLIGATE,OBLIGATE,815
4455,4454,DEVELOP,DEVELOP,815
4455,206,DEVELOP,DEVELOP,815
4455,820,DEVELOP,DEVELOP,815
4455,4456,DEVELOP,DEVELOP,815
4456,4454,DEVELOP,DEVELOP,815
4456,206,DEVELOP,DEVELOP,815
4456,820,DEVELOP,DEVELOP,815
4457,4458,amend,AMEND,816
4457,784,OBLIGATE,OBLIGATE,816
4457,146,emphasize,EMPHASIZE,816
4457,103,emphasize,EMPHASIZE,816
4457,1105,prioritize,PRIORITIZE,816
4457,120,prioritize,PRIORITIZE,816
4457,4461,amend,AMEND,816
4457,59,OBLIGATE,OBLIGATE,816
4459,4457,amend,AMEND,816
4459,4458,amend,AMEND,816
4459,4461,amend,AMEND,816
4460,4457,amend,AMEND,816
4460,4458,amend,AMEND,816
4460,4459,amend,AMEND,816
4462,4457,amend,AMEND,816
4462,4459,amend,AMEND,816
4462,4461,amend,AMEND,816
4463,4457,OBLIGATE,OBLIGATE,816
4463,59,OBLIGATE,OBLIGATE,816
4464,3,displace,DISPLACE,817
4464,340,displace,DISPLACE,817
4465,4464,displace,DISPLACE,817
4465,3,displace,DISPLACE,817
4465,340,displace,DISPLACE,817
4466,4464,displace,DISPLACE,817
4466,3,displace,DISPLACE,817
4466,340,displace,DISPLACE,817
4467,235,OBLIGATE,OBLIGATE,818
4467,3,hold,HOLD,818
4467,701,OBLIGATE,OBLIGATE,818
4467,1332,OBLIGATE,OBLIGATE,818
4467,549,OBLIGATE,OBLIGATE,818
4467,4468,OBLIGATE,OBLIGATE,818
4467,1105,OBLIGATE,OBLIGATE,818
4467,1090,OBLIGATE,OBLIGATE,818
4467,121,OBLIGATE,OBLIGATE,818
4467,1019,OBLIGATE,OBLIGATE,818
4467,822,OBLIGATE,OBLIGATE,818
4467,4010,REGULATE,REGULATE,818
4467,335,REGULATE,REGULATE,818
4467,707,REGULATE,REGULATE,818
4467,2429,hold,HOLD,818
4467,914,hold,HOLD,818
4468,235,OBLIGATE,OBLIGATE,818
4468,701,OBLIGATE,OBLIGATE,818
4468,1332,OBLIGATE,OBLIGATE,818
4468,549,OBLIGATE,OBLIGATE,818
4472,66,OBLIGATE,OBLIGATE,820
4472,201,OBLIGATE,OBLIGATE,820
4472,4473,OBLIGATE,OBLIGATE,820
4472,4474,OBLIGATE,OBLIGATE,820
4472,283,anticipate,ANTICIPATE,820
4472,4475,OBLIGATE,OBLIGATE,820
4472,4476,OBLIGATE,OBLIGATE,820
4472,319,OBLIGATE,OBLIGATE,820
4472,379,OBLIGATE,OBLIGATE,820
4472,4477,OBLIGATE,OBLIGATE,820
4472,4478,oblige,OBLIGE,820
4472,109,anticipate,ANTICIPATE,820
4472,177,oblige,OBLIGE,820
4472,1483,oblige,OBLIGE,820
4472,327,oblige,OBLIGE,820
4472,13,OBLIGATE,OBLIGATE,820
4472,1823,OBLIGATE,OBLIGATE,820
4472,1416,OBLIGATE,OBLIGATE,820
4472,1368,OBLIGATE,OBLIGATE,820
4472,21,OBLIGATE,OBLIGATE,820
4472,339,anticipate,ANTICIPATE,820
4472,728,anticipate,ANTICIPATE,820
4473,66,OBLIGATE,OBLIGATE,820
4473,201,OBLIGATE,OBLIGATE,820
4474,66,OBLIGATE,OBLIGATE,820
4474,201,OBLIGATE,OBLIGATE,820
4474,4473,OBLIGATE,OBLIGATE,820
4474,283,OBLIGATE,OBLIGATE,820
4475,4476,OBLIGATE,OBLIGATE,820
4475,181,OBLIGATE,OBLIGATE,820
4476,487,OBLIGATE,OBLIGATE,820
4477,319,OBLIGATE,OBLIGATE,820
4477,379,OBLIGATE,OBLIGATE,820
4478,109,oblige,OBLIGE,820
4478,283,oblige,OBLIGE,820
4478,177,oblige,OBLIGE,820
4478,2,oblige,OBLIGE,820
4478,1483,oblige,OBLIGE,820
4478,327,oblige,OBLIGE,820
4479,864,DEVELOP,DEVELOP,821
4479,3,OBLIGATE,OBLIGATE,821
4479,467,rebut,REBUT,821
4479,146,fail,FAIL,821
4479,181,AUTHORIZE,AUTHORIZE,821
4479,185,AUTHORIZE,AUTHORIZE,821
4479,512,AUTHORIZE,AUTHORIZE,821
4479,101,AUTHORIZE,AUTHORIZE,821
4479,109,fail,FAIL,821
4479,869,fail,FAIL,821
4479,1198,rebut,REBUT,821
4479,4480,OBLIGATE,OBLIGATE,821
4479,4481,AUTHORIZE,AUTHORIZE,821
4479,164,OBLIGATE,OBLIGATE,821
4479,151,OBLIGATE,OBLIGATE,821
4480,4481,AUTHORIZE,AUTHORIZE,821
4480,164,OBLIGATE,OBLIGATE,821
4480,151,OBLIGATE,OBLIGATE,821
4480,37,SUPPORT,SUPPORT,929
4481,164,AUTHORIZE,AUTHORIZE,821
4483,4479,amend,AMEND,821
4484,69,SUPPORT,SUPPORT,822
4484,4485,SUPPORT,SUPPORT,822
4484,4487,SUPPORT,SUPPORT,822
4484,4488,SUPPORT,SUPPORT,822
4484,4489,SUPPORT,SUPPORT,822
4484,967,SUPPORT,SUPPORT,822
4484,707,IMPLEMENT,IMPLEMENT,822
4484,335,IMPLEMENT,IMPLEMENT,822
4484,1646,IMPLEMENT,IMPLEMENT,822
4484,4490,IMPLEMENT,IMPLEMENT,822
4484,4491,IMPLEMENT,IMPLEMENT,822
4484,1046,IMPLEMENT,IMPLEMENT,822
4484,5,REGULATE,REGULATE,822
4484,131,REGULATE,REGULATE,822
4484,3616,REGULATE,REGULATE,822
4484,1898,REGULATE,REGULATE,822
4484,725,COORDINATE,COORDINATE,822
4484,4492,COORDINATE,COORDINATE,822
4484,33,address,ADDRESS,822
4484,201,address,ADDRESS,822
4484,4493,address,ADDRESS,822
4484,2517,address,ADDRESS,822
4484,1699,address,ADDRESS,822
4485,69,SUPPORT,SUPPORT,822
4485,4486,SUPPORT,SUPPORT,822
4485,4487,SUPPORT,SUPPORT,822
4485,4488,SUPPORT,SUPPORT,822
4487,69,SUPPORT,SUPPORT,822
4487,4486,SUPPORT,SUPPORT,822
4487,4488,SUPPORT,SUPPORT,822
4488,69,SUPPORT,SUPPORT,822
4488,4486,SUPPORT,SUPPORT,822
4489,69,SUPPORT,SUPPORT,822
4489,4485,SUPPORT,SUPPORT,822
4489,4486,SUPPORT,SUPPORT,822
4489,4487,SUPPORT,SUPPORT,822
4489,4488,SUPPORT,SUPPORT,822
4489,967,SUPPORT,SUPPORT,822
4490,335,IMPLEMENT,IMPLEMENT,847
4490,1046,IMPLEMENT,IMPLEMENT,822
4490,299,conduct,CONDUCT,831
4490,4555,conduct,CONDUCT,831
4490,5,conduct,CONDUCT,831
4490,201,IMPLEMENT,IMPLEMENT,847
4491,707,IMPLEMENT,IMPLEMENT,822
4491,335,IMPLEMENT,IMPLEMENT,822
4491,1646,IMPLEMENT,IMPLEMENT,822
4491,4490,IMPLEMENT,IMPLEMENT,822
4491,1046,IMPLEMENT,IMPLEMENT,822
4491,3,OBLIGATE,OBLIGATE,868
4491,236,OBLIGATE,OBLIGATE,868
4491,873,OBLIGATE,OBLIGATE,868
4491,21,specify,SPECIFY,874
4491,772,specify,SPECIFY,874
4491,4740,specify,SPECIFY,874
4491,4741,specify,SPECIFY,874
4491,422,specify,SPECIFY,874
4491,314,specify,SPECIFY,874
4491,131,specify,SPECIFY,874
4491,3728,specify,SPECIFY,874
4491,984,specify,SPECIFY,874
4491,223,specify,SPECIFY,874
4491,53,specify,SPECIFY,874
4491,634,specify,SPECIFY,874
4491,1163,specify,SPECIFY,874
4491,288,specify,SPECIFY,874
4491,4744,specify,SPECIFY,874
4491,76,specify,SPECIFY,874
4492,725,COORDINATE,COORDINATE,822
4493,4486,address,ADDRESS,822
4493,33,address,ADDRESS,822
4493,201,address,ADDRESS,822
4493,2517,address,ADDRESS,822
4493,1699,address,ADDRESS,822
4494,337,opt,OPT,823
4494,3095,opt,OPT,823
4494,4495,complement,COMPLEMENT,823
4494,375,complement,COMPLEMENT,823
4494,2030,complement,COMPLEMENT,823
4494,4496,complement,COMPLEMENT,823
4494,1108,complement,COMPLEMENT,823
4494,314,implemene,IMPLEMENE,823
4494,4497,align,ALIGN,823
4494,4498,align,ALIGN,823
4494,235,align,ALIGN,823
4494,6,implemene,IMPLEMENE,823
4494,1532,align,ALIGN,823
4494,51,align,ALIGN,823
4494,467,inform,INFORM,823
4494,2757,implemene,IMPLEMENE,823
4494,299,implemene,IMPLEMENE,823
4494,335,implemene,IMPLEMENE,823
4494,4499,implemene,IMPLEMENE,823
4494,4500,implemene,IMPLEMENE,823
4494,4501,inform,INFORM,823
4494,185,opt,OPT,823
4494,146,initiate,INITIATE,823
4494,2788,initiate,INITIATE,823
4494,4502,initiate,INITIATE,823
4494,1683,detail,DETAIL,823
4494,201,detail,DETAIL,823
4494,1559,detail,DETAIL,823
4494,234,detail,DETAIL,823
4494,90,detail,DETAIL,823
4494,4503,opt,OPT,823
4494,1709,opt,OPT,823
4494,495,opt,OPT,823
4495,337,complement,COMPLEMENT,823
4495,375,complement,COMPLEMENT,823
4495,2030,complement,COMPLEMENT,823
4495,1108,complement,COMPLEMENT,823
4496,337,complement,COMPLEMENT,823
4496,4495,complement,COMPLEMENT,823
4496,375,complement,COMPLEMENT,823
4496,2030,complement,COMPLEMENT,823
4496,1108,complement,COMPLEMENT,823
4497,337,align,ALIGN,823
4497,235,align,ALIGN,823
4497,6,align,ALIGN,823
4497,1532,align,ALIGN,823
4497,51,align,ALIGN,823
4498,337,align,ALIGN,823
4498,4497,align,ALIGN,823
4498,235,align,ALIGN,823
4498,6,align,ALIGN,823
4498,1532,align,ALIGN,823
4498,51,align,ALIGN,823
4500,337,implemene,IMPLEMENE,823
4500,314,implemene,IMPLEMENE,823
4500,335,implemene,IMPLEMENE,823
4500,4499,implemene,IMPLEMENE,823
4501,337,inform,INFORM,823
4501,467,inform,INFORM,823
4501,185,inform,INFORM,823
4502,337,initiate,INITIATE,823
4502,146,initiate,INITIATE,823
4502,2788,initiate,INITIATE,823
4503,337,opt,OPT,823
4503,185,opt,OPT,823
4503,131,opt,OPT,823
4503,1709,opt,OPT,823
4503,495,opt,OPT,823
4503,299,IMPLEMENT,IMPLEMENT,825
4503,198,IMPLEMENT,IMPLEMENT,825
4503,360,IMPLEMENT,IMPLEMENT,825
4503,109,IMPLEMENT,IMPLEMENT,825
4503,68,IMPLEMENT,IMPLEMENT,825
4504,4507,have,HAVE,824
4504,4506,have,HAVE,824
4504,4508,have,HAVE,824
4504,146,REPORT,REPORT,824
4504,109,RESTRICT,RESTRICT,824
4504,59,REPORT,REPORT,824
4504,235,RESTRICT,RESTRICT,824
4504,21,hold,HOLD,824
4504,148,hold,HOLD,824
4504,4505,RESTRICT,RESTRICT,824
4504,4509,RESTRICT,RESTRICT,824
4505,235,RESTRICT,RESTRICT,824
4505,109,RESTRICT,RESTRICT,824
4505,2794,RESTRICT,RESTRICT,824
4506,2792,have,HAVE,824
4506,4508,have,HAVE,824
4507,2792,have,HAVE,824
4507,4506,have,HAVE,824
4507,4508,have,HAVE,824
4508,2792,have,HAVE,824
4509,4505,RESTRICT,RESTRICT,824
4509,235,RESTRICT,RESTRICT,824
4509,109,RESTRICT,RESTRICT,824
4510,4399,SUPPORT,SUPPORT,825
4510,5,REGULATE,REGULATE,825
4510,4511,commit,COMMIT,825
4510,4512,commit,COMMIT,825
4510,138,commit,COMMIT,825
4510,311,IMPLEMENT,IMPLEMENT,825
4510,335,SUPPORT,SUPPORT,825
4510,299,IMPLEMENT,IMPLEMENT,825
4510,2757,provide,PROVIDE,825
4510,18,provide,PROVIDE,825
4510,4503,IMPLEMENT,IMPLEMENT,825
4510,198,IMPLEMENT,IMPLEMENT,825
4510,360,IMPLEMENT,IMPLEMENT,825
4510,109,IMPLEMENT,IMPLEMENT,825
4510,68,IMPLEMENT,IMPLEMENT,825
4510,1559,REGULATE,REGULATE,825
4510,654,REGULATE,REGULATE,825
4510,201,IMPLEMENT,IMPLEMENT,825
4510,2304,REGULATE,REGULATE,825
4510,4513,IMPLEMENT,IMPLEMENT,825
4510,103,REPORT,REPORT,825
4510,185,REPORT,REPORT,825
4510,1957,REPORT,REPORT,825
4510,177,prioritize,PRIORITIZE,825
4510,1046,prioritize,PRIORITIZE,825
4510,4515,prioritize,PRIORITIZE,825
4510,379,SUPPORT,SUPPORT,825
4510,3566,SUPPORT,SUPPORT,825
4510,2306,SUPPORT,SUPPORT,825
4511,5,commit,COMMIT,825
4511,138,commit,COMMIT,825
4511,335,commit,COMMIT,825
4512,5,commit,COMMIT,825
4512,4511,commit,COMMIT,825
4512,138,commit,COMMIT,825
4512,311,commit,COMMIT,825
4513,201,IMPLEMENT,IMPLEMENT,825
4513,311,IMPLEMENT,IMPLEMENT,825
4515,177,prioritize,PRIORITIZE,825
4515,1046,prioritize,PRIORITIZE,825
4516,327,AUTHORIZE,AUTHORIZE,826
4516,67,AUTHORIZE,AUTHORIZE,826
4516,323,AUTHORIZE,AUTHORIZE,826
4516,4517,AUTHORIZE,AUTHORIZE,826
4516,4518,SUPPORT,SUPPORT,826
4516,555,enable,ENABLE,826
4516,4519,AUTHORIZE,AUTHORIZE,826
4516,4520,AUTHORIZE,AUTHORIZE,826
4516,4521,AUTHORIZE,AUTHORIZE,826
4516,454,provide,PROVIDE,826
4516,4522,provide,PROVIDE,826
4516,999,SUPPORT,SUPPORT,826
4517,327,AUTHORIZE,AUTHORIZE,826
4517,67,AUTHORIZE,AUTHORIZE,826
4517,323,AUTHORIZE,AUTHORIZE,826
4517,340,AUTHORIZE,AUTHORIZE,826
4519,4520,AUTHORIZE,AUTHORIZE,826
4519,4521,AUTHORIZE,AUTHORIZE,826
4521,4520,AUTHORIZE,AUTHORIZE,826
4522,454,provide,PROVIDE,826
4523,498,OBLIGATE,OBLIGATE,827
4523,4524,DEVELOP,DEVELOP,827
4523,4525,DEVELOP,DEVELOP,827
4523,314,OBLIGATE,OBLIGATE,827
4523,231,OBLIGATE,OBLIGATE,827
4523,707,OBLIGATE,OBLIGATE,827
4523,4402,OBLIGATE,OBLIGATE,827
4523,323,OBLIGATE,OBLIGATE,827
4523,327,AUTHORIZE,AUTHORIZE,827
4523,4526,AUTHORIZE,AUTHORIZE,827
4523,63,urge,URGE,827
4523,2429,OBLIGATE,OBLIGATE,827
4523,4527,OBLIGATE,OBLIGATE,827
4523,860,OBLIGATE,OBLIGATE,827
4523,777,urge,URGE,827
4523,271,urge,URGE,827
4523,4528,urge,URGE,827
4523,103,know,KNOW,827
4523,185,know,KNOW,827
4523,181,know,KNOW,827
4523,100,know,KNOW,827
4523,4529,know,KNOW,827
4523,637,oblige,OBLIGE,827
4523,4530,oblige,OBLIGE,827
4523,4531,oblige,OBLIGE,827
4523,77,oblige,OBLIGE,827
4524,498,DEVELOP,DEVELOP,827
4524,314,DEVELOP,DEVELOP,827
4525,498,DEVELOP,DEVELOP,827
4525,4524,DEVELOP,DEVELOP,827
4526,327,AUTHORIZE,AUTHORIZE,827
4527,63,OBLIGATE,OBLIGATE,827
4527,2429,OBLIGATE,OBLIGATE,827
4527,314,OBLIGATE,OBLIGATE,827
4527,860,OBLIGATE,OBLIGATE,827
4527,13,OBLIGATE,OBLIGATE,933
4527,3231,OBLIGATE,OBLIGATE,933
4527,328,OBLIGATE,OBLIGATE,933
4528,63,urge,URGE,827
4528,777,urge,URGE,827
4528,271,urge,URGE,827
4529,103,know,KNOW,827
4529,185,know,KNOW,827
4529,181,know,KNOW,827
4529,100,know,KNOW,827
4530,77,oblige,OBLIGE,827
4531,4530,oblige,OBLIGE,827
4531,77,oblige,OBLIGE,827
4532,4533,amend,AMEND,828
4532,4534,amend,AMEND,828
4532,422,amend,AMEND,828
4532,1758,REPORT,REPORT,828
4532,4535,enable,ENABLE,828
4532,202,enable,ENABLE,828
4532,585,enable,ENABLE,828
4532,2097,enable,ENABLE,828
4532,586,enable,ENABLE,828
4532,1092,enable,ENABLE,828
4532,320,incorporate,INCORPORATE,828
4532,131,REPORT,REPORT,828
4532,927,DEVELOP,DEVELOP,828
4532,138,DEVELOP,DEVELOP,828
4532,4536,incorporate,INCORPORATE,828
4532,4537,incorporate,INCORPORATE,828
4532,4538,incorporate,INCORPORATE,828
4532,535,incorporate,INCORPORATE,828
4532,199,incorporate,INCORPORATE,828
4532,4539,incorporate,INCORPORATE,828
4533,422,amend,AMEND,828
4533,247,amend,AMEND,828
4533,1758,amend,AMEND,828
4534,4533,amend,AMEND,828
4534,422,amend,AMEND,828
4535,202,enable,ENABLE,828
4535,585,enable,ENABLE,828
4535,2097,enable,ENABLE,828
4535,586,enable,ENABLE,828
4535,1092,enable,ENABLE,828
4535,320,enable,ENABLE,828
4535,247,enable,ENABLE,828
4537,4536,incorporate,INCORPORATE,828
4538,4536,incorporate,INCORPORATE,828
4538,4537,incorporate,INCORPORATE,828
4538,199,incorporate,INCORPORATE,828
4539,320,incorporate,INCORPORATE,828
4539,2326,incorporate,INCORPORATE,828
4539,4536,incorporate,INCORPORATE,828
4539,4537,incorporate,INCORPORATE,828
4539,4538,incorporate,INCORPORATE,828
4539,535,incorporate,INCORPORATE,828
4539,199,incorporate,INCORPORATE,828
4540,4541,delete,DELETE,829
4540,4542,OBLIGATE,OBLIGATE,829
4540,4543,OBLIGATE,OBLIGATE,829
4540,894,OBLIGATE,OBLIGATE,829
4540,120,delete,DELETE,829
4540,328,delete,DELETE,829
4540,366,confirm,CONFIRM,829
4540,41,clarify,CLARIFY,829
4540,4544,confirm,CONFIRM,829
4540,2731,confirm,CONFIRM,829
4540,276,delete,DELETE,829
4541,4542,OBLIGATE,OBLIGATE,829
4541,4543,OBLIGATE,OBLIGATE,829
4541,894,OBLIGATE,OBLIGATE,829
4541,328,delete,DELETE,829
4541,276,delete,DELETE,829
4542,4543,OBLIGATE,OBLIGATE,829
4542,894,OBLIGATE,OBLIGATE,829
4542,328,OBLIGATE,OBLIGATE,829
4543,894,OBLIGATE,OBLIGATE,829
4544,366,confirm,CONFIRM,829
4544,2731,confirm,CONFIRM,829
4545,140,SUPPORT,SUPPORT,830
4545,52,impede,IMPEDE,830
4545,4546,OBLIGATE,OBLIGATE,830
4545,59,OBLIGATE,OBLIGATE,830
4545,1352,impede,IMPEDE,830
4545,4547,justify,JUSTIFY,830
4545,1032,justify,JUSTIFY,830
4545,4548,justify,JUSTIFY,830
4545,54,justify,JUSTIFY,830
4545,40,justify,JUSTIFY,830
4545,4549,justify,JUSTIFY,830
4545,177,SUPPORT,SUPPORT,830
4545,3,SUPPORT,SUPPORT,830
4545,607,SUPPORT,SUPPORT,830
4545,4550,SUPPORT,SUPPORT,830
4545,4551,impede,IMPEDE,830
4547,335,justify,JUSTIFY,830
4547,1032,justify,JUSTIFY,830
4547,4548,justify,JUSTIFY,830
4547,54,justify,JUSTIFY,830
4547,40,justify,JUSTIFY,830
4547,4549,justify,JUSTIFY,830
4548,335,justify,JUSTIFY,830
4548,1032,justify,JUSTIFY,830
4548,54,justify,JUSTIFY,830
4548,40,justify,JUSTIFY,830
4548,4549,justify,JUSTIFY,830
4550,140,SUPPORT,SUPPORT,830
4550,335,SUPPORT,SUPPORT,830
4550,177,SUPPORT,SUPPORT,830
4550,3,SUPPORT,SUPPORT,830
4550,607,SUPPORT,SUPPORT,830
4551,52,impede,IMPEDE,830
4551,335,impede,IMPEDE,830
4551,1352,impede,IMPEDE,830
4552,1042,conduct,CONDUCT,831
4552,69,demonstrate,DEMONSTRATE,831
4552,335,demonstrate,DEMONSTRATE,831
4552,103,demonstrate,DEMONSTRATE,831
4552,235,demonstrate,DEMONSTRATE,831
4552,4553,demonstrate,DEMONSTRATE,831
4552,4554,demonstrate,DEMONSTRATE,831
4552,3341,demonstrate,DEMONSTRATE,831
4552,930,demonstrate,DEMONSTRATE,831
4552,299,conduct,CONDUCT,831
4552,4490,conduct,CONDUCT,831
4552,4555,conduct,CONDUCT,831
4552,5,conduct,CONDUCT,831
4552,1558,OBLIGATE,OBLIGATE,831
4552,3872,OBLIGATE,OBLIGATE,831
4552,1559,IMPLEMENT,IMPLEMENT,831
4552,4556,IMPLEMENT,IMPLEMENT,831
4552,234,IMPLEMENT,IMPLEMENT,831
4552,121,conduct,CONDUCT,831
4552,2835,conduct,CONDUCT,831
4552,185,conduct,CONDUCT,831
4553,335,demonstrate,DEMONSTRATE,831
4553,930,demonstrate,DEMONSTRATE,831
4554,69,demonstrate,DEMONSTRATE,831
4554,335,demonstrate,DEMONSTRATE,831
4554,103,demonstrate,DEMONSTRATE,831
4554,235,demonstrate,DEMONSTRATE,831
4554,4553,demonstrate,DEMONSTRATE,831
4554,3341,demonstrate,DEMONSTRATE,831
4554,236,demonstrate,DEMONSTRATE,831
4554,930,demonstrate,DEMONSTRATE,831
4559,3555,OBLIGATE,OBLIGATE,832
4559,33,EVALUATE,EVALUATE,832
4559,1703,OBLIGATE,OBLIGATE,832
4559,235,OBLIGATE,OBLIGATE,832
4559,914,EVALUATE,EVALUATE,832
4559,1654,SUPPORT,SUPPORT,832
4559,121,urge,URGE,832
4559,860,urge,URGE,832
4559,335,urge,URGE,832
4559,1709,urge,URGE,832
4559,103,emphasize,EMPHASIZE,832
4559,138,emphasize,EMPHASIZE,832
4559,323,OBLIGATE,OBLIGATE,832
4560,4559,OBLIGATE,OBLIGATE,832
4560,33,OBLIGATE,OBLIGATE,832
4560,1703,OBLIGATE,OBLIGATE,832
4560,4561,OBLIGATE,OBLIGATE,832
4561,4559,OBLIGATE,OBLIGATE,832
4561,33,OBLIGATE,OBLIGATE,832
4561,1703,OBLIGATE,OBLIGATE,832
4562,4559,SUPPORT,SUPPORT,832
4562,366,IMPLEMENT,IMPLEMENT,847
4562,335,IMPLEMENT,IMPLEMENT,847
4562,514,IMPLEMENT,IMPLEMENT,847
4562,4629,IMPLEMENT,IMPLEMENT,847
4562,4490,IMPLEMENT,IMPLEMENT,847
4562,236,IMPLEMENT,IMPLEMENT,847
4562,201,IMPLEMENT,IMPLEMENT,847
4563,283,OBLIGATE,OBLIGATE,833
4563,4564,stress,STRESS,833
4563,337,OBLIGATE,OBLIGATE,833
4563,4284,stress,STRESS,833
4563,3,OBLIGATE,OBLIGATE,833
4563,1656,OBLIGATE,OBLIGATE,833
4563,235,equitable,EQUITABLE,833
4563,267,OBLIGATE,OBLIGATE,833
4563,4565,equitable,EQUITABLE,833
4563,85,SUPPORT,SUPPORT,833
4563,138,SUPPORT,SUPPORT,833
4563,4566,OBLIGATE,OBLIGATE,833
4563,13,OBLIGATE,OBLIGATE,833
4563,1365,OBLIGATE,OBLIGATE,833
4563,821,OBLIGATE,OBLIGATE,833
4563,4567,stress,STRESS,833
4565,235,equitable,EQUITABLE,833
4566,3,OBLIGATE,OBLIGATE,833
4566,13,OBLIGATE,OBLIGATE,833
4566,821,OBLIGATE,OBLIGATE,833
4567,4284,stress,STRESS,833
4568,4570,outcome,OUTCOME,834
4568,4571,outcome,OUTCOME,834
4568,468,outcome,OUTCOME,834
4568,4572,outcome,OUTCOME,834
4571,4513,outcome,OUTCOME,834
4572,283,outcome,OUTCOME,834
4572,468,outcome,OUTCOME,834
4572,138,DEVELOP,DEVELOP,877
4572,3,DEVELOP,DEVELOP,877
4572,320,DEVELOP,DEVELOP,877
4573,4574,prioritize,PRIORITIZE,835
4573,69,REPORT,REPORT,835
4573,4575,REPORT,REPORT,835
4573,40,REPORT,REPORT,835
4573,844,REPORT,REPORT,835
4573,121,REPORT,REPORT,835
4573,4576,REPORT,REPORT,835
4573,4577,REPORT,REPORT,835
4573,859,REPORT,REPORT,835
4573,335,prioritize,PRIORITIZE,835
4573,5,IMPLEMENT,IMPLEMENT,835
4573,2757,REPORT,REPORT,835
4573,3,prioritize,PRIORITIZE,835
4573,103,SUPPORT,SUPPORT,835
4573,1558,SUPPORT,SUPPORT,835
4573,4578,SUPPORT,SUPPORT,835
4573,4579,SUPPORT,SUPPORT,835
4573,235,SUPPORT,SUPPORT,835
4573,787,IMPLEMENT,IMPLEMENT,835
4573,4580,IMPLEMENT,IMPLEMENT,835
4573,957,IMPLEMENT,IMPLEMENT,835
4573,2306,explore,EXPLORE,835
4573,905,explore,EXPLORE,835
4573,90,explore,EXPLORE,835
4573,177,prioritize,PRIORITIZE,835
4573,1689,prioritize,PRIORITIZE,835
4573,4581,prioritize,PRIORITIZE,835
4575,40,REPORT,REPORT,835
4575,121,REPORT,REPORT,835
4575,859,REPORT,REPORT,835
4575,5,REPORT,REPORT,835
4575,2757,REPORT,REPORT,835
4576,69,REPORT,REPORT,835
4576,4575,REPORT,REPORT,835
4576,40,REPORT,REPORT,835
4576,844,REPORT,REPORT,835
4576,121,REPORT,REPORT,835
4576,859,REPORT,REPORT,835
4576,5,REPORT,REPORT,835
4576,2757,REPORT,REPORT,835
4577,69,REPORT,REPORT,835
4577,4575,REPORT,REPORT,835
4577,40,REPORT,REPORT,835
4577,844,REPORT,REPORT,835
4577,121,REPORT,REPORT,835
4577,4576,REPORT,REPORT,835
4577,859,REPORT,REPORT,835
4577,5,REPORT,REPORT,835
4577,2757,REPORT,REPORT,835
4578,4579,SUPPORT,SUPPORT,835
4578,235,SUPPORT,SUPPORT,835
4579,235,SUPPORT,SUPPORT,835
4580,5,IMPLEMENT,IMPLEMENT,835
4580,787,IMPLEMENT,IMPLEMENT,835
4580,957,IMPLEMENT,IMPLEMENT,835
4581,335,prioritize,PRIORITIZE,835
4581,177,prioritize,PRIORITIZE,835
4581,1689,prioritize,PRIORITIZE,835
4582,4583,advise,ADVISE,836
4582,136,manage,MANAGE,836
4582,2731,explain,EXPLAIN,836
4582,225,manage,MANAGE,836
4582,1091,segment,SEGMENT,836
4582,585,RESTRICT,RESTRICT,836
4582,586,RESTRICT,RESTRICT,836
4582,4584,warn,WARN,836
4582,4585,warn,WARN,836
4582,120,warn,WARN,836
4582,223,advise,ADVISE,836
4582,4586,manage,MANAGE,836
4582,192,segment,SEGMENT,836
4582,198,urge,URGE,836
4582,109,urge,URGE,836
4582,311,manage,MANAGE,836
4582,103,advise,ADVISE,836
4582,468,advise,ADVISE,836
4584,120,warn,WARN,836
4584,223,warn,WARN,836
4585,1091,warn,WARN,836
4585,4584,warn,WARN,836
4585,120,warn,WARN,836
4585,223,warn,WARN,836
4586,225,manage,MANAGE,836
4586,192,segment,SEGMENT,836
4586,136,manage,MANAGE,836
4586,311,manage,MANAGE,836
4587,1678,strengthen,STRENGTHEN,837
4587,236,strengthen,STRENGTHEN,837
4587,121,strengthen,STRENGTHEN,837
4587,1026,strengthen,STRENGTHEN,837
4587,860,strengthen,STRENGTHEN,837
4587,1656,strengthen,STRENGTHEN,837
4587,117,strengthen,STRENGTHEN,837
4587,3,SUPPORT,SUPPORT,837
4587,402,SUPPORT,SUPPORT,837
4587,4588,launch,LAUNCH,837
4587,2095,launch,LAUNCH,837
4587,876,launch,LAUNCH,837
4587,81,launch,LAUNCH,837
4587,4589,SUPPORT,SUPPORT,837
4587,4590,SUPPORT,SUPPORT,837
4587,4518,SUPPORT,SUPPORT,837
4587,4065,DEVELOP,DEVELOP,837
4587,1500,DEVELOP,DEVELOP,837
4587,67,DEVELOP,DEVELOP,837
4587,323,recommend,RECOMMEND,837
4587,4591,recommend,RECOMMEND,837
4587,4592,propose,PROPOSE,837
4587,18,propose,PROPOSE,837
4588,2095,launch,LAUNCH,837
4588,876,launch,LAUNCH,837
4588,81,launch,LAUNCH,837
4589,4518,SUPPORT,SUPPORT,837
4590,4589,SUPPORT,SUPPORT,837
4590,4518,SUPPORT,SUPPORT,837
4592,18,propose,PROPOSE,837
4593,4518,request,REQUEST,838
4593,3,request,REQUEST,838
4593,131,OBLIGATE,OBLIGATE,838
4593,210,OBLIGATE,OBLIGATE,838
4593,1525,OBLIGATE,OBLIGATE,838
4593,81,AUTHORIZE,AUTHORIZE,838
4593,2115,OBLIGATE,OBLIGATE,838
4593,550,AUTHORIZE,AUTHORIZE,838
4593,4594,AUTHORIZE,AUTHORIZE,838
4593,268,OBLIGATE,OBLIGATE,838
4593,4595,OBLIGATE,OBLIGATE,838
4593,4596,OBLIGATE,OBLIGATE,838
4593,288,request,REQUEST,838
4595,288,OBLIGATE,OBLIGATE,838
4596,4595,OBLIGATE,OBLIGATE,838
4596,288,OBLIGATE,OBLIGATE,838
4597,8,propose,PROPOSE,839
4597,1209,propose,PROPOSE,839
4597,1462,propose,PROPOSE,839
4597,3,DEVELOP,DEVELOP,839
4597,335,consider,CONSIDER,839
4597,235,consider,CONSIDER,839
4597,103,consider,CONSIDER,839
4597,468,consider,CONSIDER,839
4597,379,plan,PLAN,839
4597,4598,plan,PLAN,839
4597,2306,plan,PLAN,839
4597,95,plan,PLAN,839
4597,283,emphasize,EMPHASIZE,839
4597,362,emphasize,EMPHASIZE,839
4597,4600,SUPPORT,SUPPORT,839
4597,4601,SUPPORT,SUPPORT,839
4597,1487,DEVELOP,DEVELOP,839
4598,379,plan,PLAN,839
4598,2306,plan,PLAN,839
4600,4601,SUPPORT,SUPPORT,839
4603,206,affect,AFFECT,841
4603,3,affect,AFFECT,841
4603,4607,affect,AFFECT,841
4607,206,affect,AFFECT,841
4607,3,affect,AFFECT,841
4608,368,undergo,UNDERGO,842
4608,4609,undergo,UNDERGO,842
4608,4610,undergo,UNDERGO,842
4608,1036,undergo,UNDERGO,842
4608,736,OBLIGATE,OBLIGATE,842
4608,4611,OBLIGATE,OBLIGATE,842
4609,368,undergo,UNDERGO,842
4609,4610,undergo,UNDERGO,842
4609,1036,USE,USE,861
4609,70,USE,USE,861
4609,34,USE,USE,861
4609,136,USE,USE,861
4609,195,USE,USE,861
4609,4191,USE,USE,861
4609,1229,USE,USE,861
4609,4676,USE,USE,861
4609,80,USE,USE,861
4609,131,USE,USE,861
4609,311,USE,USE,861
4609,229,REGULATE,REGULATE,861
4609,328,REGULATE,REGULATE,861
4609,13,REGULATE,REGULATE,861
4610,368,undergo,UNDERGO,842
4610,102,undergo,UNDERGO,842
4610,1036,undergo,UNDERGO,842
4611,736,OBLIGATE,OBLIGATE,842
4612,4613,OBLIGATE,OBLIGATE,843
4612,4614,OBLIGATE,OBLIGATE,843
4612,4615,OBLIGATE,OBLIGATE,843
4612,235,OBLIGATE,OBLIGATE,843
4612,13,OBLIGATE,OBLIGATE,843
4612,1445,OBLIGATE,OBLIGATE,843
4612,1272,OBLIGATE,OBLIGATE,843
4612,2181,OBLIGATE,OBLIGATE,843
4612,2888,OBLIGATE,OBLIGATE,843
4613,4614,OBLIGATE,OBLIGATE,843
4613,235,OBLIGATE,OBLIGATE,843
4614,67,OBLIGATE,OBLIGATE,843
4614,235,OBLIGATE,OBLIGATE,843
4616,736,OBLIGATE,OBLIGATE,844
4616,53,OBLIGATE,OBLIGATE,844
4616,619,OBLIGATE,OBLIGATE,844
4616,120,OBLIGATE,OBLIGATE,844
4616,4619,OBLIGATE,OBLIGATE,844
4617,736,ban,BAN,844
4617,53,ban,BAN,844
4617,1880,ban,BAN,844
4617,787,ban,BAN,844
4617,4618,ban,BAN,844
4618,736,ban,BAN,844
4618,53,ban,BAN,844
4619,736,OBLIGATE,OBLIGATE,844
4619,53,OBLIGATE,OBLIGATE,844
4619,619,OBLIGATE,OBLIGATE,844
4619,120,OBLIGATE,OBLIGATE,844
4620,3,OBLIGATE,OBLIGATE,845
4620,736,OBLIGATE,OBLIGATE,845
4620,120,RESTRICT,RESTRICT,845
4620,630,RESTRICT,RESTRICT,845
4620,340,OBLIGATE,OBLIGATE,845
4621,4620,amend,AMEND,845
4621,3,amend,AMEND,845
4622,4620,RESTRICT,RESTRICT,845
4622,3,RESTRICT,RESTRICT,845
4622,736,RESTRICT,RESTRICT,845
4622,120,RESTRICT,RESTRICT,845
4622,630,RESTRICT,RESTRICT,845
4624,350,REPORT,REPORT,846
4624,292,IMPLEMENT,IMPLEMENT,846
4624,236,further,FURTHER,846
4624,13,OBLIGATE,OBLIGATE,846
4624,1941,OBLIGATE,OBLIGATE,846
4624,4625,REPORT,REPORT,846
4624,62,OBLIGATE,OBLIGATE,846
4624,4626,OBLIGATE,OBLIGATE,846
4624,21,COORDINATE,COORDINATE,846
4624,52,COORDINATE,COORDINATE,846
4624,876,specify,SPECIFY,846
4625,350,REPORT,REPORT,846
4626,62,OBLIGATE,OBLIGATE,846
4626,1941,OBLIGATE,OBLIGATE,846
4627,1108,provide,PROVIDE,847
4627,366,IMPLEMENT,IMPLEMENT,847
4627,4562,IMPLEMENT,IMPLEMENT,847
4627,4628,IMPLEMENT,IMPLEMENT,847
4627,335,IMPLEMENT,IMPLEMENT,847
4627,514,IMPLEMENT,IMPLEMENT,847
4627,4629,IMPLEMENT,IMPLEMENT,847
4627,4490,IMPLEMENT,IMPLEMENT,847
4627,236,IMPLEMENT,IMPLEMENT,847
4627,201,IMPLEMENT,IMPLEMENT,847
4627,103,SUPPORT,SUPPORT,847
4627,233,SUPPORT,SUPPORT,847
4627,1134,SUPPORT,SUPPORT,847
4627,3049,SUPPORT,SUPPORT,847
4627,498,SUPPORT,SUPPORT,847
4627,707,SUPPORT,SUPPORT,847
4627,2306,introduce,INTRODUCE,847
4627,4631,introduce,INTRODUCE,847
4627,90,introduce,INTRODUCE,847
4627,283,provide,PROVIDE,847
4627,146,provide,PROVIDE,847
4627,3121,provide,PROVIDE,847
4628,366,IMPLEMENT,IMPLEMENT,847
4628,3095,IMPLEMENT,IMPLEMENT,847
4628,4562,IMPLEMENT,IMPLEMENT,847
4628,335,IMPLEMENT,IMPLEMENT,847
4628,514,IMPLEMENT,IMPLEMENT,847
4628,4629,IMPLEMENT,IMPLEMENT,847
4628,4490,IMPLEMENT,IMPLEMENT,847
4628,236,IMPLEMENT,IMPLEMENT,847
4628,201,IMPLEMENT,IMPLEMENT,847
4629,366,IMPLEMENT,IMPLEMENT,847
4629,335,IMPLEMENT,IMPLEMENT,847
4629,514,IMPLEMENT,IMPLEMENT,847
4629,4490,IMPLEMENT,IMPLEMENT,847
4629,236,IMPLEMENT,IMPLEMENT,847
4629,201,IMPLEMENT,IMPLEMENT,847
4630,177,SUPPORT,SUPPORT,947
4630,1678,SUPPORT,SUPPORT,947
4630,231,SUPPORT,SUPPORT,947
4631,2306,introduce,INTRODUCE,847
4631,90,introduce,INTRODUCE,847
4632,127,OBLIGATE,OBLIGATE,848
4632,177,OBLIGATE,OBLIGATE,848
4632,350,OBLIGATE,OBLIGATE,848
4632,807,OBLIGATE,OBLIGATE,848
4632,415,OBLIGATE,OBLIGATE,848
4632,4633,OBLIGATE,OBLIGATE,848
4632,4634,OBLIGATE,OBLIGATE,848
4632,4635,OBLIGATE,OBLIGATE,848
4632,4636,OBLIGATE,OBLIGATE,848
4632,1487,OBLIGATE,OBLIGATE,848
4632,2004,OBLIGATE,OBLIGATE,848
4632,707,OBLIGATE,OBLIGATE,848
4632,4637,OBLIGATE,OBLIGATE,848
4632,21,OBLIGATE,OBLIGATE,848
4632,1853,OBLIGATE,OBLIGATE,848
4632,13,OBLIGATE,OBLIGATE,848
4632,878,OBLIGATE,OBLIGATE,848
4633,177,OBLIGATE,OBLIGATE,848
4633,350,OBLIGATE,OBLIGATE,848
4633,3,OBLIGATE,OBLIGATE,848
4633,4635,OBLIGATE,OBLIGATE,848
4633,4636,OBLIGATE,OBLIGATE,848
4633,1487,OBLIGATE,OBLIGATE,848
4633,2004,OBLIGATE,OBLIGATE,848
4633,707,OBLIGATE,OBLIGATE,848
4633,21,OBLIGATE,OBLIGATE,848
4633,1853,OBLIGATE,OBLIGATE,848
4634,177,OBLIGATE,OBLIGATE,848
4634,350,OBLIGATE,OBLIGATE,848
4634,4633,OBLIGATE,OBLIGATE,848
4634,4635,OBLIGATE,OBLIGATE,848
4634,4636,OBLIGATE,OBLIGATE,848
4634,1487,OBLIGATE,OBLIGATE,848
4634,2004,OBLIGATE,OBLIGATE,848
4634,707,OBLIGATE,OBLIGATE,848
4634,4637,OBLIGATE,OBLIGATE,848
4634,21,OBLIGATE,OBLIGATE,848
4634,1853,OBLIGATE,OBLIGATE,848
4635,177,OBLIGATE,OBLIGATE,848
4635,350,OBLIGATE,OBLIGATE,848
4635,4636,OBLIGATE,OBLIGATE,848
4635,1487,OBLIGATE,OBLIGATE,848
4635,707,OBLIGATE,OBLIGATE,848
4635,21,OBLIGATE,OBLIGATE,848
4635,1853,OBLIGATE,OBLIGATE,848
4636,177,OBLIGATE,OBLIGATE,848
4636,350,OBLIGATE,OBLIGATE,848
4636,1487,OBLIGATE,OBLIGATE,848
4636,707,OBLIGATE,OBLIGATE,848
4636,21,OBLIGATE,OBLIGATE,848
4636,1853,OBLIGATE,OBLIGATE,848
4637,177,OBLIGATE,OBLIGATE,848
4637,350,OBLIGATE,OBLIGATE,848
4637,4633,OBLIGATE,OBLIGATE,848
4637,4635,OBLIGATE,OBLIGATE,848
4637,4636,OBLIGATE,OBLIGATE,848
4637,1487,OBLIGATE,OBLIGATE,848
4637,2004,OBLIGATE,OBLIGATE,848
4637,707,OBLIGATE,OBLIGATE,848
4637,21,OBLIGATE,OBLIGATE,848
4637,1853,OBLIGATE,OBLIGATE,848
4637,843,REPORT,REPORT,854
4637,923,REPORT,REPORT,854
4638,1218,OBLIGATE,OBLIGATE,849
4638,4639,address,ADDRESS,849
4638,4640,OBLIGATE,OBLIGATE,849
4638,140,OBLIGATE,OBLIGATE,849
4638,4641,OBLIGATE,OBLIGATE,849
4638,13,address,ADDRESS,849
4638,3,address,ADDRESS,849
4638,1489,address,ADDRESS,849
4638,67,address,ADDRESS,849
4638,34,address,ADDRESS,849
4640,1218,OBLIGATE,OBLIGATE,849
4640,140,OBLIGATE,OBLIGATE,849
4640,4641,OBLIGATE,OBLIGATE,849
4640,3,OBLIGATE,OBLIGATE,849
4641,1218,OBLIGATE,OBLIGATE,849
4641,140,OBLIGATE,OBLIGATE,849
4642,4643,investigate,INVESTIGATE,850
4642,37,investigate,INVESTIGATE,850
4642,81,investigate,INVESTIGATE,850
4642,26,investigate,INVESTIGATE,850
4642,451,investigate,INVESTIGATE,850
4642,140,investigate,INVESTIGATE,850
4642,509,investigate,INVESTIGATE,850
4642,59,investigate,INVESTIGATE,850
4642,70,investigate,INVESTIGATE,850
4642,121,investigate,INVESTIGATE,850
4642,1139,investigate,INVESTIGATE,850
4642,362,investigate,INVESTIGATE,850
4642,1810,investigate,INVESTIGATE,850
4642,379,investigate,INVESTIGATE,850
4642,1140,investigate,INVESTIGATE,850
4643,37,investigate,INVESTIGATE,850
4643,81,investigate,INVESTIGATE,850
4643,26,investigate,INVESTIGATE,850
4643,3,investigate,INVESTIGATE,850
4647,4648,REGULATE,REGULATE,851
4647,368,REGULATE,REGULATE,851
4647,639,REGULATE,REGULATE,851
4647,320,provide,PROVIDE,851
4647,422,provide,PROVIDE,851
4647,259,REGULATE,REGULATE,851
4647,4649,provide,PROVIDE,851
4647,876,provide,PROVIDE,851
4647,52,provide,PROVIDE,851
4648,368,REGULATE,REGULATE,851
4648,639,REGULATE,REGULATE,851
4648,320,REGULATE,REGULATE,851
4648,422,REGULATE,REGULATE,851
4648,259,REGULATE,REGULATE,851
4649,412,DEVELOP,DEVELOP,865
4649,318,DEVELOP,DEVELOP,865
4649,1832,DEVELOP,DEVELOP,865
4649,4692,DEVELOP,DEVELOP,865
4650,4651,AUTHORIZE,AUTHORIZE,852
4650,1809,AUTHORIZE,AUTHORIZE,852
4650,157,AUTHORIZE,AUTHORIZE,852
4650,164,AUTHORIZE,AUTHORIZE,852
4651,157,DEVELOP,DEVELOP,940
4652,4651,depict,DEPICT,852
4652,1809,depict,DEPICT,852
4653,368,depict,DEPICT,853
4653,4451,DEVELOP,DEVELOP,853
4653,889,DEVELOP,DEVELOP,853
4653,157,depict,DEPICT,853
4653,187,DEVELOP,DEVELOP,853
4653,80,DEVELOP,DEVELOP,853
4654,279,aim,AIM,854
4654,312,set,SET,854
4654,1494,SUPPORT,SUPPORT,854
4654,236,SUPPORT,SUPPORT,854
4654,4655,OBLIGATE,OBLIGATE,854
4654,2307,OBLIGATE,OBLIGATE,854
4654,4656,OBLIGATE,OBLIGATE,854
4654,4657,OBLIGATE,OBLIGATE,854
4654,1319,set,SET,854
4654,1766,set,SET,854
4654,4658,emphasize,EMPHASIZE,854
4654,4659,SUPPORT,SUPPORT,854
4654,366,SUPPORT,SUPPORT,854
4654,4660,SUPPORT,SUPPORT,854
4654,320,DEVELOP,DEVELOP,854
4654,59,DEVELOP,DEVELOP,854
4654,1411,DEVELOP,DEVELOP,854
4654,69,DEVELOP,DEVELOP,854
4654,709,SUPPORT,SUPPORT,854
4654,843,REPORT,REPORT,854
4654,923,REPORT,REPORT,854
4654,4637,REPORT,REPORT,854
4655,3,OBLIGATE,OBLIGATE,854
4655,2307,OBLIGATE,OBLIGATE,854
4655,4657,OBLIGATE,OBLIGATE,854
4656,4655,OBLIGATE,OBLIGATE,854
4656,2307,OBLIGATE,OBLIGATE,854
4656,4657,OBLIGATE,OBLIGATE,854
4657,2307,OBLIGATE,OBLIGATE,854
4658,3,emphasize,EMPHASIZE,854
4659,366,SUPPORT,SUPPORT,854
4659,4660,SUPPORT,SUPPORT,854
4660,366,SUPPORT,SUPPORT,854
4662,645,guide,GUIDE,855
4662,121,guide,GUIDE,855
4662,395,guide,GUIDE,855
4663,4442,wish,WISH,856
4663,4340,violate,VIOLATE,856
4663,3,violate,VIOLATE,856
4663,1451,OBLIGATE,OBLIGATE,856
4663,157,wish,WISH,856
4663,467,OBLIGATE,OBLIGATE,856
4663,335,OBLIGATE,OBLIGATE,856
4663,819,OBLIGATE,OBLIGATE,856
4663,1030,violate,VIOLATE,856
4663,4665,violate,VIOLATE,856
4664,1451,wish,WISH,856
4664,157,wish,WISH,856
4665,4664,violate,VIOLATE,856
4665,1030,violate,VIOLATE,856
4666,736,USE,USE,857
4666,740,USE,USE,857
4666,2039,impact,IMPACT,857
4666,1257,USE,USE,857
4666,102,USE,USE,857
4666,619,impact,IMPACT,857
4666,4506,impact,IMPACT,857
4667,90,subvert,SUBVERT,858
4667,279,subvert,SUBVERT,858
4667,199,subvert,SUBVERT,858
4667,704,subvert,SUBVERT,858
4667,1091,subvert,SUBVERT,858
4667,1190,subvert,SUBVERT,858
4667,121,subvert,SUBVERT,858
4667,332,USE,USE,858
4667,1693,REPORT,REPORT,858
4667,6,REPORT,REPORT,858
4667,59,REPORT,REPORT,858
4667,1957,REPORT,REPORT,858
4667,18,REPORT,REPORT,858
4667,231,face,FACE,858
4667,235,face,FACE,858
4667,1032,USE,USE,858
4667,4668,face,FACE,858
4667,80,face,FACE,858
4668,231,face,FACE,858
4668,235,face,FACE,858
4668,80,face,FACE,858
4668,107,provide,PROVIDE,865
4669,283,DEVELOP,DEVELOP,859
4669,4670,DEVELOP,DEVELOP,859
4669,259,DEVELOP,DEVELOP,859
4669,236,REPORT,REPORT,859
4669,121,DEVELOP,DEVELOP,859
4669,320,prioritize,PRIORITIZE,859
4669,325,REPORT,REPORT,859
4669,131,aim,AIM,859
4669,422,aim,AIM,859
4669,379,address,ADDRESS,859
4669,40,prioritize,PRIORITIZE,859
4669,450,REPORT,REPORT,859
4669,2250,REPORT,REPORT,859
4669,225,REPORT,REPORT,859
4669,859,REPORT,REPORT,859
4669,709,emphasize,EMPHASIZE,859
4669,69,emphasize,EMPHASIZE,859
4669,1414,prioritize,PRIORITIZE,859
4669,4671,prioritize,PRIORITIZE,859
4669,362,address,ADDRESS,859
4669,195,address,ADDRESS,859
4669,1415,address,ADDRESS,859
4669,1230,address,ADDRESS,859
4669,4672,address,ADDRESS,859
4670,283,DEVELOP,DEVELOP,859
4670,259,DEVELOP,DEVELOP,859
4670,236,DEVELOP,DEVELOP,859
4670,121,DEVELOP,DEVELOP,859
4670,325,DEVELOP,DEVELOP,859
4671,320,prioritize,PRIORITIZE,859
4671,40,prioritize,PRIORITIZE,859
4672,379,address,ADDRESS,859
4672,195,address,ADDRESS,859
4672,1230,address,ADDRESS,859
4673,66,OBLIGATE,OBLIGATE,860
4673,353,OBLIGATE,OBLIGATE,860
4673,276,OBLIGATE,OBLIGATE,860
4673,2842,OBLIGATE,OBLIGATE,860
4673,235,emphasize,EMPHASIZE,860
4673,836,reaffirm,REAFFIRM,860
4673,850,prioritize,PRIORITIZE,860
4673,259,prioritize,PRIORITIZE,860
4673,194,DEVELOP,DEVELOP,860
4673,1760,DEVELOP,DEVELOP,860
4673,929,DEVELOP,DEVELOP,860
4673,320,emphasize,EMPHASIZE,860
4673,1132,DEVELOP,DEVELOP,860
4673,1105,DEVELOP,DEVELOP,860
4673,121,DEVELOP,DEVELOP,860
4673,405,DEVELOP,DEVELOP,860
4673,69,DEVELOP,DEVELOP,860
4673,514,emphasize,EMPHASIZE,860
4673,4674,emphasize,EMPHASIZE,860
4674,320,emphasize,EMPHASIZE,860
4674,235,emphasize,EMPHASIZE,860
4674,514,emphasize,EMPHASIZE,860
4676,70,USE,USE,861
4676,34,USE,USE,861
4676,136,USE,USE,861
4676,195,USE,USE,861
4676,4191,USE,USE,861
4676,1229,USE,USE,861
4676,80,USE,USE,861
4678,69,REPORT,REPORT,862
4678,279,REPORT,REPORT,862
4678,4380,REPORT,REPORT,862
4678,121,REPORT,REPORT,862
4678,236,REPORT,REPORT,862
4678,1727,REPORT,REPORT,862
4678,468,REPORT,REPORT,862
4678,4679,REPORT,REPORT,862
4678,138,REPORT,REPORT,862
4678,353,REPORT,REPORT,862
4679,259,REPORT,REPORT,862
4679,69,REPORT,REPORT,862
4679,138,REPORT,REPORT,862
4679,353,REPORT,REPORT,862
4680,4681,DEVELOP,DEVELOP,863
4680,2486,DEVELOP,DEVELOP,863
4680,707,EVALUATE,EVALUATE,863
4680,2941,DEVELOP,DEVELOP,863
4680,701,DEVELOP,DEVELOP,863
4680,3119,EVALUATE,EVALUATE,863
4680,1341,SUPPORT,SUPPORT,863
4680,4683,SUPPORT,SUPPORT,863
4680,535,SUPPORT,SUPPORT,863
4680,1512,SUPPORT,SUPPORT,863
4680,1561,SUPPORT,SUPPORT,863
4680,103,SUPPORT,SUPPORT,863
4680,1891,SUPPORT,SUPPORT,863
4680,939,EVALUATE,EVALUATE,863
4680,1976,EVALUATE,EVALUATE,863
4680,1701,EVALUATE,EVALUATE,863
4680,325,EVALUATE,EVALUATE,863
4680,1046,IMPLEMENT,IMPLEMENT,863
4680,514,DEVELOP,DEVELOP,863
4681,2486,DEVELOP,DEVELOP,863
4681,707,DEVELOP,DEVELOP,863
4681,2941,DEVELOP,DEVELOP,863
4681,701,DEVELOP,DEVELOP,863
4681,4682,DEVELOP,DEVELOP,863
4681,276,DEVELOP,DEVELOP,863
4683,276,SUPPORT,SUPPORT,863
4683,3119,SUPPORT,SUPPORT,863
4683,1341,SUPPORT,SUPPORT,863
4683,535,SUPPORT,SUPPORT,863
4683,1512,SUPPORT,SUPPORT,863
4683,103,SUPPORT,SUPPORT,863
4683,1891,SUPPORT,SUPPORT,863
4684,4685,DEVELOP,DEVELOP,864
4684,4686,SUPPORT,SUPPORT,864
4684,320,DEVELOP,DEVELOP,864
4684,335,accelerate,ACCELERATE,864
4684,1689,accelerate,ACCELERATE,864
4684,3038,accelerate,ACCELERATE,864
4684,26,SUPPORT,SUPPORT,864
4684,379,SUPPORT,SUPPORT,864
4684,1500,strengthen,STRENGTHEN,864
4684,1313,strengthen,STRENGTHEN,864
4684,4687,strengthen,STRENGTHEN,864
4684,3812,strengthen,STRENGTHEN,864
4684,4688,DEVELOP,DEVELOP,864
4684,366,DEVELOP,DEVELOP,864
4684,4689,DEVELOP,DEVELOP,864
4684,4690,DEVELOP,DEVELOP,864
4686,177,SUPPORT,SUPPORT,864
4686,320,SUPPORT,SUPPORT,864
4686,335,accelerate,ACCELERATE,864
4686,1689,accelerate,ACCELERATE,864
4686,3038,accelerate,ACCELERATE,864
4686,26,SUPPORT,SUPPORT,864
4686,379,SUPPORT,SUPPORT,864
4687,177,strengthen,STRENGTHEN,864
4687,1500,strengthen,STRENGTHEN,864
4687,1313,strengthen,STRENGTHEN,864
4687,3812,strengthen,STRENGTHEN,864
4688,366,DEVELOP,DEVELOP,864
4688,320,DEVELOP,DEVELOP,864
4689,320,DEVELOP,DEVELOP,864
4690,320,DEVELOP,DEVELOP,864
4690,4689,DEVELOP,DEVELOP,864
4691,69,DEVELOP,DEVELOP,865
4691,279,SUPPORT,SUPPORT,865
4691,859,DEVELOP,DEVELOP,865
4691,1105,DEVELOP,DEVELOP,865
4691,103,DEVELOP,DEVELOP,865
4691,335,DEVELOP,DEVELOP,865
4691,468,DEVELOP,DEVELOP,865
4691,412,DEVELOP,DEVELOP,865
4691,318,DEVELOP,DEVELOP,865
4691,1832,DEVELOP,DEVELOP,865
4691,4692,DEVELOP,DEVELOP,865
4691,4649,DEVELOP,DEVELOP,865
4691,1162,REGULATE,REGULATE,865
4691,1118,REGULATE,REGULATE,865
4691,148,REGULATE,REGULATE,865
4691,322,REGULATE,REGULATE,865
4691,924,REGULATE,REGULATE,865
4691,283,IMPLEMENT,IMPLEMENT,865
4691,2378,IMPLEMENT,IMPLEMENT,865
4691,4668,provide,PROVIDE,865
4691,1342,provide,PROVIDE,865
4691,4693,provide,PROVIDE,865
4691,709,SUPPORT,SUPPORT,865
4691,514,SUPPORT,SUPPORT,865
4692,412,DEVELOP,DEVELOP,865
4692,318,DEVELOP,DEVELOP,865
4692,1832,DEVELOP,DEVELOP,865
4692,782,SUPPORT,SUPPORT,883
4692,4790,SUPPORT,SUPPORT,883
4693,4668,provide,PROVIDE,865
4693,1342,provide,PROVIDE,865
4695,103,DEVELOP,DEVELOP,866
4695,314,DEVELOP,DEVELOP,866
4695,556,OBLIGATE,OBLIGATE,870
4695,4714,OBLIGATE,OBLIGATE,870
4695,3119,OBLIGATE,OBLIGATE,870
4696,235,define,DEFINE,866
4696,103,define,DEFINE,866
4696,778,define,DEFINE,866
4697,109,DEVELOP,DEVELOP,866
4697,3,DEVELOP,DEVELOP,866
4700,876,DEVELOP,DEVELOP,867
4700,4701,DEVELOP,DEVELOP,867
4700,4702,DEVELOP,DEVELOP,867
4700,4703,OBLIGATE,OBLIGATE,867
4700,639,OBLIGATE,OBLIGATE,867
4700,137,OBLIGATE,OBLIGATE,867
4701,876,DEVELOP,DEVELOP,867
4701,4702,DEVELOP,DEVELOP,867
4701,4373,DEVELOP,DEVELOP,867
4702,876,DEVELOP,DEVELOP,867
4703,3010,begin,BEGIN,867
4703,639,OBLIGATE,OBLIGATE,867
4703,3881,begin,BEGIN,867
4704,283,DEVELOP,DEVELOP,868
4704,138,DEVELOP,DEVELOP,868
4704,750,DEVELOP,DEVELOP,868
4704,279,DEVELOP,DEVELOP,868
4704,8,OBLIGATE,OBLIGATE,868
4704,68,OBLIGATE,OBLIGATE,868
4704,234,OBLIGATE,OBLIGATE,868
4704,170,OBLIGATE,OBLIGATE,868
4704,709,SUPPORT,SUPPORT,868
4704,580,SUPPORT,SUPPORT,868
4704,131,SUPPORT,SUPPORT,868
4704,181,OBLIGATE,OBLIGATE,868
4704,3728,OBLIGATE,OBLIGATE,868
4704,4705,OBLIGATE,OBLIGATE,868
4704,185,OBLIGATE,OBLIGATE,868
4704,201,OBLIGATE,OBLIGATE,868
4704,90,OBLIGATE,OBLIGATE,868
4704,4706,OBLIGATE,OBLIGATE,868
4704,873,OBLIGATE,OBLIGATE,868
4704,4491,OBLIGATE,OBLIGATE,868
4704,76,specify,SPECIFY,868
4704,2074,specify,SPECIFY,868
4704,3132,specify,SPECIFY,868
4704,4707,take,TAKE,868
4705,181,OBLIGATE,OBLIGATE,868
4705,185,OBLIGATE,OBLIGATE,868
4705,201,OBLIGATE,OBLIGATE,868
4706,181,OBLIGATE,OBLIGATE,868
4706,90,OBLIGATE,OBLIGATE,868
4707,109,take,TAKE,868
4708,514,seek,SEEK,869
4708,236,call,CALL,869
4708,200,call,CALL,869
4708,1026,call,CALL,869
4708,18,oppose,OPPOSE,869
4708,2517,oppose,OPPOSE,869
4708,8,urge,URGE,869
4708,1384,urge,URGE,869
4708,4709,urge,URGE,869
4708,366,emphasize,EMPHASIZE,869
4708,1307,SUPPORT,SUPPORT,869
4708,1105,stress,STRESS,869
4708,704,stress,STRESS,869
4708,69,stress,STRESS,869
4708,2996,seek,SEEK,869
4708,2997,SUPPORT,SUPPORT,869
4709,8,urge,URGE,869
4709,1384,urge,URGE,869
4710,4708,SUPPORT,SUPPORT,869
4710,2997,SUPPORT,SUPPORT,869
4711,4712,OBLIGATE,OBLIGATE,870
4711,556,OBLIGATE,OBLIGATE,870
4711,4714,OBLIGATE,OBLIGATE,870
4711,3119,OBLIGATE,OBLIGATE,870
4711,4695,OBLIGATE,OBLIGATE,870
4711,3,finance,FINANCE,870
4711,151,finance,FINANCE,870
4711,37,OBLIGATE,OBLIGATE,870
4711,84,OBLIGATE,OBLIGATE,870
4711,332,OBLIGATE,OBLIGATE,870
4711,4682,OBLIGATE,OBLIGATE,870
4711,4715,OBLIGATE,OBLIGATE,870
4711,709,OBLIGATE,OBLIGATE,870
4711,2486,OBLIGATE,OBLIGATE,870
4711,4716,finance,FINANCE,870
4712,556,OBLIGATE,OBLIGATE,870
4712,4714,OBLIGATE,OBLIGATE,870
4712,3119,OBLIGATE,OBLIGATE,870
4712,4695,OBLIGATE,OBLIGATE,870
4713,4711,OBLIGATE,OBLIGATE,870
4713,4712,OBLIGATE,OBLIGATE,870
4713,556,OBLIGATE,OBLIGATE,870
4713,4714,OBLIGATE,OBLIGATE,870
4713,3119,OBLIGATE,OBLIGATE,870
4713,4695,OBLIGATE,OBLIGATE,870
4714,556,OBLIGATE,OBLIGATE,870
4714,3119,OBLIGATE,OBLIGATE,870
4715,4682,OBLIGATE,OBLIGATE,870
4717,4718,IMPLEMENT,IMPLEMENT,871
4717,4720,DEVELOP,DEVELOP,871
4717,4721,DEVELOP,DEVELOP,871
4717,4722,DEVELOP,DEVELOP,871
4717,379,DEVELOP,DEVELOP,871
4717,4723,strengthen,STRENGTHEN,871
4717,4724,strengthen,STRENGTHEN,871
4717,4725,strengthen,STRENGTHEN,871
4718,3,IMPLEMENT,IMPLEMENT,871
4719,4717,DEVELOP,DEVELOP,871
4719,4718,DEVELOP,DEVELOP,871
4719,4720,DEVELOP,DEVELOP,871
4720,4718,DEVELOP,DEVELOP,871
4721,325,DEVELOP,DEVELOP,871
4722,325,DEVELOP,DEVELOP,871
4722,4721,DEVELOP,DEVELOP,871
4723,4724,strengthen,STRENGTHEN,871
4725,325,strengthen,STRENGTHEN,871
4725,4723,strengthen,STRENGTHEN,871
4725,4724,strengthen,STRENGTHEN,871
4726,15,suggest,SUGGEST,872
4726,170,RESTRICT,RESTRICT,872
4726,18,suggest,SUGGEST,872
4726,199,urge,URGE,872
4726,639,SUPPORT,SUPPORT,872
4726,1423,SUPPORT,SUPPORT,872
4726,103,SUPPORT,SUPPORT,872
4726,468,SUPPORT,SUPPORT,872
4726,4729,emphasize,EMPHASIZE,872
4726,4730,emphasize,EMPHASIZE,872
4726,1163,urge,URGE,872
4726,914,urge,URGE,872
4726,1366,urge,URGE,872
4726,4731,suggest,SUGGEST,872
4726,4732,suggest,SUGGEST,872
4729,121,emphasize,EMPHASIZE,872
4729,4730,emphasize,EMPHASIZE,872
4730,131,emphasize,EMPHASIZE,872
4730,1849,emphasize,EMPHASIZE,872
4731,15,suggest,SUGGEST,872
4732,15,suggest,SUGGEST,872
4732,4731,suggest,SUGGEST,872
4734,703,OBLIGATE,OBLIGATE,873
4734,138,DEVELOP,DEVELOP,873
4734,1729,OBLIGATE,OBLIGATE,873
4734,4383,SUPPORT,SUPPORT,873
4734,1726,OBLIGATE,OBLIGATE,873
4734,109,OBLIGATE,OBLIGATE,873
4734,68,OBLIGATE,OBLIGATE,873
4734,21,urge,URGE,873
4734,103,urge,URGE,873
4734,4735,DEVELOP,DEVELOP,873
4734,84,OBLIGATE,OBLIGATE,873
4734,2439,OBLIGATE,OBLIGATE,873
4735,138,DEVELOP,DEVELOP,873
4735,1729,DEVELOP,DEVELOP,873
4737,4738,specify,SPECIFY,874
4737,21,specify,SPECIFY,874
4737,4739,specify,SPECIFY,874
4737,772,specify,SPECIFY,874
4737,4740,specify,SPECIFY,874
4737,4741,specify,SPECIFY,874
4737,422,specify,SPECIFY,874
4737,314,specify,SPECIFY,874
4737,131,specify,SPECIFY,874
4737,3728,specify,SPECIFY,874
4737,984,specify,SPECIFY,874
4737,223,specify,SPECIFY,874
4737,53,specify,SPECIFY,874
4737,634,specify,SPECIFY,874
4737,1163,specify,SPECIFY,874
4737,4742,specify,SPECIFY,874
4737,4743,specify,SPECIFY,874
4737,288,specify,SPECIFY,874
4737,4491,specify,SPECIFY,874
4737,4744,specify,SPECIFY,874
4737,76,specify,SPECIFY,874
4738,21,specify,SPECIFY,874
4738,4739,specify,SPECIFY,874
4738,772,specify,SPECIFY,874
4738,4740,specify,SPECIFY,874
4738,4741,specify,SPECIFY,874
4738,422,specify,SPECIFY,874
4738,314,specify,SPECIFY,874
4738,131,specify,SPECIFY,874
4738,3728,specify,SPECIFY,874
4738,984,specify,SPECIFY,874
4738,223,specify,SPECIFY,874
4738,53,specify,SPECIFY,874
4738,634,specify,SPECIFY,874
4738,1163,specify,SPECIFY,874
4738,4742,specify,SPECIFY,874
4738,4743,specify,SPECIFY,874
4738,288,specify,SPECIFY,874
4738,4491,specify,SPECIFY,874
4738,4744,specify,SPECIFY,874
4738,76,specify,SPECIFY,874
4739,21,specify,SPECIFY,874
4739,772,specify,SPECIFY,874
4739,4740,specify,SPECIFY,874
4739,4741,specify,SPECIFY,874
4739,422,specify,SPECIFY,874
4739,314,specify,SPECIFY,874
4739,131,specify,SPECIFY,874
4739,3728,specify,SPECIFY,874
4739,984,specify,SPECIFY,874
4739,223,specify,SPECIFY,874
4739,53,specify,SPECIFY,874
4739,634,specify,SPECIFY,874
4739,1163,specify,SPECIFY,874
4739,288,specify,SPECIFY,874
4739,4491,specify,SPECIFY,874
4739,4744,specify,SPECIFY,874
4739,76,specify,SPECIFY,874
4740,21,specify,SPECIFY,874
4740,4741,specify,SPECIFY,874
4740,422,specify,SPECIFY,874
4740,314,specify,SPECIFY,874
4740,131,specify,SPECIFY,874
4740,984,specify,SPECIFY,874
4740,223,specify,SPECIFY,874
4740,53,specify,SPECIFY,874
4740,634,specify,SPECIFY,874
4740,1163,specify,SPECIFY,874
4740,288,specify,SPECIFY,874
4740,76,specify,SPECIFY,874
4741,21,specify,SPECIFY,874
4741,422,specify,SPECIFY,874
4741,314,specify,SPECIFY,874
4741,131,specify,SPECIFY,874
4741,984,specify,SPECIFY,874
4741,223,specify,SPECIFY,874
4741,53,specify,SPECIFY,874
4741,634,specify,SPECIFY,874
4741,1163,specify,SPECIFY,874
4741,288,specify,SPECIFY,874
4741,76,specify,SPECIFY,874
4742,21,specify,SPECIFY,874
4742,4739,specify,SPECIFY,874
4742,772,specify,SPECIFY,874
4742,4740,specify,SPECIFY,874
4742,4741,specify,SPECIFY,874
4742,422,specify,SPECIFY,874
4742,314,specify,SPECIFY,874
4742,131,specify,SPECIFY,874
4742,3728,specify,SPECIFY,874
4742,984,specify,SPECIFY,874
4742,223,specify,SPECIFY,874
4742,53,specify,SPECIFY,874
4742,634,specify,SPECIFY,874
4742,1163,specify,SPECIFY,874
4742,4743,specify,SPECIFY,874
4742,288,specify,SPECIFY,874
4742,4491,specify,SPECIFY,874
4742,4744,specify,SPECIFY,874
4742,76,specify,SPECIFY,874
4743,21,specify,SPECIFY,874
4743,4739,specify,SPECIFY,874
4743,772,specify,SPECIFY,874
4743,4740,specify,SPECIFY,874
4743,4741,specify,SPECIFY,874
4743,422,specify,SPECIFY,874
4743,314,specify,SPECIFY,874
4743,131,specify,SPECIFY,874
4743,3728,specify,SPECIFY,874
4743,984,specify,SPECIFY,874
4743,223,specify,SPECIFY,874
4743,53,specify,SPECIFY,874
4743,634,specify,SPECIFY,874
4743,1163,specify,SPECIFY,874
4743,288,specify,SPECIFY,874
4743,4491,specify,SPECIFY,874
4743,4744,specify,SPECIFY,874
4743,76,specify,SPECIFY,874
4744,21,specify,SPECIFY,874
4744,4740,specify,SPECIFY,874
4744,4741,specify,SPECIFY,874
4744,422,specify,SPECIFY,874
4744,314,specify,SPECIFY,874
4744,131,specify,SPECIFY,874
4744,984,specify,SPECIFY,874
4744,223,specify,SPECIFY,874
4744,53,specify,SPECIFY,874
4744,634,specify,SPECIFY,874
4744,1163,specify,SPECIFY,874
4744,288,specify,SPECIFY,874
4744,76,specify,SPECIFY,874
4745,235,cause,CAUSE,875
4745,4746,OBLIGATE,OBLIGATE,875
4745,59,define,DEFINE,875
4745,132,OBLIGATE,OBLIGATE,875
4745,4747,OBLIGATE,OBLIGATE,875
4745,4748,AUTHORIZE,AUTHORIZE,875
4745,198,AUTHORIZE,AUTHORIZE,875
4745,1342,AUTHORIZE,AUTHORIZE,875
4745,109,AUTHORIZE,AUTHORIZE,875
4745,76,cause,CAUSE,875
4745,170,RESTRICT,RESTRICT,875
4745,4749,RESTRICT,RESTRICT,875
4745,4750,cause,CAUSE,875
4746,59,define,DEFINE,875
4746,235,OBLIGATE,OBLIGATE,875
4746,4748,OBLIGATE,OBLIGATE,875
4747,4746,OBLIGATE,OBLIGATE,875
4748,198,AUTHORIZE,AUTHORIZE,875
4750,235,cause,CAUSE,875
4750,76,cause,CAUSE,875
4751,335,announce,ANNOUNCE,876
4751,314,commit,COMMIT,876
4751,3095,announce,ANNOUNCE,876
4751,4752,announce,ANNOUNCE,876
4751,4753,announce,ANNOUNCE,876
4751,333,announce,ANNOUNCE,876
4751,4754,announce,ANNOUNCE,876
4752,335,announce,ANNOUNCE,876
4752,4753,announce,ANNOUNCE,876
4752,333,announce,ANNOUNCE,876
4752,4754,announce,ANNOUNCE,876
4753,335,announce,ANNOUNCE,876
4753,333,announce,ANNOUNCE,876
4754,335,announce,ANNOUNCE,876
4754,4753,announce,ANNOUNCE,876
4754,333,announce,ANNOUNCE,876
4758,3,DEVELOP,DEVELOP,877
4758,292,enhance,ENHANCE,877
4758,1689,strengthen,STRENGTHEN,877
4758,514,SUPPORT,SUPPORT,877
4758,4572,DEVELOP,DEVELOP,877
4758,320,DEVELOP,DEVELOP,877
4758,4760,SUPPORT,SUPPORT,877
4758,4761,SUPPORT,SUPPORT,877
4758,709,deepen,DEEPEN,877
4758,3728,deepen,DEEPEN,877
4758,4762,deepen,DEEPEN,877
4758,4763,enhance,ENHANCE,877
4758,4764,reflect,REFLECT,877
4761,236,SUPPORT,SUPPORT,877
4761,4760,SUPPORT,SUPPORT,877
4762,3728,deepen,DEEPEN,877
4763,292,enhance,ENHANCE,877
4764,138,reflect,REFLECT,877
4765,4766,REGULATE,REGULATE,878
4765,3,recommend,RECOMMEND,878
4765,1568,USE,USE,878
4765,109,emphasize,EMPHASIZE,878
4765,1570,emphasize,EMPHASIZE,878
4765,201,emphasize,EMPHASIZE,878
4765,3010,emphasize,EMPHASIZE,878
4765,1307,OBLIGATE,OBLIGATE,878
4765,4767,OBLIGATE,OBLIGATE,878
4765,1019,OBLIGATE,OBLIGATE,878
4765,2835,OBLIGATE,OBLIGATE,878
4765,468,recommend,RECOMMEND,878
4765,4768,recommend,RECOMMEND,878
4765,707,stress,STRESS,878
4765,40,stress,STRESS,878
4765,138,SUPPORT,SUPPORT,878
4766,3,REGULATE,REGULATE,878
4767,1307,OBLIGATE,OBLIGATE,878
4767,1019,OBLIGATE,OBLIGATE,878
4767,2835,OBLIGATE,OBLIGATE,878
4768,3,recommend,RECOMMEND,878
4768,468,recommend,RECOMMEND,878
4770,1487,urge,URGE,879
4770,1729,SUPPORT,SUPPORT,879
4770,468,prioritize,PRIORITIZE,879
4770,842,emphasize,EMPHASIZE,879
4770,8,OBLIGATE,OBLIGATE,879
4770,639,emphasize,EMPHASIZE,879
4770,771,emphasize,EMPHASIZE,879
4770,4771,urge,URGE,879
4770,69,urge,URGE,879
4770,4772,urge,URGE,879
4770,103,urge,URGE,879
4770,2891,urge,URGE,879
4770,366,OBLIGATE,OBLIGATE,879
4770,59,OBLIGATE,OBLIGATE,879
4770,68,OBLIGATE,OBLIGATE,879
4770,311,OBLIGATE,OBLIGATE,879
4770,924,OBLIGATE,OBLIGATE,879
4770,3731,SUPPORT,SUPPORT,879
4770,1877,SUPPORT,SUPPORT,879
4770,709,SUPPORT,SUPPORT,879
4771,1487,urge,URGE,879
4771,859,urge,URGE,879
4772,1487,urge,URGE,879
4772,4771,urge,URGE,879
4772,859,urge,URGE,879
4772,69,urge,URGE,879
4772,103,urge,URGE,879
4772,2891,urge,URGE,879
4774,4775,DEVELOP,DEVELOP,880
4774,3,advocate,ADVOCATE,880
4774,3099,SUPPORT,SUPPORT,880
4774,259,recommend,RECOMMEND,880
4774,4776,recommend,RECOMMEND,880
4774,103,recommend,RECOMMEND,880
4774,200,recommend,RECOMMEND,880
4774,468,recommend,RECOMMEND,880
4774,4777,propose,PROPOSE,880
4774,1957,propose,PROPOSE,880
4774,4778,urge,URGE,880
4774,4779,urge,URGE,880
4774,4087,advocate,ADVOCATE,880
4775,1810,DEVELOP,DEVELOP,880
4776,259,recommend,RECOMMEND,880
4776,3,recommend,RECOMMEND,880
4776,103,recommend,RECOMMEND,880
4776,200,recommend,RECOMMEND,880
4776,468,recommend,RECOMMEND,880
4777,3,propose,PROPOSE,880
4777,1957,propose,PROPOSE,880
4779,1810,urge,URGE,880
4779,4778,urge,URGE,880
4780,18,recognize,RECOGNIZE,881
4780,247,recognize,RECOGNIZE,881
4780,34,recognize,RECOGNIZE,881
4780,2517,recognize,RECOGNIZE,881
4780,201,recognize,RECOGNIZE,881
4780,709,welcome,WELCOME,881
4780,1046,welcome,WELCOME,881
4780,103,welcome,WELCOME,881
4780,1105,welcome,WELCOME,881
4780,468,welcome,WELCOME,881
4780,701,welcome,WELCOME,881
4780,4513,identify,IDENTIFY,881
4780,1678,SUPPORT,SUPPORT,881
4780,1382,SUPPORT,SUPPORT,881
4780,2723,SUPPORT,SUPPORT,881
4782,749,specify,SPECIFY,882
4782,750,specify,SPECIFY,882
4782,279,OBLIGATE,OBLIGATE,882
4782,751,OBLIGATE,OBLIGATE,882
4782,752,OBLIGATE,OBLIGATE,882
4782,6,OBLIGATE,OBLIGATE,882
4782,1019,OBLIGATE,OBLIGATE,882
4782,4783,OBLIGATE,OBLIGATE,882
4782,728,OBLIGATE,OBLIGATE,882
4782,1557,OBLIGATE,OBLIGATE,882
4782,591,OBLIGATE,OBLIGATE,882
4782,109,OBLIGATE,OBLIGATE,882
4782,85,follow,FOLLOW,882
4782,4784,OBLIGATE,OBLIGATE,882
4782,4785,OBLIGATE,OBLIGATE,882
4782,756,OBLIGATE,OBLIGATE,882
4782,200,OBLIGATE,OBLIGATE,882
4782,103,REPORT,REPORT,882
4782,1880,REPORT,REPORT,882
4782,4786,REPORT,REPORT,882
4783,752,OBLIGATE,OBLIGATE,882
4783,6,OBLIGATE,OBLIGATE,882
4783,1019,OBLIGATE,OBLIGATE,882
4784,751,OBLIGATE,OBLIGATE,882
4784,4785,OBLIGATE,OBLIGATE,882
4784,756,OBLIGATE,OBLIGATE,882
4784,200,OBLIGATE,OBLIGATE,882
4785,751,OBLIGATE,OBLIGATE,882
4785,756,OBLIGATE,OBLIGATE,882
4785,200,OBLIGATE,OBLIGATE,882
4786,335,REPORT,REPORT,882
4786,103,REPORT,REPORT,882
4786,1880,REPORT,REPORT,882
4787,833,DEVELOP,DEVELOP,883
4787,2933,SUPPORT,SUPPORT,883
4787,1618,define,DEFINE,883
4787,450,define,DEFINE,883
4787,2250,define,DEFINE,883
4787,59,IMPLEMENT,IMPLEMENT,883
4787,4788,OBLIGATE,OBLIGATE,883
4787,69,OBLIGATE,OBLIGATE,883
4787,4789,DEVELOP,DEVELOP,883
4787,1403,SUPPORT,SUPPORT,883
4787,709,SUPPORT,SUPPORT,883
4787,514,SUPPORT,SUPPORT,883
4787,782,SUPPORT,SUPPORT,883
4787,4692,SUPPORT,SUPPORT,883
4787,4790,SUPPORT,SUPPORT,883
4787,4791,SUPPORT,SUPPORT,883
4787,4792,SUPPORT,SUPPORT,883
4787,4793,strengthen,STRENGTHEN,883
4787,1190,strengthen,STRENGTHEN,883
4787,924,IMPLEMENT,IMPLEMENT,883
4787,859,IMPLEMENT,IMPLEMENT,883
4787,4794,IMPLEMENT,IMPLEMENT,883
4788,69,OBLIGATE,OBLIGATE,883
4789,833,DEVELOP,DEVELOP,883
4791,4792,SUPPORT,SUPPORT,883
4793,3,strengthen,STRENGTHEN,883
4794,924,IMPLEMENT,IMPLEMENT,883
4794,859,IMPLEMENT,IMPLEMENT,883
4795,4796,clarify,CLARIFY,884
4795,4797,clarify,CLARIFY,884
4795,2743,clarify,CLARIFY,884
4795,2,clarify,CLARIFY,884
4795,52,emphasize,EMPHASIZE,884
4795,3,emphasize,EMPHASIZE,884
4795,337,represent,REPRESENT,884
4795,1260,represent,REPRESENT,884
4795,1261,represent,REPRESENT,884
4795,151,bind,BIND,884
4795,40,guide,GUIDE,884
4795,18,bind,BIND,884
4795,4798,COORDINATE,COORDINATE,884
4796,4797,clarify,CLARIFY,884
4796,2,clarify,CLARIFY,884
4796,52,clarify,CLARIFY,884
4796,3,clarify,CLARIFY,884
4797,2,clarify,CLARIFY,884
4797,52,clarify,CLARIFY,884
4797,3,clarify,CLARIFY,884
4799,318,OBLIGATE,OBLIGATE,885
4799,234,OBLIGATE,OBLIGATE,885
4799,4801,OBLIGATE,OBLIGATE,885
4799,639,OBLIGATE,OBLIGATE,885
4799,701,OBLIGATE,OBLIGATE,885
4799,395,OBLIGATE,OBLIGATE,885
4799,121,OBLIGATE,OBLIGATE,885
4799,644,produce,PRODUCE,885
4799,4802,produce,PRODUCE,885
4799,2486,produce,PRODUCE,885
4799,2941,produce,PRODUCE,885
4799,438,OBLIGATE,OBLIGATE,885
4799,925,OBLIGATE,OBLIGATE,885
4799,4803,OBLIGATE,OBLIGATE,885
4801,3,OBLIGATE,OBLIGATE,885
4801,278,OBLIGATE,OBLIGATE,885
4801,639,OBLIGATE,OBLIGATE,885
4801,701,OBLIGATE,OBLIGATE,885
4801,395,OBLIGATE,OBLIGATE,885
4801,121,OBLIGATE,OBLIGATE,885
4802,644,produce,PRODUCE,885
4802,2486,produce,PRODUCE,885
4802,2941,produce,PRODUCE,885
4803,438,OBLIGATE,OBLIGATE,885
4803,925,OBLIGATE,OBLIGATE,885
4805,4451,OBLIGATE,OBLIGATE,887
4805,1263,OBLIGATE,OBLIGATE,887
4805,248,IMPLEMENT,IMPLEMENT,887
4805,250,OBLIGATE,OBLIGATE,887
4805,90,OBLIGATE,OBLIGATE,887
4805,206,IMPLEMENT,IMPLEMENT,887
4805,153,IMPLEMENT,IMPLEMENT,887
4805,109,AUTHORIZE,AUTHORIZE,887
4805,1861,AUTHORIZE,AUTHORIZE,887
4805,76,DEVELOP,DEVELOP,887
4805,2971,AUTHORIZE,AUTHORIZE,887
4805,107,AUTHORIZE,AUTHORIZE,887
4805,96,IMPLEMENT,IMPLEMENT,887
4805,148,IMPLEMENT,IMPLEMENT,887
4805,4806,IMPLEMENT,IMPLEMENT,887
4806,96,IMPLEMENT,IMPLEMENT,887
4806,148,IMPLEMENT,IMPLEMENT,887
4807,4808,DEVELOP,DEVELOP,888
4807,2450,DEVELOP,DEVELOP,888
4807,401,OBLIGATE,OBLIGATE,888
4807,1209,charge,CHARGE,888
4807,4809,charge,CHARGE,888
4807,1139,charge,CHARGE,888
4807,33,OBLIGATE,OBLIGATE,888
4807,34,OBLIGATE,OBLIGATE,888
4807,70,OBLIGATE,OBLIGATE,888
4807,724,OBLIGATE,OBLIGATE,888
4807,131,OBLIGATE,OBLIGATE,888
4807,556,OBLIGATE,OBLIGATE,888
4807,13,OBLIGATE,OBLIGATE,888
4807,4810,OBLIGATE,OBLIGATE,888
4808,2450,DEVELOP,DEVELOP,888
4809,1209,charge,CHARGE,888
4809,1139,charge,CHARGE,888
4809,33,charge,CHARGE,888
4811,4812,depict,DEPICT,889
4811,249,AUTHORIZE,AUTHORIZE,889
4811,154,classify,CLASSIFY,889
4811,78,classify,CLASSIFY,889
4811,102,seek,SEEK,889
4811,105,OBLIGATE,OBLIGATE,889
4811,512,seek,SEEK,889
4811,635,OBLIGATE,OBLIGATE,889
4811,90,depict,DEPICT,889
4812,3,RESTRICT,RESTRICT,919
4812,90,depict,DEPICT,895
4812,886,amend,AMEND,890
4812,889,amend,AMEND,890
4812,249,RESTRICT,RESTRICT,890
4812,157,define,DEFINE,890
4812,1262,RESTRICT,RESTRICT,890
4812,4833,depict,DEPICT,895
4812,4943,RESTRICT,RESTRICT,919
4812,111,RESTRICT,RESTRICT,919
4812,102,RESTRICT,RESTRICT,919
4812,4977,amend,AMEND,927
4812,4450,amend,AMEND,927
4812,146,amend,AMEND,927
4812,1963,amend,AMEND,927
4814,4815,exclude,EXCLUDE,890
4814,886,OBLIGATE,OBLIGATE,890
4814,889,amend,AMEND,890
4814,4812,RESTRICT,RESTRICT,890
4814,3,OBLIGATE,OBLIGATE,890
4814,157,define,DEFINE,890
4814,1262,affect,AFFECT,890
4814,76,DEVELOP,DEVELOP,890
4814,154,DEVELOP,DEVELOP,890
4814,4816,DEVELOP,DEVELOP,890
4814,105,affect,AFFECT,890
4814,4817,affect,AFFECT,890
4814,102,affect,AFFECT,890
4814,252,exclude,EXCLUDE,890
4814,106,exclude,EXCLUDE,890
4814,225,exclude,EXCLUDE,890
4816,76,DEVELOP,DEVELOP,890
4816,154,DEVELOP,DEVELOP,890
4817,1262,affect,AFFECT,890
4817,105,affect,AFFECT,890
4817,102,affect,AFFECT,890
4818,2970,provide,PROVIDE,891
4818,4819,seek,SEEK,891
4818,4820,seek,SEEK,891
4818,2016,define,DEFINE,891
4818,99,define,DEFINE,891
4818,76,criminalize,CRIMINALIZE,891
4818,79,define,DEFINE,891
4818,80,define,DEFINE,891
4818,157,criminalize,CRIMINALIZE,891
4818,2722,provide,PROVIDE,891
4818,2723,provide,PROVIDE,891
4818,109,provide,PROVIDE,891
4818,935,provide,PROVIDE,891
4819,4820,seek,SEEK,891
4821,1230,include,INCLUDE,892
4821,164,include,INCLUDE,892
4821,3009,include,INCLUDE,892
4821,889,OBLIGATE,OBLIGATE,892
4821,1263,REPORT,REPORT,892
4821,33,REPORT,REPORT,892
4821,146,OBLIGATE,OBLIGATE,892
4821,80,define,DEFINE,892
4821,99,define,DEFINE,892
4821,90,define,DEFINE,892
4823,4824,enact,ENACT,893
4823,4451,place,PLACE,893
4823,248,enact,ENACT,893
4823,96,IMPLEMENT,IMPLEMENT,893
4823,4825,intend,INTEND,893
4823,4826,intend,INTEND,893
4823,102,AUTHORIZE,AUTHORIZE,893
4823,105,AUTHORIZE,AUTHORIZE,893
4823,3508,AUTHORIZE,AUTHORIZE,893
4823,101,hold,HOLD,893
4823,3514,hold,HOLD,893
4823,512,SUPPORT,SUPPORT,893
4823,4827,IMPLEMENT,IMPLEMENT,893
4824,4451,enact,ENACT,893
4824,248,enact,ENACT,893
4824,96,enact,ENACT,893
4825,4451,intend,INTEND,893
4826,4451,intend,INTEND,893
4826,4825,intend,INTEND,893
4827,96,IMPLEMENT,IMPLEMENT,893
4828,1799,RESTRICT,RESTRICT,894
4828,4829,enact,ENACT,894
4828,4830,RESTRICT,RESTRICT,894
4828,4831,RESTRICT,RESTRICT,894
4828,4832,RESTRICT,RESTRICT,894
4828,1390,enact,ENACT,894
4830,4831,RESTRICT,RESTRICT,894
4832,4830,RESTRICT,RESTRICT,894
4832,4831,RESTRICT,RESTRICT,894
4833,3,REGULATE,REGULATE,895
4833,90,depict,DEPICT,895
4833,886,state,STATE,895
4833,4834,classify,CLASSIFY,895
4833,4835,classify,CLASSIFY,895
4833,341,AUTHORIZE,AUTHORIZE,895
4833,102,AUTHORIZE,AUTHORIZE,895
4833,105,AUTHORIZE,AUTHORIZE,895
4833,4836,exclude,EXCLUDE,895
4833,1967,exclude,EXCLUDE,895
4833,160,REGULATE,REGULATE,895
4833,2879,REGULATE,REGULATE,895
4834,4835,classify,CLASSIFY,895
4836,1967,exclude,EXCLUDE,895
4836,248,COORDINATE,COORDINATE,911
4836,886,COORDINATE,COORDINATE,911
4836,160,COORDINATE,COORDINATE,911
4836,2879,COORDINATE,COORDINATE,911
4837,1444,expire,EXPIRE,896
4837,880,expire,EXPIRE,896
4837,1209,DEVELOP,DEVELOP,896
4837,235,DEVELOP,DEVELOP,896
4837,33,OBLIGATE,OBLIGATE,896
4837,4838,compose,COMPOSE,896
4837,52,compose,COMPOSE,896
4837,957,compose,COMPOSE,896
4837,2103,compose,COMPOSE,896
4837,69,charge,CHARGE,896
4837,335,charge,CHARGE,896
4837,121,charge,CHARGE,896
4837,860,charge,CHARGE,896
4837,878,OBLIGATE,OBLIGATE,896
4837,4839,OBLIGATE,OBLIGATE,896
4837,18,OBLIGATE,OBLIGATE,896
4837,876,OBLIGATE,OBLIGATE,896
4837,1101,OBLIGATE,OBLIGATE,896
4837,4840,OBLIGATE,OBLIGATE,896
4837,268,OBLIGATE,OBLIGATE,896
4837,1140,OBLIGATE,OBLIGATE,896
4838,1444,compose,COMPOSE,896
4838,52,compose,COMPOSE,896
4838,957,compose,COMPOSE,896
4838,2103,compose,COMPOSE,896
4839,18,OBLIGATE,OBLIGATE,896
4839,876,OBLIGATE,OBLIGATE,896
4839,1101,OBLIGATE,OBLIGATE,896
4839,33,OBLIGATE,OBLIGATE,896
4840,21,OBLIGATE,OBLIGATE,896
4840,4839,OBLIGATE,OBLIGATE,896
4840,18,OBLIGATE,OBLIGATE,896
4840,876,OBLIGATE,OBLIGATE,896
4840,1101,OBLIGATE,OBLIGATE,896
4840,33,OBLIGATE,OBLIGATE,896
4841,248,add,ADD,897
4841,4451,add,ADD,897
4841,341,initiate,INITIATE,897
4841,973,initiate,INITIATE,897
4841,1177,OBLIGATE,OBLIGATE,897
4841,76,OBLIGATE,OBLIGATE,897
4841,4843,acknowledge,ACKNOWLEDGE,897
4841,2971,acknowledge,ACKNOWLEDGE,897
4841,4844,acknowledge,ACKNOWLEDGE,897
4841,3318,acknowledge,ACKNOWLEDGE,897
4841,160,acknowledge,ACKNOWLEDGE,897
4841,2879,acknowledge,ACKNOWLEDGE,897
4841,18,declare,DECLARE,897
4841,4845,add,ADD,897
4841,4846,add,ADD,897
4841,247,declare,DECLARE,897
4841,335,declare,DECLARE,897
4842,4841,OBLIGATE,OBLIGATE,897
4842,1177,OBLIGATE,OBLIGATE,897
4842,76,OBLIGATE,OBLIGATE,897
4843,2971,acknowledge,ACKNOWLEDGE,897
4843,4844,acknowledge,ACKNOWLEDGE,897
4843,160,acknowledge,ACKNOWLEDGE,897
4843,2879,acknowledge,ACKNOWLEDGE,897
4844,2971,acknowledge,ACKNOWLEDGE,897
4844,160,acknowledge,ACKNOWLEDGE,897
4844,2879,acknowledge,ACKNOWLEDGE,897
4844,18,acknowledge,ACKNOWLEDGE,897
4845,248,add,ADD,897
4845,4451,add,ADD,897
4845,4846,add,ADD,897
4847,146,enact,ENACT,898
4847,4451,OBLIGATE,OBLIGATE,898
4847,3,IMPLEMENT,IMPLEMENT,898
4847,1390,enact,ENACT,898
4847,1263,OBLIGATE,OBLIGATE,898
4847,4848,OBLIGATE,OBLIGATE,898
4847,3508,include,INCLUDE,898
4847,4849,include,INCLUDE,898
4847,1838,include,INCLUDE,898
4847,889,include,INCLUDE,898
4847,187,AUTHORIZE,AUTHORIZE,898
4847,4850,consider,CONSIDER,898
4847,892,consider,CONSIDER,898
4847,4851,AUTHORIZE,AUTHORIZE,898
4847,4852,AUTHORIZE,AUTHORIZE,898
4847,4853,AUTHORIZE,AUTHORIZE,898
4848,4451,OBLIGATE,OBLIGATE,898
4848,3,OBLIGATE,OBLIGATE,898
4848,248,OBLIGATE,OBLIGATE,898
4849,3,include,INCLUDE,898
4849,3508,include,INCLUDE,898
4849,1580,alter,ALTER,923
4850,3,consider,CONSIDER,898
4850,892,consider,CONSIDER,898
4852,4851,AUTHORIZE,AUTHORIZE,898
4853,3,AUTHORIZE,AUTHORIZE,898
4853,4851,AUTHORIZE,AUTHORIZE,898
4853,4852,AUTHORIZE,AUTHORIZE,898
4854,887,specify,SPECIFY,899
4854,40,DEVELOP,DEVELOP,899
4854,4857,OBLIGATE,OBLIGATE,899
4854,4858,OBLIGATE,OBLIGATE,899
4854,4859,OBLIGATE,OBLIGATE,899
4854,96,specify,SPECIFY,899
4854,892,specify,SPECIFY,899
4855,4854,DEVELOP,DEVELOP,899
4855,4856,DEVELOP,DEVELOP,899
4855,40,DEVELOP,DEVELOP,899
4855,3,DEVELOP,DEVELOP,899
4856,4854,DEVELOP,DEVELOP,899
4856,40,DEVELOP,DEVELOP,899
4856,3,DEVELOP,DEVELOP,899
4857,96,OBLIGATE,OBLIGATE,899
4858,4857,OBLIGATE,OBLIGATE,899
4858,4859,OBLIGATE,OBLIGATE,899
4858,96,OBLIGATE,OBLIGATE,899
4859,4857,OBLIGATE,OBLIGATE,899
4859,96,OBLIGATE,OBLIGATE,899
4862,4864,receive,RECEIVE,900
4862,634,DEVELOP,DEVELOP,900
4862,53,DEVELOP,DEVELOP,900
4862,235,DEVELOP,DEVELOP,900
4862,820,DEVELOP,DEVELOP,900
4862,818,define,DEFINE,900
4862,3,OBLIGATE,OBLIGATE,900
4862,120,OBLIGATE,OBLIGATE,900
4862,1444,receive,RECEIVE,900
4862,103,OBLIGATE,OBLIGATE,900
4862,146,OBLIGATE,OBLIGATE,900
4862,259,OBLIGATE,OBLIGATE,900
4862,13,OBLIGATE,OBLIGATE,900
4862,1157,receive,RECEIVE,900
4862,874,receive,RECEIVE,900
4863,4862,DEVELOP,DEVELOP,900
4863,634,DEVELOP,DEVELOP,900
4863,53,DEVELOP,DEVELOP,900
4863,235,DEVELOP,DEVELOP,900
4863,820,DEVELOP,DEVELOP,900
4865,3034,cease,CEASE,901
4865,1444,cease,CEASE,901
4865,1290,OBLIGATE,OBLIGATE,901
4865,3,OBLIGATE,OBLIGATE,901
4865,52,OBLIGATE,OBLIGATE,901
4865,67,OBLIGATE,OBLIGATE,901
4865,121,OBLIGATE,OBLIGATE,901
4865,1209,OBLIGATE,OBLIGATE,901
4865,4867,OBLIGATE,OBLIGATE,901
4865,37,OBLIGATE,OBLIGATE,901
4865,26,OBLIGATE,OBLIGATE,901
4865,877,OBLIGATE,OBLIGATE,901
4865,13,OBLIGATE,OBLIGATE,901
4865,2888,OBLIGATE,OBLIGATE,901
4865,166,SUPPORT,SUPPORT,901
4865,87,cease,CEASE,901
4865,96,cease,CEASE,901
4866,4865,DEVELOP,DEVELOP,901
4867,1444,OBLIGATE,OBLIGATE,901
4867,3,OBLIGATE,OBLIGATE,901
4867,1209,OBLIGATE,OBLIGATE,901
4868,4865,SUPPORT,SUPPORT,901
4868,1444,SUPPORT,SUPPORT,901
4868,166,SUPPORT,SUPPORT,901
4869,235,RESTRICT,RESTRICT,902
4869,3206,OBLIGATE,OBLIGATE,902
4869,2104,DEVELOP,DEVELOP,902
4869,2101,OBLIGATE,OBLIGATE,902
4869,4870,OBLIGATE,OBLIGATE,902
4869,396,RESTRICT,RESTRICT,902
4869,704,RESTRICT,RESTRICT,902
4869,283,DEVELOP,DEVELOP,902
4869,2102,DEVELOP,DEVELOP,902
4869,656,DEVELOP,DEVELOP,902
4869,4871,RESTRICT,RESTRICT,902
4869,877,RESTRICT,RESTRICT,902
4869,30,DEVELOP,DEVELOP,902
4869,916,DEVELOP,DEVELOP,902
4869,81,DEVELOP,DEVELOP,902
4869,2,DEVELOP,DEVELOP,902
4869,21,DEVELOP,DEVELOP,902
4869,4872,DEVELOP,DEVELOP,902
4870,120,OBLIGATE,OBLIGATE,902
4870,3,OBLIGATE,OBLIGATE,902
4871,877,RESTRICT,RESTRICT,902
4872,30,DEVELOP,DEVELOP,902
4872,916,DEVELOP,DEVELOP,902
4872,81,DEVELOP,DEVELOP,902
4872,2,DEVELOP,DEVELOP,902
4872,21,DEVELOP,DEVELOP,902
4873,100,RESTRICT,RESTRICT,903
4873,102,RESTRICT,RESTRICT,903
4873,146,OBLIGATE,OBLIGATE,903
4873,111,intend,INTEND,903
4873,1260,intend,INTEND,903
4873,160,AUTHORIZE,AUTHORIZE,903
4873,2879,AUTHORIZE,AUTHORIZE,903
4873,1177,OBLIGATE,OBLIGATE,903
4873,3,define,DEFINE,903
4873,2397,define,DEFINE,903
4873,4451,define,DEFINE,903
4873,181,define,DEFINE,903
4874,120,RESTRICT,RESTRICT,904
4874,96,inform,INFORM,904
4874,4876,ban,BAN,904
4874,100,forbid,FORBID,904
4874,146,OBLIGATE,OBLIGATE,904
4874,185,inform,INFORM,904
4874,235,OBLIGATE,OBLIGATE,904
4874,33,OBLIGATE,OBLIGATE,904
4874,109,OBLIGATE,OBLIGATE,904
4874,4877,OBLIGATE,OBLIGATE,904
4874,13,OBLIGATE,OBLIGATE,904
4875,4874,ban,BAN,904
4875,4876,ban,BAN,904
4877,33,OBLIGATE,OBLIGATE,904
4877,109,OBLIGATE,OBLIGATE,904
4878,90,criminalize,CRIMINALIZE,905
4878,78,criminalize,CRIMINALIZE,905
4878,4880,incorporate,INCORPORATE,905
4883,4884,amend,AMEND,906
4883,59,amend,AMEND,906
4883,4885,amend,AMEND,906
4883,99,amend,AMEND,906
4883,4886,OBLIGATE,OBLIGATE,906
4883,4887,place,PLACE,906
4883,886,OBLIGATE,OBLIGATE,906
4883,248,OBLIGATE,OBLIGATE,906
4883,249,AUTHORIZE,AUTHORIZE,906
4883,416,AUTHORIZE,AUTHORIZE,906
4883,102,AUTHORIZE,AUTHORIZE,906
4883,105,entitle,ENTITLE,906
4884,59,amend,AMEND,906
4884,99,amend,AMEND,906
4885,4884,amend,AMEND,906
4885,59,amend,AMEND,906
4885,99,amend,AMEND,906
4886,4887,OBLIGATE,OBLIGATE,906
4886,886,OBLIGATE,OBLIGATE,906
4886,248,OBLIGATE,OBLIGATE,906
4887,886,OBLIGATE,OBLIGATE,906
4887,248,OBLIGATE,OBLIGATE,906
4887,249,AUTHORIZE,AUTHORIZE,906
4887,416,AUTHORIZE,AUTHORIZE,906
4887,102,AUTHORIZE,AUTHORIZE,906
4888,1373,OBLIGATE,OBLIGATE,907
4888,1,DEVELOP,DEVELOP,907
4888,487,DEVELOP,DEVELOP,907
4888,807,DEVELOP,DEVELOP,907
4888,386,DEVELOP,DEVELOP,907
4888,327,DEVELOP,DEVELOP,907
4888,13,OBLIGATE,OBLIGATE,907
4888,267,OBLIGATE,OBLIGATE,907
4888,59,OBLIGATE,OBLIGATE,907
4888,328,OBLIGATE,OBLIGATE,907
4888,224,OBLIGATE,OBLIGATE,907
4889,4888,DEVELOP,DEVELOP,907
4889,1,DEVELOP,DEVELOP,907
4889,487,DEVELOP,DEVELOP,907
4889,807,DEVELOP,DEVELOP,907
4890,4888,DEVELOP,DEVELOP,907
4890,386,DEVELOP,DEVELOP,907
4890,327,DEVELOP,DEVELOP,907
4891,224,take,TAKE,908
4891,892,take,TAKE,908
4895,4896,amend,AMEND,909
4895,4897,take,TAKE,909
4895,4898,amend,AMEND,909
4895,102,take,TAKE,909
4895,1403,take,TAKE,909
4895,3132,RESTRICT,RESTRICT,909
4895,889,RESTRICT,RESTRICT,909
4895,107,AUTHORIZE,AUTHORIZE,909
4895,4899,AUTHORIZE,AUTHORIZE,909
4895,105,AUTHORIZE,AUTHORIZE,909
4895,320,set,SET,909
4896,4897,amend,AMEND,909
4896,4898,amend,AMEND,909
4897,4898,amend,AMEND,909
4897,102,take,TAKE,909
4897,1403,take,TAKE,909
4897,3132,take,TAKE,909
4898,3,amend,AMEND,909
4899,894,AUTHORIZE,AUTHORIZE,909
4900,4895,AUTHORIZE,AUTHORIZE,909
4900,105,AUTHORIZE,AUTHORIZE,909
4902,4903,urge,URGE,910
4902,4904,welcome,WELCOME,910
4902,549,urge,URGE,910
4902,687,DEVELOP,DEVELOP,910
4902,4905,urge,URGE,910
4902,4907,SUPPORT,SUPPORT,910
4902,4908,welcome,WELCOME,910
4902,283,welcome,WELCOME,910
4903,4904,urge,URGE,910
4903,549,urge,URGE,910
4903,687,urge,URGE,910
4903,4905,urge,URGE,910
4905,4904,urge,URGE,910
4905,549,urge,URGE,910
4905,687,urge,URGE,910
4907,4904,SUPPORT,SUPPORT,910
4908,4904,welcome,WELCOME,910
4908,283,welcome,WELCOME,910
4909,100,DEVELOP,DEVELOP,911
4909,78,RESTRICT,RESTRICT,911
4909,96,set,SET,911
4909,107,DEVELOP,DEVELOP,911
4909,4910,COORDINATE,COORDINATE,911
4909,4836,COORDINATE,COORDINATE,911
4909,4911,COORDINATE,COORDINATE,911
4909,248,COORDINATE,COORDINATE,911
4909,886,COORDINATE,COORDINATE,911
4909,160,COORDINATE,COORDINATE,911
4909,2879,COORDINATE,COORDINATE,911
4909,87,set,SET,911
4909,4914,set,SET,911
4910,4836,COORDINATE,COORDINATE,911
4910,248,COORDINATE,COORDINATE,911
4910,886,COORDINATE,COORDINATE,911
4910,160,COORDINATE,COORDINATE,911
4910,2879,COORDINATE,COORDINATE,911
4910,96,COORDINATE,COORDINATE,911
4911,4910,COORDINATE,COORDINATE,911
4911,4836,COORDINATE,COORDINATE,911
4911,248,COORDINATE,COORDINATE,911
4911,886,COORDINATE,COORDINATE,911
4911,160,AUTHORIZE,AUTHORIZE,941
4911,2879,COORDINATE,COORDINATE,911
4911,101,AUTHORIZE,AUTHORIZE,927
4911,252,AUTHORIZE,AUTHORIZE,927
4911,225,AUTHORIZE,AUTHORIZE,927
4911,2971,AUTHORIZE,AUTHORIZE,941
4911,107,AUTHORIZE,AUTHORIZE,941
4914,96,set,SET,911
4915,4916,enact,ENACT,912
4915,2886,enact,ENACT,912
4915,2016,lack,LACK,912
4915,181,AUTHORIZE,AUTHORIZE,912
4915,107,AUTHORIZE,AUTHORIZE,912
4917,4915,AUTHORIZE,AUTHORIZE,912
4917,2724,AUTHORIZE,AUTHORIZE,912
4917,181,AUTHORIZE,AUTHORIZE,912
4917,107,AUTHORIZE,AUTHORIZE,912
4918,1243,set,SET,913
4918,151,OBLIGATE,OBLIGATE,913
4918,1522,OBLIGATE,OBLIGATE,913
4918,21,OBLIGATE,OBLIGATE,913
4918,2378,OBLIGATE,OBLIGATE,913
4918,724,violate,VIOLATE,913
4918,128,OBLIGATE,OBLIGATE,913
4918,206,OBLIGATE,OBLIGATE,913
4918,94,comprise,COMPRISE,913
4918,26,comprise,COMPRISE,913
4918,392,comprise,COMPRISE,913
4918,133,OBLIGATE,OBLIGATE,913
4918,872,OBLIGATE,OBLIGATE,913
4918,224,set,SET,913
4918,738,set,SET,913
4920,34,DEVELOP,DEVELOP,914
4920,81,OBLIGATE,OBLIGATE,914
4920,350,OBLIGATE,OBLIGATE,914
4920,96,OBLIGATE,OBLIGATE,914
4920,1489,OBLIGATE,OBLIGATE,914
4920,1787,OBLIGATE,OBLIGATE,914
4920,67,OBLIGATE,OBLIGATE,914
4920,1140,OBLIGATE,OBLIGATE,914
4920,3839,OBLIGATE,OBLIGATE,914
4920,9,OBLIGATE,OBLIGATE,914
4920,873,OBLIGATE,OBLIGATE,914
4920,1121,OBLIGATE,OBLIGATE,914
4920,1157,receive,RECEIVE,914
4921,4920,DEVELOP,DEVELOP,914
4921,3,DEVELOP,DEVELOP,914
4921,34,DEVELOP,DEVELOP,914
4921,81,DEVELOP,DEVELOP,914
4922,4925,AUTHORIZE,AUTHORIZE,915
4922,4927,AUTHORIZE,AUTHORIZE,915
4922,1442,OBLIGATE,OBLIGATE,915
4922,4928,AUTHORIZE,AUTHORIZE,915
4922,1608,AUTHORIZE,AUTHORIZE,915
4922,4929,AUTHORIZE,AUTHORIZE,915
4922,4930,AUTHORIZE,AUTHORIZE,915
4922,323,REGULATE,REGULATE,915
4922,52,REGULATE,REGULATE,915
4922,2,REGULATE,REGULATE,915
4922,177,REGULATE,REGULATE,915
4922,4931,OBLIGATE,OBLIGATE,915
4925,4927,AUTHORIZE,AUTHORIZE,915
4925,318,AUTHORIZE,AUTHORIZE,915
4926,4922,AUTHORIZE,AUTHORIZE,915
4926,4925,AUTHORIZE,AUTHORIZE,915
4926,4927,AUTHORIZE,AUTHORIZE,915
4926,318,AUTHORIZE,AUTHORIZE,915
4927,318,AUTHORIZE,AUTHORIZE,915
4928,4930,AUTHORIZE,AUTHORIZE,915
4928,323,AUTHORIZE,AUTHORIZE,915
4929,4928,AUTHORIZE,AUTHORIZE,915
4929,4930,AUTHORIZE,AUTHORIZE,915
4929,323,AUTHORIZE,AUTHORIZE,915
4932,865,OBLIGATE,OBLIGATE,916
4932,639,OBLIGATE,OBLIGATE,916
4932,1169,OBLIGATE,OBLIGATE,916
4932,120,OBLIGATE,OBLIGATE,916
4932,18,OBLIGATE,OBLIGATE,916
4932,235,OBLIGATE,OBLIGATE,916
4932,738,OBLIGATE,OBLIGATE,916
4932,206,OBLIGATE,OBLIGATE,916
4932,13,OBLIGATE,OBLIGATE,916
4932,2888,OBLIGATE,OBLIGATE,916
4934,4932,OBLIGATE,OBLIGATE,916
4934,738,OBLIGATE,OBLIGATE,916
4935,3895,SUPPORT,SUPPORT,917
4935,297,SUPPORT,SUPPORT,917
4935,3334,SUPPORT,SUPPORT,917
4935,4938,SUPPORT,SUPPORT,917
4935,386,OBLIGATE,OBLIGATE,917
4935,13,OBLIGATE,OBLIGATE,917
4935,4940,OBLIGATE,OBLIGATE,917
4935,1313,OBLIGATE,OBLIGATE,917
4937,4935,SUPPORT,SUPPORT,917
4937,3895,SUPPORT,SUPPORT,917
4937,297,SUPPORT,SUPPORT,917
4937,3334,SUPPORT,SUPPORT,917
4937,4938,SUPPORT,SUPPORT,917
4938,210,SUPPORT,SUPPORT,917
4939,4935,OBLIGATE,OBLIGATE,917
4939,386,OBLIGATE,OBLIGATE,917
4939,13,OBLIGATE,OBLIGATE,917
4939,4940,OBLIGATE,OBLIGATE,917
4939,1313,OBLIGATE,OBLIGATE,917
4940,386,OBLIGATE,OBLIGATE,917
4940,13,OBLIGATE,OBLIGATE,917
4940,1313,OBLIGATE,OBLIGATE,917
4941,3,OBLIGATE,OBLIGATE,918
4941,102,seek,SEEK,918
4941,104,seek,SEEK,918
4941,111,exclude,EXCLUDE,918
4941,3132,seek,SEEK,918
4941,105,seek,SEEK,918
4941,96,take,TAKE,918
4941,107,exclude,EXCLUDE,918
4941,225,exclude,EXCLUDE,918
4941,1926,exclude,EXCLUDE,918
4941,4942,exclude,EXCLUDE,918
4941,160,OBLIGATE,OBLIGATE,918
4941,2879,OBLIGATE,OBLIGATE,918
4941,101,OBLIGATE,OBLIGATE,918
4942,107,exclude,EXCLUDE,918
4942,225,exclude,EXCLUDE,918
4942,1926,exclude,EXCLUDE,918
4942,111,exclude,EXCLUDE,918
4943,111,RESTRICT,RESTRICT,919
4943,102,RESTRICT,RESTRICT,919
4943,3,RESTRICT,RESTRICT,919
4943,1968,DEVELOP,DEVELOP,919
4943,2971,indicate,INDICATE,919
4943,4332,indicate,INDICATE,919
4943,886,indicate,INDICATE,919
4943,3868,provide,PROVIDE,919
4943,3396,provide,PROVIDE,919
4943,105,provide,PROVIDE,919
4943,288,AUTHORIZE,AUTHORIZE,919
4943,3524,AUTHORIZE,AUTHORIZE,919
4944,4943,AUTHORIZE,AUTHORIZE,919
4944,288,AUTHORIZE,AUTHORIZE,919
4944,3524,AUTHORIZE,AUTHORIZE,919
4945,100,seek,SEEK,920
4945,102,seek,SEEK,920
4945,1764,RESTRICT,RESTRICT,920
4945,1965,RESTRICT,RESTRICT,920
4945,101,meet,MEET,920
4945,1263,meet,MEET,920
4945,320,meet,MEET,920
4945,248,DEVELOP,DEVELOP,920
4945,105,seek,SEEK,920
4945,3395,AUTHORIZE,AUTHORIZE,920
4945,160,AUTHORIZE,AUTHORIZE,920
4945,2879,AUTHORIZE,AUTHORIZE,920
4945,187,AUTHORIZE,AUTHORIZE,920
4945,96,DEVELOP,DEVELOP,920
4945,892,DEVELOP,DEVELOP,920
4946,4945,AUTHORIZE,AUTHORIZE,920
4946,3395,AUTHORIZE,AUTHORIZE,920
4946,160,AUTHORIZE,AUTHORIZE,920
4946,2879,AUTHORIZE,AUTHORIZE,920
4947,4945,AUTHORIZE,AUTHORIZE,920
4947,187,AUTHORIZE,AUTHORIZE,920
4948,58,OBLIGATE,OBLIGATE,921
4948,4949,OBLIGATE,OBLIGATE,921
4948,415,OBLIGATE,OBLIGATE,921
4948,1313,OBLIGATE,OBLIGATE,921
4948,204,OBLIGATE,OBLIGATE,921
4948,35,oblige,OBLIGE,921
4948,1330,OBLIGATE,OBLIGATE,921
4948,166,oblige,OBLIGE,921
4948,656,SUPPORT,SUPPORT,921
4948,33,SUPPORT,SUPPORT,921
4948,34,OBLIGATE,OBLIGATE,921
4948,18,take,TAKE,921
4948,109,OBLIGATE,OBLIGATE,921
4948,1654,OBLIGATE,OBLIGATE,921
4948,1081,oblige,OBLIGE,921
4948,1969,oblige,OBLIGE,921
4948,407,OBLIGATE,OBLIGATE,921
4948,892,OBLIGATE,OBLIGATE,921
4948,4952,OBLIGATE,OBLIGATE,921
4948,164,take,TAKE,921
4949,58,OBLIGATE,OBLIGATE,921
4949,415,OBLIGATE,OBLIGATE,921
4949,1313,OBLIGATE,OBLIGATE,921
4949,204,OBLIGATE,OBLIGATE,921
4949,35,OBLIGATE,OBLIGATE,921
4949,1330,OBLIGATE,OBLIGATE,921
4949,166,OBLIGATE,OBLIGATE,921
4950,4948,SUPPORT,SUPPORT,921
4950,656,SUPPORT,SUPPORT,921
4950,33,SUPPORT,SUPPORT,921
4950,34,SUPPORT,SUPPORT,921
4950,18,SUPPORT,SUPPORT,921
4951,4948,OBLIGATE,OBLIGATE,921
4951,58,OBLIGATE,OBLIGATE,921
4951,639,OBLIGATE,OBLIGATE,921
4951,34,OBLIGATE,OBLIGATE,921
4951,109,OBLIGATE,OBLIGATE,921
4952,1654,OBLIGATE,OBLIGATE,921
4952,892,OBLIGATE,OBLIGATE,921
4952,109,OBLIGATE,OBLIGATE,921
4952,18,OBLIGATE,OBLIGATE,921
4953,85,provide,PROVIDE,922
4953,688,OBLIGATE,OBLIGATE,922
4953,4956,DEVELOP,DEVELOP,922
4953,328,OBLIGATE,OBLIGATE,922
4953,177,OBLIGATE,OBLIGATE,922
4953,1134,OBLIGATE,OBLIGATE,922
4953,327,provide,PROVIDE,922
4953,4957,OBLIGATE,OBLIGATE,922
4953,59,OBLIGATE,OBLIGATE,922
4953,13,OBLIGATE,OBLIGATE,922
4953,1141,OBLIGATE,OBLIGATE,922
4954,4953,DEVELOP,DEVELOP,922
4954,85,DEVELOP,DEVELOP,922
4955,4953,DEVELOP,DEVELOP,922
4955,4954,DEVELOP,DEVELOP,922
4955,85,DEVELOP,DEVELOP,922
4955,688,DEVELOP,DEVELOP,922
4956,85,DEVELOP,DEVELOP,922
4956,328,DEVELOP,DEVELOP,922
4958,4451,SUPPORT,SUPPORT,923
4958,102,alter,ALTER,923
4958,105,alter,ALTER,923
4958,248,alter,ALTER,923
4958,21,OBLIGATE,OBLIGATE,923
4958,512,SUPPORT,SUPPORT,923
4958,4849,alter,ALTER,923
4958,1580,alter,ALTER,923
4958,101,alter,ALTER,923
4958,4960,OBLIGATE,OBLIGATE,923
4959,4958,OBLIGATE,OBLIGATE,923
4959,146,OBLIGATE,OBLIGATE,923
4959,4960,OBLIGATE,OBLIGATE,923
4961,4962,DEVELOP,DEVELOP,924
4961,1284,DEVELOP,DEVELOP,924
4961,177,research,RESEARCH,924
4961,4963,DEVELOP,DEVELOP,924
4961,4964,AUTHORIZE,AUTHORIZE,924
4961,3,research,RESEARCH,924
4961,877,research,RESEARCH,924
4961,327,research,RESEARCH,924
4961,4965,REGULATE,REGULATE,924
4961,4966,AUTHORIZE,AUTHORIZE,924
4961,1147,AUTHORIZE,AUTHORIZE,924
4961,328,AUTHORIZE,AUTHORIZE,924
4962,1284,DEVELOP,DEVELOP,924
4962,177,DEVELOP,DEVELOP,924
4962,4963,DEVELOP,DEVELOP,924
4963,177,DEVELOP,DEVELOP,924
4963,3,DEVELOP,DEVELOP,924
4966,1147,AUTHORIZE,AUTHORIZE,924
4966,328,AUTHORIZE,AUTHORIZE,924
4967,83,make,MAKE,925
4967,323,OBLIGATE,OBLIGATE,925
4967,109,issue,ISSUE,925
4967,320,OBLIGATE,OBLIGATE,925
4967,688,issue,ISSUE,925
4967,1039,OBLIGATE,OBLIGATE,925
4967,58,OBLIGATE,OBLIGATE,925
4967,199,OBLIGATE,OBLIGATE,925
4967,4973,oblige,OBLIGE,925
4967,1137,REGULATE,REGULATE,925
4967,202,REGULATE,REGULATE,925
4968,4967,make,MAKE,925
4968,4969,make,MAKE,925
4968,4970,make,MAKE,925
4968,83,make,MAKE,925
4969,4967,make,MAKE,925
4969,83,make,MAKE,925
4969,323,make,MAKE,925
4970,4967,make,MAKE,925
4970,4969,make,MAKE,925
4970,83,make,MAKE,925
4971,4967,OBLIGATE,OBLIGATE,925
4971,323,OBLIGATE,OBLIGATE,925
4971,109,OBLIGATE,OBLIGATE,925
4971,320,OBLIGATE,OBLIGATE,925
4971,688,OBLIGATE,OBLIGATE,925
4972,4967,OBLIGATE,OBLIGATE,925
4972,323,OBLIGATE,OBLIGATE,925
4972,4971,OBLIGATE,OBLIGATE,925
4972,109,OBLIGATE,OBLIGATE,925
4972,320,OBLIGATE,OBLIGATE,925
4974,4975,amend,AMEND,926
4974,4976,amend,AMEND,926
4974,2878,define,DEFINE,926
4974,164,take,TAKE,926
4974,386,OBLIGATE,OBLIGATE,926
4974,784,OBLIGATE,OBLIGATE,926
4974,157,know,KNOW,926
4974,96,take,TAKE,926
4975,164,amend,AMEND,926
4976,4975,amend,AMEND,926
4976,2878,amend,AMEND,926
4976,157,criminalize,CRIMINALIZE,943
4976,154,criminalize,CRIMINALIZE,943
4976,78,criminalize,CRIMINALIZE,943
4977,4450,amend,AMEND,927
4977,1963,take,TAKE,927
4977,101,AUTHORIZE,AUTHORIZE,927
4977,160,AUTHORIZE,AUTHORIZE,927
4977,4911,AUTHORIZE,AUTHORIZE,927
4977,252,AUTHORIZE,AUTHORIZE,927
4977,225,AUTHORIZE,AUTHORIZE,927
4977,102,AUTHORIZE,AUTHORIZE,927
4977,894,AUTHORIZE,AUTHORIZE,927
4977,3287,AUTHORIZE,AUTHORIZE,927
4977,3524,AUTHORIZE,AUTHORIZE,927
4977,935,take,TAKE,927
4981,2842,SUPPORT,SUPPORT,929
4981,1682,SUPPORT,SUPPORT,929
4981,4480,SUPPORT,SUPPORT,929
4981,37,SUPPORT,SUPPORT,929
4981,1766,SUPPORT,SUPPORT,929
4981,2996,recognize,RECOGNIZE,929
4981,714,SUPPORT,SUPPORT,929
4981,318,SUPPORT,SUPPORT,929
4981,235,violate,VIOLATE,929
4981,33,violate,VIOLATE,929
4981,718,violate,VIOLATE,929
4981,69,recognize,RECOGNIZE,929
4981,822,recognize,RECOGNIZE,929
4983,170,RESTRICT,RESTRICT,930
4983,484,RESTRICT,RESTRICT,930
4985,3806,take,TAKE,930
4985,170,take,TAKE,930
4985,484,take,TAKE,930
4988,13,REPORT,REPORT,930
4989,4990,amend,AMEND,931
4989,2966,amend,AMEND,931
4989,77,amend,AMEND,931
4989,74,define,DEFINE,931
4989,450,define,DEFINE,931
4989,2250,define,DEFINE,931
4989,131,include,INCLUDE,931
4989,892,take,TAKE,931
4989,18,take,TAKE,931
4990,77,amend,AMEND,931
4991,4992,generate,GENERATE,932
4991,735,act,ACT,932
4991,3,define,DEFINE,932
4991,96,act,ACT,932
4991,157,RESTRICT,RESTRICT,932
4991,504,RESTRICT,RESTRICT,932
4991,2745,DEVELOP,DEVELOP,932
4991,18,DEVELOP,DEVELOP,932
4991,935,act,ACT,932
4991,181,act,ACT,932
4991,107,act,ACT,932
4992,3,generate,GENERATE,932
4993,3,define,DEFINE,932
4993,96,define,DEFINE,932
4994,4996,EVALUATE,EVALUATE,933
4994,366,OBLIGATE,OBLIGATE,933
4994,59,OBLIGATE,OBLIGATE,933
4994,386,set,SET,933
4994,707,set,SET,933
4994,13,OBLIGATE,OBLIGATE,933
4994,3231,OBLIGATE,OBLIGATE,933
4994,4527,OBLIGATE,OBLIGATE,933
4994,4998,OBLIGATE,OBLIGATE,933
4994,328,specify,SPECIFY,933
4994,4999,specify,SPECIFY,933
4994,1390,take,TAKE,933
4995,4994,EVALUATE,EVALUATE,933
4995,4996,EVALUATE,EVALUATE,933
4995,366,EVALUATE,EVALUATE,933
4996,366,EVALUATE,EVALUATE,933
4997,4994,OBLIGATE,OBLIGATE,933
4997,366,OBLIGATE,OBLIGATE,933
4997,59,OBLIGATE,OBLIGATE,933
4998,13,OBLIGATE,OBLIGATE,933
4998,3231,OBLIGATE,OBLIGATE,933
4998,4527,OBLIGATE,OBLIGATE,933
4998,328,OBLIGATE,OBLIGATE,933
4999,328,specify,SPECIFY,933
5000,3,OBLIGATE,OBLIGATE,934
5000,273,DEVELOP,DEVELOP,934
5000,5001,DEVELOP,DEVELOP,934
5000,181,OBLIGATE,OBLIGATE,934
5000,101,OBLIGATE,OBLIGATE,934
5000,80,seek,SEEK,934
5000,3524,seek,SEEK,934
5000,187,AUTHORIZE,AUTHORIZE,934
5000,5003,AUTHORIZE,AUTHORIZE,934
5001,3,DEVELOP,DEVELOP,934
5001,273,DEVELOP,DEVELOP,934
5003,894,AUTHORIZE,AUTHORIZE,934
5004,327,DEVELOP,DEVELOP,935
5004,5006,OBLIGATE,OBLIGATE,935
5004,1164,OBLIGATE,OBLIGATE,935
5004,5007,OBLIGATE,OBLIGATE,935
5004,85,OBLIGATE,OBLIGATE,935
5004,328,include,INCLUDE,935
5004,13,include,INCLUDE,935
5004,5009,include,INCLUDE,935
5005,5004,DEVELOP,DEVELOP,935
5005,327,DEVELOP,DEVELOP,935
5006,1164,OBLIGATE,OBLIGATE,935
5006,85,OBLIGATE,OBLIGATE,935
5007,5006,OBLIGATE,OBLIGATE,935
5007,1164,OBLIGATE,OBLIGATE,935
5007,85,OBLIGATE,OBLIGATE,935
5009,328,include,INCLUDE,935
5009,13,include,INCLUDE,935
5010,5014,OBLIGATE,OBLIGATE,936
5010,1880,OBLIGATE,OBLIGATE,936
5010,5015,drive,DRIVE,936
5010,340,drive,DRIVE,936
5010,233,USE,USE,936
5010,5017,USE,USE,936
5011,5010,DEVELOP,DEVELOP,936
5014,1880,OBLIGATE,OBLIGATE,936
5015,340,drive,DRIVE,936
5015,131,drive,DRIVE,936
5017,233,USE,USE,936
5018,1347,DEVELOP,DEVELOP,937
5018,1273,DEVELOP,DEVELOP,937
5018,5019,DEVELOP,DEVELOP,937
5018,206,DEVELOP,DEVELOP,937
5019,1347,OBLIGATE,OBLIGATE,937
5019,1273,OBLIGATE,OBLIGATE,937
5019,206,OBLIGATE,OBLIGATE,937
5020,1347,OBLIGATE,OBLIGATE,937
5020,1273,OBLIGATE,OBLIGATE,937
5020,5018,DEVELOP,DEVELOP,937
5020,5019,DEVELOP,DEVELOP,937
5020,40,OBLIGATE,OBLIGATE,937
5020,199,OBLIGATE,OBLIGATE,937
5021,1347,OBLIGATE,OBLIGATE,937
5021,1273,OBLIGATE,OBLIGATE,937
5021,5019,OBLIGATE,OBLIGATE,937
5021,206,OBLIGATE,OBLIGATE,937
5022,1273,oblige,OBLIGE,937
5022,206,oblige,OBLIGE,937
5023,34,REGULATE,REGULATE,938
5023,178,provide,PROVIDE,938
5023,407,REGULATE,REGULATE,938
5023,1618,USE,USE,938
5023,1332,OBLIGATE,OBLIGATE,938
5023,3,train,TRAIN,938
5023,1062,provide,PROVIDE,938
5023,109,OBLIGATE,OBLIGATE,938
5023,33,OBLIGATE,OBLIGATE,938
5023,5025,OBLIGATE,OBLIGATE,938
5023,5026,OBLIGATE,OBLIGATE,938
5023,131,USE,USE,938
5023,52,USE,USE,938
5023,422,USE,USE,938
5023,1077,provide,PROVIDE,938
5023,36,train,TRAIN,938
5023,203,provide,PROVIDE,938
5023,364,train,TRAIN,938
5023,67,train,TRAIN,938
5025,1062,OBLIGATE,OBLIGATE,938
5025,109,OBLIGATE,OBLIGATE,938
5025,8,OBLIGATE,OBLIGATE,938
5025,33,OBLIGATE,OBLIGATE,938
5025,131,OBLIGATE,OBLIGATE,938
5026,1062,OBLIGATE,OBLIGATE,938
5026,109,OBLIGATE,OBLIGATE,938
5026,8,OBLIGATE,OBLIGATE,938
5026,33,OBLIGATE,OBLIGATE,938
5026,5025,OBLIGATE,OBLIGATE,938
5027,157,criminalize,CRIMINALIZE,939
5027,76,RESTRICT,RESTRICT,939
5027,973,AUTHORIZE,AUTHORIZE,939
5027,107,AUTHORIZE,AUTHORIZE,939
5027,96,take,TAKE,939
5027,1390,take,TAKE,939
5027,37,take,TAKE,939
5027,59,take,TAKE,939
5028,5027,AUTHORIZE,AUTHORIZE,939
5028,973,AUTHORIZE,AUTHORIZE,939
5028,107,AUTHORIZE,AUTHORIZE,939
5029,5027,RESTRICT,RESTRICT,939
5029,4976,RESTRICT,RESTRICT,939
5029,76,RESTRICT,RESTRICT,939
5030,4651,DEVELOP,DEVELOP,940
5030,157,imply,IMPLY,940
5030,146,state,STATE,940
5030,3396,recover,RECOVER,940
5030,105,recover,RECOVER,940
5030,107,state,STATE,940
5030,337,state,STATE,940
5030,273,state,STATE,940
5031,5030,amend,AMEND,940
5031,4651,amend,AMEND,940
5031,157,amend,AMEND,940
5031,5043,alter,ALTER,944
5031,5044,alter,ALTER,944
5031,224,alter,ALTER,944
5032,5030,state,STATE,940
5032,146,state,STATE,940
5032,107,state,STATE,940
5032,337,state,STATE,940
5032,273,state,STATE,940
5033,1968,DEVELOP,DEVELOP,941
5033,100,OBLIGATE,OBLIGATE,941
5033,3,DEVELOP,DEVELOP,941
5033,40,DEVELOP,DEVELOP,941
5033,99,DEVELOP,DEVELOP,941
5033,76,OBLIGATE,OBLIGATE,941
5033,157,criminalize,CRIMINALIZE,941
5033,79,OBLIGATE,OBLIGATE,941
5033,80,OBLIGATE,OBLIGATE,941
5033,105,RESTRICT,RESTRICT,941
5033,341,RESTRICT,RESTRICT,941
5033,102,RESTRICT,RESTRICT,941
5033,2971,AUTHORIZE,AUTHORIZE,941
5033,4911,AUTHORIZE,AUTHORIZE,941
5033,160,AUTHORIZE,AUTHORIZE,941
5033,107,AUTHORIZE,AUTHORIZE,941
5033,273,OBLIGATE,OBLIGATE,941
5033,2938,OBLIGATE,OBLIGATE,941
5033,892,take,TAKE,941
5034,3,criminalize,CRIMINALIZE,942
5034,4976,RESTRICT,RESTRICT,942
5034,157,DEVELOP,DEVELOP,942
5034,2886,RESTRICT,RESTRICT,942
5034,154,DEVELOP,DEVELOP,942
5034,78,DEVELOP,DEVELOP,942
5034,76,criminalize,CRIMINALIZE,942
5034,2885,DEVELOP,DEVELOP,942
5034,5003,AUTHORIZE,AUTHORIZE,942
5034,5039,OBLIGATE,OBLIGATE,942
5037,5034,DEVELOP,DEVELOP,942
5037,157,DEVELOP,DEVELOP,942
5037,154,DEVELOP,DEVELOP,942
5037,78,DEVELOP,DEVELOP,942
5037,2885,DEVELOP,DEVELOP,942
5037,5038,DEVELOP,DEVELOP,942
5038,5034,DEVELOP,DEVELOP,942
5038,157,DEVELOP,DEVELOP,942
5038,154,DEVELOP,DEVELOP,942
5038,78,DEVELOP,DEVELOP,942
5038,2885,DEVELOP,DEVELOP,942
5040,5041,amend,AMEND,943
5040,2878,amend,AMEND,943
5040,5042,alter,ALTER,943
5040,4976,criminalize,CRIMINALIZE,943
5040,157,criminalize,CRIMINALIZE,943
5040,154,criminalize,CRIMINALIZE,943
5040,78,criminalize,CRIMINALIZE,943
5040,101,DEVELOP,DEVELOP,943
5040,3868,DEVELOP,DEVELOP,943
5040,1100,DEVELOP,DEVELOP,943
5041,2878,amend,AMEND,943
5043,224,take,TAKE,944
5043,107,IMPLEMENT,IMPLEMENT,944
5043,973,IMPLEMENT,IMPLEMENT,944
5043,5045,IMPLEMENT,IMPLEMENT,944
5043,268,IMPLEMENT,IMPLEMENT,944
5043,164,take,TAKE,944
5043,5046,COORDINATE,COORDINATE,944
5043,5047,COORDINATE,COORDINATE,944
5044,5043,COORDINATE,COORDINATE,944
5044,107,IMPLEMENT,IMPLEMENT,944
5044,973,IMPLEMENT,IMPLEMENT,944
5044,5045,IMPLEMENT,IMPLEMENT,944
5044,268,IMPLEMENT,IMPLEMENT,944
5044,164,IMPLEMENT,IMPLEMENT,944
5044,5046,COORDINATE,COORDINATE,944
5044,5047,COORDINATE,COORDINATE,944
5045,107,IMPLEMENT,IMPLEMENT,944
5045,973,IMPLEMENT,IMPLEMENT,944
5045,268,IMPLEMENT,IMPLEMENT,944
5045,164,IMPLEMENT,IMPLEMENT,944
5046,18,COORDINATE,COORDINATE,944
5047,5046,COORDINATE,COORDINATE,944
5048,1678,DEVELOP,DEVELOP,945
5048,18,recognize,RECOGNIZE,945
5048,138,recognize,RECOGNIZE,945
5048,235,recognize,RECOGNIZE,945
5048,335,SUPPORT,SUPPORT,945
5048,337,SUPPORT,SUPPORT,945
5048,332,SUPPORT,SUPPORT,945
5048,69,SUPPORT,SUPPORT,945
5048,231,DEVELOP,DEVELOP,945
5048,288,urge,URGE,945
5048,1072,urge,URGE,945
5048,5050,propose,PROPOSE,945
5048,5051,DEVELOP,DEVELOP,945
5048,836,SUPPORT,SUPPORT,945
5048,728,SUPPORT,SUPPORT,945
5048,930,SUPPORT,SUPPORT,945
5051,1678,DEVELOP,DEVELOP,945
5051,231,DEVELOP,DEVELOP,945
5053,69,propose,PROPOSE,946
5053,138,emphasize,EMPHASIZE,946
5053,235,forbid,FORBID,946
5053,5054,forbid,FORBID,946
5053,5055,RESTRICT,RESTRICT,946
5053,1957,RESTRICT,RESTRICT,946
5053,1661,OBLIGATE,OBLIGATE,946
5053,5056,OBLIGATE,OBLIGATE,946
5053,5057,SUPPORT,SUPPORT,946
5053,5058,SUPPORT,SUPPORT,946
5053,231,demonstrate,DEMONSTRATE,946
5053,299,demonstrate,DEMONSTRATE,946
5053,836,urge,URGE,946
5053,4630,urge,URGE,946
5053,177,emphasize,EMPHASIZE,946
5054,235,forbid,FORBID,946
5055,3,RESTRICT,RESTRICT,946
5056,1661,OBLIGATE,OBLIGATE,946
5057,5058,SUPPORT,SUPPORT,946
5059,1487,SUPPORT,SUPPORT,947
5059,5,recommend,RECOMMEND,947
5059,5060,recommend,RECOMMEND,947
5059,838,SUPPORT,SUPPORT,947
5059,1072,SUPPORT,SUPPORT,947
5059,198,SUPPORT,SUPPORT,947
5059,332,cross,CROSS,947
5059,3728,SUPPORT,SUPPORT,947
5059,751,SUPPORT,SUPPORT,947
5059,231,SUPPORT,SUPPORT,947
5059,709,urge,URGE,947
5059,235,urge,URGE,947
5059,1957,cross,CROSS,947
5059,4630,SUPPORT,SUPPORT,947
5059,5063,SUPPORT,SUPPORT,947
5060,5,recommend,RECOMMEND,947
5061,5059,OBLIGATE,OBLIGATE,947
5061,467,OBLIGATE,OBLIGATE,947
5063,4630,SUPPORT,SUPPORT,947
5063,231,SUPPORT,SUPPORT,947
