doc_id,name,authority,applies_gov,applies_private,summary
2425,"One Big Beautiful Bill Act 2025, Section 43201 (""Artificial intelligence and information technology modernization initiative"")",United States Congress,True,False,"Appropriates $500 million to the Department of Commerce for FY 2025 to modernize federal IT systems using AI and automation technologies.

Authorizes the Secretary of Commerce to use funds to replace legacy systems, adopt efficient AI models, and enhance cybersecurity with AI solutions.

Enacts a 10-year moratorium preventing state and local governments from regulating AI models or systems.

Exempts laws facilitating AI deployment or removing legal barriers, provided they do not impose additional requirements unless federally mandated or generally applicable."
2052,California Executive Order N-12-23 (State use of GenAI),California,True,False,"Orders California's Government Operations Agency and related entities to draft a report for the Governor within 60 days on beneficial uses and risks of Generative AI (GenAI) by the state.

Requires the California Cybersecurity Integration Center and related bodies to perform a risk analysis by March 2024 on GenAI threats to energy infrastructure, brief the Governor on findings, and make public recommendations for actions to guard against GenAI threats when appropriate. 

Directs various California departments to issue procurement and training guidelines for GenAI by January 2024.

Instructs relevant agencies to develop guidelines by July 2024 for using GenAI tools with vulnerable communities.

Mandates establishment of GenAI pilot project infrastructure by March 2024.

Urges the Governor's Office to partner with UC Berkeley and Stanford to evaluate GenAI's impact.

Tasks legal counsel to assess GenAI's regulatory impact and recommend updates.

Emphasizes collaboration with civil society, academia, and industry experts in drafting guidelines and conducting analyses."
1554,California SB 1288 (Public schools: artificial intelligence working group) (2024),California,True,False,"Requires the Superintendent of Public Instruction to form a working group to address artificial intelligence in public schools.

Requires the working group to develop guidance and a model policy for safe AI use in education by January 1, 2026.

Instructs the working group to create a model policy by July 1, 2026, for the safe and beneficial use of AI that does not negatively impact students or educators.

Mandates that the working group consist of certain stakeholders, including public school teachers and schoolsite administrators.

Calls the working group to assess AI use in education, including technologies in use, costs, and impacts on educators, and to detail current uses of artificial intelligence in educational settings.

Requires the working group to conduct at least three public meetings for stakeholder feedback.

Requires the working group to identify other ways in which the state can promote effective practices that minimize risk and maximize benefits to pupils and educators, including establishing communities of practice on the use of artificial intelligence in education.

Obliges the group to report findings and recommendations to the Legislature by January 1, 2027.

Dissolves the working group upon report submission and repeals provisions by January 1, 2031."
1562,California AB 96 (Public Employment: Automated Vehicle Tech),California,True,False,"Require public transit employers in California to notify the exclusive employee representative at least 10 months before starting a procurement process for autonomous transit vehicle technology that could eliminate jobs.

Mandate collective bargaining within 30 days upon notification or within 10 days of the public transit employer receiving a written request from the exclusive employee representative, focusing on developing and implementing the autonomous transit technology, creating transition plans for affected workers, and preparing them for new roles.

Ensure that this chapter does not impose any labor requirements that are less protective than existing statutory or contractual obligations.

Grant the Public Employment Relations Board jurisdiction to handle unfair practice charges related to this chapter.

Authorize the board to establish, amend, or repeal regulations necessary to implement the chapter, including emergency regulations for the immediate preservation of public welfare."
385,"California SJR 6 (""Artificial Intelligence"")",California,False,False,"Urges the President and Congress to develop a comprehensive Artificial Intelligence Advisory Committee.

Urges the adoption of a comprehensive artificial intelligence policy.

Highlights the importance of federal government planning for workforce changes due to AI.

Emphasizes the need for ethical standards in AI development and employment.

Encourages promoting innovation to help American companies grow.

Notes that California has attracted significant global AI investment.

Calls for bridging the gap between technological change and regulatory response.

Directs transmission of the resolution to key federal officials and California representatives."
1543,California AB 1831 (Child Pornography Crimes),California,False,True,"Prohibits the creation, distribution, and possession of child sexual assault material (CSAM) generated by artificial intelligence (AI) in California.

Defines AI as a machine-based system capable of generating outputs that influence environments.

Amends California's Penal Code to include AI-generated CSAM as obscene matter, subject to legal penalties.

Classifies the distribution or possession of AI-generated CSAM depicting minors under 18 engaging in sexual conduct as a felony, punishable by imprisonment and fines.

Omits the necessity to prove commercial intent or obscenity for violations involving depictions of real minors.

Specifies enhanced penalties for repeat offenders and those using government-owned computers for CSAM-related offenses.

Exempts law enforcement, medical, scientific, educational activities, and lawful conduct between spouses from these provisions.

Requires revenue from fines to support sexual assault investigator training and services for human trafficking victims.

Becomes operative only if Senate Bill 1381 is enacted by January 1, 2025."
1555,California SB 1381 (Crimes: child pornography) (2024),California,False,True,"Expands existing child pornography laws to include materials digitally altered or generated by artificial intelligence.

Prohibits the production, distribution, or possession of AI-generated depictions involving minors engaging in sexual conduct.

Imposes penalties including fines and imprisonment for violations involving AI-generated content depicting minors, including recruiting minors to create such content.

Specifies exemptions for legally emancipated minors; law enforcement; legitimate medical, educational, or scientific activities; and lawful conduct between spouses.

Allows forfeiture of AI-generated depictions involving minors engaging in sexual conduct that is in the possession of city, county, or state officials or agencies.

Allows destruction of AI-generated materials regardless of criminal conviction.

Mandates that the act becomes operative only if AB 1831 is enacted by January 1, 2025."
1549,California AB 2839 (Election Advertisements) ,California,False,True,"Prohibits the distribution of materially deceptive AI-generated content related to elections, such as deepfakes, during specified periods before and after elections in California. 

Requires disclosures for manipulated content used by candidates, stating ""This [media type] has been manipulated,"" ensuring transparency.

Allows recipients of deceptive content, candidates, or election officials to seek injunctive relief and damages against violators.

Exempts broadcasting stations from liability under certain conditions, such as bona fide news coverage or compliance with existing federal laws.

Defines key terms like ""deepfake,"" ""materially deceptive content,"" and ""malice"" to establish clear guidelines.

Applies provisions to all languages and mandates that disclosures match the language of the advertisement.

Includes an urgency clause, making the act effective immediately to protect upcoming elections from AI-driven disinformation."
2151,California 2023 SCR 17 (Relative to AI),California,True,False,"Affirms the California Legislature's commitment to President Biden’s vision for safe AI and the ""Blueprint for an AI Bill of Rights.""

Commits the Legislature to examining and implementing principles, including Safe and Effective Systems, Algorithmic Discrimination Protections, Data Privacy, Notice and Explanation, and Human Alternatives in AI-related policies.

Directs the Secretary of the Senate to transmit copies of this resolution for distribution."
1551,California (2024) AB 2885 (Artificial Intelligence),California,True,False,"Requires, by September 1, 2024, the California Department of Technology to inventory high-risk automated decision systems used or proposed by state agencies, detailing decision-making roles, data usage, and risk mitigation measures.

Mandates an annual report on high-risk systems to legislative committees until 2029.

Defines ""artificial intelligence"" as systems that infer inputs to influence environments, and outlines ""high-risk automated decision systems"" that impact significant areas like housing and employment.

Obliges the evaluation of deepfake technologies' impact on state governance and residents, with a report due by October 1, 2024.

Stipulates annual public reporting on automation impacts, including AI, within economic development subsidies for warehouse distribution centers, focusing on job effects and workforce changes. 

Ensures public access to information about economic subsidies and associated impacts from AI and automation developments."
1734,"California AB 2355 (AI in political advertisements), Sec 8",California,False,True,"Requires committees creating or distributing qualified political advertisements to include a disclosure stating, “Ad generated or substantially altered using artificial intelligence,” in a clear and conspicuous manner.

Mandates that the disclosure be displayed or spoken as specified in existing sections of the Government Code.

Excludes alteration or negation of rights under Section 230 of Title 47 of the U.S. Code for interactive service providers.

Authorizes the Commission to seek injunctive relief or pursue administrative or civil remedies if committees fail to comply with disclosure requirements.

Defines ""artificial intelligence"" and specifies conditions under which media is considered ""generated or substantially altered using artificial intelligence.”

Clarifies that immaterial alterations, such as cosmetic adjustments or resizing, do not qualify as being substantially altered by artificial intelligence.

Specifies that non-compliance does not constitute a misdemeanor."
1544,California AB 1836 (Use of likeness: digital replica),California,False,True,"Amends the California Civil Code to impose liability on individuals using a deceased personality's likeness without consent, including AI-generated digital replicas. Requires violators to compensate for unauthorized use, with statutory minimums and profit disgorgement. Excludes certain uses such as news, satire, and fleeting references from consent requirements. 

Recognizes posthumous rights as transferable property interests, extending rights to heirs or designated persons. Limits rights duration to 70 years post-death and outlines specific inheritance rules. Mandates registration with the Secretary of State for enforcing claims, making these registrations public records.

Clarifies that certain artistic and informational works are exempt unless they serve commercial product promotion. Outlines exceptions for media owners unless knowingly complicit in unauthorized use. Enforces consistency with existing law by rendering remedies cumulative. Establishes retroactive application of rights back to those deceased before January 1, 1985."
1719,"California AB 107 (Budget Act 2024), Sec. 2.00, Item 0511-001-0001 (For support of Secretary of Government Operations)",California,True,False,"Establishes monthly Generative AI meetings with legislative staff to discuss Executive Order N-12-23 implementation.

Requires updates on deliverable completion, proof of concept implementation, and funding source identification.

Supports budget requests for generative AI technology solutions if additional resources are needed.

Defines ""artificial intelligence"" and ""generative artificial intelligence"" within the provisions.

Treats data collected in GenAI pilot projects as personal information per Civil Code Section 1798.3.

Prohibits GenAI pilot projects from including sensitive personal information, data on minors, educational records, or medical information.

Mandates compliance with California's GenAI Guidelines for departments in GenAI pilot projects.

Permits the use of de-identified data for research to justify resource requests if expanding pilot program scope."
1558,California AI Transparency Act (2024),California,False,True,"Enacts the California AI Transparency Act, requiring covered providers of generative AI systems with significant user bases to offer free AI detection tools.

Mandates that AI detection tools assess whether content was created or altered by the provider's AI, output system provenance data, and avoid personal provenance data.

Prohibits the collection or retention of personal information from detection tool users, barring specific opt-in scenarios.

Requires AI-generated content to include both manifest and latent disclosures identifying it as AI-generated, with details about the provider and system.

Demands that licenses for GenAI systems include obligations for content disclosures.

Imposes civil penalties of $5,000 per violation for non-compliance, with each day constituting a separate violation.

Excludes specific entertainment products from applicability and sets the operative date as January 1, 2026."
1553,California SB 1120 (Health care coverage: utilization review) (2024),California,False,True,"Mandates health care service plans and disability insurers using AI for utilization review or management to comply with specific regulations.

Requires AI tools to base decisions on individual clinical data and prohibits reliance solely on group datasets.

Prohibits AI tools from denying, delaying, or modifying health care services based on medical necessity; such determinations must be made by licensed professionals.

Ensures AI tools do not replace human decision-making or discriminate against enrollees.

Requires AI tools' criteria to comply with state and federal laws and be open for audits.

Mandates regular review and revision of AI tools for accuracy and reliability.

Prohibits misuse of patient data beyond intended purposes, in line with privacy laws.

Stipulates that AI use should not harm enrollees and requires disclosure of AI usage policies."
1550,California AB 2876 (Pupil instruction: media literacy: artificial intelligence literacy: curriculum frameworks: instructional materials) (2024),California,True,False,"Mandates the commission to consider incorporating AI literacy content into the mathematics, science, and history-social science curriculum frameworks when those frameworks are next revised after January 1, 2025.

Requires the commission to consider including AI literacy in the criteria for evaluating mathematics, science, and history-social science instructional materials adopted by the state board after January 1, 2025.

Defines ""AI literacy"" as the knowledge, skills, and attitudes related to how artificial intelligence works, including its principles, concepts, applications, limitations, implications, and ethical considerations.

Directs the commission to also consider including media literacy content in the curriculum frameworks and instructional materials for English language arts and English language development, mathematics, science, and history-social science when these are revised or adopted after specified dates."
1998,Take It Down Act,United States Congress,False,False,"Amends the Communications Act of 1934 to criminalize the publication of nonconsensual intimate visual depictions, including digital forgeries created using AI, in interstate or foreign commerce.

Defines digital forgeries as depictions created with AI or other technological means that are indistinguishable from authentic depictions.

Prohibits the publication of such depictions for both adults and minors, with specific intent requirements such as causing harm or for sexual gratification.

Imposes penalties, including fines and imprisonment, for offenses involving adults and harsher penalties for those involving minors.

Mandates covered platforms, such as websites with user-generated content, to establish a process for the removal of nonconsensual depictions within 48 hours of receiving a request.

Enforces compliance through the Federal Trade Commission, treating violations as unfair or deceptive acts.

Provides exceptions for certain authorized law enforcement and good faith activities and outlines processes for restitution and forfeiture related to violations."
1988,TAKE IT DOWN Act (2025),United States Congress,False,False,"The TAKE IT DOWN Act mandates covered platforms to remove nonconsensual intimate visual depictions, including those created by artificial intelligence (AI), known as digital forgeries. 

Prohibits intentional disclosure of such depictions without consent, especially targeting AI-altered, identifiable images. 

Imposes penalties, including fines and imprisonment, for offenses involving adults and minors. 

Requires covered platforms to establish a removal process within one year of the Act’s enactment, responding promptly (within 48 hours) upon receiving a valid removal request.

Mandates reasonable efforts to remove identical copies across platforms. 

Exempts platforms from liability for good faith removal of purportedly nonconsensual depictions. 

Empowers the Federal Trade Commission to enforce compliance, treating noncompliance as an unfair or deceptive act. 

Specifies legal exceptions, including disclosures for lawful or investigative purposes. 

Defines covered platforms as public websites or applications hosting user-generated content. "
1545,California AB 2013 (AI Training Data),California,False,False,"Defines key terms such as ""artificial intelligence,"" ""developer,"" ""generative artificial intelligence,"" and ""synthetic data generation"" to clarify the scope and applicability of the regulations.

Mandates developers of generative AI systems, including parties that release a new system or make substantial modifications to a system, released on or after January 1, 2022 to publicly disclose training data documentation on their websites by January 1, 2026, and for each subsequent release.

Requires documentation to include a summary of datasets, sources, purposes, data points, intellectual property status, personal information, any data processing or modifications, and the use of synthetic data generation.

Exempts AI systems solely for security, aircraft operation in national airspace, or national security and defense provided they are only available to federal entities.
"
1560,California Assembly Bill 2905 (Telecommunications: automatic dialing-announcing devices: artificial voices) (2024),California,False,False,"Amends the Public Utilities Code to regulate the use of automatic dialing-announcing devices in California.

Requires person calling to make a natural voice announcement before using an automatic dialing-announcing device, which includes stating the nature of the call and the business or organization details; inquiring whether the called person consents to hear a prerecorded message; and informing the called person if the message uses an artificial voice.

Requires person calling to disconnect the device after call termination by either party.

Defines the terms “artificial intelligence” and “artificial voice."""
1552,California AB 3030 (AI Health Care Services),California,False,True,"Requires health facilities, clinics, and physician offices using generative AI for patient communications in a variety of modalities to include a disclaimer indicating AI generation.

Mandates the disclaimer's prominence at the beginning, end, and/or throughout written, audio, and video communications, with instructions for contacting a human provider.

Exempts communications reviewed by a licensed health care provider from disclaimer requirements.

Defines key terms, including ""artificial intelligence,"" ""generative artificial intelligence,"" and ""patient clinical information.""

Subjects licensed health facilities, clinics, and physicians violating these requirements to enforcement mechanisms."
1757,"FY2025 NDAA, Section 222 (""Modification to artificial intelligence education strategy"")",United States Congress,True,False,"Amends Section 256 of the National Defense Authorization Act for Fiscal Year 2020 to mandate the development of AI and machine learning education platforms.

Requires the Chief Digital and Artificial Intelligence Officer of the Department of Defense, in coordination with the Under Secretary of Defense for Personnel and Readiness, to create distance education courses on foundational AI and machine learning concepts and their ethical and responsible use.

Mandates making these courses available to Armed Forces members within 180 days of the enactment of the National Defense Authorization Act for Fiscal Year 2025.

Requires the Secretary of Defense to report to congressional defense committees on the progress of implementing this educational initiative within 270 days of the subsection's enactment."
1747,"FY2025 NDAA, Section 1066 (""Reports on approval and deployment of lethal autonomous weapon systems"")",United States Congress,True,False,"Mandates the Secretary of Defense to submit annual reports to congressional defense committees on lethal autonomous weapon systems by December 31, 2025, and annually until December 31, 2029.

Requires inclusion of a comprehensive list of lethal autonomous weapon systems approved for use, waived from review, under review, and not approved, along with relevant dates.

Specifies that the initial report should cover all relevant periods as determined by the Secretary, while subsequent reports cover periods since the last report.

Allows for reports to be unclassified but permits a classified annex."
2387,H.R.2246 Foreign Investment Guardrails to Help Thwart (FIGHT) China Act,United States Congress,False,False,"Imposes sanctions on certain Chinese entities and individuals engaged in defense or surveillance sectors through the International Emergency Economic Powers Act.

Requires notification for U.S. investments in prohibited technologies and establishes penalties for violations, reflecting stringent oversight on national security transactions involving China.

Mandates divestment of securities by U.S. persons from entities on the Non-SDN Chinese Military-Industrial Complex Companies List, prohibiting holding after a specified period.

Outlines procedures for approving exceptions to these prohibitions through waivers, subject to congressional notification and review.

Establishes a framework for using collaborative reports and a public database for covered foreign persons while protecting sensitive information.

Outlines regulations and processes to enforce prohibitions, commands an annual report to assess developments, and encourage multilateral cooperation to prevent China’s acquisition of sensitive technologies. 

Designates Commerce and Treasury authorities to oversee implementation and allows Presidential delegation of some powers."
2297,S257 Promoting Resilient Supply Chains Act of 2025,United States Congress,False,False,"Requires the Assistant Secretary of Commerce to promote the resilience of critical supply chains and emerging technologies vital for U.S. national security, in consultation with key government figures.

Mandates the creation of a Supply Chain Resilience Working Group within 120 days, comprising multiple federal agencies, to evaluate and model critical supply chains, including those for emerging technologies such as AI.

Directs the Assistant Secretary to identify vulnerabilities, develop response strategies, and assess domestic and allied manufacturing capacities within one year.

Prohibits disclosure of voluntarily submitted critical supply chain information under FOIA, providing protection against unauthorized use.

Necessitates annual reporting to Congress detailing strategies and evaluations of supply chain resiliency, including the role of technologies such as AI.

Limits the Act’s funding to existing resources and imposes a 10-year termination period for the Act’s provisions."
2396,H2444 Promoting Resilient Supply Chains Act of 2025,United States Congress,False,False,"Assigns the Assistant Secretary of Commerce new responsibilities to promote the resilience of critical supply chains and emerging technologies, including artificial intelligence. 

Establishes a Supply Chain Resilience Working Group to assess and address vulnerabilities in critical supply chains and technologies.

Mandates consultations with various stakeholders, including government entities and international allies, to improve supply chain readiness and response to disruptions.

Encourages domestic production and reduced reliance on countries posing national security risks for critical goods and technologies, including AI.

Protects voluntarily submitted critical supply chain information from public disclosure under the Freedom of Information Act.

Requires periodic assessments and strategy reports to Congress on supply chain resiliency and emerging technology impacts.

Sets a 10-year term for the act's provisions and requires a public comment period for certain designations and reports."
2402,Next Generation Pipelines Research and Development Act,United States Congress,False,False,"Establishes a demonstration initiative to fund advanced pipeline technologies via competitive merit reviews, focusing on AI-driven advancements in leak detection, sensor technologies, and machine learning for pipeline monitoring.

Directs funding of $45 million in 2026 and $50 million annually from 2027-2030 for relevant projects, with a sunset provision five years post-enactment.

Forms a Joint Research and Development Program involving the Department of Energy and other federal agencies to advance AI and machine learning models for pipeline systems, ensuring security and integrity.

Creates a National Pipeline Modernization Center to commercialize AI-assisted pipeline technologies, requiring competitive selection and location adjacent to existing infrastructure.

Mandates the National Institute of Standards and Technology to develop standards supporting AI in pipeline safety, with a $2.5 million annual allocation from 2026-2030.

Aims to leverage and complement existing energy and pipeline safety infrastructure and programs through collaborative interagency efforts and non-federal funding matching."
2401,Promoting US Leadership in Standards Act of 2025,United States Congress,False,False,"Mandates the Director of the National Institute of Standards and Technology (NIST), in coordination with the Secretary of State, to brief Congress about opportunities for U.S. support in developing AI standards within one year.

Requires the establishment of a web portal to inform U.S. industry and federal agencies about international AI standards efforts and participation opportunities.

Initiates a pilot program to support AI standards meetings in the U.S. by awarding grants to eligible entities.

Specifies eligibility criteria for these grants and defines allowable costs.

Requires annual briefings to Congress on the pilot program's effectiveness.

Directs the development of recommendations for a permanent program if deemed feasible within two years.

Authorizes a budget of $5 million for the program from fiscal years 2024 through 2028. 

Ends the pilot program five years post-enactment, with consideration for permanent implementation."
2415,Leading Ethical AI Development (LEAD) for Kids Act,California,False,False,"Establishes the LEAD for Kids Standards Board to govern AI systems affecting children in California.

Requires AI developers to classify systems as ""covered products"" with risk assessments ranging from prohibited to low risk.

Mandates developers to register covered products and submit risk assessments by July 1, 2028.

Prohibits AI use that adversely impacts children's health, safety, or privacy without informed consent.

Requires companion chatbots and systems that assess emotional states or collect biometric data to receive additional scrutiny.

Mandates independent audits based on risk level and public incident reporting for adverse impacts.

Obligates deployers to prevent unauthorized child access and adhere to usage requirements that do not increase system risk.

Prohibits retaliation against employees reporting violations.

Allows the Attorney General to enforce violations with penalties, and provides a private right of action for harmed children.

Creates the LEAD for Kids AI Fund to support these regulatory activities."
2420,"Department of Energy Quantum Leadership Act of 2025, Sec 2 (""Department of Energy quantum information science research program"")",United States Congress,False,False,"Amends the National Quantum Initiative Act to enhance quantum information science, engineering, and technology research led by the Secretary of Energy.

Mandates the establishment of National Quantum Information Science Research Centers to drive breakthroughs and collaborate with industries and other entities.

Directs cooperative research and commercialization efforts to advance various quantum fields, including AI, quantum computing, communications, and security.

Requires the development of a strategic 10-year plan for high-performance computing systems integrating quantum and AI.

Funds a new $20 million per year program for quantum high-performance computing R&D from 2026 to 2030.

Establishes a university-led traineeship program and prohibits funding to entities affiliated with Confucius Institute or certain foreign entities.

Prioritizes coordination with other federal agencies and entities.

Allocates $175 million annually for these initiatives from 2026 to 2030 with specific restrictions."
2407,TAME Extreme Weather and Wildfires Act,United States Congress,False,False,"Directs the National Oceanic and Atmospheric Administration (NOAA) to use artificial intelligence (AI) for adapting to extreme weather and wildfires.

Mandates the development of comprehensive weather forecasting training datasets and AI weather models.

Requires NOAA to explore advanced AI applications to enhance weather forecasts and improve information delivery.

Instructs NOAA to provide technical assistance for AI weather model usage and establish best practices.

Directs the creation of an AI-driven program to predict, detect, and analyze wildfires.

Advocates for partnerships with private and academic entities for innovation in environmental forecasting.

Obligates NOAA to strengthen its workforce expertise in AI applications for weather forecasting.

Allows public access to data and code developed under the Act, with considerations for national security and intellectual property.

Provides guidance on minimizing environmental impacts when using AI technologies in these initiatives."
2426,New York A6453 (RAISE Act),New York,False,False,"Amends New York's general business law to introduce the Responsible AI Safety and Education (RAISE) Act, implementing transparency requirements for deploying AI frontier models.

Requires large AI developers to implement and retain a written safety and security protocol that must be published with redactions and submitted to the Attorney General and Homeland Security.

Stipulates annual reviews of the protocol to accommodate any advancements.

Requires prompt reporting of safety incidents to authorities within 72 hours.

Prohibits knowingly making false or misleading statements concerning AI documentation.

Empowers the Attorney General to bring civil actions for violations, with penalties up to $30 million for repeated offenses.

Confirms that the Act applies exclusively to frontier AI models developed or operating in New York State.

Clarifies that this Act doesn't establish a private right of action and is cumulative with other legal obligations."
2403,AI and Critical Technology Workforce Framework Act of 2025,United States Congress,False,False,"Expands the functions of the National Institute of Standards and Technology (NIST) to include the development of workforce frameworks for critical and emerging technologies, including artificial intelligence.

Mandates the Director of NIST to develop, publish, and periodically update a workforce framework specifically for artificial intelligence within 540 days of the Act's enactment.

Requires the inclusion of competencies, workforce categories, and work roles relevant to AI in the workforce framework, highlighting career pathways for individuals with nontraditional backgrounds.

Obligates consultation with federal agencies, industry, and educational institutions to develop these frameworks.

Demands reports to Congress on the updates and practical applications of the frameworks, with a focus on increasing employer and educational adoption.

Promotes global adoption by producing resources in multiple languages.

Incorporates professional and employability skills relevant to AI workforce frameworks and assesses additional framework needs for emerging technologies, such as quantum information science."
2362,H.R.1851 Fighter Force Preservation and Recapitalization Act of 2025,United States Congress,False,False,"Amends U.S. Code to increase the required minimum number of fighter aircraft in the Air Force to 1,900, extending compliance to 2030, but allows temporary reductions for transitions, provided levels don't fall below 1,800.

Mandates annual reports by the Secretary of the Air Force to Congress on the status of fighter aircraft inventory, including new acquisitions, unit assignments, and any legacy retirements, with penalties for late submission.

Requires prioritization of recapitalized fighter allocations to existing Air Force squadrons, allowing one-for-one legacy aircraft retirement.

Obligates the Air National Guard to maintain 25 fighter squadrons and restricts retiring legacy or fifth-generation aircraft unless unserviceable.

Directs an annual recapitalization plan for Air National Guard squadrons, assessing financial and readiness impacts, with a focus on acquiring F–16 Block 70 aircraft.

Defines terms such as ""advanced capability fighter aircraft,"" ""fifth-generation fighter aircraft,"" and ""next-generation air dominance fighter aircraft."""
2345,H.R.1569 CATCH Fentanyl Act,United States Congress,False,False,"Mandates the establishment of pilot projects by the Secretary of Homeland Security within one year to evaluate technologies for enhancing inspection processes at U.S. land ports of entry.

Requires testing of at least five types of nonintrusive inspection technology enhancements, including artificial intelligence and machine learning, to aid in detecting contraband and threats.

Ensures private sector involvement and emphasizes cost-effectiveness in technology selection.

Obligates safeguarding data privacy during inspections, with adherence to laws, data anonymization techniques, and regular audits.

Demands reports analyzing effectiveness, recommendations for widespread technology use, and cost breakdowns.

Includes necessary privacy and civil liberties impact assessments and reports before implementation and post-pilot.

Prohibits new appropriations, relying on existing resources for implementation."
2417,Advancing AI Education for American Youth EO,Executive Office of the President,False,False,"Establishes a White House Task Force on Artificial Intelligence Education to promote AI literacy and proficiency in the United States, chaired by the Director of the Office of Science and Technology Policy.

Requires the Task Force to coordinate Federal efforts on AI education, including organizing the Presidential Artificial Intelligence Challenge to encourage collaboration and innovation in AI.

Mandates public-private partnerships to provide K-12 AI education resources and calls for increased funding and resources to develop AI literacy.

Prioritizes AI-focused training for educators and the integration of AI tools in classrooms through grants and public-private partnerships.

Instructs the Secretary of Education and other Federal entities to support the use of AI in educational settings to improve outcomes.

Directs the Secretary of Labor to increase AI-related Registered Apprenticeships and promote AI skill development through the Workforce Innovation and Opportunity Act (WIOA).

Encourages agencies to prioritize AI in educational grant programs."
2406,TAME Extreme Weather and Wildfires Act 2025,United States Congress,False,False,"Mandates the improvement of weather, water, and wildfire forecast accuracy through artificial intelligence (AI) by federal agencies.

Promotes public-private partnerships to expedite AI adoption for mitigating environmental hazards.

Directs the development and curation of comprehensive weather forecasting training datasets in consultation with various federal and research entities within four years.

Permits exploration of AI weather models for global, regional, and local forecasting.

Encourages the use of AI to enhance communication and public understanding of weather risks.

Mandates regular reporting to Congress on activities and potential risks of foreign access to U.S. weather data.

Allows the Under Secretary to enter partnerships, including co-investment strategies, for AI and environmental forecasting innovation.

Provides for public access to operational AI weather models, subject to national security and intellectual property considerations.

Authorizes appropriations to support these initiatives through fiscal years 2026 to 2030."
2359,Fair Grocery Pricing Act,United States Congress,False,False,"Prohibits food producers from using algorithmic systems to artificially inflate prices or reduce supply through coordinating functions or tacit agreements.

Deems any such use as a per se violation of the Sherman Act.

Mandates the Federal Trade Commission and the Attorney General to enforce this prohibition using applicable antitrust laws.

Authorizes civil actions by the FTC, state attorneys general, and aggrieved persons to recover damages and seek penalties.

Invalidates pre-dispute arbitration agreements and joint action waivers related to violations of this Act at the plaintiff’s election.

Ensures that this Act does not modify existing antitrust laws or preempt state or local laws.

Includes a severability clause to uphold remaining provisions if any part is deemed unconstitutional."
2419,"Coast Guard Authorization Act of 2025, (Subtitle C - ""Matters Involving Uncrewed Systems"")",United States Congress,False,False,"Establishes a National Advisory Committee on Autonomous Maritime Systems to advise the Secretary on regulation and use within U.S. territorial waters, comprising 15 expert members representing diverse maritime sectors.

Implements a two-year pilot program exempting small uncrewed maritime systems from certain regulatory requirements when operated by the National Oceanic and Atmospheric Administration, unless immediate safety concerns arise.

Mandates the Coast Guard to develop a training course on small uncrewed maritime systems, addressing operations, safety, and communication aspects over three years.

Incorporates National Oceanic and Atmospheric Administration representation into the Automated and Autonomous Vessel Policy Council.

Requires the Coast Guard to submit a report within one year establishing an uncrewed systems capabilities office, detailing strategies for technology acquisition, coordination, collaboration, and expanding capabilities using AI and machine learning.

Defines relevant terms, including ""counter-uncrewed system"" and ""small uncrewed maritime systems."""
2414,"Wildfire Prevention Act of 2025 (Sec. 302 ""Public-private wildfire technology deployment and testbed partnership."")",United States Congress,False,False,"Establishes a deployment and testbed pilot program for new and innovative wildfire technologies within 60 days of enactment.

Requires coordination among the Secretaries of Agriculture and Interior and covered agencies to identify technology priority areas like AI, quantum sensing, and augmented reality for wildfire prevention and mitigation.

Prioritizes covered entities with emerging technologies that address identified issues for participation in the pilot program.

Mandates real-time testing and on-the-ground coordination between selected entities and covered agencies.

Requires public outreach to invite applications from entities for technology testing and demonstration in key priority areas.

Obligates annual reporting to appropriate committees, detailing participating entities, tested technologies, cost estimates, and outreach efforts.

Sets the program's expiration at 7 years after enactment, with annual assessments and recommendations to foster the adoption of promising technologies."
2349,Supporting Innovation in Agriculture Act of 2025,United States Congress,False,False,"Establishes a tax credit of 30% for investments in innovative agricultural technology projects under the Internal Revenue Code.

Defines ""innovative agricultural technology project"" as technology used to produce, store, process, and package specialty crops with precision agriculture or controlled environment agriculture, effective through December 31, 2035.

Specifies ""qualified property"" includes tangible personal property, software, and technology necessary for these projects and subject to depreciation rules.

Includes provisions for specific modern technologies, such as AI, machine learning, robotics, and various sensors, under both controlled environment and precision agriculture technologies.

Prohibits double benefit from using both this tax credit and specific government grants.

Amends sections of the Internal Revenue Code to incorporate the innovative agricultural technology investment credit.

Sets the amendment's applicability to projects starting construction after January 1, 2025."
2346,Department of Homeland Security Vehicular Terrorism Prevention and Mitigation Act of 2025,United States Congress,False,False,"Requires the Secretary of Homeland Security, alongside TSA and CISA, to submit a report on the prevention, deterrence, and response to vehicular terrorism.

Mandates the report to assess threats related to connected and autonomous vehicles and ADAS technologies, including AI-driven cybersecurity vulnerabilities.

Instructs inclusion of evaluations regarding DHS's engagement with public and private stakeholders, focusing on vehicle rental and ride-sharing platforms to prevent misuse.

Calls for recommendations on AI-enabled predictive analytics and vehicle immobilization technologies to detect and mitigate threats.

Demands coordination with enforcement agencies to address vehicular terrorism through intelligence sharing and joint training.

Ensures countermeasures and AI use respect privacy and civil liberties.

Obliges publication of an unclassified report summary for public access and annual briefings to Congress on developments and recommendations.

Defines “vehicular terrorism” as the use of vehicles to commit acts of terrorism."
2390,Leveraging AI to Streamline the Code of Federal Regulations Act of 2025,United States Congress,False,False,"Requires the Director of the Office of Management and Budget, in consultation with the National Institute of Standards and Technology, to annually implement a process using artificial intelligence to identify redundant or outdated federal regulations.

Mandates the use of an AI system that meets strict standards for accuracy, transparency, accountability, and national security risk.

Obliges agencies to review identified redundant or outdated regulations within 30 days and make a final determination of their status.

Commands the rescission or amendment of regulations found to be redundant or outdated within 30 days after determination.

Requires the public publication of any determination with a brief explanation, with an option for a classified annex to Congress if necessary.

Amends Title 5 of the United States Code to facilitate the expedited rescission and amendment of redundant or outdated regulations identified through AI review."
2325,Promoting Precision Agriculture Act of 2025,United States Congress,False,False,"Mandates the Secretary of Agriculture, in consultation with the National Institute of Standards and Technology and the Federal Communications Commission, to develop voluntary interconnectivity standards for precision agriculture within two years of enactment.

Requires coordination with public and private stakeholders, including industry organizations and voluntary standards bodies, to create these standards.

Includes the consideration of evolving demands, connectivity needs, cybersecurity challenges, and the impacts of advanced wireless technology and AI on precision agriculture.

Directs the Comptroller General to conduct studies assessing these standards' development, voluntary nature, industry coordination, and adoption success, with reports due to Senate and House committees.

Aims to enhance precision agriculture participation in the U.S. and promote U.S. leadership in setting standards for precision agriculture through voluntary consensus standards development organizations."
2534,"One Big Beautiful Bill Act 2025, Section 60003 (""U.S. Customs and Border Protection technology, vetting activities, and other efforts to enhance border security"")",United States Congress,False,False,"Appropriates $1,076,317,000 to U.S. Customs and Border Protection (CBP) for AI, machine learning, and non-intrusive inspection equipment to combat illicit narcotics at U.S. borders.

Restricts funds for certain surveillance towers unless they are tested and federally accepted for autonomous capabilities.

Defines ""autonomous"" as systems using AI, sensors, and onboard computing to automate identification tasks traditionally performed manually by CBP personnel."
2408,Health Tech Investment Act,United States Congress,False,False,"Amends the Social Security Act to classify algorithm-based healthcare services under Medicare’s new technology ambulatory payment classification.

Requires the Secretary of Health and Human Services to assign payment classifications based on cost data submitted by manufacturers, including diverse factors like invoice prices and overhead.

Specifies that algorithm-based services cannot be removed from their payment classification until adequate claims data is available, and mandates a minimum tenure of five years within the initial classification.

Adjusts the criteria for eligibility in new technology classifications to include distinct procedures that use AI, machine learning, or other software when used adjunctively with underlying services.

Defines algorithm-based healthcare services as those using FDA-approved AI or software for clinical guidance.

Mandates the payment system for software services as described in a 2022 Medicare rule, effective from January 2023."
2321,H.R.1142 Amending the Public Health Service Act for Drug Adherence Guidelines,United States Congress,False,False,"Amends the Public Health Service Act to mandate the Secretary of Health and Human Services to establish drug adherence guidelines aimed at 90 percent adherence for Medicare part B and D drugs.

Requires incorporation of artificial intelligence and machine learning technologies in these guidelines.

Promotes, to the greatest extent possible, the use of generic and biosimilar drugs."
2421,Copyright Office Part 3 Generative AI Training Pre-Publication Version 2025,"Copyright Office, Library of Congress",False,False,"Recognizes the importance of voluntary licensing agreements for AI training and notes that these arrangements have developed in some contexts, particularly with high-volume or limited copyright owners.

Suggests that voluntary collective licensing can reduce transaction complexity and cost, while offering flexibility for both copyright owners and licensees.

Raises concerns that a compulsory licensing regime would inhibit market-based solutions and prove inflexible and slow to adapt.

Views Extended Collective Licensing (ECL) as a potentially less intrusive solution in sectors where voluntary licensing fails.

Discourages requiring copyright owners to opt out, emphasizing consent for uses within statutory rights, though acknowledges Congress may consider exceptions allowing opt-outs.

Encourages the Department of Justice to clarify antitrust concerns related to collective licensing.

Recommends allowing the licensing market to evolve organically, suggesting targeted interventions only if specific market failures arise.

Notes the nascent state of AI law, markets, and technology, and urges reliance on collaborative market-based solutions as legal clarity evolves."
2422,Copyright Office Part 1 Digital Replicas 2024,"Copyright Office, Library of Congress",False,False,"Recommends that Congress establish a federal right to protect individuals from the distribution of unauthorized digital replicas during their lifetimes. 

Proposes that this right be licensable and subject to guardrails but not assignable, with remedies such as monetary damages and injunctive relief available. 

Requires traditional rules of secondary liability, with a safe harbor for online service providers suitably conditioned.

Suggests explicit First Amendment accommodations in the law.

Advises against full preemption of state laws, recognizing established state rights of publicity. 

Offers the Copyright Office as a resource for Congress, the courts, and the executive branch in implementing these recommendations and addressing future developments in AI governance."
2535,"One Big Beautiful Bill Act 2025, Section 100001 (""Coast guard assets necessary to secure the maritime border and interdict migrants and drugs"")",United States Congress,False,False,"Appropriates $140 million for long-range unmanned aircraft systems and related infrastructure to improve the US Coast Guard's capabilities. 

Allocates $180 million for maritime domain awareness equipment and services, including $75 million specifically for autonomous maritime systems. 

Allows, through 2030, for entities other than the Coast Guard to acquire, procure, or construct floating dry docks, provided they meet defined requirements. 

Limits design, planning, and engineering expenses to 15% of specified funding allocations for maintenance facilities. 

Exempts acquisitions funded under this act from sections 1131, 1132, and 1133 of title 14, United States Code. 

Mandates compliance with reporting requirements and submission of an expenditure plan to relevant Congressional committees.

Prohibits expenditure during any fiscal year if the Coast Guard is non-compliant with specified sections of title 14, United States Code. 

Requires prior notification to Congress before procurement actions affecting cost or timelines."
2312,Emerging Innovative Border Technologies Act 2025,United States Congress,False,False,"Mandates the Secretary of Homeland Security to submit a plan within 180 days to integrate and deploy emerging technologies, such as AI and machine learning, for border security.

Specifies the contents of the plan, including assessment of privacy impacts, coordination with private and public sectors, and scaling of current programs.

Authorizes CBP Innovation Teams to research and adapt commercial technologies for border security, setting strategic goals and operating procedures.

Requires annual reporting by CBP on Innovation Teams' activities, including descriptions of piloted technologies and their effectiveness.

Promotes identifying and phasing out obsolete technologies in favor of advanced systems, with cost assessments.

Encourages collaboration across sectors to leverage innovative technologies and incentivizes private sector participation. 

Obligates CBP to evaluate authorities and potential needs for new authorization to facilitate technology acquisition and integration, ensuring effective border security operations."
2413,"Western Wildfire Support Act of 2025 (Sec. 205 ""Study on modernizing wildfire response technologies."")",United States Congress,False,False,"Require the Secretaries to conduct a study on modernizing wildfire response technologies.

Include in the study necessary improvements to radio communications systems and infrastructure during wildland fire or prescribed fire operations, assessing the quality, reliability, failure impacts, and improvement options.

Assess real-time or near-real-time situational awareness tools for operational firefighters, ensuring interoperability and evaluating additional remote sensing and mapping capabilities.

Conduct a cost analysis of commercially available systems versus internally developed systems.

Analyze wildland fire predictive modeling, focusing on data requirements, computing needs, and the feasibility of using artificial intelligence for more accurate predictions.

Require the submission and public availability of the study results within one year of the Act's enactment to congressional committees and the public."
2276,Healthy Technology Act of 2025,United States Congress,False,False,"Amends the Federal Food, Drug, and Cosmetic Act to include artificial intelligence and machine learning technologies as practitioners eligible to prescribe drugs.

Requires that such AI and machine learning technologies be authorized by state statutes to prescribe the specific drug involved.

Mandates that these technologies be approved, cleared, or authorized by the Food and Drug Administration under sections 510(k), 513, 515, or 564."
2351,PATHS Act,United States Congress,False,False,"Extends the use of other transaction authority for research and development acquisition under the Homeland Security Act of 2002 from September 30, 2024, to September 30, 2028.  
   
Mandates notification to congressional committees within 72 hours after the use or extension of transaction authority involving artificial intelligence (AI) technology.  
   
Requires the Secretary of Homeland Security to offer a briefing explaining the reason for using or extending AI-related transaction authority.  
   
Reduces the maximum amount for covered contract awards under the James M. Inhofe National Defense Authorization Act for Fiscal Year 2023 from $4,000,000 to $1,000,000.  "
2530,"One Big Beautiful Bill Act 2025, Section 20004 (""Enhancement of Department of Defense resources for munitions and defense supply chain resiliency"")",United States Congress,False,False,"Appropriates $400 million for accelerated one-way attack unmanned aerial systems with advanced autonomy, emphasizing AI capabilities for defense.

Allocates $1 billion to expand the industrial base for one-way attack unmanned aerial systems, further enhancing AI-driven military operations.

Provides $58 million for development, production, and integration of counter-unmanned aerial systems programs, highlighting AI's role in defense against drone threats.

Designates $350 million for non-kinetic counter-unmanned aerial systems programs, demonstrating focus on AI-based alternatives to traditional munitions.

Earmarks $250 million for land-based, and $200 million for ship-based counter-unmanned aerial systems programs, underscoring AI use in diverse defense environments.

Allocates $62 million for AI-enhanced hypersonic strike programs, underscoring importance of AI in cutting-edge military technology.

Requests $500 million for Department of Defense Credit Program to support critical mineral industries, indirectly promoting AI technology development by ensuring material availability.

Permits up to $100 billion in loans and guarantees, indicating a strategic commitment to fortifying supply chains essential for AI advancements within the defense sector."
2531,"One Big Beautiful Bill Act 2025, Section 20005 (""Enhancement of Department of Defense resources for scaling low-cost weapons into production"")",United States Congress,False,False,"Appropriates $124 million to enhance the Test Resource Management Center's AI capabilities.

Allocates $145 million for developing AI to support one-way attack unmanned aerial systems and naval systems.

Assigns $250 million to advance the AI ecosystem and another $250 million to expand Cyber Command's AI initiatives.

Provides $250 million to develop the Test Resource Management Center's digital test environment.

Designates $1 billion for expanding programs to accelerate innovative technology procurement, affecting AI initiatives.

Directs $2 billion to scale commercially developed technology, including AI, for military use through the Defense Innovation Unit.

Supports the acceleration of Quantum Benchmarking Initiative with $250 million.

Earmarks $500 million to avoid delays in delivering autonomous military capabilities that involve AI technologies.

Includes a $1 billion appropriation for a capital assistance program, including loans and guarantees, aiding AI projects.

Ensures these appropriations and initiatives remain available until September 30, 2029, supporting ongoing AI and technology development in defense."
2528,"One Big Beautiful Bill Act 2025, Section 112204 (""Implementing artificial intelligence tools for purposes of reducing and recouping improper payments under Medicare"")",United States Congress,False,False,"Mandates the implementation of artificial intelligence tools by January 1, 2027, to reduce and identify improper payments under Medicare Parts A and B.

Directs the Secretary to contract with AI vendors and data scientists to support the implementation.

Requires the recoupment, where practicable, of improper payments identified through AI tools.

Obliges the Secretary to report to Congress by January 1, 2029, and annually thereafter on AI implementation and payment recoupment, including potential improvements and recoupment statistics.

Allocates $12.5 million each from the Federal Hospital Insurance Trust Fund and the Federal Supplementary Medical Insurance Trust Fund to fund these AI initiatives for fiscal year 2025, with funds available until expended."
2412,"Duplicative Grant Consolidation Act, Sec. 4. ""Report on feasibility of leveraging artificial intelligence to identify duplicative Federal grant applications.""",United States Congress,False,False,"Mandates the Director of the Office of Management and Budget to submit a report to Congressional committees.

Requires consultation with the Secretary of Energy, the Director of the National Science Foundation, and the Director of the National Institute of Standards and Technology.

Focuses on assessing the feasibility of using AI to identify duplicative Federal grant applications.

Seeks to determine whether an applicant has received or submitted another grant application for the same purpose.

Aims to identify waste, fraud, and abuse in the grant application process through AI technology."
2273,"Nondiscrimination in Health Programs and Activities, § 92.210",Department of Health and Human Services,False,False,"Prohibits covered entities from discriminating based on race, color, national origin, sex, age, or disability through the use of patient care decision support tools in health programs or activities.

Requires covered entities to make reasonable efforts to identify uses of such tools that employ input variables or factors measuring race, color, national origin, sex, age, or disability.

Mandates covered entities to make reasonable efforts to mitigate discrimination risks from identified tools in their health programs or activities."
2418,"United States-Israel Defense Partnership Act of 2025, Sec. 6. ""United States-Israel Emerging Technology Capabilities Cooperation.""",United States Congress,False,False,"Supports and encourages defense collaboration between the United States and Israel in emerging technologies, specifically artificial intelligence, cybersecurity, robotics, quantum, and automation. 

Authorizes the Secretary of Defense, in coordination with the Secretary of State and the Director of National Intelligence, to jointly conduct research, development, testing, and evaluation with Israel in these areas. 

Requires protection of sensitive information and national security interests during any activities carried out under this authority. 

Prohibits activities from commencing until a report is submitted detailing a memorandum of agreement for cost-sharing and intellectual property rights, and ensuring semiannual expenditure reporting by Israel.

Designates the Irregular Warfare Technology Support Directorate as the lead agency once the report is submitted. 

Mandates semiannual reports to Congress on program developments. 

Authorizes $50,000,000 annually from 2026 to 2030 for this program."
2529,"One Big Beautiful Bill Act 2025, Section 20002 (""Enhancement of Department of Defense resources for shipbuilding"")",United States Congress,False,False,"Appropriates $450,000,000 for the application of autonomy and artificial intelligence to naval shipbuilding.

Allocates $1,534,000,000 for the expansion of small unmanned surface vessel production.

Sets aside $1,800,000,000 for the expansion of medium unmanned surface vessel production.

Provides $1,300,000,000 for the expansion of unmanned underwater vehicle production.

Designates $188,360,000 for the development and testing of maritime robotic autonomous systems and enabling technologies.

Earmarks $174,000,000 for the development of a Test Resource Management Center robotic autonomous systems proving ground.

Funds $250,000,000 for the development, production, and integration of wave-powered unmanned underwater vehicles."
2411,"Air National Guard Squadron Preservation Act of 2025, sec. 2., subsection (c)",United States Congress,False,False,"Mandates the Secretary, with the Air National Guard Director, to study the necessity of acquiring advanced capability fighter aircraft for the Air Force.

Requires consideration of plans to implement unmanned or autonomous capabilities in fighter aircraft.

Includes evaluation of cost savings linked to foreign sales of F-16 variants.

Identifies eligible Air Force units for recapitalization with advanced fighter aircraft.

Assesses how these aircraft meet current and contingency mission needs of combatant commanders.

Determines whether a multiyear contract is the optimal acquisition method.

Obligates the Secretary to report findings to congressional defense committees within 180 days of enactment."
2315,IRONDOME Act of 2025,United States Congress,False,False,"Accelerates the development of autonomous agents to defend against cruise missiles and drones.

Requires the Secretary to use all available authorities to achieve this goal.

Aims to enhance cost-effective defense of the United States homeland and forward-deployed armed forces."
2533,"One Big Beautiful Bill Act 2025, Section 20006 (""Enhancement of Department of Defense resources for improving the efficiency and cybersecurity of the Department of Defense"")",United States Congress,False,False,"Appropriates $200 million for the deployment of automation and artificial intelligence to accelerate audits of the Department of Defense's financial statements, as outlined in chapter 9A and section 2222 of title 10, United States Code. 

Specifies that these funds remain available until September 30, 2029."
1740,"FY2025 NDAA, Section 1638 (""Sense of Congress with respect to use of artificial intelligence to support strategic deterrence"")",United States Congress,True,False,"Expresses the sense of Congress that artificial intelligence and machine learning can strengthen strategic communications, improve planning efficiency, and enhance modeling capabilities for stockpile stewardship.

Emphasizes the need for caution to prevent AI from compromising critical strategic assets.

Establishes U.S. policy that AI use should not undermine nuclear safeguards, affect weapon system functionality, or alter the validation of command communications.

Requires positive human actions for nuclear weapon employment decisions by the President to remain intact."
1750,"FY2025 NDAA, Section 1007 (""Use of technology using artificial intelligence to facilitate audit of the financial statements of the Department of Defense for fiscal year 2025"")",United States Congress,True,False,"Encourages the Secretaries of Defense, Army, Navy, and Air Force to use AI and machine learning technologies to facilitate audits of the Department of Defense's financial statements for fiscal year 2025.

Requires the Director of the Chief Digital and Artificial Intelligence Office, in coordination with the Under Secretary of Defense for Research and Engineering and the Inspector General, to oversee the adoption of AI and machine learning technologies for financial management and enterprise business operations."
2097,Texas Responsible AI Governance Act (2025 Update) (HB 149),Texas,True,False,"Regulates AI systems in Texas under the Texas Responsible Artificial Intelligence Governance Act.

Prohibits AI systems from inciting harm, criminality, manipulation, or discrimination based on political viewpoints or protected classes.

Establishes the Artificial Intelligence Council and a regulatory sandbox program for controlled AI testing.

Requires government disclosure to consumers when AI is used in interactions.

Instructs the attorney general to enforce regulations, manage complaints, and impose fines for non-compliance.

Prohibits government use of AI for social scoring or capturing biometric identifiers in violation of rights.

Mandates that AI must not produce certain unlawful content and must adhere to consumer protections and data privacy."
1754,"FY2025 NDAA, Section 233 (""Management and utilization of digital data to enhance maintenance activities"")",United States Congress,True,False,"Mandates the development and implementation of policies to manage and utilize digital data for maintenance of aircraft, ships, and ground vehicles within one year.

Requires investment in advanced data infrastructure for efficient data processing.

Instructs the development of a strategy incorporating AI and automated systems for data organization.

Demands collaboration with vendors to overcome proprietary data limitations through open data approaches.

Addresses enhancement of data transmission capabilities with high-speed technologies and secure methods.

Mandates central compilation of maintenance data and creation of user interfaces for data analysis.

Requires vendor-agnostic, interoperable tagging systems unless exceptions are justified.

Calls for review of classification policies to ensure appropriate classification without limiting usability.

Establishes protocols for detecting unauthorized access to vehicle or platform systems.

Obligates a briefing to Senate and House Armed Services Committees on policy development and implementation status."
1751,"FY2025 NDAA, Section 237 (""Pilot program on use of artificial intelligence for certain workflow and operations tasks"")",United States Congress,True,False,"Requires the Secretary of Defense to initiate a pilot program within 60 days to evaluate AI-enabled software for optimizing workflows and operations at Department of Defense facilities, including depots and shipyards, and in contract administration.

Mandates the use of top-tier software platforms, consideration of industry best practices, implementation based on human-centered design, and connection to authoritative enterprise data sources.

Obliges consultation with the Under Secretary of Defense for Acquisition and Sustainment, and the Secretaries of the Army, Navy, and Air Force.

Requires a report within one year detailing software evaluations, workflow modifications, and a quantitative assessment of the software's impact."
1739,"FY2025 NDAA, Section 6504 (""Establishment of Artificial Intelligence Security Center"")",United States Congress,True,False,"Mandates the Director of the National Security Agency to establish an Artificial Intelligence Security Center (within the Cybersecurity Collaboration Center of NSA) within 90 days of the Act's enactment.

Requires the Center to develop guidance to prevent or mitigate counter-artificial intelligence techniques.

Promotes secure artificial intelligence adoption practices for managers of national security systems and the defense industrial base."
1746,"FY2025 NDAA, Section 1069 (""Biodefense posture reviews"")",United States Congress,True,False,"Requires the Secretary of Defense to conduct comprehensive biodefense posture reviews by December 31, 2026, and December 31, 2029.

Mandates inclusion of an inventory and assessment of existing biodefense strategies and policies, relevant biological threats, and current Department of Defense programs related to biological threats.

Identifies methods using artificial intelligence and cyber capabilities to address biological attacks.

Recommends strengthening biodefense capabilities and improving interagency coordination.

Requires submittal of a review to congressional defense committees within 30 days of completion.

Specifies that reviews must be unclassified but may include a classified annex."
1748,"FY2025 NDAA, Section 1032 (""Competitive demonstration of large and extra large unmanned underwater vehicles"")",United States Congress,True,False,"Mandates the Secretary of the Navy to conduct a competitive demonstration of large and extra large unmanned underwater vehicles by June 1, 2025, in coordination with relevant military entities.

Requires evaluation of user feedback on these vehicles as well as vehicles' integration with mission autonomy planning, capability in contested environments, performance attributes, technical maturity, and cost to procure, operate, and sustain.

Permits the use of fiscal year 2025 Navy funds for research, development, and demonstration activities.

Obligates the Secretary of the Navy and the Commander of the United States Indo-Pacific Command to submit assessments to congressional defense committees by September 1, 2025, which may include recommendations and validation of underwater vehicle requirements.

Defines the vehicles as capable of submerged operation while supporting one or more missions with modular payload integration and a minimum range of 1,000 nautical miles."
1755,"FY2025 NDAA, Section 232 (""Expansion of participation in the Digital On-Demand Program"")",United States Congress,True,False,"Mandates the Secretary of Defense to expand the Digital On-Demand Program to all organizations and elements, Armed Forces members, and civilian employees within the Department of Defense.

Requires active promotion of the Program throughout the Department.

Obligates the Secretary of Defense to submit a progress report to the Senate and House Armed Services Committees within 180 days of enactment and annually through 2029.

Defines the Digital On-Demand Program as an initiative overseen by the Chief Digital and Artificial Intelligence Officer, providing on-demand educational resources on AI, emerging technologies, and data literacy to Department of Defense personnel via a digital platform."
1742,"FY2025 NDAA, Section 1515 (""Protective measures for mobile devices within the Department of Defense"")",United States Congress,True,False,"Requires the Secretary of Defense to evaluate cybersecurity products and services for mobile devices to enhance the Department of Defense's cybersecurity.

Evaluates technologies such as anonymizing-enabling technologies, network-enabled content inspection, on-device VPNs, and AI-based protection against smishing, phishing, and text/email compromises.

Assesses the efficacy and scalability of these technologies within the Department of Defense and their integration with existing cybersecurity architecture.

Mandates submission of a report to congressional defense committees within 270 days detailing findings and recommendations on procuring or incorporating evaluated technologies."
1379,Council of Europe Framework Convention on AI,Other multinational,True,False,"Mandates Parties to adopt measures ensuring AI systems align with human rights, democracy, and the rule of law.

Requires transparency, accountability, and non-discrimination in AI systems' lifecycle.

Obligates implementation of measures to protect privacy, human dignity, and democratic processes.

Demands risk assessment and mitigation strategies for AI, considering human rights impacts.

Establishes a follow-up mechanism for international cooperation and compliance monitoring.

Provides for accessible remedies for human rights violations arising from AI systems.

Calls for public consultation and digital literacy to address AI-related impacts.

Stipulates that Parties must ensure effective procedural safeguards and oversight mechanisms.

Allows exceptions for artificial intelligence systems related to the protection of national security interests but insists on adherence to international human rights law and democratic processes.

Facilitates international cooperation and information exchange on AI's human rights impacts.

Permits amendments and dispute settlements through negotiation or the Conference of the Parties."
2244,Security Management Measures for the Application of Facial Recognition Technology,Chinese central government,False,True,"Regulates the use of facial recognition technology for processing facial information within China, ensuring compliance with relevant laws and ethical standards.

Exempts the use of facial recognition in research and development or algorithm training.

Requires a specific, necessary purpose for processing, with minimized impact on individual rights.

Obligates personal information processors to inform individuals transparently about processing activities, including purposes, methods, and rights.

Mandates obtaining consent separately for processing, with provision for withdrawal.

Requires parental consent for processing minors' facial information and formulating specific rules for handling such data.

Restricts storing facial information within devices unless consent or laws allow external transmission and limits retention to what is necessary.

Mandates conducting personal information protection impact assessments in advance and retaining assessment reports for three years.

Prohibits using facial recognition as the sole identity verification method if alternatives exist.

Requires filing procedures with local cyberspace administrations if information volume reaches 100,000 individuals.

Empowers cyberspace administrations and public security authorities to supervise, inspect, and handle complaints regarding facial recognition misuse."
389,"Illinois HB 0645 (""Future of Work Act"")",Illinois,False,True,"Creates the Illinois Future of Work Task Force to proactively plan for the future of work and address current labor issues.

Requires the Task Force to identify and assess emerging technologies, particularly automation and AI, that significantly impact employment, wages, and skills.

Mandates the development of job standards and working conditions to build a vibrant middle class.

Instructs the Task Force to identify future job opportunities and shape them to improve life in Illinois.

Compiles research and best practices from other regions on deploying technology for the public good.

Develops tools to evaluate the impact of proposed technologies on workers, employers, and the state.

Proposes workforce development and training programs for future jobs.

Requires the Task Force to submit a report with findings to the Governor and General Assembly by May 1, 2022, and dissolves upon report submission."
2002,NYC Rules Amendment for Automated Employment Decisionmaking Tools,"New York, NY",False,True,"Mandates that employers or employment agencies conduct a bias audit of Automated Employment Decision Tools (AEDTs) at least annually.

Requires bias audits to calculate selection and scoring rates, and impact ratios across sex, race/ethnicity, and intersectional categories.

Mandates AEDT users to publish bias audit summaries online, detailing data sources and impact ratios, accessible for at least 6 months after each AEDT use.

Requires notification to candidates and employees 10 business days before AEDT use, offering options via website, job postings, mail, or email.

Enforces online publication of AEDT data retention policies and types of data collected.
"
1723,Basic Safety Requirements for Generative Artificial Intelligence Services (National Standard - Draft for Feedback),Chinese central government,False,True,"Establishes basic safety requirements for generative AI services, focusing on training data safety, model safety, and safety measures.

Requires service providers to conduct safety assessments and manage training data sources, ensuring data does not contain over 5% illegal content.

Mandates the verification of intellectual property rights and personal information consent before using data for training.

Stipulates regular security audits and monitoring of models to prevent malicious attacks and ensure content accuracy.

Obliges disclosure of service limitations, models, and personal data usage to users.

Demands the implementation of mechanisms for complaints and a backup strategy for service continuity.

Sets specific guidelines for minors, requiring parental controls and restrictions on unsuitable content.

Requires transparency in service provision, detailing applicable scenarios and user consent for data use in training.

Mandates service providers to construct banks of unsafe key words and questions which AI models should and should not refuse to answer. "
1808,JSP 936 V1.1 Dependable Artificial Intelligence (AI) in Defence (UK MoD),Government of the United Kingdom,False,False,"Sets the Ministry of Defence (MOD) Responsible Officers to ensure the ethical and safe development and use of AI in Defence.

Requires MOD staff to implement this JSP in AI system lifecycles, from inception to disposal, ensuring alignment with MOD's AI Ethical Principles: Human-centricity, Responsibility, Understanding, Bias and Harm Mitigation, and Reliability.

Mandates TLB Holders and Chief Executives to issue appropriate AI-related directions and ensure competent management within their areas and maintaining Governance as outlined in Section 4.

Stresses the need for a holistic approach aligned with the UK National AI Strategy and addresses unique AI security risks, advocating continuous security monitoring.

Obliges the assessment and mitigation of ethical risks, providing evidence of responsible AI use, and addressing novel and contentious AI applications with special attention.

Emphasizes human collaboration with AI, requiring competency assessments, training, and ethical governance, particularly in human/AI teams, AI legal considerations, and supplier competence and conformance with AI-specific requirements."
1820,AI Diffusion Rule (US BIS),Department of Commerce,False,True,"Imposes export controls on AI models, excluding publicly available models, and expands licensing requirements for AI chips to additional countries.

Establishes three tiers of countries for purposes of determining applicable export restrictions, including eighteen countries able to import AI chips without restrictions (tier 1); countries able to import AI chips through validated end-user (VEU) programs, limited-volume exceptions, and licensing, but otherwise subject to restrictions (tier 2); and countries subject to ongoing restrictions, including arms-embargoed countries (tier 3).

Establishes a Data Center Validated End User (DC VEU) program to govern compute exports related to major AI infrastructure development in second-tier countries, with different pathways and restrictions depending on data center operator nationality. Imposes cybersecurity, physical and personnel security, and sourcing mandates on DC VEU participants, as well as reporting requirements.

Imposes specific computing power deployment restrictions on companies operating in second-tier countries, including relative ratios and numerical caps.

Controls the export of AI models developed using compute above a given threshold, to be adjusted over time based on assessments of publicly available models. Requires cloud computing providers to implement security measures preventing the unauthorized training of models otherwise subject to export controls."
1816,Guidance on Algorithmic Discrimination and the New Jersey Law Against Discrimination,New Jersey,False,True,"Clarifies that the New Jersey Law Against Discrimination (LAD) applies to algorithmic discrimination through automated decision-making tools similarly to traditional discrimination.

Prohibits any form of discrimination facilitated by automated tools, regardless of intent or third-party involvement in tool development.

Requires covered entities, like employers and housing providers, to avoid disparate treatment and disparate impact discrimination in using these tools.

Mandates that entities provide reasonable accommodations to avoid discriminatory impacts, even if automated tools fail to recognize accommodations.

Holds entities liable for discrimination resulting from their use of third-party developed tools, emphasizing the importance of evaluating these tools for bias.

Encourages developers and vendors to design and test automated tools to minimize discriminatory outcomes, thus reducing liability risk under the LAD.

Reiterates the LAD's comprehensive protections against discrimination, regardless of the technology used, and provides resources for understanding these protections."
1806,Common Intelligence Community Interim Guidance Regarding the Acquisition and Use of Foundation AI Models,Federal government,True,False,"Provides interim guidance for the Intelligence Community (IC) on acquiring and using foundation AI models, focusing on model acquisition, modification, and outputs.

Requires model acquisition to comply with legal standards, ensuring alignment with established IC frameworks.

Mandates prompts and outputs be used for authorized purposes and treated as collected data when applicable, ensuring compliance with existing guidelines on retention and dissemination.

Emphasizes the need for oversight mechanisms to track U.S. person information used or retrieved from AI models."
838,"American Aviation Act, Sec. 1024 (""Review of AI and ML Technologies"")",United States Congress,True,False,"Requires the Administrator to conduct a review of current and planned AI and machine learning technologies to enhance airport efficiency and safety.

Asks the Administrator to consider best practices and lessons learned from domestic and international AI and machine learning applications.

Permits coordination with other Federal agencies to identify China's use of AI and machine learning in airport operations.

Mandates the review to include AI and machine learning applications in jet bridges, airport service vehicles, aircraft taxi, air traffic control operations, and other areas deemed necessary by the Administrator.

Obligates the Administrator to submit a report to Congress within one year detailing the review's findings."
839,"American Aviation Act, Sec. 1028 (""Air Traffic Control Training"")",United States Congress,True,False,"Mandates the Administrator to carry out a research program assessing the benefits of deploying advanced technologies such as AI to modernize, enhance, and streamline on-the-job training for FAA air traffic controllers.

Requires the Administrator to include collaboration with labor organizations and other stakeholders in the research program.

Mandates the Administrator to report findings to Congress within 1 year of the Act's enactment.
"
447,REAL Political Advertisements Act,United States Congress,False,True,"Amends the Federal Election Campaign Act of 1971 to require any political advertisement containing images or video footage generated in whole or in part using artificial intelligence to include a clear and conspicuous disclaimer, with specific formatting requirements for text, audio, video, and other media to ensure visibility and audibility.

Directs the Federal Election Commission to promulgate regulations within 120 days of enactment to implement the disclaimer requirement and define ""content generated by artificial intelligence"" to reflect both current and emerging uses of generative AI.

Requires the FEC to submit biennial reports to Congress assessing compliance and enforcement, recommending modifications, and identifying further measures to enhance transparency and accountability in political advertising."
1054,Directive on Automated Decision-Making (Canada),Government of Canada,True,False,"Requires Algorithmic Impact Assessments before production of any automated decision system, with regular updates and public disclosure of results in accessible formats.

Mandate transparency by notifying individuals when decisions are made in whole or in part by automated systems, and by providing plain-language explanations of how and why decisions were made.

Direct rigorous testing and continuous monitoring of automated decision systems to detect and mitigate unintended biases and ensure compliance with laws. 

Obligates data governance and quality assurance, including peer reviews and Gender-based Analysis Plus.

Ensures the possibility of human intervention in automated decisions and provides clients with recourse options to challenge decisions.

Specifies consequences for non-compliance under the Financial Administration Act.

Designates the Chief Information Officer to provide guidance and maintain the Algorithmic Impact Assessment."
1736,"FY2025 NDAA, Section 125 (""Designation of official responsible for autonomous surface and underwater dual-modality vehicles"")",United States Congress,True,False,"Requires the Secretary of the Navy to designate an official responsible for developing and acquiring advanced autonomous surface and underwater vehicles within 180 days of enactment.

Mandates the inclusion of a dedicated program element in the Navy's budget for the development and acquisition of these autonomous vehicles."
1064,Regulations of Shenzhen Special Economic Zone on Promoting the Artificial Intelligence Industry,Chinese provincial and local governments,False,False,"Establishes mechanisms for promoting the AI industry in Shenzhen, emphasizing high-quality AI development and integration across social and economic sectors.

Mandates the Shenzhen Municipal Government to coordinate AI development and safety, incorporating AI development into national plans and setting clear industry standards.

Encourages international collaboration in AI research and development and emphasizes ethical safety norms.

Requires construction of AI infrastructure, such as data centers, public data platforms, and open-source systems.

Encourages application of AI technologies in societal areas, such as healthcare, social governance, and education, and supports AI projects strategically.

Calls for an AI ethics committee to oversee ethical norms and governance structures, ensuring compliance with safety standards.

Implements differentiated supervision based on AI application risk levels, with high-risk applications requiring pre-evaluation.

Prohibits AI use for unlawful activities or discrimination and mandates consumer protection and privacy safeguards.

Regulations effective November 1, 2022."
444,CREATE AI Act of 2023,United States Congress,False,False,"Establishes the National Artificial Intelligence Research Resource (NAIRR) to democratize access to AI research resources and spur innovation.

Creates a NAIRR Steering Subcommittee chaired by the Director of the Office of Science and Technology Policy to oversee governance and resource allocation.

Mandates the National Science Foundation to establish a Program Management Office to coordinate day-to-day operations and compliance of the NAIRR.

Requires development of an Operating Entity through competitive processes to manage the NAIRR.

Ensures resources include computational resources, data repositories, educational tools, and AI testbeds.

Specifies criteria for user eligibility, emphasizing U.S.-based researchers and entities.

Imposes requirements and audits for privacy, ethics, civil rights, and security in AI research using NAIRR.

Allows establishment of a fee schedule with a free access tier to support research.

Ensures adherence to national security policies and scientific integrity standards."
1828,Virginia HB2094 (High-Risk Artificial Intelligence Developer And Deployer Act),Virginia,False,True,"Enacts stringent frameworks for the development and deployment of high-risk AI systems in Virginia.

Defines consequential decisions as those which may affect access to the justice system, education, employment, and financial or other such services.

Defines high-risk AI systems as those used in a consequential decision, excluding systems restricted to narrows tasks, pattern detection, and human assistance.

Mandates developers to disclose intended uses, data inputs, potential risks of algorithmic discrimination, and performance evaluations to deployers.

Requires deployers to implement risk management policies, conduct pre and post deployment impact assessments, and disclose AI system interactions to consumers, especially when making consequential decisions.

Establishes a duty of care for developers and deployers to protect against algorithmic discrimination.

Outlines civil penalties for violations, including a fine up to $1,000, with enforcement authority granted exclusively to the Attorney General.

Provides exemptions for various sectors and situations, including federal compliance and actions in the public interest.

Allows for updates post-modification of AI systems and sets guidelines for consumer notifications and appeal processes in case of adverse decisions due to AI use."
1658,Washington HB 2970 (Autonomous Vehicle Working Group),Washington,True,False,"Mandates the Washington State Transportation Commission to establish a work group to develop policy recommendations for autonomous vehicle operation on public roadways.

Requires executive branch membership from various state departments and branches, alongside legislative members and additional stakeholders from sectors including technology and motor vehicle manufacturing.

Directs the work group to monitor advancements in autonomous vehicle technology, including federal and state regulatory frameworks, and to prepare state policies for autonomous commercial and passenger vehicles.

Necessitates consideration of diverse policy areas, such as vehicle testing, registration, driver's license requirements, traffic laws, cybersecurity, and impacts on labor and businesses.

Instructs the commission to report annually to the governor and legislature on progress and propose legal modifications.

Sets an expiration date of December 31, 2023, for sections detailing the establishment and function of the work group."
1588,Washington SB 5460 (Recommendations of Autonomous Vehicle Work Group),Washington,False,True,"Amends requirements for testing autonomous vehicles on public roads in Washington State.

Mandates that self-certifying entities provide contact information, test locations, vehicle identification numbers, and proof of insurance for testing.

Requires assignment of a unique identification number for autonomous vehicles lacking a vehicle ID as mandated by law.

Obliges reporting of collisions and moving violations involving autonomous vehicles on public roads, including whether the autonomous system was active during incidents.

Demands advance written notice to relevant law enforcement agencies before testing, detailing the expected testing period, vehicle description, and contact information.

Allows the Department of Licensing to charge a fee to offset administrative costs of the self-certification testing program.

Ensures public access to information submitted by testing entities, with annual legislative reporting.

Defines ""autonomous"" vehicle levels per Society of Automotive Engineers standards J3016.

Prohibits autonomous vehicle testing without fulfilling initial information requirements."
1407,Florida HB 919 (AI Use in Political Advertising),Florida,False,False,"Establishes requirements for disclaimers on political advertisements using generative artificial intelligence in Florida.

Defines ""generative artificial intelligence"" as a system emulating input data to create synthetic content.

Requires advertisements with AI-generated content depicting actions that did not occur to include a prominent disclaimer stating ""Created in whole or in part with the use of generative artificial intelligence (AI).""

Specifies format requirements for disclaimers across various media, including print, television, internet, and audio.

Imposes first-degree misdemeanor penalties for failure to include required disclaimers, in addition to other civil penalties.

Authorizes any person to file complaints with the Florida Elections Commission for violations of this requirement.

Mandates expedited hearings for such complaints.

Sets an effective date of July 1, 2024."
637,Facial Recognition Act,United States Congress,True,False,"Prohibits law enforcement from using facial recognition without a court order, except in defined emergency circumstances. 

Mandates regular removal of photos from databases used for facial recognition, including minors and individuals not charged or acquitted.

Requires detailed applications from prosecutors and approval from courts for authorized use of facial recognition.

Prohibits the use of facial recognition with body cameras, for face surveillance, or for immigration enforcement.

Enforces annual accuracy and bias testing by independent entities and prohibits systems that fail to meet minimum standards. 

Requires public reporting and logging of facial recognition use, including demographic data.

Mandates audits of law enforcement agencies' use of facial recognition to ensure compliance and prevent misuse."
2096,Measures for Labeling of AI-Generated Synthetic Content,Chinese central government,False,True,"Requires online information service providers to label AI-generated synthetic content with both explicit and implicit labels, ensuring that users can easily recognize AI-generated content.

Instructs service providers to embed implicit labels in digital file metadata, indicating the content’s origin and attributes.

Mandates content transmission platforms to verify metadata for implicit labels and add notifications if AI-origin is detected or suspected.

Obligates application distribution platforms to assess apps for compliance with generative AI services and labeling.

Permits exceptions for omitting explicit labels if users assume responsibility, with logs stored for a period of six months.

Sets penalties for non-compliance to be enforced by the relevant regulatory authorities."
1996,Oklahoma Responsible Deployment of AI Systems Act,Oklahoma,False,True,"Enacts the ""Responsible Deployment of AI Systems Act,"" mandating comprehensive governance structures for AI deployment in Oklahoma and requiring classification of all AI systems by risk level based on their potential impact on safety, civil liberties, and fundamental rights.

Prohibits the development and deployment of Unacceptable Risk AI systems, such as social scoring or AI-driven misinformation, while imposing strict oversight, audits, and transparency requirements on high-risk systems.

Requires deployers to assess AI systems for biases, safety risks, and rights violations before deployment, implement mitigation strategies, and ensure qualified human oversight that can override system decisions.

Requires public notification and appeal mechanisms when high-risk AI systems are used to make decisions that impact individuals, ensuring transparency and recourse.

Establishes the Artificial Intelligence Council (AI Council) to regulate ethical AI use, including the AI Regulatory Sandbox Program and Workforce Development Program, to allow controlled testing of AI systems. 

Launches the AI Workforce Development Program to expand AI literacy and skills in underserved communities, prioritizing affordable training through grants to small businesses and educational institutions.

Permits the AI Council to issue penalties for noncompliance and requires deployers to disclose related incidents."
2267,"Memo 25-21 (Accelerating Federal Use of AI through Innovation, Governance, and Public Trust)",Executive Office of the President,False,False,"Directs all Executive Branch departments and agencies to adopt AI by accelerating AI use and innovation while ensuring responsible deployment and governance.  

Requires removal of barriers to AI innovation, focusing on delivering value for taxpayers and improving public services.  

Instructs agencies to develop and share AI strategies, prioritize American AI products, and enhance workforce AI readiness.  

Directs agencies to designate a Chief AI Officer (CAIO) to oversee AI efforts and improve public accountability.  

Mandates implementation of minimum risk management practices for high-impact AI and provides guidance on AI governance, including creating AI impact assessments and ensuring human oversight.  

Encourages sharing and reusing of AI resources across federal agencies to prevent redundancy and foster collaboration.  

Implements public trust in AI use by requiring performance monitoring and mechanisms for public consultation and feedback.  

Excludes specific domains like national security systems from AI governance requirements."
2268,Memo 25-22  (Driving Efficient Acquisition of Artificial Intelligence in Government),Executive Office of the President,False,False,"Promotes the competitive American AI marketplace by mandating federal agencies to procure AI systems that enhance efficiency and mission effectiveness while avoiding dependence on single vendors.

Ensures taxpayer dollars are safeguarded by tracking AI performance and managing risks as outlined in Executive Order 13960.

Directs agencies to update internal procedures within 270 days to align with this memorandum and OMB Memorandum M-25-21, requiring cross-functional teams for AI acquisitions and addressing intellectual property rights.

Mandates the protection of privacy and intellectual property, emphasizing compliance with federal law and policy.

Specifies that future AI contracts comply with new guidelines by establishing a clear timeline for implementation.

Excludes certain AI acquisitions and activities, such as national security systems and incidental AI use by contractors.

Requires GSA to develop AI acquisition guides within 100 days and establish a shared repository of best practices within 200 days."
2393,Create AI Act of 2025,United States Congress,False,False,"Establishes a National Artificial Intelligence Research Resource (NAIRR) to enhance AI research accessibility and spur innovation.

Requires the Director of the National Science Foundation, in coordination with a NAIRR Steering Subcommittee, to oversee NAIRR’s establishment and governance.

Forms a Program Management Office to manage NAIRR’s daily operations, select an Operating Entity, and oversee asset allocation.

Defines user eligibility criteria for accessing NAIRR, including U.S.-based researchers and institutions.

Mandates policies for privacy, ethics, scientific integrity, and system security, with input from various advisory committees.

Authorizes the establishment of a fee schedule for NAIRR access, ensuring a free tier for research purposes.

Permits acceptance of donations to support NAIRR’s operation from the private sector.

Coordinates with relevant federal entities to integrate AI testbeds and educational resources.

Emphasizes research security compliance, aligning with national security guidelines on research integrity."
2301,Decoupling America's Artificial Intelligence Capabilities from China Act of 2025,United States Congress,False,False,"Prohibits United States persons from importing AI technology from China and exporting AI technology to China after 180 days of enactment.

Establishes penalties for individuals and entities violating these prohibitions, including fines and forfeiture of federal contracts.

Requires the Secretary of Commerce to issue regulations implementing these prohibitions within 90 days of enactment.

Prohibits United States persons from conducting AI research and development for or with Chinese entities or nationals of concern.

Enforces penalties for these violations, including fines and federal benefits forfeiture.

Emphasizes penalties disqualifying violators from federal financial assistance for five years.

Restricts U.S. persons from having financial interests in Chinese AI research entities involved in military or surveillance activities.

Permits the President to use emergency economic powers for enforcing these prohibitions.

Involves multiple federal departments in enforcing these regulations."
2336,HEARTS Act of 2025,United States Congress,False,False,"Establishes the National Center for Alternatives to Animals in Research and Testing to promote and fund nonanimal research methods, including artificial intelligence, within one year of the Act's enactment, under the National Institutes of Health (NIH).

Requires the NIH to prioritize nonanimal methods in research proposals, assess the feasibility of nonanimal methods before approving research, and ensure proposals are reviewed by experts in nonanimal techniques.

Instructs the Director of the National Center to support federally funded researchers in developing and adopting alternatives to animal testing, including AI, and report on animal usage publicly.

Mandates each federally funded research entity using animals to report biannually on the number and species of animals used and submit and update plans to reduce these numbers. 

Defines ""animal"" to include any live nonhuman vertebrate or cephalopod used in research or testing."
2367,Promoting Precision Agriculture Act,United States Congress,False,False,"Require the Secretary of Agriculture, in consultation with the Director of the National Institute of Standards and Technology and the Federal Communications Commission, to develop voluntary, consensus-based interconnectivity standards for precision agriculture within two years.

Direct the Secretary to coordinate with relevant stakeholders, including public, private, and industry organizations, while considering factors such as the evolving demands and connectivity needs of precision agriculture, cybersecurity challenges, and the impact of AI and advanced wireless communications technology.

Instruct the Comptroller General of the United States to conduct a study one year after the standards' development and every two years thereafter for eight years, assessing these standards for their voluntariness and effectiveness in fostering precision agriculture.

Require submission of a report to relevant Senate and House Committees summarizing the findings from each study."
2347,Generative AI Terrorism Risk Assessment Act,United States Congress,False,False,"Requires the Secretary of Homeland Security to conduct annual assessments, in consultation with the Director of National Intelligence, on terrorism threats posed by terrorist organizations using generative AI applications.

Instructs inclusion of analysis on incidents involving extremist messaging, recruitment, and WMD capabilities linked to generative AI in these assessments, plus recommendations for countermeasures.

Ensures these assessments are coordinated with DHS legal and rights offices to protect privacy and civil liberties, and shared in unclassified form publicly, with classified annexes if necessary.

Mandates a briefing to congressional committees within 30 days of assessment submission.

Directs the Secretary to incorporate and disseminate terrorism threat information from fusion centers into DHS systems.

Defines ""generative AI applications"" as AI models generating synthetic content and clarifies terms for fusion centers and terrorist organizations."
2399,Protect Victims of Digital Exploitation and Manipulation Act of 2025,United States Congress,False,False,"Amends title 18, United States Code, to prohibit the production or distribution of digital forgeries of intimate visual depictions without the consent of the identifiable individual involved.

Defines digital forgery as an intimate visual depiction created or altered using software, machine learning, artificial intelligence, or other computer-generated means that appears authentic to a reasonable person.

Exempts actions taken in good faith during legal proceedings, medical applications, law enforcement, or investigations of unlawful content or conduct.

Excludes communications service providers from liability unless they recklessly distribute the content.

Applies regulations if either the offender or the victim is a U.S. national.

Defines terms such as consent, digital forgery, identifiable individual, intimate visual depiction, and communications service.

Provides severability to ensure the statute's provisions remain effective even if parts are judged unconstitutional."
2320,China Technology Transfer Control Act of 2025,United States Congress,False,False,"Control the export, re-export, and transfer of certain national interest technology and intellectual property, including AI, to China, starting 180 days after the Act's enactment.

Require the Secretary of State and the Secretary of Commerce to report within 90 days on the necessity of controls under specific export regulations.

Prescribe regulations within 180 days to enforce these controls.

Impose sanctions under the International Emergency Economic Powers Act on entities engaging in the unlawful transfer or use of controlled technologies with China, excluding goods importation.

Empower the President to waive sanctions if deemed in U.S. national security interests.

Instruct the United States Trade Representative to annually list Chinese products, including AI, that receive government support or assist in human rights violations.

Include AI technologies in products receiving Chinese support under its industrial policy, ""Made in China 2025."""
2381,AI PLAN Act,United States Congress,False,False,"Require the Secretary of the Treasury, Secretary of Homeland Security, and Secretary of Commerce, in consultation with specified officials, to jointly submit annual reports to Congress on defending against financial crime risks posed by AI, including fraud and misinformation.

Describe interagency policies and procedures to protect against these risks, listing available and needed resources, technologies, and budget estimates.

Consider risks such as deepfakes, voice cloning, and foreign election interference.

List officials consulted as the U.S. Trade Representative, Attorney General, Federal Reserve Chairman, NIST Director, Undersecretary of Commerce for Industry and Security, and SEC Chairman.

Submit recommendations to Congress within 90 days post-report, including legislative suggestions and best practices for risk mitigation related to AI-driven financial crimes."
2304,S.305 Small Business Technological Act of 2025,United States Congress,False,False,"Authorize the Small Business Administration to provide loans for business software, cloud computing services, and technology that utilize artificial intelligence.

Permit these loans to support business operations, including the processing, payment, or tracking of payroll expenses, human resources, sales and billing functions, and accounting or tracking of supplies, inventory, records, and expenses.

Clarify that this provision does not invalidate prior loans made for similar purposes under the Small Business Act.

Prohibit the use of these loans for research and development activities.

Ensure the amendment does not alter the definition of working capital in the context of the Small Business Act."
2334,Protecting Our Children in an AI World Act of 2025,United States Congress,False,False,"Amends title 18 of the United States Code to prohibit child pornography produced using artificial intelligence.

Eliminates the affirmative defense in prosecutions involving AI-generated child pornography by removing certain clauses in Section 2252A(c).

Expands the definition of sexually explicit conduct in Section 2256(2)(B) to include actual or simulated obscene exhibition of the clothed or unclothed genitals, pubic area, buttocks, or female nipple.

Ensures that if any provision of the Act is held unconstitutional, the remaining provisions continue to have effect."
2410,"CORE Act of 2025, Section 2(b) (""Report on transboundary hydrocarbon reservoirs"")",United States Congress,False,False,"Leverages artificial intelligence and other emerging technologies to approximate the resources in transboundary hydrocarbon reservoirs.

Requires the application of data analysis tools, AI, quantum computing, and modeling to refine resource estimates and reduce uncertainty.

Instructs the Secretaries to prioritize advanced geophysical, geological, and geotechnical data in the report.

Encourages partnerships with federal agencies such as the National Science Foundation and the National Oceanic and Atmospheric Administration to utilize existing maritime technologies.

Tasks the report preparation with addressing uncertainties using AI and other technologies for informed decision-making on transboundary hydrocarbon reservoirs."
2409,"Bipartisan Health Care Act, Sec. 217. Report on wearable medical devices.",United States Congress,False,False,"Instructs the Comptroller General of the United States to conduct a technology assessment and submit a report to Congress on wearable medical devices.

Requires the report to assess the capabilities and limitations of these devices in supporting clinical decision-making.

Includes an evaluation of the potential for such devices to accurately prescribe treatments.

Examines the benefits and challenges of integrating artificial intelligence to enhance these devices.

Provides policy options to maximize benefits and mitigate challenges associated with the development or use of wearable medical devices."
2047,San Jose AI Policy 1.7.12,"San Jose, CA",True,False,"Establishes a governance framework for AI use in San José, aligning with the City’s data security, privacy, and existing policies.

Directs the Chief Information Officer (CIO) to manage the AI Handbook, with the City Information Security Officer (CISO) and City Digital Privacy Officer (CDPO) ensuring system security, resilience, privacy, and policy compliance.

Requires users to uphold guiding principles such as effectiveness, transparency, equity, accountability, privacy, and security.

Prohibits AI applications involving real-time biometric identification, emotion analysis, fully automated impactful decisions, social scoring, and cognitive manipulation.

Mandates reporting AI-caused harm within 24 hours.

Implements sunset procedures for outdated AI systems.

Obliges compliance with public records laws and City’s transparency policies.

Enforces policy adherence, with violations subject to disciplinary action.

Requires Finance to obtain AI usage disclosures in procurement.

Defines AI and related system terms within the policy context."
1974,California AG’s Legal Advisory on the Application of Existing Laws to AI,California,False,True,"Guides AI developers, sellers, and users in California on legal obligations under state consumer protection, civil rights, competition, and data privacy laws.

Requires that AI systems comply with laws against unfair practices, deceptive advertising, false advertising, and any antitrust violations.

Addresses risks of bias and discrimination in AI systems under civil rights laws, enforcing accountability for discriminatory outcomes.

Mandates transparency about AI's use, dataset training, and impact assessment.

Prohibits misuse of AI for impersonation, false representation, and creation of deceptive political content.

Enforces privacy compliance under the California Consumer Privacy Act, ensuring data protection and informed consent from consumers when AI systems use personal information.

Introduces new AI legislation, effective January 2025, mandating disclosures, detection tools for AI-generated content, and accountability in entertainment and election contexts.

Expands prohibitions on exploitative AI uses, including specific amendments addressing child pornography and deepfake technologies.

Ensures AI tools in healthcare require supervision by licensed physicians."
1970,Meta Frontier AI Framework (Version 1.1),Private-sector companies,False,True,"Establishes a Frontier AI Framework at Meta to manage risks of advanced AI, focusing on models exceeding current advanced capabilities.

Implements processes to prevent catastrophic outcomes by identifying threat scenarios and developing threat models.

Defines risk thresholds to categorize AI models; critical threshold results in ceasing development, while high and moderate thresholds dictate further risk mitigation measures.

Outlines governance and transparency processes in AI development, including stages of planning, evaluation, mitigation, and decision-making policies.

Emphasizes threat modeling exercises to assess catastrophic risks and ensure models do not uniquely enable harmful scenarios.

Focuses on cybersecurity and chemical/biological risks by specifying threat scenarios and enabling capabilities to guide risk assessments.

Plans to update the framework by integrating evolving AI risks and research, actively engaging with AI communities, and enhancing evaluation and post-release monitoring techniques."
1678,Establishment of Reporting Requirements for the Development of Advanced Artificial Intelligence Models and Computing Clusters (Proposed Rule),Department of Commerce,True,False,"Amends 15 CFR part 702 to introduce special reporting requirements for U.S. entities involved in advanced AI model development and computing clusters.

Requires covered U.S. persons to notify the Department quarterly if engaging in AI activities exceeding specified computational thresholds.

Mandates covered U.S. persons to respond to BIS inquiries within 30 days and correct incomplete submissions within 14 days.

Obliges entities to report any training or development of dual-use foundation models, including security measures and model performance in AI red-team testing.

Stipulates that entities submit affirmations of no applicable activities if none occur for seven consecutive quarters.

Defines key terms, including AI red-teaming, dual-use foundation models, and large-scale computing clusters, to specify the scope of activities to which these requirements apply.

Establishes quarterly notification deadlines and processes for requesting extensions if additional response time is needed."
1991,Illinois SB2203 (Preventing Algorithmic Discrimination Act),Illinois,False,True,"Enacts the Preventing Algorithmic Discrimination Act in Illinois to combat discrimination by automated decision tools. 

Defines ""algorithmic discrimination"" as resulting from AI tool usage that causes discrimination against protected classes.

Requires deployers to perform annual impact assessments on automated tools by January 2027, analyzing potential biases and preventing discrimination. 

Mandates notifications to individuals affected by AI decisions, with options for alternative processes. 

Requires an alternative process for those that request AI tools not be used in a decision.

Obliges deployers to establish comprehensive governance programs to manage discrimination risks, requiring technical safeguards and annual compliance reviews. 

Mandates public availability of policies on AI tool usage and discrimination management. 

Prohibits use of tools resulting in algorithmic discrimination, with civil actions allowed from January 2028 for violations, including compensatory damages and legal fees. 

Obliges deployers to submit impact assessments to the Attorney General, with fines for non-compliance. 

Integrates enforcement with the Consumer Fraud and Deceptive Business Practices Act."
1203,AI Incident Reporting and Security Enhancement Act,United States Congress,True,False,"Directs the Director of the National Institute of Standards and Technology (NIST) to update the National Vulnerability Database to include AI security vulnerabilities.

Requires NIST to establish common definitions for AI security vulnerabilities and develop standards for managing these vulnerabilities.

Mandates a multi-stakeholder process to assess voluntary reporting and tracking of substantial AI security and safety incidents, and to establish guidelines, best practices, and standardized mechanisms for reporting AI incidents.

Obligates NIST to submit a report to Congress within three years, detailing the findings and recommendations from the multi-stakeholder process on AI incident reporting and tracking."
406,H. R. 6791 (AI Literacy Act of 2023),United States Congress,False,True,"Amends the Digital Equity Act of 2021 to include artificial intelligence (AI) literacy within the scope of digital literacy.

Defines ""artificial intelligence literacy"" as understanding basic AI principles, applications, implications, limitations, and ethical considerations.

Requires grants to support AI literacy initiatives in public elementary and secondary schools, including teacher training, professional development, and resource development.

Supports higher education institutions to develop AI learning labs, virtual platforms, and educational tools for teachers and community educators.

Includes grants to community anchor institutions for AI education and training programs.

Mandates an annual report to Congress summarizing and analyzing the progress and impact of AI literacy initiatives, with recommendations for expansion or modification."
904,AI Transparency in Elections Act of 2024,United States Congress,False,True,"Requires the inclusion of disclaimers on political advertisements containing content substantially generated by AI.

Mandates that disclaimers must clearly state the use of AI in creating or materially altering the content.

Establishes safe harbor guidelines for what constitutes a ""clear and conspicuous manner"" in disclaimers for image, audio, and video communications.

Amends the Federal Election Campaign Act of 1971 to include penalties for violations of the disclaimer requirements, with fines up to $50,000.

Directs the Federal Election Commission (FEC) to issue regulations outlining criteria for determining substantially AI-generated content and requirements for the disclosure statement. 

Requires the FEC to report on compliance and enforcement within two years and biannually thereafter to Congress."
2125,Colorado (2021) SB 169 (Protecting Consumers From Unfair Discrimination),Colorado,False,False,"Prohibits insurers from using external consumer data, algorithms, and predictive models that result in unfair discrimination based on various protected characteristics such as race, gender, or sexual orientation.

Requires the Commissioner of Insurance to adopt rules ensuring insurers demonstrate their data and models do not result in unfair discrimination.

Engages a stakeholder process to gather input from insurers, consumers, and other parties before rule adoption.

Obliges insurers to provide detailed information about their data usage and implement risk management frameworks to minimize discrimination risks.

Allows the Commissioner to examine and investigate insurers' data practices.

Permits exemption for certain insurance types such as title insurance and high-premium commercial insurance policies.

Defines key terms like ""algorithm"" and ""predictive model"" as related to insurance practices, emphasizing consumer data's impact on discrimination."
2120,New York (2020) SB 5959 (Dissemination of Digital Replica),New York,False,False,"Establishes the right of publicity, allowing individuals to control the use of their name, voice, signature, photograph, or likeness, especially for deceased performers and personalities. 

Prohibits unauthorized use of digital replicas in fictional works without clear disclaimers or consent from rights holders. 

Defines penalties for illicit use, including compensatory and punitive damages, and requires proof of unauthorized profits for damages calculation. 

Clarifies exceptions for newsworthy, educational, or political contexts where rights protection does not apply.

Allows a private right of action for individuals depicted in non-consensual, sexually explicit material, prohibiting dissemination.

Requires disclaimers be insufficient defense in unauthorized explicit material cases.

Enables registration of deceased personalities' rights with the Secretary of State.

Establishes a 40-year post-mortem protection limit for these rights.

Specifies severability and additional legal recourse without superseding existing legal protections."
2245,"Washington SB 5092 (2021-22), Sec 151 (""For the Consolidated Technology Services Agency"")",Washington,False,False,"Establishes a work group led by the Office of the Chief Information Officer (OCIO) to develop recommendations for automated decision systems, including AI-enabled profiling, focusing on fairness, transparency, and non-discrimination.

Requires the OCIO to oversee procurement and contracting for IT goods and services, ensuring cloud technology fee recovery and project data posting on the statewide IT dashboard.

Provides $12,000 for examining and auditing automated decision-making systems to ensure fairness and transparency.

Allocates $23,150,000 for Microsoft's 365 licenses with advanced security features, alongside distribution and annual license reporting requirements.

Designates $12,393,000 for cybersecurity efforts, $4,303,000 for small agency IT services, and $1,493,000 for cybersecurity implementation, pending bill enactment.

Involves various state departments in creating a health and human services enterprise coalition led by the Health Care Authority.

Directs collaborative data management efforts for a state-operated geospatial data portal related to natural hazards."
2252,Pennsylvania EO 2023-19 (Governing Use of Gen AI in Pennsylvania),Pennsylvania,False,False,"Creates the Generative AI Governing Board to oversee the ethical and effective use of Generative Artificial Intelligence (AI) by Commonwealth of Pennsylvania agencies.

Requires agencies to apply core values such as accuracy, adaptability, equity, innovation, mission alignment, privacy, proportionality, safety, security, and transparency in using Generative AI technologies.

Charges the Office of Administration (OA) with developing policies to ensure responsible AI use, including auditing outputs for accuracy and protecting user privacy.

Instructs the Board to recommend guidelines and assess agency requests to utilize Generative AI, ensuring adherence to core values, bias testing, and aligning applications with governmental missions.

Composes the Board of key government officials and mandates monthly meetings.

Encourages collaboration with external AI experts and stakeholders for feedback on AI usage.

Orders OA to provide training for employees on using Generative AI tools effectively."
2248,DC MO 2024-028 (AI Values and Strategic Benchmarks),District of Columbia,False,False,"Establishes six core AI Values that District of Columbia agencies must assess before deploying AI tools, specifically focusing on benefits, safety, accountability, transparency, sustainability, and privacy.

Forms an AI Advisory Group and an AI Taskforce to align AI Values, conduct community engagement, support governance, and advise the Mayor on AI use.

Instructs the Office of the Chief Technology Officer, Department of Human Resources, and other agencies to develop privacy, cybersecurity, recruitment, and procurement benchmarks by specified deadlines.

Requires agencies to submit AI strategic plans addressing potential improvements, risks, and stakeholder engagement by designated dates.

Charges the AI Taskforce with providing technical advice, reporting on progress, and ensuring compliance with strategic benchmarks.

Mandates that the Advisory Group and AI Taskforce sunset on December 31, 2026. 

Requires these bodies to provide ongoing guidance, review AI tools, and align technology use with the District's stated AI Values."
2112,New York SB3971 (Temporary AI State Comission),New York,False,False,"Establishes the New York State Artificial Intelligence, Robotics and Automation Commission to study and determine regulations for AI, robotics, and automation.

Tasks the commission with examining current state laws, comparative policies, liability issues, employment impact, confidentiality, restrictions on AI weaponry use, regulatory impacts on the technology industry, and public sector AI applications.

Comprises thirteen members appointed by state government officials and university chancellors.

Authorizes the commission to conduct hearings and gather testimonies to thoroughly analyze relevant AI issues.

Requires the commission to publish a final report for state leadership at least thirty days before the act's expiration.

Sets the act's expiration and repeal date as December 31, 2020."
2146,Rhode Island (2022) SB 2083 (Consumer Protection in Eye Care),Rhode Island,False,False,"Define ""assessment mechanism"" to include AI and technology used for remote or in-person eye assessments.

Require such mechanisms to offer patient-provider interaction, gather patient history, and acknowledge limitations, including not replacing in-person exams or issuing initial contact lens prescriptions.

Instruct providers using assessment mechanisms to adhere to traditional care standards, verify patient identity and age, ensure recent in-person exams, and maintain patient records.

Establish that using eye assessment data alone for prescriptions is prohibited, and providers must certify prescriptions with their signature and license.

Impose civil penalties up to $10,000 for violations, with rights to hearings and appeals.

Authorize the department of health to implement rules and regulations for enforcement.

Include severability to maintain chapter validity if parts are invalidated."
2121,Utah SB 96 (Deep Technology Initiative),Utah,False,False,"Establishes a Deep Technology Talent Initiative to develop and oversee funding for programs related to deep technology, including artificial intelligence.

Requires institutions of higher education to collaborate with employers to create programs that address workforce needs in deep technology sectors.

Mandates submission and review of program proposals by institutions seeking funding, emphasizing workforce relevance, partnerships, and the integration of deep technology skills.

Instructs the Deep Technology Talent Advisory Council to prioritize and recommend proposals for funding based on specified criteria including workforce impact and cost-effectiveness.

Allocates $5 million from the Workforce Development Restricted Account to the Deep Technology Talent Initiative for fiscal year 2021.

Requires annual reports from funded programs on performance and outcomes, which the board must submit to relevant legislative committees.

Defines the composition and responsibilities of the Deep Technology Talent Advisory Council in supporting the initiatives."
2262,"West Virginia HB 2760 (2021), Sec 11-13Q ""Credit allowed for specified high technology manufacturers.""",West Virginia,False,False,"Defines ""high technology manufacturing businesses"" to include entities involved in manufacturing activities incorporating artificial intelligence, autonomous vehicles, drones, and related AI-operated machinery. 

Allows these businesses a tax credit against state taxes equal to 100% of the tax attributable to their qualified investment in expanding or establishing AI-related operations, providing they create at least 20 new jobs within 12 months.

Ensures that the median compensation for these new jobs exceeds $45,000, adjusted annually for inflation.

Precludes businesses claiming this credit from simultaneously claiming other tax credits for the same investment.

Empowers the commissioner to establish rules and require notices for monitoring the application and eligibility of the credit. 

Tasks the commissioner with overseeing compliance and verifying ongoing eligibility for the credit throughout the 20-year period."
2250,Virginia (2023) ED 5 (Recognizing the Risks and Seizing the Opportunities of Artificial Intelligence),Virginia,False,False,"Directs the Office of Regulatory Management, with the Chief Information Officer and relevant Secretariats, to establish AI usage standards for Virginia's state government.

Requires reviewing laws and regulations affecting AI, including privacy and intellectual property laws, to ensure public protection.

Ensures AI usage is transparent, secure, and impartial with adequate privacy safeguards.

Recommends uniform AI standards across state agencies, including education and IT guidelines.

Collaborates with educational institutions to integrate AI in curricula and promote responsible AI usage in learning environments.

Prepares students and the workforce for careers involving AI through partnerships with colleges and industry.

Identifies opportunities for AI to enhance state government efficiency and ethical decision-making.

Explores AI's economic impacts, encouraging industry innovation and supporting displaced workers.

Works with the Virginia Department of Energy to assess AI's impact on power requirements.

Requires completion of these actions and recommendations by December 15, 2023."
2249,Washington EO 24-01 (Artificial Intelligence),Washington,False,False,"Orders WaTech, with cabinet agencies, to report on generative AI initiatives by September 2024, assessing feasibility, benefits, and challenges.

Directs WaTech and DES to issue guidelines for AI procurement focusing on safety, equity, and privacy by September 2024.

Requires DES and WaTech to develop an AI training plan for government workers by January 2025.

Instructs WaTech to create guidelines for AI's community impact, focusing on equity and algorithmic bias by December 2024.

Mandates DES and WaTech to update procurement templates to include equity and risk considerations by January 2025.

Tasks the Office of Equity to develop an accountability framework for AI equity and ethics by September 2024.

Ensures WaTech provides risk assessment guidance for high-risk AI systems by December 2024.

Commands the State Human Resources Division to assess AI's workforce impact and mitigate negative effects by December 2024.

Charges the Workforce Training Board with fostering AI education and research by January 2025."
2145,Rhode Island (2022) HB 6654 (Consumer Protection in Eye Care),Rhode Island,False,False,"Regulates the use of automated or virtual assessment mechanisms, including AI devices, for conducting eye assessments, requiring interaction between the patient and a licensed provider.

Requires the collection of medical history and previous prescriptions and mandates acceptance of certain disclosures about the limitations of such assessments.

Specifies that an assessment mechanism cannot issue initial prescriptions for contact lenses or their renewals without a prior in-person examination within 24 months.

Obliges providers to follow the standard of eye care, verify patient identity and age, and confirm recent in-person examinations before issuing prescriptions.

Imposes a civil penalty up to $10,000 for violations, enforceable by the department of health or attorney general, with rights to an administrative hearing and appeal.

Instructs the department of health to create necessary rules and regulations.

Ensures severability of the act’s provisions if any part is invalidated by a court."
2210,New Hampshire H1688 (AI Use By State Agencies),New Hampshire,False,False,"Define ""artificial intelligence,"" ""generative AI,"" ""deepfake,"" and ""state agency"" in relation to AI governance.

Apply provisions to all state agency computer systems, with exceptions for research and personal use systems.

Prohibit uses by state agencies for classifying individuals leading to discrimination, surveillance in public spaces without a warrant, and malicious use of deepfakes.

Allow AI use with human oversight on irreversible decisions, disclosure of AI-generated content, and informing users of AI interactions.

Require state agencies to review AI use, modify inconsistent procedures, and document compliance within nine months, reporting to the department of information technology.

Mandate annual reporting and updates on AI system compliance and procurement to key government officials and public posting on the department website.

Sever provisions to ensure remaining regulations remain in effect if parts are invalidated.

Enact the chapter on July 1, 2024."
2089,Vermont Agency of Digital Services AI Inventory report,Vermont,False,False,"Creates an inventory of automated decision systems used by the government, emphasizing AI's role within human processes, to be maintained by the Division of Artificial Intelligence under the Agency of Digital Services (ADS).

Requires annual updates and reviews for the inventory's accuracy and completeness.

Recommends various remediation measures for systems showing problematic behavior, including process changes upstream or downstream, modifications to the AI, or decommissioning problematic systems.

Advises narrowing the inventory’s scope to focus on AI systems that pose potential risks rather than encompassing all apps and tools.

Highlights the importance of ongoing outcome monitoring over third-party bias testing, advising additional tracking elements for monitoring results and applied remediation.

Proposes focusing on AI system autonomy rather than their decision-making capability, urging identification of agencies directly utilizing these systems."
2247,Kansas PPM 8200.00 (Gen AI Policy),Kansas,False,False,"Outlines the acceptable use of generative AI by Executive Branch Cabinet and Non-Cabinet Agencies in Kansas, emphasizing safety, privacy, and intellectual property protection.

Requires entities to review AI-generated content for accuracy, appropriateness, privacy, and security before dissemination.

Prohibits verbatim use of AI-generated content, reliance on it for final decisions or official statements, and impersonation of individuals or organizations.

Forbids input of Restricted Use Information, inappropriate, copyrighted, or proprietary material into AI systems.

Directs agencies to require contractors to disclose AI usage in contracts and prohibits use of state confidential data without approval.

Allows software code from AI only after risk mitigation and mandates annotation.

Tasks agency heads with procedural compliance and the Office of Information Technology Services (OITS) with policy maintenance."
2117,Maryland 2020 HB 49 (Pretrial Risk Scoring Instruments),Maryland,False,False,"Require jurisdictions using pretrial risk scoring instruments for determining defendants' pretrial release eligibility to conduct independent validation studies of these tools at least once every three to five years.

Establish a Pretrial Services Program Grant Fund to provide grants to eligible counties for creating or improving pretrial services programs, or for conducting validations of pretrial risk scoring instruments as per § 5–103 of the Criminal Procedure Article.

Require eligible counties applying for grants to provide a description of how their programs meet requirements and information deemed necessary by the Executive Director of the Governor’s Office of Crime Control and Prevention.

Ensure pretrial services programs use validated, evidence-based, race-neutral risk scoring instruments following Maryland Rules, apply effective best practices, and incorporate multiple levels of supervision based on defendant risk scores, including technological and treatment provisions."
2270,"Massachusetts (2020) HB 5250 (An Act Enabling Partnerships For Growth), Sec 92",Massachusetts,False,False,"Establishes a special commission to study the impact of automation and artificial intelligence on the workforce, businesses, and the economy.

Charges the commission with ensuring sustainable jobs, fair benefits, and workplace safety standards.

Instructs the commission to study trends in industry transformation and impacts on workers, including access to healthcare and benefits.

Collaborates with the executive office of labor and workforce development to track industry trends and research best practices for the future of work.

Requires the commission to gather data from various sectors, work with training organizations, and hold public hearings across different regions.

Directs the commission to file a report by September 1, 2021, with analysis, recommendations, and potential legislation for securing worker benefits and updating workforce training.

Ensures recommendations include support for lifelong learning, skill development, and integration of new technologies in workforce training."
2212,New Jersey AR 141 (2024),New Jersey,False,False,"Urges platforms generating and disseminating deepfake and cheapfake media to voluntarily commit to preventing and removing harmful content.

Defines deepfakes as media that appears to depict authentic speech or conduct through substantial technical means, and cheapfakes as any software-generated audiovisual alteration.

Notes that generative AI platforms can anticipate and prevent the creation of harmful content, with social media and content-sharing forums capable of taking steps to remove such media.

Recognizes the potential negative impact, including impersonation, fraud, and political misinformation, while acknowledging the promise of AI if used responsibly.

Encourages the development of AI accountability and transparency standards, following examples set by the federal government and other states.

Calls for New Jersey to become a leader in responsible media technology through these voluntary commitments."
2159,Louisiana (2023) SCR 49 (Study Impact of AI),Louisiana,False,False,"Urges the Joint Legislative Committee on Technology and Cybersecurity to study the impact of artificial intelligence on operations, procurement, and policy in Louisiana.

Requires the committee to submit a written report of its findings to the House Committee on Commerce and the Senate Committee on Commerce, Consumer Protection and International Affairs at least sixty days before the 2024 Regular Session.

Instructs the report to propose recommendations and legislative proposals to aid government and businesses in leveraging AI benefits while protecting consumers.

Encourages the committee to seek input from the Department of Economic Development, the office of technology services, Division of Administration, the Department of Justice, and industry partners.

Transmits a copy of the resolution to the Joint Legislative Committee on Technology and Cybersecurity."
2198,Louisiana HCR 66,Louisiana,False,False,"Requests the Joint Legislative Committee on Technology and Cybersecurity to study and make recommendations concerning the use and regulation of artificial intelligence.

Instructs the joint committee to solicit data and testimony from relevant persons, entities, agencies, and institutions.

Requires the joint committee to make annual reports with policy recommendations to the legislature.

Recognizes the multifaceted potential threats of artificial intelligence in education, criminal justice, finance, health, welfare, and state fiscal health.

Acknowledges the potential for beneficial uses of artificial intelligence to improve government operations and service efficiency.

Emphasizes the necessity for more information before developing policies to maximize AI benefits and minimize its misuse in the state of Louisiana."
2171,Rhode Island H6423 (2023),Rhode Island,False,False,"Requests the Department of Administration and the RI Division of Information Technology report on the extent of algorithmic decision-making used by the State of Rhode Island.

Tasks them with assessing the validation, testing, and evaluation of automated decision systems, especially regarding biases such as racial and gender biases.

Instructs them to provide recommendations on regulatory or legislative action regarding the use of automated decision systems by state offices, compliance with data protection laws, and timelines for the implementation of AI technologies.

Requires delivery of this information to the House of Representatives and the Chair of the House Committee on Innovation, Internet, and Technology by September 29, 2023.

Authorizes the Secretary of State to transmit certified copies of this resolution to relevant state officials."
2111,Delaware (2019-20) HCR 7 (Planning for the Impacts of AI on the Workforce),Delaware,False,False,"Recognizes the potential impact of robotics, automation, and AI on the workforce and the importance of planning for their effects.

Requires Delaware State Agencies and government branches to implement daily operational and long-term strategic planning to mitigate negative impacts of these technologies.

Encourages consideration of legal and ethical implications in AI development without hindering innovation.

Emphasizes the need for AI applications to prioritize security, ethics, dignity, autonomy, and self-determination.

Highlights the risk of technological displacement and its effects on public and private sectors.

Aims to prepare Delaware for changes in employment due to advancements in AI and automation."
2269,New York City Council No. 1806-A (Reporting on Algorithmic Tools Used By City Agencies),"New York, NY",False,False,"Requires each New York City agency to report annually to the mayor’s office of operations or a designated entity by December 31 on all algorithmic tools used in the prior year.

Defines ""algorithmic tool"" as technologies derived from AI, machine learning, or predictive analytics that impact public rights, services, and resource allocation.

Instructs agencies to provide tool names, purposes, data types and sources, usage descriptions, vendor details, and start dates.

Directs the mayor’s office to compile this information and report it to the mayor and the council speaker by March 31, sorted by agency.

Prohibits disclosure of any information that violates laws, endangers safety, or interferes with investigations.

Implements the law with immediate effect."
2243,"Alaska SB 177, Section 2. (""Use by State Agencies of Artificial Intelligence"")",Alaska,False,False,"Requires the Department of Administration to biennially inventory AI systems for consequential decisions used by state agencies, detailing system names, vendors, capabilities, and impact assessments, and publish results online.

Obligates state agency heads to conduct impact assessments every two years for AI systems, analyzing efficacy, oversight, accountability, risks, effects on individuals, and compliance with anti-discrimination measures, with results also published online.

Prohibits state agencies from using AI systems involving biometric identification, emotion recognition, cognitive manipulation, social scoring, and those using data hosted in specified foreign countries.

Restricts state agencies' data transfer without consent and requires multi-factor authentication for contracted AI systems.

Directs the department to establish regulations for AI system governance, require pre-implementation assessments, and prevent discriminatory impacts.

Allows individuals to sue for damages resulting from violations related to AI use."
2107,Illinois HB 2557 (AI Video Interview Act),Illinois,False,False,"Requires employers in Illinois to notify job applicants if artificial intelligence will analyze their video interviews and to provide information on how the AI works, including characteristics it evaluates.

Requires employers to obtain applicants' consent before using AI to evaluate them.

Prohibits employers from using AI analysis on applicants who do not consent.

Permits sharing of applicant videos only with individuals necessary for evaluating the applicant's fitness for the position.

Obliges employers to delete video interviews and instruct any recipients to do the same, including backup copies, within 30 days if the applicant requests it."
2242,"Alaska SB 177, Section 1. (Deepfakes)",Alaska,False,False,"Require individuals who know or should know that a communication includes a deepfake depicting a candidate or political party, intended to deceive voters, to include a specific disclosure statement: ""This communication has been manipulated or generated by artificial intelligence.""

Mandate that the statement be audible in audio communications and visible throughout the entirety of print, video, or digital communications.

Define ""deepfake"" as an image, audio, or video created or manipulated with complex computational techniques to create a realistic yet false depiction of an individual, potentially altering a reasonable person's understanding of their appearance, conduct, or words compared to the original media."
2127,Illinois HB 53 (2021),Illinois,False,False,"Amends the Artificial Intelligence Video Interview Act by requiring employers using AI to analyze video interviews for in-person interview selection to collect demographic data.

Requires the collection of race and ethnicity data of applicants selected and not selected for interviews, as well as of those hired.

Obligates employers to report this demographic data annually to the Department of Commerce and Economic Opportunity by December 31.

Requires the Department to analyze this data and determine any racial bias in the AI use.

Instructs the Department to report findings of racial bias to the Governor and General Assembly by July 1 each year."
2239,West Virginia HR 3 (2024),West Virginia,False,False,"Establishes a Select Committee on Artificial Intelligence within the West Virginia House of Delegates.

Comprises up to eleven members appointed by the Speaker of the House.

Tasks the committee with receiving testimony, considering legislation, and recommending action on AI-related issues in the state.

Subjects the committee to the House rules governing Standing Committees, where applicable."
2189,Hawaii HCR 71 (2024),Hawaii,False,False,"Request the Department of Health to convene a Stakeholder Working Group to study language access in health care settings, focusing on the benefits and impacts of technologies such as artificial intelligence.

Instruct the Working Group to assess experiences of limited English proficiency (LEP) populations, existing language services, and disparities in health care access.

Advise the Group to make recommendations for enhancing meaningful access to health care, including options for utilizing AI-based solutions.

Require the Department of Health to invite stakeholders, including LEP individuals, health care providers, insurers, community-based organizations, and language service providers to participate in the Group.

Instruct the Department of Health to submit a report of the Group's findings and recommendations, along with proposed legislation, to the Legislature by a specified deadline."
2264,"Mississippi HB 633 (Mississippi Computer Science and Cyber Education Equality Act), Section 4. ",Mississippi,False,False,"Authorizes the State Department of Education to implement a K-12 computer science curriculum based on 2018 standards, including artificial intelligence and machine learning.

Instructs the State Department of Education to collaborate with the Center for Cyber Education at Mississippi State University for curriculum development.

Requires school districts, starting in the 2022-2023 school year, to ensure all middle schools offer computer science instruction and 50% of elementary schools provide a minimum of one hour weekly.

Mandates charter schools serving middle and high school students to offer computer science courses.

Starting in the 2023-2024 school year, directs 50% of high schools to provide computer science courses and all elementary schools to offer at least one hour of exploratory computer science weekly.

Ensures, beginning the 2024-2025 school year, computer science instruction is available in all schools within each district."
2265,"Vermont 2019 Act No.16, Sec 20 (AI Task Force) ",Vermont,False,False,"Amends the meeting limitations of the Artificial Intelligence Task Force to permit no more than 15 meetings, excluding public hearings for obtaining public testimony on AI.

Requires the Task Force to submit an update by February 15, 2019, to the Senate Committee on Government Operations and the House Committee on Energy and Technology.

Requires the Task Force to submit a final report by January 15, 2020, to the same committees, detailing their findings and recommendations related to AI.

Specifies that the Task Force will cease to exist on January 15, 2020."
1809,"AMBITIOUS, SAFE, RESPONSIBLE: Our approach to the delivery of AI-enabled capability in Defence",Government of the United Kingdom,False,False,"Adopts an ambitious approach to AI-enabled capabilities in defense, aiming for comprehensive exploitation to enhance efficiency and effectiveness.

Emphasizes ethical, legal, and responsible development of AI, incorporating human oversight, particularly in AI-enabled weapons systems.

Addresses key challenges such as algorithmic bias, accountability, unpredictability, and safety concerns to maintain public trust and stakeholder collaboration.

Implements a governance framework involving senior defense officials and specialized units to ensure compliance with national and international laws, including International Humanitarian Law.

Establishes ethical principles focused on human-centricity, responsibility, understanding, bias mitigation, and reliability for AI in defense.

Collaborates with the Centre for Data Ethics and Innovation and forms an AI Ethics Advisory Panel to guide ethical implementation.

Reaffirms commitment against fully autonomous weapon systems, advocating for human control and accountability in AI-empowered defense systems, and participates in international discourse on lethal autonomous weapons systems."
660,Advancing Automation Research and Development in Agriculture Act,United States Congress,True,False,"Establishes a stand-alone competitive research and extension grant program under the Department of Agriculture to advance mechanization and automation for specialty crops.

Mandates projects to create or improve cost-effective technologies that reduce manual labor and increase efficiency in crop production, resource management, and processing.

Requires projects to promote the adoption of mechanization and automation technologies by emphasizing factors such as connectivity, autonomy, and cost-effectiveness.

Specifies projects to accelerate automation through prototype development, in-field trials, and rapid commercialization.

Allows grants to be awarded to federal agencies, universities, research institutions, private organizations, and other eligible entities.

Mandates a competitive grant process based on scientific peer review and industry relevance.

Requires annual consultations with the specialty crops committee to review procedures, objectives, and grant awards.

Allocates $20 million annually from the Commodity Credit Corporation to fund the program starting fiscal year 2024."
1301,International Artificial Intelligence Research Partnership Act of 2024,United States Congress,True,False,"Establishes international artificial intelligence research partnerships between U.S. cities and their international counterparts to promote AI leadership, economic cooperation, and workforce development.

Encourages public-private partnerships, including nonprofits and academic institutions, to support these AI research collaborations.

Requires coordination with the National Science Foundation to align activities with U.S. AI research priorities and leverage existing resources.

Prohibits partnerships with cities in countries deemed a national security concern or detrimental to U.S. foreign policy.

Limits research to non-national security AI areas and mandates adherence to export control regulations.

Authorizes the Secretary of State to enter contracts to facilitate partnerships and allocates $20 million annually from 2025 to 2028 for implementation.

Mandates annual reporting on partnerships, research scope, city participation, coordination efforts, and implementation challenges to relevant congressional committees."
1228,Expanding AI Voices Act,United States Congress,False,False,"Amends the National AI Initiative Act by introducing a new subsection focused on expanding AI capacity.

Mandates the Director of the National Science Foundation to competitively award eligible higher education institutions and nonprofit organizations to enhance AI research, education, and workforce development.

Specifies eligibility for institutions not among the top 100 in federal R&D spending, historically Black colleges, minority-serving institutions, Tribal colleges, and their consortia.

Encourages collaborations with various stakeholders, including AI research institutes and private sector entities.

Allows use of funds for AI research programs, faculty development, resource access, community building, workshops, and ethical AI education.

Requires outreach to eligible entities, emphasizing underserved and underrepresented communities.

Ensures awarded projects complement existing programs without duplication.

Considers diversity, geographic distribution, and resource constraints in award decisions."
1052,Canada Artificial Intelligence and Data Act (Companion document),Government of Canada,False,False,"Proposes the Artificial Intelligence and Data Act (AIDA) to regulate AI in Canada, focusing on high-impact AI systems.

Empowers the Minister of Innovation, Science, and Industry to enforce AIDA, supported by a new AI and Data Commissioner.

Prohibits the reckless and malicious use of AI that causes harm, introducing new criminal law provisions.

Aligns with international norms, such as the EU AI Act, and integrates with existing Canadian laws.

Mandates businesses to identify, assess, and mitigate risks associated with high-impact AI systems.

Requires transparency, fairness, safety, and accountability in AI systems.

Introduces administrative penalties and criminal offences for non-compliance.

Plans a consultation process for the development of regulations, seeking input from stakeholders.

Establishes mechanisms for human oversight and monitoring of AI systems.

Targets AI systems impacting services, biometric identification, behavior influence, and health and safety."
1829,Massachusetts HD396 (An Act to ensure accountability and transparency in artificial intelligence systems),Massachusetts,False,False,"Establishes Chapter 93M regarding AI accountability and consumer protection in Massachusetts, defining key terms such as algorithmic discrimination and high-risk AI systems. 

Mandates developers to identify, mitigate, and disclose risks of algorithmic discrimination, and requires public summaries of AI systems and biases.

Compels deployers of high-risk AI systems to implement risk management programs and conduct annual impact assessments, with mandatory consumer notifications on consequential AI decisions.

Requires corporations to disclose their use of AI in consumer targeting and behavior influence, ensuring transparency and consumer rights protection.

Exempts small businesses, low-risk systems, and federally compliant entities from certain provisions.

Empowers the Attorney General to enforce regulations, categorizing violations under unfair trade practices, while providing a defense for proactive compliance.

Permits rulemaking authority for the Attorney General to set compliance and notification standards and mandates a public education campaign on AI consumer rights. 

Specifies varying effective dates for sections within 180 days to one year post-passage."
2021,San Francisco Generative AI Guidelines,"San Francisco, CA",False,False,"Instructs all City department personnel to thoroughly review and fact-check AI-generated content and disclose AI use in output.

Prohibits entering sensitive information into public Generative AI tools and mandates using AI tools with caution to avoid misleading the public or making inappropriate decisions.

Encourages experimentation with AI tools for drafting and image generation but requires human review and explicit disclosure of AI usage in communications.

Advises IT leaders to track AI use, ensure transparency, and work with vendors to ensure AI components are explainable and auditable.

Requires consulting the Office of Cybersecurity when developing or procuring AI applications.

Tasks the City Administrator’s Office with updating guidelines and working with external experts to manage AI risks and protect data, while evolving policies in line with new legislative frameworks."
2074,Ohio State Administrative Policy on AI,Ohio,False,False,"Establishes statewide governance for AI implementation, emphasizing data protection and quality in Ohio.

Requires state agencies to document and approve AI use cases and submit them to the AI Council for approval.

Mandates testing and ongoing monitoring to prevent bias and errors in AI outputs.

Requires human oversight to verify AI decisions, especially those impacting legal or regulatory areas.

Dictates AI procurement procedures, ensuring security, privacy, and proper data licensing.

Charges the Ohio Department of Administrative Services with developing AI training for state workers, emphasizing ethical considerations and the responsible use of generative AI.

Mandates security and privacy controls, prohibiting the input of sensitive data into generative AI without consent.

Instructs the Chief Data Officer Council to establish data governance for AI, focusing on data integrity and regulation.

Assigns the multi-agency AI Council with overseeing AI use, evaluating societal impacts, and maintaining AI solution repositories."
2062,Maryland State Executive Order 01.01.2024.02 (Use of AI in Maryland State Government),Maryland,False,False,"Establishes an AI Subcabinet to oversee AI use in Maryland state government, fostering principles such as fairness, innovation, privacy, safety, and transparency.

Directs the AI Subcabinet to create an AI Action Plan incorporating NIST’s AI Risk Management Framework to ensure adherence to AI principles.

Instructs the Subcabinet to upskill the state workforce in AI and explore partnerships with external AI talent for targeted projects.

Mandates the study of AI's impact on critical domains, including workforce and economic development, and the provision of recommendations to the Governor and legislature.

Requires the Department of Information Technology to assess infrastructure for safely testing AI prototypes and collaborate with the Department of General Services to create procedures for AI pilots.

Ensures AI initiatives align with state and federal laws and does not impair existing authorities, remaining severable if parts are invalidated."
2058,Georgia Technology Authority AI Responsible Use,Georgia,False,False,"Outlines protocols for the responsible use of AI within Georgia state agencies, focusing on ethics, transparency, and accountability.

Requires agencies to align AI use with legal standards and agency objectives and to report AI tools to the Georgia Technology Authority (GTA).

Mandates testing and monitoring of AI solutions to ensure safety and accuracy, while addressing ethical, legal, and societal implications.

Specifies guidelines for contracting third-party AI services, emphasizing adherence to GTA and NIST standards and practices for responsible AI.

Instructs agencies to identify and mitigate biases and inaccuracies in AI-generated outputs.

Ensures data protection by adhering to Enterprise's Data Protection Policies and obtaining consent for data use.

Stipulates training and awareness for responsible AI use and a system for reporting AI misuse or unintended impacts.

Requires rigorous testing and ongoing monitoring for AI development and collaboration.

Allows State CIO or GTA OIS to terminate the use of AI tools posing risks."
2050,Alabama Executive Order No. 738 (PROVIDING FOR THE RESPONSIBLE AND PRODUCTIVE USE OF GENERATIVE AI IN STATE GOV),Alabama,False,False,"Establishes the Governor’s Task Force on Generative Artificial Intelligence to evaluate and promote the responsible use of GenAI in Alabama's executive-branch agencies.

Requires the Task Force to submit a report by November 30, 2024, detailing GenAI use, risks, and recommendations for its governance framework within state government, including data management, model monitoring, and human oversight.

Instructs each state executive-branch agency to submit an inventory of their GenAI use by May 1, 2024, detailing vendor information, capabilities, and safety measures.

Directs the Office of Information Technology to establish a secure cloud infrastructure for GenAI pilot projects, encouraging state agencies to test and utilize GenAI responsibly.

Encourages state executive-branch agencies to explore GenAI applications in collaboration with experts for improving government services and employee performance.

Specifies that the order affects executive-branch entities and does not create private enforceable rights."
2068,North Dakota Artificial Intelligence Policy,North Dakota,False,False,"Requires entities in North Dakota’s executive branch to ensure AI technologies are reliable, valid, and transparent, with clear explanations of AI use and marked AI decision-making involving medium to high-risk data.

Mandates accountability for secure AI development, compliance with laws and standards, and prohibits using state-managed passwords for third-party apps.

Incorporates NDIT’s Security Risk Management Program in AI operations, mandates regular risk assessments, and restricts inputting moderate/high-risk data into public AI/ML services.

Requires NDIT to offer AI training and workshops, maintain an AI technology inventory, and ensure entities use vetted technologies.

Demands compliance with data protection laws, ethical AI use, and fairness without bias.

Stipulates AI must adhere to legal standards, including copyright, with review of licensing agreements and recognition that AI-generated content lacks copyright protection."
2067,North Carolina Government Responsible Use of AI Framework,North Carolina,False,False,"Establishes the North Carolina State Government Responsible Use of Artificial Intelligence Framework to ensure ethical AI application across state agencies.

Requires state agencies to follow guidelines which emphasize human-centered AI with oversight ensuring AI use benefits citizens without negatively impacting rights or access to services.

Stipulates transparency, requiring agencies to notify individuals of AI use and its impacts in accessible language.

Mandates robust security measures, ongoing monitoring, and risk assessments to ensure the safety and effectiveness of AI systems.

Demands strict data privacy controls throughout AI lifecycle stages and promotes equitable AI development free from biases.

Insists on accountability where agencies must audit AI use and provide necessary training to personnel.

Empowers staff through AI training to maximize public service effectiveness.

Requires agencies to maintain an AI inventory, report it for transparency, and conduct risk assessments using NIST AI RMF guided by state offices for comprehensive risk management."
2069,New Hampshire State Use of AI Policy,New Hampshire,False,False,"Requires all New Hampshire State Employees to adhere to ethical guidelines for AI use, emphasizing protection of Personal Identifying Information (PII) and sensitive data.

Dictates a human-centric approach, transparency, fairness, privacy, and continuous monitoring in AI deployment for government services.

Allows AI for decision support, public engagement, predictive analytics, image and video analysis, natural language processing, generative content, healthcare, environmental monitoring, and transportation, subject to stringent data protection and human oversight.

Mandates AI systems to explain decisions and actions and undergo ethical reviews when high-risk.

Instructs employees to ensure data protection and adhere to cybersecurity measures per the Statewide Information Security Manual and NIST-800-53 standard.

Requires informing users about AI interactions and data handling.

Assigns Agency heads responsibility for policy adherence, with AI technologies reported to the Business Relationship Management Division.

References New Hampshire AI ethics code and laws related to deepfakes and AI use."
2070,New Jersey EO 346,New Jersey,False,False,"Establishes the Artificial Intelligence Task Force responsible for studying AI technologies' societal impacts and recommending government actions for ethical use.

Includes the Chief Technology Officer, Chief Innovation Officer, Chief Executive Officer of the Economic Development Authority, and other key officials as members.

Authorizes the Task Force to gather data from state departments and agencies.

Requires executive branch cooperation and assistance to fulfill the Task Force's objectives.

Directs the Task Force to consult with academics, industry professionals, and consumer advocates.

Issues a reporting requirement to the Governor within 12 months of the Order’s enactment, to be shared with the Legislature and public.

Permits additional appointments by the Governor as necessary.

Clarifies the Task Force’s advisory nature in providing advice to the Governor and executive branches. 

Takes effect immediately upon issuance."
2081,Rhode Island EO 24-06 (AI and Data Centers of Excellence),Rhode Island,False,False,"Establishes a single state data governance structure, creating a federated data platform to manage data effectively across Rhode Island state agencies.

Mandates the Department of Administration (DOA) to appoint a Chief Data Officer (CDO) to oversee the Data Center of Excellence, enhancing data operations and readiness for AI integration.

Creates an AI Center of Excellence to formulate AI policies and ethics, minimizing bias and guiding AI implementation in state operations.

Directs all state agencies to participate in the federated data system, sharing data for policy analysis and exploring AI applications to improve operations.

Forms an AI Task Force to assess AI risks and opportunities, providing advice to policymakers.

Instructs the Department of Labor and Training (DLT), Rhode Island Department of Education (RIDE), and Office of Post Secondary Commissioner (OPC) to develop AI training programs for state and private-sector workers, integrating AI topics into existing curricula."
2066,Mississippi Artificial Intelligence in Education Task Force Act (SB 2062),Mississippi,False,False,"Establishes an Artificial Intelligence in Education Task Force in Mississippi to evaluate and recommend AI applications in K-12 education.

Requires the State Superintendent of Education to chair the task force, with administrative support provided by the Department of Education.

Comprises twelve members appointed by the Governor, Lieutenant Governor, and Speaker of the House, possessing expertise in education, technology, and data privacy.

Instructs the task force to assess AI's ethical, legal, and data privacy implications, develop policy recommendations, and propose guidelines for AI integration in education.

Tasks the force with identifying workforce needs and strategies for data protection, and fostering collaboration between educational sectors and industries.

Requires submission of interim and final reports detailing findings and recommendations to state officials and public posting of the final report.

Dissolves the task force on January 1, 2025, and takes effect on July 1, 2024."
1972,Legal Advisory on the Application of Existing Law to AI in Healthcare (California Attorney General),California,False,True,"Requires healthcare entities in California using AI to comply with existing state laws related to consumer protection, civil rights, competition, and data privacy.

Prohibits the use of AI to deny health insurance claims or make medical decisions that override licensed care providers’ determinations.

Prohibits the use of AI systems that discriminate against patients based on historical access to healthcare.

Demands transparency and auditing of AI systems, ensuring they do not introduce bias or replicate human error.

Insists that entities uphold patient privacy, especially regarding sensitive information like reproductive and genetic data.

Mandates informed consent from patients when AI tools impact their healthcare.

Outlines existing protections under laws like California’s Unfair Competition Law, Unruh Civil Rights Act, and Confidentiality of Medical Information Act.

Instructs healthcare AI developers to prevent discriminatory impacts and consider the effects of training data.

Emphasizes the need for compliance with both state and federal regulations with no exceptions for AI-related practices.

Prohibits the involvement of AI as a defense to liability under any law."
1826,New York 2025-A768 (NY AI Consumer Protection Act),New York,False,True,"Enacts the New York Artificial Intelligence Consumer Protection Act to manage risks of  AI decision systems. 

Requires developers to ensure systems do not cause algorithmic discrimination through regular audits, starting January 2027. 

Mandates developers provide comprehensive technical documentation and risk assessments to deployers. 

Obligates deployers to notify consumers when high-risk AI systems make significant decisions affecting them and to offer explanation and recourse for adverse decisions. 

Imposes a risk management program for deployers to identify and mitigate potential discrimination. 

Allows the attorney general to enforce compliance through audits and penalties, with the possibility of corrective actions to avoid litigation. 

Establishes exceptions for preempting federal law compliance and protects trade secrets from disclosure. "
1032,"Advancing Governance, Innovation, and Risk Management for Agency Use of Artificial Intelligence",Office of Management and Budget,True,False,"Requires federal agencies to appoint a Chief AI Officer (CAIO) within 60 days to enhance AI governance and innovation while managing risks, particularly those affecting public rights and safety.
Requires agencies to develop AI strategies to responsibly adopt AI, including generative AI, and to facilitate sharing and reuse of AI models, code, and data.

Imposes new requirements for agencies to manage AI-related risks, including following minimum risk management practices for AI impacting public rights and safety. Obligates agencies to annually inventory AI use cases, identifying those impacting rights and safety, and to report on associated risks and mitigation strategies. Encourages removing barriers to AI innovation related to IT infrastructure, data, and workforce while ensuring compliance with existing federal policies and risk management practices."
1356,OMB Requirements for AI Acquisition in Government ,Office of Management and Budget,True,False,"Directs agencies to improve responsible AI acquisition, emphasizing cross-functional and interagency collaboration, risk management, and market competitiveness.

Requires agencies to update acquisition policies to reflect AI governance responsibilities and share AI acquisition information across the executive branch.

Mandates compliance with risk management practices for AI impacting rights or safety, including managing privacy, security, and discrimination risks.

Urges agencies to prevent vendor lock-in by prioritizing interoperability, transparency, and innovative acquisition practices.

Encourages the acquisition of generative AI for experimentation, while emphasizing transparency, risk mitigation, and environmental considerations.

Applies to all federal agencies, excluding the Intelligence Community and National Security Systems, and sets specific deadlines for compliance and reporting. 

Fosters a diverse AI marketplace by minimizing vendor lock-in and promoting competition through strategic contractual requirements."
1997,Illinois HB 3506 (AI Safety and Security Protocol Act),Illinois,False,True,"Mandates developers to produce, implement, and publish a ""safety and security protocol"" to respond to critical risks, along with quarterly risk assessment reports.

Defines ""critical risk"" as deriving from the development or deployment of foundation models in a manner which could cause serious injury, death, or financial loss.

Defines ""foundation model"" as an AI model applicable to many different contexts and capable of self-supervision in training.

Requires an annual third-party audit to assess compliance with these protocols.

Allows redactions in published documents for protecting trade secrets or public safety, with unredacted versions available to the Attorney General.

Imposes civil penalties up to $1,000,000 for violations, with consideration of the severity and potential materialization of critical risks.

Establishes whistleblower protections and procedures for reporting internal risks related to AI development.

Authorizes the Attorney General to seek injunctive relief if a developer's activities pose imminent threats to public safety.

Emphasizes the cumulative nature of this Act, not limiting duties or remedies under other laws."
2261,Opinions on Strengthening the Governance of Science and Technology Ethics,Chinese central government,False,False,"Establishes the National Science and Technology Ethics Commission to guide and promote S&T ethics governance, with the Ministry of Science and Technology overseeing daily operations.

Instructs institutes engaged in AI and other sensitive fields to form S&T ethics review committees to address ethical risks independently.

Mandates that stakeholders comply with ethics requirements and enforce rigorous review procedures for S&T involving human and animal subjects.

Requires strict governance and dynamic regulation aligning with China’s national conditions and international trends.

Directs entities, such as local oversight departments and innovation entities, to manage, monitor, and report S&T ethics risks, ensuring agile responses to emerging challenges.

Prompts legislative actions to strengthen legal provisions related to S&T ethics, particularly in AI, by the end of the 14th Five-Year Plan.

Encourages public and local awareness of S&T ethics through education, laying emphasis on both stakeholder compliance and societal benefit."
2257,Massachusetts EO 629 (AI Strategic Task Force),State governments,False,False,"Establishes an AI Strategic Task Force within the Office of the Governor of Massachusetts to study AI and Generative AI (GenAI) technologies and their impacts on the state.

Charges the Task Force with advising the Governor on making Massachusetts a leader in AI research and development.

Requires the Task Force to identify collaboration opportunities in key industries such as life sciences, healthcare, and finance, and explore public investments in AI.

Advises on AI-related job creation, assessing workforce impacts, and suggesting workforce training.

Recommends policies for responsible AI development, addressing ethical concerns like bias, privacy, and security.

Empowers the Task Force to convene subcommittees for addressing specific AI issues.

Obligates the Task Force to submit a report summarizing its work and recommendations to the Governor.

Specifies an effective date immediately after issuance until 30 days post-report submission."
1396,OECD AI Principles (May 2024 update),OECD,True,False,"Recommends that AI actors and stakeholders promote principles for responsible AI, including inclusive growth, respect for human rights, transparency, robustness, and accountability.

Calls on governments and AI actors to invest in AI research and development, focusing on ethics, privacy, and reducing bias.

Advises governments to develop flexible governance environments and adapt policies to facilitate the deployment of AI systems.

Promotes building human capacity and preparing for labor market changes through skills training and fair transitions for workers as AI is deployed.

Urges governments to cooperate internationally to share AI knowledge, establish global technical standards, and promote use of internationally comparable indicators for AI progress.

Instructs the Digital Policy Committee to continue advancing AI governance by developing practical guidance and reporting on the implementation of these recommendations."
1801,AI in America: OpenAI's Economic Blueprint,Private-sector companies,False,False,"Defines a US strategy emphasizing national competitiveness, model safeguards, and national security for AI, with the federal government leading and consulting with industry.

Promotes export policies to securely share frontier AI models with allies while limiting exports to adversary nations.

Encourages federal support for AI companies, including sharing national security insights and reducing bureaucratic obstacles for collaboration.

Advocates infrastructure development to support AI, emphasizing chips, data, energy, and talent to maintain US leadership.

Proposes common-sense rules for AI safeguarding public safety while fostering innovation, emphasizing provenance data in AI-generated content, and AI user personalization.

Suggests creating AI Economic Zones and a nationwide AI education strategy to enhance AI ecosystem support and competitiveness.

Envisions a Compact for AI among allies for capital and supply chain access, contrasting Chinese-backed infrastructure projects.

Engages in developing training programs for future AI talent, promoting collaboration between government and industry."
2263,(Trial) Measures for Science and Technology Ethics Reviews,Chinese central government,False,False,"Regulates S&T ethics reviews for activities with ethical risks, including AI research, under China's ethics laws. 

Requires committees in life sciences, medicine, and AI to manage ethics reviews independently and transparently.

Obliges these committees to guide risk assessments, conduct ethics reviews, and manage interdisciplinary membership for unbiased decision-making.

Stipulates S&T ethics reviews to cover data handling, ensuring compliance with relevant data security and personal information laws.

Mandates expert reconsiderations for high-risk emerging technologies, including algorithms and automated decision-making systems.

Empowers MOST to guide overall S&T ethics oversight and manage the information registration platform for ethical review activities.

Allows simplified procedures for low-risk S&T activities and establishes emergency procedures for rapid ethics review during urgent public incidents.

Authorizes corrective measures for violations, including possible penalties and liability for misconduct in S&T ethics. 

Implements from December 1, 2023."
1243,Workforce for AI Trust Act,United States Congress,False,False,"Amends the National Artificial Intelligence Initiative Act of 2020 to authorize the National Science Foundation (NSF) to support interdisciplinary AI fellowships, encouraging ethical AI practices.

Mandates the NSF to conduct outreach to diverse institutions and groups underrepresented in STEM fields for fellowship applicants.

Directs the NSF to promote AI-based training and workshops across STEM fields to accelerate scientific discovery and technology development.

Requires the integration of diverse disciplinary perspectives in AI research peer review panels.

Instructs the National Institute of Standards and Technology (NIST) to support education and workforce development to expand the AI governance workforce, focusing on managing AI-related risks.

Mandates NIST to develop technical standards and guidance for AI risk management careers, including mapping, measuring, and validating AI systems."
1830,New Mexico AI Act,New Mexico,False,True,"Enacts the Artificial Intelligence Act to regulate the use of AI in New Mexico, focusing on high-risk AI systems that make consequential decisions.  

Requires developers to use reasonable care to prevent algorithmic discrimination and disclose known risks to recipients and the state.  

Mandates impact assessments for deployers, updating them annually or upon modification of AI systems.  

Obliges deployers to notify consumers of AI's role in consequential decisions and provide appeal opportunities for adverse outcomes.  

Exempts trade secrets from mandatory disclosure, but requires consumer notification when information is withheld.  

Confers enforcement authority to the state department of justice, allowing consumer civil actions for violations.  

Sets the effective date for July 1, 2026, with rulemaking by the state department of justice due by January 1, 2027."
2031,City of Long Beach Data Privacy Guidelines (2021),"Long Beach, CA",True,False,"Defines Artificial Intelligence as machines that have the ability to ""learn"" and ""problem solve"".

Mandates human review of algorithmic and AI decisions to avoid discrimination, using evidence-based evaluation of potential discriminatory consequences.

Requires training input informed by outcomes from AI or related technologies."
1781,Mississippi EO 1584 (Foster Stakeholder Collaboration and Harness AI),Mississippi,True,False,"Directs the Mississippi Department of Information Technology Services (ITS) to inventory all AI technologies across state agencies by providing a standardized form.

Mandates ITS to evaluate current AI processes and guidelines at state agencies.

Instructs ITS to develop policy recommendations for the responsible use of AI, emphasizing fairness, privacy, security, transparency, and accountability.

Encourages statewide coordination on AI use, enabling ITS to engage with government stakeholders and industry experts for best practices and strategies.

Requires state agencies to cooperate with ITS by completing AI inventories and designating a staff member for AI coordination.

Implements the Executive Order immediately, with provisions to remain effective until amended, superseded, or rescinded."
2040,Google DeepMind Frontier Safety Framework Version 2.0,Private-sector companies,False,True,"Establishes the ""Frontier Safety Framework"" for managing risks of advanced AI, focusing on Critical Capability Levels (CCLs) related to misuse and deceptive alignment.

Outlines CCLs for high-risk domains, including chemical, biological, radiological, nuclear attacks (CBRN), cyber threats, and machine learning R&D, needing security and deployment mitigations.

Mandates regular evaluations of frontier AI models to assess approaching CCLs, employing ""early warning evaluations"" for proactive risk management.

Specifies mitigations when models near CCLs, using internal and external expertise to develop response plans, emphasizing automated monitoring for deceptive alignment risks.

Describes governance protocols, involving review and approval by corporate bodies like the Google DeepMind AGI Safety Council, and outlines disclosure criteria to government authorities and external organizations.

Plans continual updates to risk modeling, capability assessments, and risk-appropriate actions as AI capabilities evolve."
2039,National AI Strategy 2024-2025 Action Plan (Turkey),Government of Turkey,True,False,"Implements mechanisms under the TechVisa Program to attract AI talents to Turkey.

Increases support for international research and doctoral programs to bolster AI workforce competence.

Coordinates curriculum updates to include AI and data science across non-AI scientific fields.

Establishes associate, undergraduate, and graduate AI degree programs based on workforce analysis.

Provides AI training post-education tailored to sectoral applications for workforce development.

Sets standards for private AI certification training programs.

Launches advanced analytics and AI training for public personnel competence.

Develops national occupational standards and qualifications in AI with relevant infrastructure.

Establishes ethical and technical standards for locally developed generative AI models.

Supports the development of a Turkish large language model in collaboration with the international community.

Creates a ""Legal Assessment Guide for AI Applications"" to ensure legal compliance of AI. 

Designs a customized AI education model to support workforce transformation."
1417,Indiana Senate Bill 2024-150 (AI and Cybersecurity),Indiana,True,False,"Establishes an Artificial Intelligence Task Force to study AI technologies used by Indiana state agencies, assessing their benefits, risks, and impacts on privacy, civil rights, and legal protections.

Requires the Task Force to produce annual reports with findings and recommendations for policies or legislation to govern AI use by state agencies.

Mandates state agencies compile and submit inventories of AI technologies in use or development, detailing vendors, intended use, data security measures, benefits, risks, and financial implications."
1383,Hiroshima Process International Code of Conduct for Organizations Developing Advanced AI Systems,Other multinational,False,True,"Promotes the safe, secure, and trustworthy development of AI by providing voluntary guidance for organizations developing advanced AI systems.

Encourages organizations to identify, evaluate, and mitigate risks across the AI lifecycle, employing diverse testing methods and ensuring traceability through documented development practices.

Urges ongoing monitoring of AI systems post-deployment to identify vulnerabilities and misuse, through collaboration with stakeholders to mitigate risks, while advocating for public reporting and enhanced transparency regarding identified limitations.

Encourages information sharing and incident reporting, as well as the development and disclosure of AI governance and risk management policies among stakeholders to promote safety and trustworthiness.

Recommends robust security controls, including cybersecurity measures and insider threat safeguards, to protect AI system components from unauthorized access.

Promotes the development of content authentication mechanisms to identify AI-generated content and the creation of international technical standards for AI development."
1382,Hiroshima Process International Guiding Principles for Advanced AI Systems,Other multinational,False,False,"Establishes international guiding principles around the safe, secure, and trustworthy development and deployment of artificial intelligence worldwide.

Recommends proactive mitigation of risks across the AI lifecycle and investment in physical, cyber, and insider threat security controls.

Recommends the public disclosure of advanced AI systems' capabilities, limitations, and appropriate or inappropriate uses.

Recommends information sharing and reporting of incidents among relevant industry, government, and civil society stakeholders

Recommends the deployment of content authentication and provenance mechanisms to enable users to identify AI-generated content.

Encourages development of advanced AI systems foremost to address key global challenge in alignment with the UN SDG goals.

Recommends the development and adoption of international technical standards.

Recommends the implementation of personal data privacy and IP protection measures."
1380,Political Declaration on Responsible Military Use of AI and Autonomy,Other multinational,True,False,"Require States to ensure military AI use complies with international law, particularly international humanitarian law.

Mandate accountability through a responsible human command chain.

Impose legal reviews to align military AI with international obligations and enhance civilian protection.

Demand oversight by senior officials for high-consequence AI applications.

Advocate minimizing unintended bias in military AI.

Insist on transparent, auditable methodologies and documentation for military AI development.

Oblige training for personnel to understand AI capabilities and limitations, preventing automation bias.

Prescribe explicit, well-defined uses for military AI, with rigorous testing for safety and effectiveness.

Implement safeguards to detect and mitigate AI failures, with the ability to deactivate systems if needed.

Encourage States to publicly commit to these measures, support responsible AI use, and engage internationally to refine and promote these standards."
1381,UN General Assembly Resolution on AI (2024),United Nations,False,False,
1378,ELVIS Act (Tennessee),Tennessee,False,True,"Expands the ""Personal Rights Protection Act of 1984,"" renaming it the ""Ensuring Likeness, Voice, and Image Security Act of 2024.""

Grants individuals property rights over their name, photograph, voice, or likeness across all mediums.

Defines ""voice"" to include both actual and simulated sounds identifiable to an individual.

Terminates exclusive commercial rights after two years of non-use, beginning ten years after death.

Imposes civil liability for the unauthorized commercial use of an individual's name, photograph, voice, or likeness.

Prohibits distribution of technology primarily used to produce unauthorized likenesses. 

Allows individuals or parties with exclusive contracts for personal services or sound recordings to enforce rights. 

Exempts certain uses protected by the First Amendment as fair use, including news, commentary, and satire. 

Mandates that employees or owners of any medium used for advertising be liable if they publish or disseminate an advertisement in violation of this act, and if they should have known about the violation."
1753,"FY2025 NDAA, Section 235 (""Competitive demonstration of automated target recognition algorithms"")",United States Congress,True,False,"Require the Chief Digital and Artificial Intelligence Officer of the Department of Defense to establish a venue and processes for testing automated target recognition algorithms by June 1, 2025.

Mandate the testing of mission capability for at least two programs in the Replicator initiative using the developed venue by September 1, 2025.

Oblige the Secretary of Defense to brief the Senate and House Armed Services Committees on activities under this section within one year of the Act's enactment."
1741,"FY2025 NDAA, Section 1547 (""Joint partner-sharing network capabilities for Middle East defense integration"")",United States Congress,True,False,"Obliges the Chief Data and Artificial Intelligence Officer to develop policies for a combatant command warfighter forum on AI, considering purposes such as AI tool use cases, risk categorization, and training needs.

Demands identification of opportunities for AI cooperation with regional partners and allies.

Directs the Secretary of Defense to submit a report to congressional defense committees detailing the initiatives, challenges, and policy needs for a combatant command warfighter forum on AI."
1737,"FY2025 NDAA, Title XV, Subtitle D (""Artificial Intelligence"")",United States Congress,True,False,"Establishes an initiative to improve the usability of AI systems, that are used by Department of Defense personnel, by considering human factors and cognitive ergonomics. It mandates the development of a guidance plan for their inclusion and evaluation in current and future programs. 

Establishes a program for high-performance computing infrastructure to support advanced AI capabilities, ensuring non-duplication with Department of Energy efforts. The instrument mandates the development of a roadmap that assesses the anticipated compute requirements, security standards, and relevant resources for the infrastructure required to enable advanced AI capabilities. 

Mandates developing a plan for costs and budgeting related to data used for various stages in the AI development and deployment lifecycle. This plan must include budgets for current programs and programs established by the enactment of this Act, as well as, costs related to data procurement, preparation, protection, and analysis. 

Requires the Secretary of Defense to evaluate the feasibility of centers of excellence for AI-enabled weapon systems, focusing on national and international collaboration, training of personnel, and best practices. Requires a report and briefing to Congress."
1758,"FY2025 NDAA, Section 221 (""Improvements relating to defining, identifying, and planning the artificial intelligence workforce of the Department of Defense"")",United States Congress,True,False,"Appoints a civilian official as the Chief Digital Engineering Recruitment and Management Officer by April 30, 2025, responsible for AI workforce policy and planning in the Department of Defense.

Requires the Officer to define and identify the AI workforce, clarify roles, code roles in workforce data systems, and develop qualification programs.

Mandates updating the Department's Human Capital Operating Plan to align with strategic goals and ensure consistent AI terminology.

Sets the expiration of the Officer's appointment on September 30, 2030.

Demands a briefing to congressional defense committees within 240 days, detailing AI workforce positions, required skills, current workforce state, and future requirements."
1744,"FY2025 NDAA, Section 1087 (""Establishment of Department of Defense working group on multilateral artificial intelligence coordination"")",United States Congress,True,False,"Demands the Secretary of Defense to establish a Department of Defense working group to coordinate AI initiatives with U.S. allies and partners within 90 days of the Act's enactment.

Designates a senior civilian or military officer to lead the group and determines allied participation.

Requires the group to develop AI strategies and interoperability for intelligence sharing, battlespace awareness, and other defense operations.

Mandates managing AI data security and evaluating defense industrial capabilities for AI integration.

Ensures knowledge and technical data remain under the control of the originating country’s export laws.

Terminates the group on September 30, 2028, unless extended for national security reasons by the Secretary.

Defines key terms such as ""battlespace awareness"" and ""covered operational use."""
1752,"FY2025 NDAA, Section 236 (""Pilot program on development of near-term use cases and demonstration of artificial intelligence toward biotechnology applications for national security"")",United States Congress,True,False,"Mandates the Secretary of Defense to implement a pilot program demonstrating artificial intelligence in national security-related biotechnology applications.

Requires collaboration through public-private partnerships to execute the program.

Permits the use of Department of Defense laboratory facilities and computing infrastructure to support biotechnology experimentation and AI model validation.

Stipulates the program's commencement within one year of enactment and its termination five years after starting.

Obligates the Secretary to submit annual reports to congressional defense committees, detailing program progress, data resource assessments, cybersecurity measures, collaboration mechanisms, and AI roles in biotechnology.

Requires a transition plan to be submitted one year before program termination, outlining steps for operationalization, including costs, infrastructure needs, and ecosystem analysis.

Aims to assess the viability of transitioning technology developed in the pilot into operational use within the Department."
1756,"FY2025 NDAA, Section 225 (""Duties of Chief Digital and Artificial Intelligence Officer Governing Council relating to artificial intelligence models and advanced artificial intelligence technologies"")",United States Congress,True,False,"Amends the John S. McCain National Defense Authorization Act to include duties for the Chief Digital and Artificial Intelligence Officer Governing Council.

Requires the Chief Digital and Artificial Intelligence Officer Governing Counci to evaluate and assesses AI models and technologies that could pose national security risks if accessed by U.S. adversaries.

Calls for the development of strategies to prevent unauthorized access and use of powerful AI models by adversarial countries.
"
1738,"FY2025 NDAA, Section 6506 (""Enhancement of authority for intelligence community public-private talent exchanges"")",United States Congress,True,False,"Amends section 5306 to require public-private talent exchanges in intelligence or counterintelligence to focus on fields including artificial intelligence.

Extends the duration of temporary details for such exchanges from 3 years to 5 years.

Prohibits private-sector employees detailed to the intelligence community from accessing trade secrets or proprietary information.

Clarifies that participation in the exchange program does not create an organizational conflict of interest solely by virtue of involvement.

Requires implementation of systems to address any identified conflicts of interest.

Mandates the Director of National Intelligence to submit annual reports to Congress on the implementation and use of the exchange program, including recommendations for improvements, for three consecutive years."
1743,"FY2025 NDAA, Section 1514 (""Management and cybersecurity of multi-cloud environments"")",United States Congress,True,False,"Mandates the Secretary of Defense to develop a multi-cloud management and cybersecurity strategy within 180 days.

Requires the strategy to include the assessment of means to increase AI adoption in multi-cloud environments and the identification of opportunities for better data use and storage planning, enforcing government data protection in AI training.

Requires a briefing to congressional defense committees within 240 days."
1745,"FY2025 NDAA, Section 1078 (""Study and report on Department of Defense use of unmanned ground vehicle systems manufactured by certain foreign entities"")",United States Congress,True,False,"Mandates the Secretary of Defense to study the use of unmanned ground vehicle systems by the Department of Defense manufactured by certain foreign entities.

Requires submission of a report to congressional defense committees within 180 days, assessing usage, national security threats, and identifying foreign manufacturers.

Calls for the evaluation of cybersecurity risks, technological vulnerabilities, and the foreign entities' military-civil nexus.

Demands an assessment of the feasibility of the Defense Innovation Unit developing a list of U.S. manufacturers.

Mandates an evaluation of whether a prohibition on procuring and operating these systems is advisable for U.S. national security.

Prohibits procurement and operation of these systems by the Department of Defense one year after the report submission, unless deemed in the national interest.

Exempts this prohibition if recommended as not in the best national security interest.

Defines ""covered foreign countries"" including China, Russia, Iran, and North Korea."
1749,"FY2025 NDAA, Section 1031 (""Requirements for the unmanned maritime autonomy architecture"")",United States Congress,True,False,"Require the Secretary of the Navy to provide a forum and resources for industry participation in developing a vendor-agnostic and platform-agnostic modular open systems architecture for maritime unmanned systems.

Adopt or join a governance model that includes both Government and industry for the maritime unmanned systems standards.

Implement a process for incorporating industry feedback into these standards and align them with leading industry practices.

Tailor the standards for each Navy program or contract to meet the minimum requirements necessary for desired operational capabilities.

Label and distribute the standards as open and publicly releasable information to the greatest extent possible."
1763,Executive Order on Advancing United States Leadership in Artificial Intelligence Infrastructure (EO 14141),Executive Office of the President,True,False,"Requires federal agencies to identify, solicit proposals for, and lease federal lands suitable for AI data centers and related clean energy projects, aiming for full-capacity operation by the end of 2027.

Emphasizes high labor standards and community collaboration, among other factors, in the selection of projects to account for health, safety, and ecological risks/harms.

Mandates cybersecurity, model evaluation, supply-chain protection, and other requirements for AI infrastructure developed pursuant to the executive order.  

Requires the Secretary of Energy to facilitate grid interconnection for AI infrastructure developed pursuant to the executive order. 

Directs expedited permit processing for federal sites hosting the infrastructure.  

Requires relevant agencies to take additional enumerated measures to expedite permitting and power procurement for AI infrastructure nationwide.

Directs creation of a plan for robust engagement with allies to encourage global AI infrastructure development including the necessary workforce, ensuring security and resilience in international supply chains."
1780,Executive Order on Removing Barriers To American Leadership In Artificial Intelligence,Executive Office of the President,True,False,"Revokes existing AI policies that hinder American innovation, clearing obstacles to U.S. leadership in AI.

Requires development of an action plan within 180 days to sustain and enhance America's global AI dominance, focusing on prosperity, competitiveness, and security.

Mandates review and potential suspension, revision, or rescission of actions under the revoked Executive Order 14110 that conflict with the new policy.

Instructs Office of Management and Budget (OMB) to revise relevant memoranda to align with the new policy.

Directs that implementation not impair existing legal authority of departments or create enforceable rights against the U.S.

Ensures that actions are consistent with applicable laws."
1782,New York S1169 (New York AI Act),New York,False,True,"Establishes the ""New York AI Act"" to ensure AI development and use in New York State is safe, responsible and non-discriminatory.

Requires developers and deployers of high-risk AI systems to undergo independent audits for algorithmic discrimination before and after deployment.

Mandates detailed reporting by developers and deployers of high-risk AI systems to the Attorney General, covering system capabilities and potential risks.

Prohibits the deployment of AI causing algorithmic discrimination or of systems that have not passed the mandated audit.

Establishes whistleblower protections for employees disclosing AI-related non-compliance.

Forbids the use of social scoring AI systems evaluating individuals based on behavioral data resulting in unfair treatment.

Allows the Attorney General to enforce compliance and allows a private right of action for those harmed by AI non-compliance."
1783,Framework to Mitigate AI-Enabled Extreme Risks,Federal government,True,False,"Establishes a framework for federal oversight of advanced AI models, termed ""frontier models,"" to mitigate extreme AI-enabled risks like biological, chemical, cyber, and nuclear threats.

Defines frontier models as those requiring computing power exceeding 10^26 operations, and capable of diverse tasks or intended for specific high-risk areas.

Mandates entities selling or renting large computing resources to report usage and exercise due diligence, particularly concerning foreign clients.

Requires developers to notify an oversight entity before training frontier models and integrate safeguards against extreme risks.

Obligates developers to adhere to cybersecurity standards and report risk mitigation steps.

Imposes an evaluation and licensing process before deploying frontier models, using a tiered structure based on risk level to determine deployment scope.

Suggests options for an oversight entity, including an interagency body, new agency, or existing federal agencies, emphasizing expert involvement.

Tasks the oversight entity to report on emerging challenges and risks, ensuring framework adaptability."
1831,Artificial Intelligence Safety Commitments (China AI Industry Alliance),Other authorities,False,True,"Calls for the establishment of safety teams and risk management mechanisms for AI safety and security.

Mandates safety and security testing for AI models, prioritizing evaluations in critical domains.

Implements data security measures to protect training and operational data, ensuring privacy and accuracy.

Enhances infrastructure security through regular penetration tests and incident response protocols.

Requires transparency in AI model capabilities, limitations, and risk disclosures.

Advances research in AI safety and security, addressing potential biases and risks in frontier applications.

Signatories include Alibaba, Baidu, Huawei, Tencent, and other major Chinese tech companies."
1802,AI Safety Governance Framework v1.0 (TC260),Other authorities,False,True,"Establishes principles and mechanisms for AI safety governance, emphasizing a balance between development and security and involving all stakeholders in a coordinated approach.

Commits to enhancing AI safety by identifying risks, promoting inclusivity, and ensuring all participants take responsibility.

Advocates for international cooperation in AI safety governance, pursuing best practices and consensus building.

Outlines safety guidelines for developers, service providers, and users, focusing on ethics, data protection, risk assessment, and mitigation strategies.

Mandates developers to uphold a people-centered approach, strengthen data security, and assess the risk of biases in AI models. 

Requires service providers to disclose the capabilities and limitations of AI systems, ensure users can make informed choices about their use of AI, and provide users with information on the accuracy of AI products. 

Encourages users in key areas to assess AI impacts, ensure protection of sensitive data in usage of AI systems, guarantee AI products remain subject to human control, and avoid complete reliance on AI for decision making. 

Recommends general users of AI systems to increase their awareness of potential risks, review the terms and conditions of AI products before use, be wary of entering sensitive information unnecessarily, and keep in mind the potential impact of AI products on minors."
1804,Joint Statement on Risk Assessment of Advanced AI Systems (International Network of AI Safety Institutes),Other multinational,False,False,"Highlights six key aspects for risk assessment of advanced AI systems: actionable, transparent, comprehensive, multistakeholder, iterative, and reproducible.

Commits to developing a shared scientific basis for risk assessments via joint evaluations and cooperative research, allowing flexibility for members to adapt assessments according to international and domestic frameworks.

Emphasizes actionable assessments that inform effective mitigation based on specified criteria, and transparency to ensure evidence-based outcomes and broader understanding.

Advocates for comprehensiveness by linking potential risks to real-world harms and benefits, considering impacts from large-scale AI adoption, and aligning assessments with Sustainable Development Goals.

Stresses a multistakeholder approach, incorporating diverse perspectives from industry, academia, civil society, government, and multiple disciplines.

Calls for iterative assessments, adapting to AI advancements, ongoing safety research, and post-deployment monitoring.

Encourages reproducibility to enhance verification, validation, and interoperability among methods and actors."
1815,Texas Responsible AI Governance Act,Texas,True,False,"Establishes the Texas Responsible Artificial Intelligence Governance Act to regulate high-risk AI systems and prohibit certain harmful AI uses.

Requires developers, distributors, and deployers of high-risk AI systems to protect consumers from algorithmic discrimination and complete impact assessments.

Mandates the disclosure to consumers when interacting with high-risk AI systems and provides consumer rights to contest decisions made by these systems.

Prohibits AI systems from manipulating behavior, social scoring, using biometric identifiers without consent, inferring sensitive attributes, causing harm, and producing unlawful content.

Creates an Artificial Intelligence Council to guide ethical AI use, issue advisory opinions, and suggest legislative reforms.

Initiates an AI Regulatory Sandbox Program for controlled testing without full compliance.

Implements AI workforce development grants to address workforce gaps and support AI-related education.

Allows enforcement by the Attorney General with civil penalties for non-compliance.

Effective from September 1, 2025."
1962,UK Code of Practice for the Cyber Security of AI,Government of the United Kingdom,False,True,"Requires organizations to raise awareness of AI security and incorporate AI security content into cyber security training, tailored to staff roles.

Requires assessments of AI system design for security alongside functionality and performance, including documentation of business needs, data needs, and potential security risks.

Mandates threat modeling and risk management targeting AI-specific attacks and ensure human oversight capabilities in AI systems.

Requires asset tracking and protection, disaster recovery strategies for AI systems, and secure data management.

Specifies secure infrastructure practices, including strong access control, secure development environments, and clear vulnerability disclosure policies.

Mandates secure supply chain processes and thorough documentation of data, models, and prompts.

Calls for rigorous security assessment testing, share findings, and support End-users during incidents.

Encourages maintaining regular security updates and system behavior monitoring.

Ensures secure disposal of data and models during transfer or decommissioning processes."
1803,Freedom Online Coalition Joint Statement on Responsible Government Practices for AI Technologies,Other multinational,True,False,"Endorses the responsible use and regulation of AI to enhance public service delivery while safeguarding human rights, as reiterated by the Freedom Online Coalition (FOC).

Acknowledges the potential risks of AI misuse, including bias, privacy violations, and exacerbation of inequalities, especially for marginalized populations.

Urges governments to adhere to international legal obligations, including the Universal Declaration of Human Rights, when employing AI systems.

Mandates assessment and management of AI risks in high-risk contexts.

Advocates for continuous monitoring and external audits of AI systems to maintain fairness and rights protection.

Mandates support for adequate training for personnel involved in AI to comprehend its impact on human rights.

Demands transparency, public consultation on AI uses, and mechanisms for public feedback and opting out of AI-enabled decisions.

Calls for effective remedies and redress for individuals harmed by AI systems.

Incorporates these practices into government procurement to ensure AI trustworthiness and conformity with human rights standards.

Defines high-risk AI as those that may impact human rights and safety with likely applications in healthcare, law enforcement and justice, and provision of public benefits."
1993,Massachusetts HD 4053 (protecting consumers in interactions with AI systems),Massachusetts,False,False,"Amends state law to introduce Chapter 93M, mandating consumer protections in interactions with artificial intelligence (AI) systems.

Requires developers and deployers of high-risk AI systems to use reasonable care to prevent algorithmic discrimination and disclose foreseeable risks.

Defines ""high-risk AI systems"" as those influencing consequential decisions in areas like education, employment, and healthcare.

Mandates developers to provide detailed documentation about AI system data usage, limitations, and discrimination mitigation measures.

Obligates deployers to establish risk management policies aligned with recognized standards, and perform annual impact assessments.

Demands transparency from deployers by notifying consumers before consequential decisions are made using high-risk AI systems, and offering appeal opportunities for adverse decisions.

Empowers the attorney general with exclusive enforcement authority, classifying violations as unfair trade practices.

Prohibits private rights of action, leaving enforcement to the state.

Allows attorney general to create rules for implementing these requirements, ensuring alignment with national standards."
1989,CPPA Draft Risk Assessment and Automated Decisionmaking Technology Regulations ,California,False,False,"Defines ""artificial intelligence"" as a machine-based system generating outputs to influence environments, recognizing variations in autonomy and adaptiveness post-deployment. 

Mandates businesses to conduct risk assessments for using AI and automated decision-making technology when handling consumer data, especially for decisions impacting financial, employment, or educational opportunities.

Requires transparency through Pre-use Notices for consumers, detailing the use of AI in decision-making and providing opt-out or appeal options.

Specifies exceptions where consumers cannot opt-out, relying on the necessity of the use, with provisions for human review.

Demands businesses to ensure AI does not discriminate against protected classes through evaluations and safeguards.

Obliges businesses to disclose AI processes upon consumer request and prohibits retaliatory actions against consumers exercising their rights.

Mandates comprehensive documentation and regular updates for risk assessments, maintaining consumer privacy as a priority."
1805,Outbound Investment Security Rule (U.S. Treasury),Department of the Treasury,False,True,"Implements Executive Order 14105 by requiring U.S. persons to notify the Department of the Treasury about transactions involving national security technologies in ""countries of concern,"" and prohibits certain transactions that pose acute national security threats.

Defines AI systems as machine-based systems capable of making predictions, recommendations, or decisions that affect environments, thereby impacting transactions involving AI development and deployment.

Specifies which transactions are notifiable or prohibited, including those involving AI systems intended for military, intelligence, or surveillance uses as well as those of a specified computing power.

Mandates U.S. persons to file notifications and prohibits knowingly directing others to undertake prohibited transactions.

Details civil and criminal penalties for violations, including fines up to $250,000 or imprisonment up to 20 years.

Outlines exceptions, including certain public securities transactions and specific national interest exemptions.

Permits the Secretary of the Treasury to compel divestment of any prohibited transaction, with the aid of the Attorney General."
2038,Artificial Intelligence Law Proposal (Turkish Parliament),Government of Turkey,False,True,"Ensure the safe, ethical, and fair use of AI technologies to protect personal data and privacy rights.

Apply to all stakeholders, including providers, users, importers, and distributors of AI systems.

Mandate adherence to principles of safety, transparency, fairness, accountability, and privacy in AI systems.

Require risk assessments and registration for high-risk AI systems with supervisory authorities.

Obligate AI operators to comply with the Law and allow supervisory authorities to monitor compliance and detect violations.

Impose fines up to 35 million Turkish Liras or 7% of annual turnover for violations, with varying penalties based on the nature of the breach.

Enforce the Law upon publication, with the President executing its provisions."
2041,California SB 53 (CalCompute and Whistleblowers),California,False,True,"Establishes a consortium to create CalCompute, a public cloud computing framework promoting safe and ethical AI.

Mandates CalCompute to foster research benefiting the public and expanding access to computational resources.

Obligates submission of a report by January 1, 2027, detailing CalCompute's framework, including infrastructure analysis, costs, governance, and workforce recommendations.

Introduces whistleblower protections for employees disclosing critical AI risks, including practices leading to severe harm, damage, or misinformation.

Mandates developers to establish anonymous internal reporting processes and ensures responsive investigation.

Authorizes courts to grant attorney’s fees, shift burdens of proof to developers, and issue injunctive relief in whistleblower cases, prioritizing employee protections."
2099,(Trial) Measures for Science and Technology Ethics Reviews (Draft for Feedback),Chinese central government,False,False,"Establishes that work units engaged in sensitive areas, including AI, must form ethics committees to conduct thorough ethical reviews of S&T activities.

Requires these reviews to ensure AI activities comply with ethics principles, such as fairness and controllability.

Stipulates review committees to include diverse experts and provide training on ethics reviews.

Mandates reviews of AI systems and algorithms adhere to national data security and ethical norms, ensuring transparency and reliability.

Grants committees the authority to approve, revise, or reject AI projects based on ethical evaluations.

Introduces simplified and emergency review procedures for low-risk or urgent situations, with detailed conditions.

Calls for procedures to handle violations within AI ethics reviews, including potential penalties.

Insists on a national ethics management registry for committee activities and checklisted high-risk AI activities.

Implies that the Ministry of Science and Technology oversees interpretation and enforcement of these measures, which include significant provisions for governance of AI research and its ethical implications."
2098,Guiding Opinions on Strengthening the Governance of Science and Technology Ethics (Draft for Feedback),Chinese central government,False,False,"Establishes the National Science and Technology Ethics Commission to guide and coordinate the governance of S&T ethics, with the Ministry of Science and Technology handling day-to-day affairs.

Requires institutions in life sciences, medicine, and AI to create S&T ethics (review) committees.

Mandates comprehensive ethics reviews for S&T activities with high ethical risks, ensuring adherence to principles of independence and transparency.

Instructs local governments and relevant departments to oversee S&T ethics, including risk assessment and emergency handling in high-ethics-risk fields.

Promotes legislative development for S&T ethics, focusing on transforming norms into regulations and ensuring accountability for violations.

Encourages S&T personnel to enhance ethical awareness and report violations.

Supports educational initiatives in S&T ethics for students and professionals.

Urges transparent communication with the public about S&T ethics issues.

Outlines punitive measures for S&T ethics violations, including restrictions on government-funded activities and legal consequences for violators."
2019,Boise Regulations 4.30q (City Use of Artificial Intelligence (AI)),"Boise, ID",True,False,"Mandates IT Department approval before accessing or acquiring AI products, with a maintained list of approved AI technologies.

Requires fact-checking and reviewing AI-generated content, especially for public communications, to ensure accuracy, proper attribution, and absence of bias or harmful material.

Stipulates disclosure of AI usage in significant public communications to build trust and transparency.

Prohibits sharing sensitive or private information in AI prompts to prevent unintended data exposure.

Directs annual reviews and updates of the regulation to align with technological advancements and best practices.

Tasks the Information Technology department with overseeing AI initiatives, compliance, and periodic audits for effectiveness and ethical considerations.

Aims to govern AI use responsibly and ethically, enhancing public services and fostering innovation for community benefit."
579,Oversee Emerging Technology Act,United States Congress,True,False,"Requires the head of each covered federal agency engaged in emerging technologies to appoint or designate a Senior Executive Service individual or equivalent as an emerging technology lead.

Mandates that these leads advise agencies on the responsible use of emerging technologies, including artificial intelligence.

Obliges these leads to provide expertise on responsible policies and practices, collaborate with interagency bodies, and input on procurement policies.

Instructs the President to inform Congress within 180 days of enactment about the appointed leads and their authorities and responsibilities."
511,H. R. 4913 NOAA Precipitation Forecasts,United States Congress,True,False,"Establishes a program within the National Oceanic and Atmospheric Administration (NOAA) to improve precipitation forecasts.

Requires the use of fully coupled Earth System Models to enhance precipitation prediction.

Mandates the utilization of high performance computing and other technologies, including machine learning and artificial intelligence, to advance precipitation forecasts.

Supports research and development in collaboration with academic and private sector partners to test and evaluate emerging technologies.

Improves the accuracy, reliability, and timeliness of precipitation predictions across various timescales.

Incorporates social and behavioral sciences to enhance precipitation forecast products and communication.

Coordinates efforts with Federal, State, local, Tribal, and academic entities.

Authorizes appropriations of $15 million annually from fiscal year 2024 through fiscal year 2028 for the program."
1223,AI Grand Challenges Act of 2024,United States Congress,True,False,"Establishes the AI Grand Challenges Program to stimulate AI research, development, and commercialization through prize competitions addressing grand challenges in various sectors like national security, health, and environment.

Requires the Director of the National Science Foundation, in coordination with public and private entities, to identify AI grand challenges and develop problem statements.

Mandates the creation of a specific grand challenge for AI-enabled cancer breakthroughs.

Sets eligibility criteria for participants, requiring private entities to be U.S.-based and individuals to be U.S. citizens or permanent residents.

Requires submission of a report within 60 days of awarding a prize, detailing the winning submission and its benefits, as well as biennial reports to Congress on program activities and public outreach, to be made publicly accessible."
1264,Federal Civilian Agency AI Testing and Certification Act,United States Congress,True,False,"Establishes federal civilian agency laboratories for AI testing and certification under the Secretary of Homeland Security through FEMA.

Mandates development of AI training and testing centers to evaluate AI systems for federal use, prioritizing privacy, transparency, accountability, and protection of individual rights.

Prohibits automated decision-making that threatens due process and constitutional rights.

Requires real-world use cases to inform AI system outcomes in federal settings, ensuring no personal data is used.

Creates a digital repository for use cases, ensuring Federal agencies can train and test AI systems appropriately.

Establishes an Office of Artificial Intelligence Incident Reporting within the Department of Homeland Security for agency collaboration and reporting on AI experiences.

Requires biannual reports from DHS to Congress on implementation, challenges, and resource needs, and agency reports on adverse AI experiences.

Authorizes $20 billion in appropriations to implement these measures."
1099,Singapore National AI Strategy 2.0,Government of Singapore,True,False,"Aims to harness AI for public good and position Singapore as a leader in AI innovation. 

Sets two primary goals: achieving excellence in AI to maximize value creation and empowering communities to use AI with confidence. 

Outlines a focus on three systems: Activity Drivers, People & Communities, and Infrastructure & Environment, supported by 10 enablers. 

Plans to establish AI Centers of Excellence, strengthen the AI start-up ecosystem, and drive public sector AI adoption. 

Aims to attract global AI talent and boost its AI practitioner pool to support AI demand. 

Emphasizes building a trusted AI environment through updated regulatory frameworks, security measures, and international collaboration. 

Seeks to enhance data management and privacy technologies for responsible AI development and position Singapore as a global AI governance leader.

Encourages making more public sector data available for AI development that serves the Public Good."
840,"American Aviation Act, Sec. 908 (""Part 107 Waiver Improvements"")",United States Congress,True,False,"Requires the Administrator of the Federal Aviation Administration to leverage big data analytics and machine learning in reviewing requests for certificates of waiver under section 107.200 of title 14, Code of Federal Regulations.Adopts a performance- and risk-based approach for reviewing waiver requests under section 107.200 of title 14, CFR.

Improves the waiver application process and prohibits the use of open-ended descriptive prompts, except for unusual or irregular operations.

Leverages data, including big data analytics and machine learning, from previous waiver requests.

Requires consideration of control over access to real property within the operation area and recognizes safety enhancements from such control.

Publishes all issued certificates of waiver on the FAA website, including terms, conditions, limitations, and airspace class, while protecting proprietary information.

Allows streamlined approval for waiver applications substantially similar to previously approved ones.

Establishes an expedited review process for modifying or renewing previously issued waivers."
1053,Canadian Guardrails for Generative AI – Code of Practice,Government of Canada,False,True,"Proposes a voluntary code of practice for generative AI systems in Canada to ensure safety, security, and trust ahead of binding regulation.

Requires developers, deployers, and operators to identify and prevent malicious and inappropriate uses, mitigating safety risks of AI systems throughout their lifecycle.

Mandates assessment and curation of datasets to avoid biases and ensure fairness.

Emphasizes transparency through methods like watermarking AI-generated content and explaining system development processes.

Encourages human oversight and monitoring, including mechanisms to report adverse impacts and routine model updates.

Calls for accountability with internal governance, independent audits, and defined roles and responsibilities."
405,H. R. 6425 (Five Eyes countries AI initiative),United States Congress,True,False,"Directs the Secretary of Defense to establish the Five AIs Strategic Artificial Intelligence Working Group to develop and coordinate AI initiatives among Five Eyes countries. 

Outlines the organization of the working group, designating a senior civilian or military officer as head, and encouraging participation of Five Eyes Intelligence Oversight and Review Council members. 

Tasks the working group with comparing AI systems, identifying interoperability solutions, and testing AI model redundancy.

Instructs the development of shared strategies for AI research, development, and data management.

Requires the submission of a plan for the establishment and activities of the working group within 60 days and biannual reports to congressional committees."
2092,Wisconsin Executive Order #211 (Governor’s Task Force on Workforce and Artificial Intelligence),Wisconsin,False,False,"Creates the Governor’s Task Force on Workforce and Artificial Intelligence, chaired by the Secretary of the Department of Workforce Development or a designee.

Appoints additional members from key state departments, educational institutions, and other stakeholders, as determined by the Governor.

Instructs the Task Force to gather and analyze information to produce an advisory action plan for the Governor.

Requires the plan to assess generative AI’s impact on Wisconsin’s labor market, predict future impacts, and identify effects on key industries and skillsets.

Explores initiatives to advance equity and economic opportunity related to AI-driven changes.

Recommends solutions, including policy changes in workforce development and education, based on identified impacts.

Attaches the Task Force to the Department of Workforce Development."
2025,"Indianapolis City Council Proposal No.362, 2023 (Commission on AI Development) ","Indianapolis, IN",True,False,"Establishes a study commission named the ""Commission on Artificial Intelligence Development"" to review and analyze the City and County's current use of artificial intelligence.

Requires the commission to gather insights from AI experts, industry leaders, and community members on future AI applications to improve city services.

Mandates the commission to recommend policies for trustworthy and transparent AI usage to the Mayor and City-County Council.

Directs the commission to suggest modifications or new ordinances for AI usage.

Composes the commission of nine members, including Councillors, IT directors, and citizen members, all residents of Marion County.

Requires city departments to share information and cooperate with the commission.

Obligates the commission to present a final report by the July 2024 meeting, available on the City’s website.

Initiates operations as soon as practical and outlines a meeting and research timeline. 

Permits public comment under commission-devised rules."
374,"New York A7838 (""Long-term impact of AI on workforce"")",New York,True,False,"Mandates the Department of Labor to begin a study on the long-term impact of artificial intelligence on the state workforce within six months.

Requires consultation with the Department of Civil Service and the Office of Information Technology Services.

Calls for examination of job performance, productivity, training, education requirements, privacy, and security.

Obligates the Department of Labor to issue an interim report every five years and a final report by January 1, 2035, with recommendations for legislative action.

Prohibits all state departments and governmental entities from using AI to displace any natural person from their employment until the final report and recommendations are received.

Ensures immediate effect upon enactment."
380,"Rhode Island SB 146 (""Consumer Protection Gaming Act"")",Rhode Island,False,True,"Prohibits the use of facial recognition technology and biometric recognition programs in video-lottery terminals and online betting applications.

Prohibits the use of algorithmic programs that modify gaming based on a consumer's betting history to increase wagers.

Prohibits the use of artificial intelligence or automated decision systems to promote increased play through intermittent reinforcement based on cognitive-behavioral algorithms and prior gaming data.

Applies these prohibitions to sports betting applications and vendors of gambling products licensed by Rhode Island.

Excludes standardized rewards programs from these prohibitions.

Takes effect upon passage."
377,"Pennsylvania HR 170 (""AI Advisory Committee"") ",Pennsylvania,True,False,"Directs the Joint State Government Commission to establish an advisory committee to study artificial intelligence's impact in Pennsylvania.

Mandates an assessment of AI development and use, including benefits, risks, and fiscal impacts on the state.

Proposes legislation for state AI regulation and a definition for AI.

Recommends evaluating AI's effects on students' academic performance and addressing AI-driven disinformation.

Urges studying potential job displacement due to AI automation and assessing implications for organized labor.

Calls for a proposal on ethical and responsible AI development in Pennsylvania.

Advises considering the creation of a permanent commission for AI study.

Allows the Joint State Government Commission to request information from state agencies for the study.

Requires a report with findings and recommendations within 18 months to various governmental leaders and committees."
481,Protecting Kids on Social Media Act,United States Congress,False,True,"Requires social media platforms to verify the age of users beyond simple attestations, using current age verification technologies.

Prohibits social media platforms from allowing individuals under 13 from accessing their services.

Mandates parental or guardian consent for users under 18, requiring platforms to take reasonable steps to verify this consent.

Prohibits the use of algorithmic recommendation systems on individuals under 18, except for contextual suggestions or advertising.

Establishes a Pilot Program for secure digital identification credentials to facilitate age and parental consent verification, overseen by the Secretary of Commerce.

Empowers the Federal Trade Commission (FTC) and state attorneys general to enforce compliance, with civil penalties for violations.

Grants extraterritorial jurisdiction for violations involving individuals in the United States."
571,TAG Act,United States Congress,True,False,"Requires the Director of the Office of Management and Budget to issue guidance for transparent automated governance, ensuring compliance with privacy, civil rights, and civil liberties protections.

Mandates agencies to disclose and allow appeals when utilizing automated systems for critical decisions affecting individuals’ rights or status.

Instructs agencies to design systems providing plain language notifications and establish appeals processes for decisions made using AI-augmented processes.

Obligates agencies to track the accuracy and reliability of AI systems, and share data with relevant authorities; encourages consultation with governmental and private sectors for guidance development.

Requires the Comptroller General to report on agency compliance, with reports submitted biennially."
435,Advanced Weather Model Computing Development Act,United States Congress,True,False,"Directs the Department of Energy (DOE) and the National Oceanic and Atmospheric Administration (NOAA) to collaborate on AI and high-performance computing research to improve climate models and weather prediction.

Requires the establishment of a memorandum of understanding to facilitate this collaboration through a competitive, merit-reviewed process.

Authorizes the Secretary of Energy and NOAA Administrator to conduct research on modeling, simulation, machine learning, data assimilation, and predictive analysis techniques.

Mandates the promotion of collaboration and data sharing among federal agencies, National Laboratories, educational institutions, and nonprofits, while ensuring compliance with national security policies.

Instructs the submission of a report within two years detailing interagency coordination, research achievements, and future opportunities.

Initiates a high-performance computing project to enhance weather prediction models, requiring a comparative analysis with current forecasts.

Sunsets the authority for this initiative five years post-enactment.

Ensures compliance with research security provisions under the CHIPS Act of 2022."
523,Digital Defense Content Provenance Act,United States Congress,True,False,"Requires the Department of Defense to establish a course at the Defense Information School to provide education on digital content provenance for DoD media content, covering challenges from digital content forgery, industry-open technical standards, and techniques for secure digital content documentation.

Mandates a report on the curriculum development and implementation plan for the course, including resource needs.

Initiates a pilot program to assess the feasibility of using industry-open technical standards for digital content provenance in DoD media.

Directs the pilot program to verify digital content provenance, apply technology solutions, assess historical records, and develop effectiveness measures.

Requires a report detailing findings, consultations, effectiveness, and recommendations on the pilot program's permanence."
1087,Artificial Intelligence and the Information Privacy Principles,Government of New Zealand,False,True,"Requires organizations in New Zealand using AI tools to comply with the Privacy Act 2020 and its Information Privacy Principles. 

Mandates senior leadership approval for AI tool usage and a privacy impact assessment (PIA) to evaluate privacy risks.

Demands transparency about AI tool usage, including engaging with Māori on potential impacts, assessing the necessity and proportionality of AI tools, and considering privacy implications.

Advises on proactive privacy measures, including developing privacy policies, engaging with affected communities, and evaluating training data provenance.

Highlights potential privacy issues with AI, such as automation blindness and overseas data disclosure risks.

Encourages organizations to secure personal information and comply with access, correction, and disclosure requirements."
1018,AI Cloud KYC Proposed Rule (Department of Commerce),Department of Commerce,False,False,"Requires U.S. Infrastructure as a Service (IaaS) providers to implement a Customer Identification Program (CIP) for verifying foreign customers' identities and maintaining relevant records to prevent malicious cyber activities. 

Obligates foreign resellers to adhere to similar CIP standards and mandates U.S. IaaS providers to report on these. 

Obligates reporting on transactions involving training of large AI models that could be misused for cyber activities. 

Authorizes the Secretary of Commerce to enforce special measures against foreign jurisdictions or persons using U.S. IaaS for cyber threats. 

Ensures compliance by conducting assessments and requiring annual certification of CIPs by IaaS providers. 

Institutes penalties for non-compliance, including civil and criminal liabilities. 

Mandates reporting to the Department of Commerce for violations or suspicious activities associated with AI model training."
1955,ICTS Transaction Review Rule (Department of Commerce),Department of Commerce,False,False,"Regulates ICTS transactions designed, developed, manufactured, or supplied by individuals or entities owned by, controlled by, or under the jurisdiction of foreign adversaries, assessing undue risks as per Executive Order 13873.

Defines key terms such as ""Covered ICTS Transaction"" and ""Person owned by, controlled by, or subject to the jurisdiction or direction of a foreign adversary.""

Charges the Secretary of Commerce with determining transaction risks, involving consultation with agency heads like the Secretary of Defense and Director of National Intelligence.

Outlines procedures for initial and final determinations on ICTS transactions, including conditions for prohibitions or mitigation measures.

Establishes penalties, both civil and criminal, for engaging in prohibited ICTS transactions, aiding violations, or providing false information during assessments.

Mandates confidentiality of sensitive information and allows disclosure to government entities under national security considerations. 

Requires recordkeeping and provides interagency consultation procedures during transaction reviews."
2035,"St Louis MO, Board Bill No. 185 2023-24 (""Regulating the City's Use of Surveillance Technology"")","St. Louis, MO",False,False,"Requires a City Entity in St. Louis to obtain Board of Aldermen approval before accepting funds, acquiring, or using surveillance technology, including AI surveillance tools.

Defines surveillance technology broadly to include AI-based systems.

Mandates public availability and Board approval of a Surveillance Use Plan (SUP) before technology use.

Prohibits unauthorized surveillance use that discriminates or infringes civil rights.

Obligates annual reporting on surveillance technology use, data sharing, and impacts.

Protects whistleblowers disclosing ordinance violations.

Allows temporary use of surveillance technology in exigent circumstances with strict limits and reporting requirements.

Establishes remedies and disciplinary actions for ordinance violations.

Ensures public participation and transparency in the surveillance approval process.

Seeks to balance surveillance benefits with civil rights protections, assessing potential discriminatory impacts."
2010,San Jose Generative AI Guidelines,"San Jose, CA",False,False,"Establishes guidelines for using Generative AI within the City of San José, emphasizing privacy, accuracy, transparency, equity, accountability, and beneficial use.

Requires users to cite AI where substantial content is AI-generated and to verify AI output against trustworthy sources.

Prohibits submission of personal or confidential information into Generative AI platforms and mandates the creation of separate accounts for City-related work using Generative AI.

Subjects AI usage to public records laws, recommending users to opt out of data collection where possible and verify AI-generated content for copyright compliance.

Offers collaborative working groups to enhance AI governance and provides risk assessment criteria for Generative AI use cases.

Encourages active participation in AI workgroups and emphasizes the importance of adapting guidelines as technology and laws evolve."
2042,"Los Angeles AI Roadmap 2024, Best Practices and Roadmap","Los Angeles, CA",False,False,"Establishes two distinct user segments for AI tools: City Employees and IT Professionals, requiring tailored training for each group.

Instructs non-technical department leadership to set clear goals before AI tool deployment.

Encourages piloting AI tools to understand their strengths and weaknesses before widespread use.

Anticipates most AI tools will be accessed through existing software platforms.

Emphasizes the need for adaptable AI tools that align with evolving data and requirements.

Advises staying current on AI tools and frameworks for maximized effectiveness.

Requires comprehensive AI training for both users and developers, highlighting security and ethical considerations.

Insists on cybersecurity and data privacy for AI implementation.

Highlights AI as a long-term investment needing high-quality data and data transparency.

Asserts City data ownership and the need for ethical, transparent, and human-centered AI tools.

Outlines a roadmap for training, deploying AI tools, and developing ethics guidelines for the City."
2012,City of Boston Interim Guidelines for Using Generative AI,"Boston, MA",False,False,"Instructs the City agencies and departments of Boston, excluding Boston Public Schools, to use generative AI responsibly, with guidelines focusing on transparency, accountability, and inclusiveness.

Requires fact-checking and reviewing AI-generated content for public communication to avoid inaccuracies and biases.

Emphasizes disclosing AI usage, including model type and version, to promote trust and transparency.

Prohibits sharing of sensitive or private information in AI prompts to protect residents' data privacy.

Encourages responsible experimentation with generative AI to support efficient, equitable city services while managing risks.

Directs the Department of Innovation and Technology to facilitate learning events and workshops on generative AI.

Advises consultation with relevant city offices and community organizations before publicizing AI-created content to ensure accessibility, accuracy, and sensitivity.

Promotes AI use in drafting documents, summarizing text, coding, and creating multimedia, while highlighting the importance of human oversight and editing.

Encourages engaging stakeholders for potential impacts on arts and society."
2045,"Miami Dade County Artificial Intelligence Report, County Administrative Order (EMPLOYEE USE OF AI)","Miami Dade County, FL",False,False,"Guides Miami-Dade County employees in the responsible and ethical use of AI, focusing on transparency, data security, and privacy.

Requires adherence to public records laws and ethical guidelines.

Instructs the Human Resources and Information Technology Departments to provide AI training, emphasizing ethical use, bias recognition, and data management.

Mandates risk assessments prior to AI implementation.

Tasks the Information Technology Department with overseeing AI procurement, deployment, and system security.

Establishes protocols for data governance, encryption, and privacy.

Defines roles for directors, supervisors, and employees in AI project management, ethical leadership, and compliance.

Implements regular audits, assessments, and vendor evaluations to maintain AI system integrity.

Encourages community engagement and stakeholder discussions on AI deployment.

Commits to continuous improvement with annual assessments and updates by the IT Department, involving multidisciplinary teams and beta testing initiatives.

Provides resources through the IT Department’s website."
2046,"Department of Energy Quantum Leadership Act of 2024, Sec 2 (Quantum Information Science Research Program)",United States Congress,False,False,"Amends the National Quantum Initiative Act to mandate the Secretary of Energy to conduct a program focusing on quantum information science research, development, and commercialization.

Operates National Quantum Information Science Research Centers to facilitate breakthroughs in quantum technologies.

Requires collaboration with industry, National Laboratories, and educational institutions for technology development.

Engages with the quantum technology industry to promote the commercialization of applications relevant to the Department of Energy's activities.

Submits a 10-year strategic plan to integrate quantum and AI with high-performance computing systems.

Establishes an early-stage quantum high-performance computing research program.

Conducts a study on the quantum supply chain to identify growth obstacles and recommends strategies to bolster domestic manufacturing and workforce development.

Launches a university-led traineeship program to develop the quantum workforce.

Coordinates activities with other federal entities to prevent duplication.

Restricts funding from foreign countries of concern and entities deemed harmful to U.S. national security."
867,Open Translation Center Act,United States Congress,False,False,"Establishes the Open Translation Center (OTC) to translate and analyze foreign language materials from designated countries for public dissemination, enhancing understanding of foreign governments, economies, and cultures.

Administers OTC either as a separate entity or a nonprofit and requires a governing board of five appointed members with relevant expertise, independent of the U.S. Government.

Tasks OTC with translating documents into English, providing analyses, and making materials publicly available while respecting copyright laws.

Requires cooperation with federal agencies and stakeholders, and authorizes consultation with foreign governments after certification by the Secretary of State.

Designates the Secretary of State as the primary sponsor, with potential sponsorship from other federal agencies such as the CIA.

Allocates funding of $85 million for fiscal year 2024 and $80 million for subsequent years through 2028 for OTC operations."
2009,Seattle Generative AI Policy,"Seattle, WA",False,False,"Regulates City departments' acquisition and use of generative AI, requiring adherence to principles of innovation, transparency, and bias reduction.

Requires Seattle IT to evaluate generative AI acquisition requests and has authority to approve, deny, or revoke use based on risk assessments.

Mandates human review of AI-generated outputs before official use with documentation of review processes.

Requires attribution for AI-generated content, specifying inclusion of system names and review assertions.

Obliges the use of Racial Equity Toolkit prior to using generative AI tools to combat bias and discrimination.

Prohibits submission of confidential City data to AI systems without adequate enterprise controls and data protection.

Classifies AI-generated records as public and mandates retention and disclosure compliance.

Assigns the Chief Technology Officer responsibility for policy enforcement, with potential penalties for non-compliance.

Specifies the Director of DPAC and Chief Privacy Officer maintain risk criteria and exception processes."
2014,Tempe Ethical AI Policy ,"Tempe, AZ",False,False,"Establishes the City of Tempe's commitment to ethical AI use, emphasizing transparency, fairness, accountability, and protection of rights.

Applies this policy to all AI technologies in city operations, including predictive analytics, machine learning, and automated decision-making.

Requires defined objectives, data privacy, and human-AI collaboration, while ensuring human control.

Tasks departments with setting AI objectives, conducting reviews, and collaborating with IT for oversight.

Instructs the Technology and Innovation Steering Committee to monitor AI compliance, develop reporting mechanisms, and define non-compliance consequences.

Mandates Information Technology to develop a review process, conduct training, and support compliance.

Commits to ongoing monitoring, stakeholder engagement, and ethical improvement of AI practices.

Promotes public engagement and awareness campaigns about AI activities.

Requires compliance with applicable laws and regulations and supports ethical AI frameworks development. 

Commits to periodic policy reviews to address emerging AI challenges and advancements."
2013,County of Santa Cruz AI Appropriate Use Policy,"Santa Cruz County, CA",False,False,"Establishes the County of Santa Cruz's principles for responsible use of generative AI by employees, contractors, and third parties, ensuring alignment with ethical and legal standards.

Requires compliance with data privacy laws, such as HIPAA and CCPA, and informs the public of AI tool interactions, offering alternatives.

Prohibits the use of AI for unauthorized access, handling of personally identifiable information, unlawful activities, hiring decisions, and entering sensitive data into AI systems.

Permits only approved AI tools like Google Bard, OpenAI's ChatGPT, Anthropic's Claude, and Scribe.

Requires employees to exercise judgment, report concerns, and use County email for AI tool accounts.

Encourages comprehension of AI policies and participation in workgroups while emphasizing responsible, ethical, and transparent AI usage, avoiding bias, and not relying on AI for significant decision-making."
2044,Kendall County Generative AI Chatbot Usage Policy,"Kendall County, IL",False,False,"Outlines the use of generative AI chatbots, like ChatGPT and Bard, for Kendall County employees. 

Prohibits using county email addresses and submitting proprietary or confidential data into these platforms. 

Requires employees to consult with Executives regarding chatbot use, who may approve, deny, or modify usage parameters. 

Mandates proper citation and accuracy checks for AI-generated content. 

Enforces disciplinary actions, including termination, for policy violations or inappropriate use, ensuring ethical compliance with conduct and antidiscrimination policies. 

Instructs employees to undergo training on proper chatbot use. 

Applies Technology and Record Retention Policies when using AI with County equipment. 

Addresses training queries with Human Resources or the Information, Communication and Technology Department Director."
2043,"The City of Tulsa Municipal Court Rules 2024, Rule 25. ""Generative AI""","Tulsa, OK",False,False,"Require any attorney, pro se defendant, victim, or other party using generative AI in drafting documents for the Municipal Criminal Court to disclose the use of such AI.

Specify the name of the generative AI tool used in the filing.

Include ChatGPT, Bing AI, and Google Bard under the definition of generative AI.

Maintain the applicability of 12 O.S. §2011 to all filings, ensuring compliance is certified by the person signing the document."
2037,Guidance on generative AI for City of St. Louis employees,"St. Louis, MO",False,False,"Instructs City employees to adhere to the Information Technology Acceptable Use Policy when using generative AI tools.

Requires ITSA to vet the purchase of AI-related technology and software.

Prohibits the use of City passwords for logging onto AI platforms and advises caution due to evolving malware threats.

Forbids the upload of sensitive or confidential information when using AI systems.

Advises a review and validation of AI-generated content due to potential bias or inaccuracies.

Cautions that AI-generated content might be copyright-protected and requires proper attribution.

Warns that content generated by AI may be subject to disclosure under Sunshine Law.

Indicates that ITSA and the Mayor’s Office will continue to evaluate the use of AI and develop policies accordingly."
1109,Artificial Intelligence (Regulation) Act 2024,Government of the United Kingdom,True,False,"Establishes the AI Authority to ensure regulators take accountability for AI, align regulatory approaches, review legislation, monitor regulatory frameworks, assess risks, support testbeds, and promote international interoperability.

Mandates the AI Authority to adhere to principles ensuring AI safety, transparency, fairness, accountability, compliance with laws, and inclusivity.

Requires the creation of regulatory sandboxes for testing AI innovations with consumer protections.

Obligates businesses using AI to appoint AI responsible officers to ensure ethical use and unbiased data.

Imposes transparency and IP obligations, requiring disclosing records of data used in AI training and independent audits.

Mandates the implementation of public engagement programs on AI opportunities and risks."
456,Candidate Voice Fraud Prohibition Act,United States Congress,False,True,"Prohibits the distribution of political communications containing materially deceptive AI-generated audio that impersonates a candidate’s voice, with actual malice, intended to harm the candidate’s reputation or deceive voters.

Applies to communications distributed within 90 days of a general election or 60 days of a primary, special, or runoff election.

Exempts certain entities from liability such as radio or television stations that air deceptive AI-generated content as part of news coverage or communications that clearly constitute satire.

Defines ""materially deceptive audio"" as AI-generated impersonation of a candidate’s voice without approval and lacking a clear disclaimer.

Imposes criminal penalties of fines or up to 2 years imprisonment for individuals who knowingly and willfully violate the prohibition.

Requires the Federal Election Commission (FEC) to issue regulations to clarify disclaimer requirements and mandates the submission of annual compliance reports to Congress."
520,New Technologies at Borders Act,United States Congress,True,False,"Requires the Department of Homeland Security to develop a comprehensive plan within 180 days to identify, deploy, and integrate emerging and advanced technologies to enhance situational awareness along the northern and southern borders of the United States.

Mandates the inclusion of artificial intelligence, machine learning, automation, fiber-optic sensing, nanotechnology, optical and cognitive radar, modeling and simulation technology, hyperspectral and LIDAR sensors, and other similar technologies.

Includes an assessment of current technology utilization by U.S. Customs and Border Protection (CBP) and how capability gaps can be addressed through technology integration.

Requires cost estimates for technology acquisition and maintenance, metrics for measuring technology impact, and an assessment of multi-domain awareness improvements.

Mandates an analysis of other Federal technologies, procurement authorities, and the transition of new technology systems.

Requires coordination with the Department of Homeland Security's Science and Technology Directorate for research, development, and incentivizing private sector innovation."
2000,"Further Continuing Appropriations and Disaster Relief Supplemental Appropriations Act (""Prohibition and Notification on Investments Relating to Covered National Security Transactions"")",United States Congress,False,False,"Prohibits U.S. persons from engaging in investments involving covered national security transactions in prohibited technologies, with exemptions permissible by the Secretary for activities deemed in the national interest. 

Allows the Secretary to issue regulations that require notifications for such transactions. 

Introduces penalties for violations, including civil penalties and potential divestment requirements, with the burden of proof resting on the Secretary in enforcement actions. 

Establishes processes for self-disclosure of violations and requests for non-binding feedback regarding transactions. 

Mandates annual reports to Congress detailing enforcement actions and technology assessments. 

Provides for confidentiality of transaction information, but outlines exceptions for disclosure relevant to U.S. national security interests. 

Encourages international cooperation to prevent prohibited technology development or acquisition by countries of concern, such as China. 

Defines key terms, including ""prohibited technology"" and ""country of concern."""
2001,"Further Continuing Appropriations and Disaster Relief Supplemental Appropriations Act (""Promoting Resilient Supply Chains"")",United States Congress,False,False,"Expands the responsibilities of the Assistant Secretary of Commerce to include promoting the resilience of supply chains related to critical and emerging technologies, including artificial intelligence.

Mandates the creation of the Supply Chain Resilience Working Group composed of relevant federal agencies to assess and model supply chain stability, including those involving AI technologies.

Requires the group to identify vulnerabilities and prepare for potential supply chain shocks that might impact AI and other critical technologies.

Encourages domestic production and manufacturing, specifically focusing on AI and technological advancements.

Obligates periodic reports and assessments to Congress regarding the resilience and capacity of AI-related supply chains and industry preparedness for shocks.

Prohibits reliance on critical goods from countries identified as risks to national security, advocating for sourcing from allies.

Sets a 10-year expiration for these provisions.

Protects confidential data shared voluntarily under this title from disclosure, ensuring privacy concerns in relation to AI-related supply chain information."
1903,Diabetes Act,United States Congress,False,False,"Mandates the Secretary of Health and Human Services to recognize algorithms in automated insulin delivery systems as medically necessary under Medicare, ensuring their separate reimbursement.

Ensures care continuity for individuals using diabetes technology when enrolling in Medicare Part B by January 2026.

Requires development of a process to consider diabetes technologies not currently covered under Medicare Part B for potential inclusion.

Mandates creation of new coding for insulin pump training and education by 2026, to enhance billing and reimbursement transparency.

Obligates the issuance of a national coverage determination for insulin pumps within 180 days from enactment.

Instructs the Comptroller General to report within a year on barriers hindering access to diabetes technologies and services in Federal healthcare programs, reviewing legal and policy issues affecting access."
2034,St. Louis Executive Order No. 87 (police use of AI),"St. Louis, MO",False,False,"Establishes transparency and accountability requirements for the St. Louis Metropolitan Police Department’s (SLMPD) use of surveillance technology, including artificial intelligence (AI).

Prohibits using surveillance technology to monitor political, religious, or social groups unless tied to criminal activity or public safety threats.

Mandates public, written policies for SLMPD’s use of surveillance technology and AI.

Requires annual transparency reports detailing the SLMPD’s surveillance technology usage, capabilities, impacts, and related complaints.

Obliges vendors to protect data privacy, prohibiting unauthorized access or sale of collected data.

Ensures compliance with federal and state laws regarding data storage, retention, and access.

Directs cooperation with the City’s Information Technology Services for technology acquisitions.

Requires adherence to 28 C.F.R. Part 23 for participation in criminal intelligence systems.

Mandates policies for data sharing, following ""need to know"" and ""right to know"" standards for law enforcement agencies."
1919,Emerging Innovative Border Technologies Act,United States Congress,False,False,"Mandates the Secretary of Homeland Security to submit a plan for deploying innovative border technologies within 180 days. 

Requires the plan to assess artificial intelligence’s impact on privacy, civil rights, and civil liberties, and include mitigation measures. 

Directs the establishment of CBP Innovation Teams to evaluate and integrate advanced technologies, ensuring compliance with DHS policies on AI use. 

Focuses on transitioning technologies to CBP programs, addressing potential negative outcomes and capability gaps. 

Instructs annual reporting on Innovation Teams’ activities, technologies piloted, and their success rates. 

Requires coordination with DHS's AI policies to ensure responsible AI use. 

Demands cost-benefit analysis before large-scale technology deployment, ensuring security effectiveness and governmental cost-efficiency. 

Emphasizes collaboration with the private sector, other government entities, and stakeholders for optimizing advanced technology deployment."
1999,"Further Continuing Appropriations and Disaster Relief Supplemental Appropriations Act (""Report on Wearable Medical Devices"")",United States Congress,False,False,"Mandates the Comptroller General to conduct a technology assessment of wearable medical devices within 18 months of the Act's enactment.

Requires submission of a report to Congress on the capabilities and limitations of these devices in supporting clinical decision-making.

Includes a description of the potential for wearable devices to accurately prescribe treatments.

Examines the benefits and challenges of using artificial intelligence to augment these capabilities.

Suggests policy options to enhance the benefits and address the challenges of developing or using wearable medical devices."
987,Google DeepMind Frontier Safety Framework Version 1.0,Private-sector companies,False,True,"Establishes protocols within the Frontier Safety Framework to address severe risks from future foundation models' capabilities.

Defines ""Critical Capability Levels"" (CCLs) to identify when AI models pose heightened risks, focusing initially on Autonomy, Biosecurity, Cybersecurity, and Machine Learning R&D.

Implements periodic evaluations to detect when models approach CCLs and articulates developing mitigation plans.

Proposes security mitigations to prevent model weight exfiltration and deployment mitigations to control access and expression of critical capabilities.

Outlines graded mitigation and security protocols based on AI capabilities and risks from potential misuse. 

Plans to implement the framework by early 2025 and expects it to evolve with emerging risks and insights.

Commits to periodically reviewing and updating the framework as understanding of AI risks and benefits improves."
207,Arizona HB 2482 (2023),Arizona,True,False,"Creates a law enforcement crime victims notification system to automatically update crime victims on their crime reports, investigations, and cases.

Requires the notification system to provide a virtual agent that employs artificial intelligence to answer citizens' questions and respond to their comments through voice, text, or email. 

Appropriates funds for the creation of the notification system."
15,"FY2023 NDAA, Section 11226 (""Artificial intelligence strategy"")",United States Congress,True,False,"Requires the Commandant of the Coast Guard to coordinate activities and data related to identifying, demonstrating and deploying AI technology.

Requires the Commandant to designate a senior Coast Guard official responsible for identifying, demonstrating and deploying AI technology and for convening other Coast Guard officials for AI-related purposes.

Requires the designated official to develop, and submit within two years, a strategic plan for identifying, demonstrating and deploying AI technology."
2,"FY2022 NDAA, Section 226 (""Review of artificial intelligence applications and establishment of performance metrics"")",United States Congress,True,False,"Directs the Secretary of Defense to study potential applications of artificial intelligence to Department of Defense platforms, processes, and operations, and to establish related metrics and objectives.

Specifies study and metric requirements related to AI-related skill gaps; modernization activities; exercises, wargames, and experimentation; logistics and sustainment; and business operations.

Requires the Secretary to report to Congress within 120 days after completion of the required study."
3,"FY2022 NDAA, Section 227 (""Modification of the joint common foundation program"")",United States Congress,True,False,"Instructs the Secretary of Defense to modify the Joint Common Foundation Program and to ensure that the Department of Defense (DoD) can more easily contract with commercial AI companies for better support in efficiently developing new capabilities and applications. 

Instructs the Secretary of Defense to facilitate an increase in the number of eligible commercial AI companies to support DoD components, including cybersecurity processes.

"
7,"FY2023 NDAA, Section 1554 (""Roadmap and implementation plan for cyber adoption of artificial intelligence"")",United States Congress,True,False,"Requires the Commander of the United States Cyber Command and the Chief Information Officer of the Department of Defense to develop a five-year implementation plan for rapidly adopting artificial intelligence systems to support the Department of Defense. 

The plan shall: 

(a) Identify and prioritize AI systems and data that currently affect, or may benefit in the future, the Department's cybersecurity and cyber operations. 

(b) Lay out a plan to acquire AI systems and data identified in part (a).

(c) Identify relevant skill deficiencies.

(d) Identify opportunities to solicit AI system operator feedback.

(e) Identify and address long term technology gaps for the Department's cyber war fighting mission.

(f) Evaluate the risks posed by adversary AI-based attacks.

(g) Furnish a timeline with target milestones, investments, and required expenditures.
 
(h) Incorporate metrics to evaluate AI adoption.

(i) Identify further funding, authorities, and policies that may be necessary.

(j) Define a maturity model describing desired cyber capabilities independent of specific technology solutions.






"
1,"FY2022 NDAA, Section 1531 (""Digital development infrastructure plan and working group"")",United States Congress,True,False,"Instructs the Secretary of Defense to develop a plan for establishing AI-related information technology infrastructure, including a technical plan and guidance, a governance structure with relevant guidance and policies, and prototype development and platform environments.

Instructs the Secretary to harmonize the required plan with various existing plans and strategies. Establishes a plan working group comprised of senior DOD officials.

Instructs the Secretary to assemble enterprise data sets in various AI application domains."
11,"FY2023 NDAA, Section 6723 (""Requirements and report on workforce needs of intelligence community relating to science, technology, engineering, and math, and related areas"")",United States Congress,True,False,"Instructs the Director of National Intelligence to submit a single report on the workforce needs of each element of the intelligence community relating to emerging technologies, with a specific focus on artificial intelligence.
        
Requires a list of personnel in work roles whose primary official duties include artificial intelligence responsibilities.
          
Requires an assessment of the quality and sustainability of the talent pipeline of the intelligence community with respect to talent in emerging technologies, including artificial intelligence. 

Requires a description of the education, recruitment, and retention programs personnel of the intelligence community.

Requires an assessment of any gaps in authorities, resources, recruitment or retention incentives, skills-based training, or educational programs, that may negatively affect the quality or sustainability of such talent pipeline.
            


"
72,NYC Local Law 144,"New York, NY",False,True,"Defines ""automated employment decision tools"" as computational processes used in discretionary employment decision making, including AI- and machine learning-derived processes.

Requires businesses using automated employment decision tools in New York City to obtain impartial bias audits of the tools from independent auditors, and to disclose the results of the audits to the public online.

Requires businesses using automated employment decision tools in New York City to notify and disclose specified information to job candidates for whom such tools are used.

Establishes civil penalties for violations of the law and empowers the city corporation counsel to enforce the law."
6,"FY2023 NDAA, Section 1513 (""Establishing projects for data management, artificial intelligence, and digital solutions"")",United States Congress,True,False,"Instructs the Deputy Secretary of Defense to establish projects for data management, artificial intelligence, and digital solutions for business efficiency and war-fighting capabilities intended to accelerate decision advantage.

Instructs the Deputy Secretary to task senior DOD officials with developing an actionable plan to integrate various AI applications into government operational environments, and to boost the population of government personnel with AI expertise."
26,Public Law 117–173,United States Congress,True,False,"Amends Section 41001(6)(A) of the FAST Act to include semiconductors, artificial intelligence, machine learning, cybersecurity, and various related technology-powered infrastructure to the FAST Act permitting program."
16,"FY2023 NDAA, Section 11227 (""Review of artificial intelligence applications and establishment of performance metrics"")",United States Congress,True,False,"Directs the Commandant of the Coast Guard to study potential applications of artificial intelligence and to identify resources necessary to improve the use of artificial intelligence in Coast Guard platforms, processes, and operations; instructs the Commandant to establish related metrics and objectives.

Requires that the Commandant assess AI-related skill gaps and civilian and military personnel qualification and establish related metrics.

Requires that the Commandant establish performance objectives and accompanying metrics of specified AI-related modernization activities.
 
Requires the Commandant to report to Congress within 180 days after completion of the required review."
70,Information Technology Modernization Centers of Excellence Program Act,United States Congress,True,False,"Instructs the administrator of general services to establish the Information Technology Modernization Centers of Excellence Program.

Requires this program to assist executive agencies with planning and adoption of technology in Artificial Intelligence, cybersecurity and cloud computing.

Promotes modernization of information technology and consumer interactions with executive agencies.

Requires the program to improve cooperation of Information Technology sectors between executive agencies and the commercial sector."
78,"Research and Development, Competition, and Innovation Act, Title IV, Section 10402 (""National engineering biology research and development initiative"")",United States Congress,True,False,"Instructs the President, acting through the Office of Science and Technology Policy, to support the development of artificial intelligence tools aimed at facilitating research and innovation in the field of engineering biology. The AI tools would analyze omics data, which is data on genomics and the other fields that explore the functions of the various types of molecules that make up organisms' cells and systems. "
60,IOGAN Act,United States Congress,True,False,"Directs the Director of the National Science Foundation to support research on manipulated or synthesized content and information authenticity.

Directs the Director of the National Institute of Standards and Technology to support research for the development of measurements and standards on generative adversarial networks and other technologies that synthesize or manipulate content.

Requires the Directors to submit a report within a year to Congress of research findings and policy recommendations."
34,"FLOODS Act, Section 14 (""National Weather Service hydrologic research fellowship program"")",United States Congress,True,False,"Outlines the criteria and expectations for a Fellow in the Hydrologic Research Fellowship Program with NOAA.

Explains that activities Fellows may engage in include applying AI and machine-learning capabilities to advance existing hydrologic modeling capabilities. "
73,"21 CFR § 876.1520 (""Gastrointestinal lesion software detection system"")",Food and Drug Administration,False,True,"Requires devices that used advanced algorithms to help detect gastrointestinal lesions (""gastrointestinal lesion software detection systems"") to undergo specified clinical and non-clinical performance tests and to demonstrate reliability and safety.

Requires gastrointestinal lesion software detection systems to be labeled with use instructions, warnings, and summaries of testing."
66,"Energy Act of 2020, Title VI, Section 6006 (""Development of National Smart Manufacturing Plan"")",United States Congress,True,False,"Instructs the Secretary of Energy to develop a national plan for the development and deployment of ""smart manufacturing"" technologies, including relevant AI technologies. Defines representative functions of ""smart manufacturing"" technology including manufacturing simulation, energy efficiency modeling, digital prototyping, and networking.

Requires that the plan includes an assessment of previous actions of the Department, an establishment of performance standards, actions to increase cybersecurity, and a consideration of the impact on manufacturing jobs.

Requires that the plan be submitted within 3 years and revised every two years after initial submission. "
4,"FY2022 NDAA, Section 232 (""Pilot program on data repositories to facilitate the development of artificial intelligence capabilities for the Department of Defense"")",United States Congress,True,False,"Allows the Secretary of Defense to carry out a pilot program under which the Secretary establishes repositories of Department of Defense datasets relevant to AI development.

Requires data in the potential repositories to be accessible to appropriate public and private organizations for purposes of software and AI technology development for DoD procurement.

Requires repositories to include tools for correcting errors and gaps in data and evaluate model performance.

Requires the Secretary to report to Congress within 270 days after enactment whether the Secretary will, will not, or already has carried out the program."
307,"Executive Order on the Safe, Secure, and Trustworthy Development and Use of Artificial Intelligence (EO 14110)",Executive Office of the President,True,False,"Requires federal government to develop and apply standards to ensure the safety and security of AI systems and minimize their risks, including biological risks, cybersecurity risks, and deceptive content risks.

Orders the development of a National Security Memorandum that directs further actions on AI and security.

Directs federal government to support privacy-preserving research and technologies and develop guidance on the collection and usage of commercially available information by federal agencies.

Instructs federal government to prevent algorithmic discrimination by developing guidance and best practices in order to ensure fairness.

Calls for federal government to support the safe, responsible deployment of AI in healthcare, transportation, education, and communications networks.

Requires a report on AI's potential labor-market impacts and the identification of options for strengthening federal support for workers facing labor disruptions

Urges federal government to facilitate the immigration of AI talent to the U.S., catalyze AI research and innovation through a pilot of the National AI Research Resource, and promote competition in the AI ecosystem by providing resources to small businesses.

Directs federal government to maintain U.S. leadership in global AI efforts by expanding multilateral engagements, implementing international standards, and developing guidelines to secure critical infrastructure.

Calls for the advancement of federal government use of AI through the issuance of guidance for agency use of AI, support for agency acquisition of AI products/services, and authorization of rapid hiring of AI professionals."
314,AI Video Interview Discrimination Act,Illinois,False,True,"Requires employers that rely solely on AI to analyze video interviews to collect information on the race and ethnicity of candidates who are and are not consequently interviewed in person or hired and to report this information annually to the Illinois Department of Commerce and Economic Opportunity.

Requires the Department to analyze the data reported and report annually to the Governor and General Assembly on whether the data discloses a racial bias in using AI."
244,"Artificial Intelligence, Automated Decision-Making and Personal Data Privacy Act",Connecticut,True,False,"Requires the Department of Administrative Services to establish a public inventory of state agencies' existing use of AI systems; this inventory should include whether the system was employed to independently make or inform decisions, and whether it undergone an impact assessment before implementation

Requires the Office of Policy and Management to develop policies to govern state agencies' procurement and use of AI systems; this includes requiring state agencies to conduct impact assessments for these systems and to ensure systems do not unlawfully discriminate against individuals or groups

Bans state agencies from implementing any AI system unless it had performed an impact assessment to prevent unlawful discrimination, effective February 1 2024

Requires the Judicial Department to establish a public inventory of its systems that employ AI, including whether the AI system had undergone impact assessments and was used to make or support conclusions; also requires the department to introduce policies to govern the use of AI, and to prevent unlawful discrimination

Establishes a working group comprising industry representatives and academics to engage stakeholders and experts and make recommendations on the state government's use of AI; this includes recommendations on the adoption of a Connecticut artificial intelligence bill of rights based on the White House Office of Science and Technology Policy's 'Blueprint for an AI Bill of Rights'"
208,California AB 302 (2023),California,True,False,"Requires the California Department of Technology, in coordination with other agencies, to analyze the benefits and risks of all high-risk automated decision systems that have been proposed for use, development, or procurement by, or are being used, developed, or procured by, state agencies. 

Requires the analysis to include a description of, among other things, the categories of data and personal information the automated decision system uses to make its decisions. 

Requires the Department of Technology to submit an annual report on the above-described comprehensive analysis to specified committees of the California Legislature."
168,Copyright Registration Guidance: Works Containing Material Generated by Artificial Intelligence,"Copyright Office, Library of Congress",False,True,"Clarifies that content generated by artificial intelligence without significant creative contribution from a human is ineligible for U.S. copyright protection.

Also clarifies that contributions made by a human to content that was created with the assistance of AI remain eligible for copyright protection.

Describes various situations in which content generated with the assistance of AI would, and would not, qualify for copyright protection. 

Instructs copyright applicants on how to apply for copyright protection for content generated with the assistance of AI. "
210,North Dakota HB 1361 (2023),North Dakota,True,False,"Clarifies that artificial intelligence cannot qualify as a ""person"" for the purpose of North Dakota state law."
304,Artificial Intelligence Video Interview Act,Illinois,False,True,"Requires employers who use AI to analyze video interviews of applicants in Illinois to notify and receive consent from the applicant before the interview and provide information explaining how the AI system works and what characteristics it uses to evaluate applicants.

Requires employers to refrain from sharing applicant videos except what’s necessary to evaluate the applicant and delete videos, including any copies shared with other actors, upon applicant request within 30 days."
142,"FY2021 NDAA, Division A, Title II, Section 247 (""Pilot program on the use of electronic portfolios to evaluate certain applicants for technical positions"")",United States Congress,True,False,"Defines the term ""technical position"" as a Department of Defense position that (1) requires expertise in artificial intelligence, data science, or software development and (2) is eligible for direct hire authority under section 9905 of title 5, United States Code, or section 2358a of title 10, United States Code. 

Instructs the human resources manager of each Department of Defense participating organization to identify a subset of technical positions for which electronic portfolios should be evaluated during the hiring process.

Requires the Human Resources manager to evaluate applicants for such positions by reviewing their best electronic portfolios, as chosen by the applicant.

Directs the Secretary of Defense to submit a report to the congressional defense committee on the results of the program that describes how electronic portfolios affected the timeliness of technical position hiring, the level of satisfaction with new hires based on electronic portfolio evaluations, and recommends expanding the use of electronic portfolios in the hiring process or making it permanent."
161,"FY2021 NDAA, Division A, Title XCIV, Section 9407 (""National cybersecurity challenges"")",United States Congress,True,False,"Directs the Secretary of Commerce to establish national cybersecurity challenges by 2028 through building more resilient cyber systems, increasing American digital literacy, and advancing efforts to develop emerging technologies.

Directs the Secretary of Commerce to coordinate with other agencies to address these challenges through competitions and soliciting funds from both government and non-government entities. 

Directs the Secretary of Commerce to designate an advisory council to seek further recommendations."
148,"FY2021 NDAA, Division A, Title XCII, Section 9203 (""Spectrum information technology modernization efforts"")",United States Congress,False,True,"Use updated algorithms, data, AI tools, and algorithms to modernize infrastructure. Ways to improve infrastructure include efficiency, validation, accuracy, modeling, and monitoring. The directive aims to enhance covered agencies' capacity to meet mission requirements in congested Federal spectrum environments through the implementation of automated adjustments, the creation of a time-based mechanism for collaborative spectrum sharing among agencies, and fostering collaboration to ensure interoperability. 

Within 240 days of the enactment of this Act, the Assistant Secretary of Commerce for Communications and Information is required to submit to Congress a report outlining a plan for the National Telecommunications and Information Administration (NTIA) to modernize and automate its infrastructure for managing the use of Federal spectrum by covered agencies, with the goal of improving efficiency in spectrum management in ways such as a timeline for implementation, plans for security enhancement, data model improvement, and workflow automation. 

Within one year of the enactment of this Act, the head of each covered agency is required to submit a report to the Assistant Secretary of Commerce for Communications and Information and the Policy and Plans Steering Group outlining a plan to modernize the agency's infrastructure. Each submitted report must include an assessment of their current capabilities, a timeline for completion, management capabilities, agency requirements or restrictions, existing infrastructure, and a plan for safe integration of government data.

The Comptroller General of the United States is mandated to conduct a review of covered agencies' infrastructure within 180 days of the Act's enactment and subsequently oversee the implementation of modernization plans submitted by the Assistant Secretary and covered agencies, providing regular reports and briefings to relevant congressional committees until December 31, 2030. The term ""covered agency"" includes any Federal entity, as determined by the Assistant Secretary, encompassing the Department of Defense, and ""infrastructure"" is defined as information technology systems and related tools and databases.
"
139,"FY2021 NDAA, Division A, Title II, Subtitle C (""Artificial Intelligence and Emerging Technology"")",United States Congress,True,False,"Instructs the Secretary of Defense to assign roles and responsibilities relating to the research, development, testing, procurement of, requirements for, and operational use of artificial intelligence technologies to appropriate officials within the Department of Defense.

Supports the incorporation of standards for artificial intelligence into the strategies and doctrine of the Department.

Stipulates the roles of the Director of the joint Artificial Intelligence center.

Encourages the systematic evaluation of AI systems.

Instructs the Secretary of Defense to establish a board of advisors for the Joint Artificial Intelligence Center with responsibilities like providing strategic advice and expertise to the Secretary and the Director on matters relating to the development and use of artificial intelligence.

Instructs the Secretary of Defense to identify a set of no fewer than five use cases of the application of existing artificial intelligence enabled systems to support improved management of enterprise acquisition, personnel, audit, or financial management functions.

Instructs the Secretary of Defense to conduct an assessment to determine how the Department can most effectively implement ethically and responsibly developed artificial intelligence.

Requires the secretary to pilot technology development and prototyping activities that leverage commercially available technologies and systems to demonstrate new artificial intelligence enabled capabilities to support the use cases.

Permits the secretary of Defense to establish a steering committee on emerging technology and national security threats, which committee shall develop a strategy for the organizational change, capability development, and technology investments in emerging technologies needed to maintain the technological superiority of the United States military.
"
157,"FY2021 NDAA, Division A, Title II, Section 227 (""Limitation on contract awards for certain unmanned vessels"")",United States Congress,True,False,"Mandates that the Secretary of the Navy must submit a report of risk and performance to the congressional defense committees 30 days before the purchase of unmanned surface vessels or vehicles.

Mandates that the Secretary cannot integrate offensive weapons systems into unmanned surface vessels or vehicles until 30 days after certifying that the vessel will comply with legal and performance requirements.

Requires that the Secretary submit an analysis of alternatives related to the offensive military use of unmanned surface vessels or vehicles within a year of enactment."
220,"FY2021 NDAA, Division A, Title VIII, Section 801 (""Report on acquisition risk assessment and mitigation as part of Adaptive Acquisition Framework implementation"")",United States Congress,True,False,"Requires each Department of Defense service acquisition executive to submit to the Secretary of Defense, the Under Secretary of Defense for Acquisition and Sustainment, the Under Secretary of Defense for Research and Engineering, and the Chief Information Officer a report on how they are assessing, mitigating, and reporting risks in acquisition programs.

Requires the reports described above to cover, among other risk categories, technical risks in engineering, software, manufacturing and testing; integration and interoperability risks posed by changes to Department systems created by artificial intelligence; and supply chain risks, including those related to cybersecurity and the defense industrial base's potential inability to produce technology and systems as needed.

Requires the Under Secretary of Defense for Acquisition and Sustainment to submit to the congressional defense committees a report on their own views, and the views of the service acquisition executives, with regard to the risk mitigation measures covered herein."
143,"FY2021 NDAA, Division A, Title II, Section 248 (""Pilot program on self-directed training in advanced technologies"")",United States Congress,True,False,"Instructs the Secretary of Defense to execute a pilot program that offers online courses related to advanced technologies for civilian employees of the Department of Defense and members of the Armed Forces.

Requires the Secretary to develop procedures to document course completion, incentivize course completion, and evaluate course quality and effectiveness.

Requires the Secretary to carry out the program within a year after enactment, and decrees that the program terminate on October 1, 2024. "
144,"FY2021 NDAA, Division A, Title II, Section 249 (""Part-time and term employment of university faculty and students in the Defense science and technology enterprise"")",United States Congress,True,False,"Instructs the Secretary of Defense to establish a program to offer Defense science and technology employment opportunities to selected faculty and students of higher education institutions to carry out research projects. 

Specifies that no fewer than five positions must be given to faculty who conduct research in artificial intelligence and machine learning.

Requires the Secretary to carry out the program within 180 days of enactment and submit three annual reports of program results to Congress."
159,"FY2021 NDAA, Division A, Title XXXV, Section 3521 (""Maritime security and domain awareness"")",United States Congress,True,False,"Instructs the Secretary of the Navy, in coordination with the Secretary of the department in which the Coast Guard is operating and with the Secretary of Commerce, to assess the available commercial solutions relating to illegal maritime activities.

Requires the assessment to build on the ongoing Coast Guard assessment related to autonomous vehicles, and to consider other appropriate commercially and available technological solutions.

Requires the Secretary of the Navy to submit the report to the specified congressional Committees."
140,"FY2021 NDAA, Division A, Title I, Section 152 (""Transfer of responsibilities and functions relating to electromagnetic spectrum operations"")",United States Congress,True,False,"Instructs the Secretary of Defense to transfer all the responsibilities of the Commander of the US Strategic Command that are germane to electromagnetic spectrum operations (EMSO).

Instructs the Secretary to develop a transfer plan with consideration of all appropriate entities, while considering whether the receiving electromagnetic spectrum operations organization should have a unitary structure or hybrid structure.

Requires the Secretary to develop the transfer plan while considering the resources required by the receiving electromagnetic spectrum operations organization to fulfill the responsibilities and functions as well as the results of the evaluations carried out.

Requires an evaluation and assessment of the need for automated and machine learning- or artificial intelligence-assisted electronic warfare capabilities. 

"
151,"FY2021 NDAA, Division A, Title XCIV, Section 9414 (""Study on Chinese policies and influence in the development of international standards for emerging technologies"")",United States Congress,True,False,"Instructs the Director of the National Institute of Standards and Technology to work with an entity with relevant expertise to conduct a study on PRC policies and influence in the development of emerging technology international standards, and make recommendations on how the U.S. can mitigate PRC influence and bolster U.S. participation in international standards-setting bodies.

Identifies potential areas of study, including examining previous PRC practices in international standards setting organizations to predict future international standardization engagement in critical technologies like artificial intelligence and quantum information science. 

Requires the entity conducting the study to submit a report on its findings to the Committees on Science, Space, and Technology, on Foreign Affairs, on Commerce, Science, and Transportation, and on Foreign Relations."
145,"FY2021 NDAA, Division A, Title II, Section 513 (""Grants to support STEM education in the Junior Reserve Officers’ Training Corps"")",United States Congress,True,False,"Instructs the Secretary and Secretary of Education to create and support grants to fund STEM education programs for students specifically in the Junior Reserve Corps. 
Instructs different departments of the government, such as the National Science foundation, as well as local governments to carry out programs that are supported by said grants.
Outlines what activities are allowed under the grants, and what specific area of studies and subjects that they would work under. 
Details subjects that are eligible for said grants, which include science, technology, engineering, mathematics, computer science, and more.
Allows for the Secretary of Defense to determine which additional subjects and areas of studies could be applicable to the grant. 
"
147,"FY2021 NDAA, Division A, Title XV, Section 6505 (""GAO studies on trafficking"")",United States Congress,True,False,"


Instructs the Comptroller General of the United States to carry out a study in consultation with law enforcement, relevant federal agencies, private sector stakeholders (such as financial institutions, data and technology companies), to investigate major trafficking routes used by transnational criminal organizations and to what extent the trafficking routes are related.

Directs the study to include commonly used methods to launder and move the proceeds of trafficking; the types of suspicious financial activity that are associated with illicit trafficking networks, and how financial institutions identify and report such activity.

Directs the study to include steps financial institutions are taking to detect and prevent bad actors who are laundering the proceeds of illicit trafficking, including data analysis, policies, training procedures, rules, and guidance,

Necessitates the study to include the role those emerging technologies, including artificial intelligence, digital identity technologies, distributed ledger technologies, virtual assets and online marketplaces can play in enabling the laundering of proceeds from trafficking. 

Requires the Comptroller General of the United States to submit a report to the congres, summarizing the results of the study and any recommendations for regulatory action.
"
221,"FY2021 NDAA, Division A, Title LXII, Section 6211 (""Financial crimes tech symposium"")",United States Congress,True,False,"Requires the Secretary of the Treasury to periodically convene a global anti-money laundering and financial crime symposium -- attended by domestic and international financial regulators, senior executives from regulated firms, technology providers, representatives from law enforcement and national security agencies, and experts -- focused on how new technology can be used to more effectively combat financial crimes and other illicit activities.

Requires the Director of the Financial Crimes Enforcement Network -- a bureau of the Treasury Department -- to brief the Committee on Banking, Housing, and Urban Affairs of the Senate and the Committee on Financial Services of the House of Representatives on the current and potential future use of artificial intelligence and other emerging technologies in its work, along with policy recommendations for enhancing the efficacy of utilizing such technologies in combating financial crimes."
149,"FY2021 NDAA, Division A, Title XC, Section 9004 (""Department of Homeland Security reports on digital content forgery technology"")",United States Congress,True,False,"Instructs the Secretary of the Department of Homeland Security to submit annually, for a period of 5 years, a report to Congress on the state of digital content forgery technology. 

Requires the report to include an assessment of the underlying technologies used to create or propagate digital content forgeries, including the evolution of such technologies and patterns of dissemination of such technologies. 

Requires the report to include a description of the types of digital content forgeries, including those used to commit fraud, cause harm, harass, coerce, or silence vulnerable groups or individuals, or violate civil rights.

Requires the report to include an assessment of how foreign governments, proxies and networks thereof, and non-governmental entities use, or could use, digital content forgeries to harm national security. 

Requires the report to include an assessment of the uses, applications, dangers, benefits, and impact on individuals of deep learning or digital content forgery technologies used to generate realistic depictions of events that did not occur. 

Requires the report to include a description of the methods and technological countermeasures that are, or could be, used to identify forgeries and address concerns with digital content forgery technology.

"
160,"FY2021 NDAA, Division A, Title LVXXXIV, Section 8411 (""Unmanned maritime systems and satellite vessel tracking technologies"")",United States Congress,True,False,"Mandates that the Commandant, acting through the Blue Technology Center of Expertise, biennially assess unmanned maritime systems and satellite vessel tracking technologies for potential use to support the Coast Guard.

Requires that the Commandant submit a report to Congress on the actual and potential effects of such technologies on the mission effectiveness of the Coast Guard.

Requires that the report include an overview of current system and technology usage and a list of mission requirements that could be met with additional systems and technologies."
155,"FY2021 NDAA, Division A, Title II, Section 218 (""Executive agent for autonomy"")",United States Congress,True,False,"Instructs the Secretary of the Navy to designate an existing Navy program executive officer as the acquisition executive agent for autonomy by February 1, 2022.

Requires that the acquisition executive agent for autonomy be responsible for the acquisition of autonomous technology, along with the officer's current executive duties."
23,"FY2021 NDAA, Division A, Title VII, Section 808 (""Acquisition authority of the Director of the Joint Artificial Intelligence Center"")",United States Congress,True,False,"Instructs the Secretary of Defense to delegate acquisition authority to the Director of the Joint Artificial Intelligence Center, and outlines responsibilities of an acquisition executive in the execution, supervision, discussion, and coordination of relevant acquisition activities.

Allocates personnel and funding to support Center missions and the transition of artificial intelligence capabilities into appropriate acquisition programs or into operational use. 

Requires the Secretary of Defense to provide to congressional defense committees a demonstration of operational capability and an implementation plan that describes relevant acquisition activities, plans the oversight of an acquisition executive, and assesses the acquisition workforce, tools, and infrastructure needs of the Center. 


"
146,"FY2021 NDAA, Division A, Title XI, Section 1102 (""Enhancement of public-private talent exchange programs in the Department of Defense"")",United States Congress,True,False,"

Requires the Secretary of Defense to use their authority for personnel exchanges with private sector entities focusing on Department of Defence modernization priorities.  Including exchanges in Research and Engineering, the Chief Information Officer, and each Armed Force under the jurisdiction of a military department.

Insructs the Secretary of Defense to develop a system to identify, mitigate, and manage public-private talent exchange conflicts of interest.

Requires the Secretary of Defense to brief the Senate and House Armed Services Committees on Public-Private Exchange programmes. This briefing should highlight seeking opportunities for exchanges with private sector entities working on Department of Defense modernization priorities, including Artificial Intelligence.

Requires such briefing to explain barriers preventing supervisors from nominating staff for and encouraging participation in public-private exchange programmes; ways to incentivize senior leaders for programme encouragement, and the Department's conflict of interest requirements.
"
158,"FY2021 NDAA, Division A, Title XVI, Section 1601 (""Space Development Agency development requirements and transfer to Space Force"")",United States Congress,True,False,"Instructs the Director of the Space Development Agency of the Department of Defense to lead the development of a resilient military space-based sensing, tracking, and data transport architecture.

Instructs the Director to lead the integration of next-generation space capabilities, including novel sensors and autonomous battle features.

Instructs the Director to lead the procurement of relevant commercial capabilities and services, including low-Earth orbit or innovative capabilities. 

Instructs the Secretary of Defense to transfer the Space Development Agency from the Office of the Secretary of Defense to the Space Force by October 1, 2022."
141,"FY2021 NDAA, Division A, Title II, Section 241 (""Measuring and incentivizing programming proficiency"")",United States Congress,True,False,"
Authorizes resources for managing government support for AI-related education and proficiency

Instructs the Secretary of Defense to leverage existing civilian software development and architecture certification programmes to implement DOD coding language proficiency and AI competency tests.

Requires the Secretary of Defense to update record keeping systems to track artificial intelligence and programming certification testing results just like the foreign language competency system.

Instructs the secretary of Defense to share information with the heads of other intelligence agencies about the coding language proficiency and artificial intelligence competency tests and encourages them to implement tracking and reward systems. 

Requires the Secretary of Defense to implement a system of rewards for Department of Defense employees who perform successfully on specific language coding proficiency and artificial intelligence competency tests.

Advocates for special pay for a Department of Defense employee who is certified and proficient in a computer or digital programming language but may not exceed 20% of basic pay.




"
24,"FY2021 NDAA, Division A, Title XVII, Section 1751 (""Guidance and direction on use of direct hiring processes for artificial intelligence professionals and other data science and software development personnel"")",United States Congress,True,False,"Instructs the Secretary of Defense to review existing guidance and create new guidance for secretaries of military departments and heads of defense on the direct hiring processes for AI professionals and other software and data science personnel.

Requires that the guidance instructs HR to utilize direct hiring authorities.

Instructs hiring authorities to use a panel of subject matter experts to review qualifications, authorizes the use of ePortfolio reviews, and encourages the use of referral bonuses for recruitment.

Instructs the Secretary of Defense to submit a report of the guidance issues to Congress within one year of the issuance of the guidance and highlights the requirements of the report."
152,"FY2021 NDAA, Division A, Title V, Section 589F (""Study on cyberexploitation and online deception of members of the Armed Forces and their families"")",United States Congress,True,False,"Instructs the Secretary of Defense to assess threats posed by foreign actors with malicious intent that use machine learning techniques to generate or modify media featuring members of the Armed Forces and their families.

Instructs the Secretary to assess the maturity of the machine learning technology used and how the media could be used to conduct information warfare.

Instructs the Secretary to present policy recommendations to reduce individuals' vulnerability to cyberexploitation and deception."
153,"FY2021 NDAA, Division A, Title I, Section 164 (""Acceleration of development and fielding of counter unmanned aircraft systems across the joint force"")",United States Congress,True,False,"Instructs the Executive Agent of the Joint Counter Small Unmanned Aircraft Systems Office to develop a plan to develop and produce a counter unmanned aircraft system that can be deployed by 2021.

Requires that the selected systems use autonomous and semi-autonomous systems and
processes and meet current military and operational requirements.

Instructs the Executive Agent to ensure the developed plan will guide future programmatic and funding decisions for counter unmanned aircraft systems."
199,"FY2024 NDAA, Section 7510 (""Requirement to ensure intelligence community directives appropriately account for artificial intelligence and machine learning tools in intelligence products"")",United States Congress,True,False,"Requires the Director of National Intelligence to brief the congressional appropriations and intelligence committees on whether intelligence community directives provide sufficient guidance on how to use, document, and disclose AI and machine learning tools in intelligence. 

Requires the Director to either (a) justify the assertion that existing intelligence community directives do sufficiently provide such guidance or (b) provide a plan and timeline for updating the directives as necessary."
201,"FY2024 NDAA, Section 7513 (""Policies established by Director of National Intelligence for artificial intelligence capabilities"")",United States Congress,True,False,"Instructs the Director of National Intelligence, in consultation with the Director of the Office of Management and Budget and other intelligence officials to maintain, develop, and annually revise various AI policies.

Requires the establishment of a lexicon relating to machine learning and AI use by the intelligence community.

Requires the establishment of guidelines for evaluating model performance by specifying conditions for AI capability monitoring, documenting performance objectives, specifying model auditing processes, and specifying conditions for vulnerability testing and privacy evaluations.

Requires the establishment of guidelines for tracking dependencies in related systems, documentation requirements for capabilities procured from third-party and training data usage, and guidance on the usage of third-party-trained models."
189,"FY2024 NDAA, Section 856 (""Pilot program to analyze and monitor certain supply chains"")",United States Congress,True,False,"Directs the Under Secretary of Defense for Acquisition and Sustainment to establish a pilot program enhancing the analysis, mapping, and monitoring of supply chains for covered weapons platforms using artificial intelligence and machine learning tools.

Requires the Under Secretary to submit an annual report (until 2028) that specifies the vulnerabilities of the supply chains and the efficiencies achieved through using the new tools."
188,"FY2024 NDAA, Section 811 (""Modernizing the Department of Defense requirements process"")",United States Congress,True,False,"Requires the Secretary of Defense in coordination with military leaders to develop streamlined requirements of development processes for the Department of Defense, in order to modernize war fighting technology and reduce the time needed to deliver capabilities to warfighters.

Requires revisions to requirements management practices that maximizes the use of commercial products or services and allow for a broader range of new or alternative technological opportunities to be incorporated without the requirement being validated again.

Establishes a process to rapidly validate the ability of commercial products and services to meet capability needs or opportunities.

Requires retiring and replacing the Department of Defense Architecture Framework with a new structure focused on enabling interoperability  through application program interfaces, enterprise architectures and platforms, and government and commercial standards.

Requires the secretary to develop a formal career path, training, and structure for requirements managers.

Establishes the required processes for software, artificial intelligence, data, and related capability areas to be more rapid and iterative than the requirements processes for traditional hardware systems.

Requires the Vice Chairman of the Joint Chiefs of Staff to collaborate with industry partners, contractors, and Department of Defense science and technology reinvention laboratories in designing the new requirements development process.

Requires the Secretary of Defense to submit to the congressional defense committees an interim report and a final report on the development and implementation of the new requirements development process."
191,"FY2024 NDAA, Section 1507 (""Review and plan relating to cyber red teams of Department of Defense"")",United States Congress,True,False,"Requires officials from the Department of Defense -- namely the Principal Cyber Advisor to the Secretary of Defense, the Chief Information Officer of the Department of Defense, the Director of Operational Test and Evaluation, and the Commander of the United States Cyber Command -- to assess the status of the implementation of recommendations made by the Secretary of Defense to enhance the capabilities of the Department of Defense's cyber red teams.

Requires the same officials listed above to submit to Congress a plan for ensuring that the Department's cyber red teams possess the capabilities necessary to execute their duties, including with respect to threats stemming from artificial intelligence systems abroad.

Requires the Director of Operational Test and Evaluation to evaluate annually, from 2025 through 2031, the status of the implementation of the plan described in the paragraph above. "
198,"FY2024 NDAA, Section 7507 (""Programs for next-generation microelectronics in support of artificial intelligence"")",United States Congress,True,False,"Requires the Director of National Intelligence, acting through the Director of the Intelligence Advanced Research Projects Activity, to establish or oversee a program to advance microelectronics research. 

Requires the program described above to focus on applications in artificial intelligence, advanced computing, advanced computing materials, optical communication networks, quantum technologies, or other emerging technologies. 

Requires the Director of National Intelligence to consider a variety of factors when crafting the research program, including input from the Secretary of Commerce and from an array of stakeholders including representatives of industry and academia.

Requires the Director of the Intelligence Advanced Research Projects Activity to brief the congressional intelligence, appropriations, and commerce committees on the progress of the research program described above and recommendations for future research priorities. "
240,"FY2024 NDAA, Section 224 (""Next Generation Air Dominance family of systems development program accountability matrices"")",United States Congress,True,False,"Submit goals for Next Generation Air Dominance and Collaborative Combat Aircraft programs to congressional defense committees and the Comptroller General concurrent with the President's budget submission. Include key milestones, testing events, and performance goals, subdivided into six-month increments. 

Provide information on technology readiness levels, design maturity, software maturity, integration maturity, manufacturing readiness levels, reliability, availability for flight operations, and maintainability.

Provide updates on progress and cost estimates for the program every 6 months. It details progress made toward the goals identified in the matrices and provides updated cost estimates for air vehicles, propulsion, mission systems, software, program management, system test and evaluation, support and training systems, and more.

Develop key performance parameters (cost KPPs) for cost thresholds and objectives for the programs. Specify threshold and objective values for categories such as unit recurring flyaway cost, average procurement unit cost, gross/weapon system unit cost, aircraft cost-per-tail-per-year, and aircraft cost-per-flight-hour. 

Ensure that each Secretary concerned works on these parameters for the respective programs and includes them in the related documents.

Ensure assessment of the sufficiency of matrices by the Comptroller General, who will review them and submit assessments to congressional defense committees, identifying any cost, schedule, or performance trends."
241,"FY2024 NDAA, Section 1090 (""Conduct of weather reconnaissance in the United States"")",United States Congress,True,False,"Requires the Secretary of Commerce to submit to the congressional science committees a report on the resources necessary for the National Oceanic and Atmospheric Administration to invest in emerging technologies that improve weather forecasting.

Permits the 53rd Weather Reconnaissance Squadron of the Air Force Reserve Command and the Administrator of the National Oceanic and Atmospheric Administration to use aircraft, personnel, and equipment necessary to improve the accuracy and efficacy of weather monitoring and water management, including through advanced technological methods.

Instructs the Squadron to use autonomous platform observations to improve water management decision-making and flood forecasting, if it uses the resources named in the above paragraph.

Requires the Secretary of the Air Force to submit to the appropriate congressional committees a report on the resources used and required by the Air Force and the National Oceanic and Atmospheric Administration to improve weather monitoring and water management. 
"
204,"FY2024 NDAA, Section 251 (""Congressional notification of changes to Department of Defense policy on autonomy in weapon systems"")",United States Congress,True,False,"Requires the Secretary of Defense to brief the congressional defense committees on the nature and purpose of any modifications to Department of Defense Directive 300.09, which relates to autonomy in weapons systems, within 30 days of making the modifications."
195,"FY2024 NDAA, Section 1682 (""Electromagnetic Warfare"")",United States Congress,True,False,"Requires leaders of the Army, Navy, Air Force, Marine Corps, and Space Operations to evaluate their ability to conduct electromagnetic spectrum operations. The evaluation should include the need for AI-assisted operations."
205,"FY2024 NDAA, Section 903 (""Establishment of Office of Strategic Capital"")",United States Congress,True,False,"Creates a new Office of Strategic Capital in the Department of Defense.

Directs the new Office to invest in companies developing critical technologies, including autonomous robots, that may benefit the Department of Defense. 

Permits the Office to launch a pilot program for providing capital assistance that supports the defense industrial base. 

Requires the Office's investments to meet certain criteria, including restrictions on interest rates and loan repayment periods as well as requirements for non-Federal investments in selected companies, subject to various exceptions. 

Requires the Secretary of Defense to submit to the congressional defense committees an annual report on the Office's activities, in addition to notifying the congressional defense committees whenever it provides capital assistance. "
202,"FY2024 NDAA, Section 253 (""Annual review of status of implementation plan for digital engineering career tracks"")",United States Congress,True,False,"Requires the Secretary of Defense to conduct annually, through 2029, an internal review of the Department of Defense's plan for the digital engineer career track. The review shall include consideration of how the rapid rate of technological change in data science and machine learning may affect the implementation of the plan.

Requires the Secretary to submit annually, through 2029, a report to the congressional defense committees on the findings of that internal review. The report shall include the Secretary's plan for addressing the digital engineer personnel needs of the Department. "
200,"FY2024 NDAA, Section 7511 (""Expanded annual assessment of economic and technological capabilities of the People's Republic of China and related briefing"")",United States Congress,True,False,"Instructs the Director of National Intelligence to provide a briefing to the congressional intelligence committees on the status and implementation of working groups on the People's Republic of China's activities regarding certain technologies, including artificial intelligence. 

Instructs working groups to assess the investments made by the People's Republic of China in AI, the competitive practices of the People's Republic of China relating to AI, opportunities to counter those practices, and US vulnerabilities in the supply chain of AI."
197,"FY2024 NDAA, Section 7356 (""Analysis of commercial cloud initiatives of intelligence community"")",United States Congress,True,False,"Requires the Director of National Intelligence to produce a comprehensive analysis of the intelligence community's cloud initiatives relating to the Commercial Cloud Enterprise contract entered into by the Director of the Central Intelligence Agency in November of 2020. 

Requires the above analysis to include projected cloud computing costs, plans for the termination of legacy data storage mechanisms, an assessment of the value and efficacy of cloud computing tools and analytics, and the suitability of existing computing arrangements to service artificial intelligence systems for the intelligence community. 

Requires the Director of National Intelligence to brief the congressional intelligence and appropriations committees on the findings of the analysis detailed above. "
187,"FY2024 NDAA, Section 350 (""Strategy and assessment on use of automation and artificial intelligence for shipyard optimization"")",United States Congress,True,False,"Requires the Secretary of the Navy, in coordination with the Shipyard Infrastructure Optimization Program of the Department of the Navy, to develop a strategy for using artificial intelligence to better predict maintenance needs at U.S. Navy shipyards.

Requires the Secretary of the Navy to evaluate the potential cost savings of adopting artificial intelligence predictive maintenance technologies.

Requires the Secretary of the Navy to brief congressional defense committees on the strategy and evaluation described above. "
192,"FY2024 NDAA, Section 1521 (""Control and management of Department of Defense data; establishment of Chief Digital and Artificial Intelligence Officer Governing Council"")",United States Congress,True,False,"Grants the Chief Digital and Artificial Intelligence Officer of the Department of Defense the authority to access and control data on behalf of the Secretary of Defense.

Requires the Secretary to establish the Chief Digital and Artificial Intelligence Officer Governing Council, which will provide policy oversight to ensure the responsible, coordinated, and ethical deployment of AI across Department of Defense missions and operations.

Requires the Council to submit a report on its activities in the past period to the Secretary and Congress at least once every 18 months."
203,"FY2024 NDAA, Section 112 (""Strategy for Army tactical wheeled vehicle program"")",United States Congress,True,False,"Requires the Secretary of the Army to submit to Congress a report on the strategy of the Army for tactical wheeled vehicles, including autonomous vehicles. The report shall be submitted with the budget justification materials submitted in support of the budget of the Department of Defense for each of FY 2025, 2030, and 2035.

Requires the report to include a description of the force structure and funding necessary for the tactical wheeled vehicle program to support the U.S.'s national security strategy, along with detailed rundown of a program for the construction of tactical wheeled vehicles and the estimated cost of such a program. 

Requires the Secretary of the Army to, within 15 days of the budget materials submission described above, brief the congressional defense committees on the investment needed for each platform of tactical wheeled vehicle."
196,"FY2024 NDAA, Section 6303 (""Establishment of the Chief Artificial Intelligence Officer of the Department of State"")",United States Congress,True,False,"Creates the Chief Artificial Intelligence Officer position, who will be responsible for (a) the evaluation and facilitation of responsible AI and machine learning usage and (b) advising the Secretary of State on ethical AI and analytics usage in diplomacy.

Instructs the Chief Artificial Intelligence Officer to partner with the Chief Information Officer on scaling AI use cases."
194,"FY2024 NDAA, Title XV, Subtitle E (""Artificial Intelligence"")",United States Congress,True,False,"Updates and extends the DoD's AI and ML acquisition framework and requires a plan for acquisition authority delegation and a demonstration of acquisition authority capabilities.

Mandates the creation of a bug bounty program for foundational AI models within the DoD, promoting collaboration with federal entities and cybersecurity experts. Requires briefing the congressional defense committees on the program within one year.

Instructs the Secretary of Defense to establish a competition to advance technologies for detecting and watermarking generative AI content. Requires annual briefing to the congressional defense committees.

Directs the Secretary of Defense to issue DoD-wide guidance and policy on AI, including with regard to ethical AI use, bias mitigation, cybersecurity, technical workforce assessments, AI literacy needs and related training programs, protection against adversarial AI, protecting the intellectual property of DoD AI system suppliers, AI's potential role in developing offensive actions, availability of inputs for AI, verification and evaluation frameworks, potential vulnerabilities of AI models and human oversight of autonomous systems. Requires briefing the congressional defense committees within 150 days.

Requires a study on the vulnerabilities of AI-enabled military applications, focusing on explainability, security risks, and the integration of decision support systems, with a final report for the congressional defense committees detailing findings and research gaps."
190,"FY2024 NDAA, Title XIII, Subtitle B (""Other Matters Relating to Foreign Nations: Matters Relating to the AUKUS Partnership"")",United States Congress,True,False,"Requires the Secretary of State, in consultation with the Secretary of Defense and other agency heads, to submit to Congress a biennial report on the AUKUS partnership, including an assessment of efforts to enhance AUKUS collaboration on artificial intelligence.

Requires the Secretary of State, in consultation with the Secretary of Defense, to create an expedited technology transfer approval process for transferring artificial intelligence systems and other defense technologies to AUKUS partners. "
193,"FY2024 NDAA, Title XV, Subtitle C (""Cyberspace-Related Matters: Information Technology and Data Management"")",United States Congress,True,False,"Instructs the Secretary of Defense to establish the 'Chief Digital and Artificial Intelligence Officer Governing Council' to oversee policy ensuring responsible and ethical use of data and AI in Department of Defense missions.

Requires  The council, led by the Chief Digital and AI Officer, to develop, implement, and oversee AI, coordinating governance, and providing ethical guidance. 

Instructs the council to identify, monitor, and update recommendations for AI use, review program funding,  and ensure compliance with AI policies. 

Instructs the council to issue guidance on access and distribution restrictions relating to data, models, tool sets, testing or validation infrastructure.

Instructs the council to implement and oversee an educational program on data and artificial intelligence, to familiarize personnel department on the applications of artificial intelligence.

Mandates all data collection, use, or retention measures  to comply with relevant laws and regulations, including those concerning data related to US persons.

Requires an establishment of a course of education at the Defense Information School, the purpose of which shall be to provide instruction on the practical concepts and skills.

Instructs the Director of the Defense Media Activity to carry out a pilot program to assess the feasibility and advisability of implementing industry open technical standards for digital content provenance for official photographs and videos of the Department of Defense 
"
186,"FY2024 NDAA, Section 346 (""Pilot program on optimization of aerial refueling and fuel management in contested logistics environments through use of artificial intelligence"")",United States Congress,True,False,"Mandates the Department of Defense and the Air Force to work together in launching a pilot program that optimizes aerial refueling and fuel management using artificial intelligence and advanced digital technologies.

Directs the Chief Digital and Artificial Intelligence Officer to (a) coordinate with the Commander of the United States Transportation Command and the Commander of the United States Indo-Pacific Command to align the pilot program with existing operational requirements and (b) consult relevant experts in AI.

Requires the pilot program to assess the feasibility and effectiveness of artificial intelligence-driven approaches and evaluate the interoperability and compatibility of artificial intelligence-enabled systems with the existing logistics infrastructure of the Department of Defense.

Requires an assessment of potential challenges and risks associated with the integration of artificial intelligence and other advanced digital technologies, including those related to cybersecurity.

Requires the Chief Digital and Artificial Intelligence Officer to submit a report on the pilot program's design, progress, and results to the Committees on Armed Services of the House of Representatives and the Senate within one year."
392,"Virginia HB 2154 (""Patient Access to Intelligent Personal Assistant"")",Virginia,False,True,"Requires hospitals, nursing homes, and certified nursing facilities to establish and implement policies for patient access to intelligent personal assistants while receiving inpatient services.

Ensures policies protect health information in accordance with the federal Health Insurance Portability and Accountability Act (HIPAA).

Defines ""intelligent personal assistant"" as a combination of an electronic device and specialized software application that assists users with tasks using natural language processing and artificial intelligence.

Mandates that these facilities allow the use of intelligent personal assistants for patients, ensuring compliance with privacy and security standards.

Includes intelligent personal assistants like ""digital assistants"" or ""virtual assistants"" in the definition provided."
371,"Illinois HB 3563 (""GenAI Task Force"")",Illinois,True,False,"Amends the Department of Innovation and Technology Act to establish the Generative AI and Natural Language Processing Task Force.

Requires the Task Force to investigate and report on generative AI and natural language processing software.

Comprises the Task Force of appointed members from various government, educational, and expert backgrounds.

Mandates the Task Force to hold at least five public meetings across different regions of Illinois.

Tasks the Task Force with recommending legislation for consumer information protection, model policies for schools, and assessing AI's impact on public services, civil rights, employment, and cybersecurity.

Obligates the Department to provide administrative and technical support to the Task Force.

Requires the Task Force to file a comprehensive report by December 31, 2024, with the Governor and the General Assembly."
381,"Alabama SB 78 (""Council on Advanced Technology"")",Alabama,False,False,"Establishes the Alabama Council on Advanced Technology and Artificial Intelligence.

Requires the council to review and advise the Governor and Legislature on the use and development of advanced technology and artificial intelligence.

Composes the council of 22 members, including appointees from the Governor, Lieutenant Governor, Speaker of the House, and Senate President Pro Tempore, and ex officio members from commerce and information technology departments.

Mandates that non-legislative appointees have expertise in AI, technology, ethics, privacy, workforce development, or computer science.

Stipulates that the council meets at least twice a year and allows virtual participation.

Obliges the council to submit an annual report with recommendations on AI and advanced technology to the Governor and Legislature.

Enforces diversity in appointments regarding gender, race, and geography.

Prohibits salary for non-legislative members but allows expense reimbursement; provides legislative members with regular compensation for meeting attendance.

Sets the act’s effective date to one year post-approval."
390,"New Jersey S 2723 (""Integrated Digital Experience Act"")",New Jersey,False,False,"Requires each state agency to develop and submit an information technology modernization and improvement plan to the Chief Technology Officer within one year of request.

Mandates the plan to include strategies for improving digital services using data analytics, cloud computing, electronic forms, and digitized workflows, ensuring mobile-friendly and accessible websites.

Authorizes the Chief Technology Officer to review these plans in collaboration with the Chief Innovation Officer.

Mandates the Chief Technology Officer to annually evaluate the feasibility of using AI, machine learning, and cloud services for public services, and to develop data analytics capabilities for policy development.

Requires the development of metrics to assess each agency's implementation of a modern digital experience, updated at least every two years and reevaluated every three years."
384,"Arkansas SB 656 (""Data-Driven Decision-Making Task Force"")",Arkansas,True,False,"Creates the Data-Sharing and Data-Driven Decision-Making Task Force, comprised of twelve members appointed from the Senate and House of Representatives.

Mandates the task force to study and recommend the implementation of a statewide data-sharing system across state agencies.

Requires the task force to evaluate current data management inefficiencies, and propose necessary legislation and funding mechanisms for system implementation. Empowers the task force to hire external consultants if necessary.

Requires the task force to meet at least monthly and report findings to the Governor and legislative leaders by December 31, 2019; expires the task force on January 1, 2020."
12,"FY2023 NDAA, Section 6731 (""Report on establishment of technology acquisition cadre"")",United States Congress,True,False,"Mandates the Director of National Intelligence to submit a feasibility report on establishing a cadre of experts in emerging technologies.

Requires such cadre to accelerate the adoption of emerging technologies.

Requires such cadre to assist with software development and develop training requirements for acquisition professionals.

Requires an assessment of whether the establishment of the cadre would necessitate additional statutory authorities or resources, including to recruit, hire, and retain the talent and expertise needed to establish the cadre; and the benefits, risks, and costs of establishing a cadre.

Addresses the acquisition of a plan for implementation of the cadre, including the proposed size of the cadre, its management, and organization.

"
227,"FY2023 NDAA, Section 916 (""Strategic management dashboard demonstration"")",United States Congress,True,False,"Requires the Secretary of Defense to demonstrate a strategic management dashboard within one year of the Act's enactment. This dashboard will automate data collection and data visualization of the Department of Defense's primary management goals, enabling real-time monitoring of DoD's performance in achieving its management goals.

It will use artificial intelligence and machine learning tools to improve data analytic capabilities and decision making. The development of the dashboard will leverage commercial best practices and leading research in management and data science.

"
5,"FY2023 NDAA, Section 212 (""Clarification of role of senior official with principal responsibility for artificial intelligence and machine learning"")",United States Congress,True,False,Makes various technical amendments largely pertaining to modification of titles of senior officials with duties relevant to artificial intelligence.
223,"FY2023 NDAA, Section 557 (""Study and report on professional military education"")",United States Congress,True,False,"Mandates the Secretary of Defense to conduct a thorough evaluation of the curricula at Professional Military Education (PME) institutions, specifically demanding an assessment of how these curricula align with innovative technological and strategic areas, including AI. Requires report to Congress by Dec 2025."
226,"FY2023 NDAA, Section 911 (""Updates to management reform framework"")",United States Congress,True,False,Updates the DoD Management Reform Framework that mandates the Secretary of Defense to introduce reforms within DoD that enhance its efficiency and efficacy. Adds AI tools for management decision-making as one of eight elements of reform.
225,"FY2023 NDAA, Section 861 (""Strategy for increasing competitive opportunities for certain critical technologies"")",United States Congress,True,False,Requires the Secretary of Defense to submit a strategy to increase competitive opportunities for U.S. companies in transitioning critical technologies into major weapon systems and defense programs. AI and machine learning are mentioned as one of the 13 critical technologies and several other technologies mentioned may relate to AI.
224,"FY2023 NDAA, Section 835 (""Curricula on software acquisitions and cybersecurity software or hardware acquisitions for covered individuals"")",United States Congress,True,False,"Requires the Defense Acquisition University President to enhance curricula on software, cybersecurity, and hardware acquisition with information on various digital technologies, including AI and machine learning.

Requires the Secretary of Defense and the Defense Acquisition University President to submit a plan for the implementation of the new curricula within 180 days. The new curricula must be offered within one year of the submission.

Requires said roles to submit a cost-benefit assessment to Congress one year after the first report."
237,"FY2023 NDAA, Section 6513 (""Lead intelligence community coordinator for countering and neutralizing proliferation of Iran-origin unmanned aircraft systems"")",United States Congress,True,False,"Instructs the Director of National Intelligence to designate an official from the intelligence community to serve as the lead coordinator for countering and neutralizing the proliferation of Iran-origin unmanned aircraft systems.

Requires this Coordinator to develop a comprehensive plan of action, driven by intelligence information, for countering and neutralizing the threats posed by the proliferation of Iran-origin unmanned aircraft systems and submit a briefing of such plans to the Congress.

Requires the Director of National Intelligence to submit a final report on the activities and findings of the Coordinator to the appropriate committees of Congress.

Mandates the report to include an assessment of the threats posed by Iran-origin unmanned aircraft systems and a detailed description of intelligence sharing efforts, as well as other joint efforts driven by intelligence information, with allies and partners of the United States, to assist in countering and neutralizing such threats. 

Mandates the report to include recommendations for any changes in United States policy designed to improve the capacity of the intelligence community to assist in countering such threats.

Encourages collaboration and the expansion of existing cooperative efforts among members of the Five Eyes Partnership and Israel for the purpose of countering Iran-origin unmanned aircraft systems."
14,Advancing American Artificial Intelligence Act,United States Congress,True,False,"Encourages AI-related programs and initiatives to enhance the competitiveness of the US based on innovation and entrepreneurialism. 

Promotes modernized business practices and advanced technologies aligned with US values, including protection of privacy, civil rights and civil liberties across the Federal Government.

Defines the term ""artificial intelligence system"".

Instructs the Secretary of Homeland Security, Chief Procurement Officer, Chief Information Officer, Chief Privacy Officer, and the Officer for Civil Rights and Civil Liberties of the Department to work together on policies for acquiring AI and considering the risks of AI.

Instructs the Inspector General to identify training and investments to enable the employees of the Office of the Inspector General to advance their understanding of AI and its usage.

Instructs Director of the Office of Management and Budget to develop guidance for policies for AI use in government, with inputs from both government agencies and non-governmental actors. 

Requests the Director of the Office of Management and Budget to brief congressional committees on the activities carried out under this Act. "
236,"FY2023 NDAA, Section 862 (""Key advanced system development industry days"")",United States Congress,True,False,"Requires each Secretary of a military department to hold an event every 180 days designed to collaborate with the private sector on, and raise awareness of, innovation in autonomous systems with military applications. 

For each such event, requires the Service Chief concerned to identify military requirements, capability gaps, and opportunities for experimentation or exercises related to the autonomous systems covered at the event. 

For each such event, requires the service acquisition executive of the involved military department to identify acquisition strategies and potential acquisition funding mechanisms for the autonomous systems covered at the event.

Requires Department of Defense officials to draft reviews of each such event, analyze the reviews to identify trends and key takeaways, and distribute the reviews within the Department. "
239,"FY2023 NDAA, Section 11225 (""Establishment of unmanned system program and autonomous control and computer vision technology project"")",United States Congress,True,False,"Requires the U.S. Coast Guard to establish a program for using unmanned vehicles -- designed to operate in the air, on the water, and/or below the water's surface --  to improve mission execution. 

Requires the Commandant of the Coast Guard to conduct a project that retrofits at least two small boats with the sensors, communication systems, computer vision systems, and autonomous control technology necessary to conduct unmanned search and rescue, surveillance, and interdiction missions. Requires the Commandant to collect and analyze operational data from this project to inform future requirements. 

Requires the Commandant to submit a project briefing including analysis of operational data and projected costs to the congressional transportation committees.

Requires the Commandant to submit to the congressional transportation committees a detailed description of the Coast Guard's strategy for integrating unmanned systems across mission areas, including an estimate of the resources needed to achieve such integration."
235,"FY2023 NDAA, Section 11504 (""At-sea recovery operations pilot program"")",United States Congress,True,False,"Requires the Secretary of the Department of Homeland Security to conduct a pilot program to assess the potential for the autonomous, or remotely controlled, operation and monitoring of certain Coast Guard vessels.

Requires the pilot program described above to assess the complexities and risks of autonomous or remotely controlled vessel operation, gather data on the practice, and assess the regulatory environment necessary to facilitate the practice going forward. 

Permits the pilot program to include operations relating to the launch and recovery of unmanned spaceflight vessels and components.

Permits the Secretary to modify or waive applicable regulations or guidance that would otherwise interfere with the pilot program.

Requires the Secretary to provide the Committee on Commerce, Science, and Transportation of the Senate and the Committee on Transportation and Infrastructure and the Committee on Science, Space, and Technology of the House of Representatives with a quarterly briefing on the pilot program.

Requires the Secretary to submit to the Committee on Commerce, Science, and 
Transportation of the Senate and the Committee on Transportation and 
Infrastructure and the Committee on Science, Space, and Technology of 
the House of Representatives a final report assessing the execution of the pilot program and its implications for preserving safety and environmental quality. 

Requires the Comptroller General of the United States to consult with stakeholders and then submit to the Committee on Commerce, Science, and Transportation of the Senate and the Committee on Transportation and Infrastructure of the House of Representatives a report on the commercial availability, barriers to use, safety and security risks, use abroad, and impact on labor of autonomous and remote technologies used in the operation of shipboard equipment."
229,"FY2023 NDAA, Section 1535 (""Department of Defense Cyber and Digital Service Academy"")",United States Congress,False,False,"Requires the Secretary of Defense to establish a new program that provides financial support to individuals studying digital technology-related areas critical to the Department of Defense, including AI. The program shall be called ""Department of Defense Cyber and Digital Service Academy"" and have a board of directors consisting of representatives from federal departments and agencies.

Eligible individuals need to be enrolled in a relevant program at an institution of higher education and commit to work for the Department of Defense in an area relevant to the program for a duration equivalent to the duration of the scholarship.

Requires a report to Congress on the success of the program every two years."
238,"FY2023 NDAA, Section 10305 (""Modifications to the ocean exploration program of the National Oceanic and Atmospheric Administration"")",United States Congress,True,False,"Instructs the Administrator of the National Oceanic and Atmospheric Administration to promote the development and use of emerging technologies (e.g., sensors and autonomous vehicles) for research, communication, navigation, and data collection in marine science as part of the Administration's national ocean exploration program. 

Otherwise adjusts the precise parameters of the national ocean exploration program, including with regard to data collection and data sharing practices."
233,"FY2023 NDAA, Section 9218 (""Report on changes to the Foreign Service Officer Test"")",United States Congress,True,False,"Requires the Secretary of State to submit to the appropriate congressional committees a report that describes and justifies any changes made during FY 2022 and 2023 to the Foreign Service entry process.

Includes the use of artificial intelligence, including deep textual analysis, and its impact on recruitment in the scope of the report."
230,"FY2023 NDAA, Section 6504 (""Annual report on concentrated reeducation camps in the Xinjiang Uyghur Autonomous Region of the People's Republic of China"")",United States Congress,True,False,"Requires the Director of National Intelligence to create an annual report to Congress for five years that includes a list of Chinese AI businesses that are involved with or are supporting concentrated reeducation camps in the Xinjiang Uyghur Autonomous Region of China.

Directs the Director of National Intelligence to work in consultation with the heads of elements of the intelligence community to create the list of Chinese AI businesses for the report.
"
228,"FY2023 NDAA, Section 1092 (""National Commission on the Future of the Navy"")",United States Congress,True,False,"Establishes an independent Commission on the Future of the Navy within the legislative branch, whose duties include studying opportunities to incorporate advanced technologies, including artificial intelligence, in the fleet.

Requires the Commission to consider specific changes to the Navy's Shipyard Infrastructure Optimization Program and ship depot maintenance program, in order to expand the use of advanced technologies in shipyard infrastructure and ship operations.

Requires the Commission to submit to the congressional armed services committees an unclassified report on the findings of its study. 





"
9,"FY2023 NDAA, Section 6717 (""Policy on required user adoption metrics in certain contracts for artificial intelligence and emerging technology software products"")",United States Congress,True,False,"Authorizes government support for AI-related activities

Instructs the Director of National Intelligence to establish a policy regarding user adoption metrics for contracts and other agreements for the procurement AI and emerging technology software products.

Requires an evaluation of AI systems, or of broader systems or processes that involve AI.

Requires each contract or agreement to include an understanding of the anticipated use of the covered AI or emerging technology product with a clear metric for success, for collecting user adoption metrics and for assessing the adoption of the covered product by such users.

Requires that prior to the procurement of, or the continuation of the use of, any AI and emerging technology product procured by the head of an element of the intelligence community, the head must determine a method for assessing the success of the covered product from user adoption metrics.

"
13,"FY2023 NDAA, Section 6742 (""Code-free artificial intelligence enablement tools policy"")",United States Congress,True,False,"Instructs the heads of the elements of the intelligence community to draft a policy to promote the intelligence community-wide use of code-free artificial intelligence enablement tools.

Requires the given policy to include the objectives and a set of incentives for using code-free artificial intelligence enablement tools.

Instructs the intelligence community to devise a plan to ensure coordination and consideration in designating an official of each element of the intelligence community to oversee implementation of the policy.

Requires an assessment of the personnel and funding requirements, and any other resource requirements, that would be necessary to implement the draft policy in the given timeline."
234,"FY2023 NDAA, Section 9506 (""Cybersecurity recruitment and retention"")",United States Congress,True,False,"Requires the Secretary of State to establish positions within the Bureau of Global Talent Management that are solely dedicated to the recruitment and retention of Department personnel with backgrounds in cybersecurity, engineering, data science, application development, artificial intelligence, critical and emerging technology, and technology and digital policy.

Requires the Secretary to submit a plan to the appropriate congressional committees that describes how the initiative described above will be implemented. 

Authorizes the appropriation of $750,000 for each of the fiscal years 2023 through 2027 to carry out this initiative.

Requires the Secretary to submit to the appropriate congressional committees an annual report, for a period of 5 years, on the implementation of the initiative, including the hiring authorities used to implement it, the number of employees hired through it, and recommendations to enhance the efficacy of the initiative.

Requires the Secretary to include computer programming languages within the Recruitment Language Program and provide appropriate language incentive pay.

Requires the Secretary to provide a list to the appropriate 
congressional committees that identifies (a) the computer programming languages included within the Recruitment Language Program and the language incentive pay 
rate and (b) the number of individuals benefitting from the inclusion of such computer programming languages in the Recruitment Language Program and language incentive pay.
"
1161,"FY2023 NDAA, Section 6718 (""Certification relating to information technology and software systems"")",United States Congress,True,False,"Mandates compatibility of information technology or software systems with new and emerging technologies, such as artificial intelligence.

Incentivizes adoption and integration of new technologies and decommissioning outdated systems, including potential funding enhancements.

Holds intelligence community personnel accountable for integrating new technologies, supported by training programs and evaluations."
231,"FY2023 NDAA, Section 6505 (""Assessments of production of semiconductors by the People's Republic of China"")",United States Congress,False,True,"Begins discussing the phrase “appropriate committees of Congress” and what organizations are actually a part of this phrase when benign referred. Also defines the term “legacy semiconductor” in terms of the definition given in another legislation document.

Annually for 3 years after this act is passed, the Director of National Intelligence must submit an unclassified assessment report regarding China’s production of semiconductors through China’s firms and business sectors to the appropriate committees of Congress.

The Director of National Intelligence must meet with the heads of federal agencies to discuss the elements of the assessment. They must discuss the self-sufficiency of China in the fields of artificial intelligence, cloud computing, autonomous vehicles, and other newer-technological areas. They must discuss China’s access to intellectual property related to leading edge process nodes, including electronic design automation technology. They must discuss Chinese firms’s production of semiconductors that are not legacy conductors and stockpiling efforts of semiconductor manufacturing equipment. They must discuss the relative market share and its trends of Chinese semiconductor manufacturers at different process nodes. They must discuss the outside recruitment activity into Chinese semiconductors firms and the capability of the Chinese workforce in developing semiconductors that are not legacy semiconductors and relevant equipment."
8,"FY2023 NDAA, Section 6702 (""Additional responsibilities of Director of National Intelligence for artificial intelligence policies, standards, and guidance for the intelligence community"")",United States Congress,True,False,"Creates a new institution to govern, investigate, advise, produce, or otherwise act in relation to AI.

Requires the Director of National Intelligence and intelligence heads, to review and establish AI-related policies, aiming to boost AI adoption in the intelligence community.

Requires the heads of the elements of the Intelligence Community to ensure established or updated policies are consistent with the principles outlined in the guidance of the Office of the Director of National Intelligence.

Avails budget guidance to the heads of the intelligence community for developing the National Intelligence Program budget to facilitate the acquisition, development, use, and maintenance of element-specific artificial intelligence capabilities.

Instructs each lead and the Director of National Intelligence to identify a senior official within the element to serve as the designated element lead responsible for coordinating AI efforts.

Addresses government support for AI-related development activities."
10,"FY2023 NDAA, Section 6721 (""Reports on integration of artificial intelligence within intelligence community"")",United States Congress,True,False,"
Addresses government support for AI-related research and development activities, the development of the AI workforce, including education and training in AI-related disciplines.

Requires a description of all authorities related to artificial intelligence use.

Requires a stipulation of element’s roles, responsibilities, and authorities for accelerating AI adoption.

Requires an evaluation of efforts to enhance intelligence capabilities through AI.

Requires a progress of each intelligence element in AI adoption.

Requires details of contracts with small or medium-sized emerging tech companies for AI products.

Requires details of positions established or filled within the element.

Requires a description of Intelligence community policies related to AI adoption and compliance assessments by elements.

Necessitates recommendations for efficient AI adoption in the intelligence community, considering technological advances.

Requires an overview of foreign adversaries' AI advances and steps to ensure U.S. outpaces them.

Requires an identification of resource or authority gaps and administrative or technical barriers to AI adoption.
require

"
232,"FY2023 NDAA, Section 6812 (""Increased intelligence-related engineering, research, and development capabilities of minority institutions"")",United States Congress,True,False,"Requires the Director of National Intelligence to develop and submit to Congress a report and a plan to promote intelligence-related engineering, research, and development activities at institutes of higher education whose students are predominantly of minority ethnicities. 

Requires the plan described above to include an analysis of (a) the opportunities for advancing engineering, research, and development in computer sciences, including artificial intelligence, quantum computing, and machine learning, and synthetic biology, and (b) the investments necessary to do so.

Requires the plan to include metrics of success and actionable recommendations for the Director, Congress, and higher education institutions, and permits the Director to award contracts, grants, or other agreements to support the institutions.

Instructs the Director to establish goals and incentives to encourage the 
Intelligence Advanced Research Projects Activity to develop partnerships between itself, its partner institutions, and institutes of higher education whose students are predominantly of minority ethnicities."
17,"FY2023 NDAA, Section 162 (""Assessment and strategy for fielding capabilities to counter threats posed by unmanned aerial system swarms"")",United States Congress,True,False,"Directs the Secretary of Defense to assess threats posed by unmanned aerial system swarms to installations and deployed Armed Forces, the use of these swarms by adversaries and their national security implications such as autonomous intelligence and machine learning, current capabilities of the Defense Department and their effectiveness in countering these threats, and efforts by the Defense Department to develop and field technology that can counter swarms.

Directs the Secretary of Defense to develop and implement a strategy to field capabilities to counter threats from unmanned aerial system swarms. The strategy should define ""unmanned aerial system swarm,"" outline plans for developing, testing, fielding, and acquiring capabilities to counter swarms, estimate resources needed by each Armed Force to implement the strategy, and determine the legislative action necessary for the Defense Department to counter swarm threats.

Directs the Secretary of Defense to consider incorporating the strategy into a comprehensive strategy to defend against unmanned aerial systems and to report the assessment findings and strategy to the congressional defense committees within 270 days.
"
302,Alabama AI Commission Act,Alabama,True,False,"Establishes the Alabama Commission on Artificial Intelligence to review and advise on AI growth and use in governance, healthcare, education, transportation, and future industries.

Requires the commission to consider the establishment of a permanent AI commission.

Comprises members appointed by the Governor, Lieutenant Governor, House Speaker, and Senate President Pro Tempore, including experts in AI, workforce development, technology, ethics, privacy, or computer science.

Requires the commission to submit a report by May 1, 2020, with findings and recommendations for administrative or policy actions related to AI, available on the website of the Office of the Governor."
212,"FY2022 NDAA, Section 216 (""Improvements relating to steering committee on emerging technology and national security threats"") ",United States Congress,True,False,"Amends Section 236 of the FY 2021 National Defense Authorization Act by adding the Director of National Intelligence as an official that can, with the Secretary of Defense, establish a steering committee on emerging technology and national security and receive recommendations from the committee. Amends members of the steering committee to consist of the Principal Deputy Director of National Intelligence, the Deputy Sector of Defense, the Vice Chairman of the Joint Chiefs of Staffs, and other appropriate officials. Adds that the Steering Committee shall be chaired by the Deputy Secretary of Defense, the Vice Chairman of the Joint Chiefs of Staff, and the Principal Deputy Director of National Intelligence jointly.

Amends the responsibilities of the steering committee by clarifying that the committee's strategy is to maintain the technological superiority of both the US military and intelligence community according to not only the National Defense Strategy, but also the National Intelligence Strategy and the National Security Strategy. Adds that the steering committee is responsible for making recommendations on any changes to the guidance for developing the National Intelligence Program budget and determining whether sufficient resources are available for the intelligence community, in addition to the Department of Defense, to defeat threats to the US.

Adds that the list of technologies classified as emerging technologies is to be determined jointly by the Secretary of Defense and the Director of National Intelligence. Adds the definition of intelligence community from the National Security Act of 1947.
"
216,"FY2022 NDAA, Section 1511 (""Comparative analysis of cybersecurity capabilities"")",United States Congress,True,False,"Instructs various government departments to sponsor an analysis of cybersecurity tools and capabilities. Outlines which specific departments are involved in the analysis. Describes the features and tools that must be functional and applicable to the Department. Identifies the capabilities and usage of artificial intelligence and machine learning algorithms within the government. Focuses on analyzing software at the enterprise level, which enhances the productivity and capability of the government departments."
213,"FY2022 NDAA, Section 557 (""United States Naval Community College"")",United States Congress,True,False,"Provides guidelines for the educational goals of the U.S. Naval Community College, including by naming skills relating to artificial intelligence and other digital technologies as a key focus of the college's educational programs.

Sets eligibility requirements for enrollment in, and graduation from, the college."
214,"FY2022 NDAA, Section 909 (""Digital talent recruiting officer"")",United States Congress,True,False,"Requires the Secretary of Defense to designate a chief digital recruiting officer.

Instructs the chief digital recruiting officer to identify Department of Defense skill gaps relating to artificial intelligence, distributed ledger technologies, cybersecurity, and other digital technology fields. 

Instructs the chief digital recruiting officer to lead the Department's efforts to close those skill gaps. 

Requires the chief digital recruiting officer to provide the congressional defense committees with an annual briefing on the Department's efforts to close those skill gaps. "
211,"FY2022 NDAA, Section 247 (""Reports and briefings on recommendations of the National Security Commission on Artificial Intelligence regarding the Department of Defense"")",United States Congress,True,False,"Directs the Secretary of Defense to submit an annual report to the congressional defense committees on recommendations made by the National Security Commission on AI about the Department of Defense. The report shall cover the Secretary of Defense's intent to implement recommendations, plans for implementing recommendations including timelines and resources, and justifications for not implementing recommendations, including recommendations that are already being implemented.

Directs the Secretary of Defense to brief the congressional defense committees at least annually on progress in analyzing and implementing recommendations and any activities carried out in pursuit of the recommendations, including funding for each activity."
215,"FY2022 NDAA, Section 1509 (""Assessment of cyber posture and operational assumptions and development of targeting strategies and supporting capabilities"")",United States Congress,True,False,"Requires the Commander of Cyber Command, Under Secretary of Defense for Intelligence, and Under Secretary of Defense for Intelligence to assess offensive and defensive cyber capabilities of US adversaries and the U.S. military's plans for potential offensive cyber operations during conflict. One part of the assessment should cover the impact of emerging technologies such as AI. Requires briefing to the congressional defense committees."
217,"FY2022 NDAA, Section 126 (""Acquisition, modernization, and sustainment plan for carrier air wings"")",United States Congress,True,False,"Requires the Secretary of the Navy to submit to the congressional defense committees a 15-year acquisition, modernization, and sustainment plan for the carrier air wings of the Navy.

Requires the plan to include an analysis of how advanced technologies such as Next Generation Jammer can be utilized to maximize operational use of existing platforms, particularly the EA-18G aircraft and the E-2D aircraft.  "
218,"FY2022 NDAA, Section 246 (""Report on autonomy integration in major weapon systems"")",United States Congress,True,False,"Requires the Secretary of Defense to submit to the congressional defense committees a report on the Department of Defense's efforts to ensure that appropriate military systems can operate autonomously in GPS-denied environments.

Directs the report described above to include a list of systems which can be upgraded with autonomy software; the timelines for doing so; the funding required for doing so; plans to leverage artificial intelligence for such systems; plans for ensuring the safety and security of such systems through testing, evaluation, verification, and validation; and a list of Department policies that would require modification to facilitate this project."
247,Georgia House Bill 203 (2023),Georgia,False,True,"Requires all eye assessments that utilize artificial intelligence or other advanced technology to conform to the traditional standards of in-person care.

Requires a medical professional to analyze any information collected or generated by an automated system during the eye assessment process.

Requires all eye assessments to involve the collection of a patient's relevant medical information, which must be stored in a medical record for at least 7 years. 

"
27,AI Training Act,United States Congress,True,False,"Requires the Director of the Office of Management and Budget to establish an artificial intelligence training program for the acquisition workforce to garner knowledge of the capabilities and risks associated with AI.

Requires the program to include information relating to AI risks mitigation and the identification of  reliable, safe, and trustworthy AI.

Requires the program to include information relating to future trends in AI, including trends for homeland and national security and innovation.
           
Requires the Director of the AI program to develop an interactive learning portfolio with technologists, scholars and experts from private, public and non profit sectors.

Requires the Director of the AI program to develop an evaluation system to track participation and improve the program"
52,"Intelligence Authorization Act for Fiscal Year 2022, Section 834 (""Plan for Artificial Intelligence Digital Ecosystem"")",United States Congress,True,False,"Instructs the Director of National Intelligence to develop a plan with other heads of the intelligence community for a modern digital ecosystem that enables the development and progress of artificial intelligence applications and present it to Congress within one year of the enactment of the Act.

Requires that the plan include policies to allow flexible access to classified facilities to select companies, establishes a system to allow for investments into the ecosystem that would address technical issues including but not limited to common interfaces, authentication, and software, and includes policies to prevent duplication of AI capabilities within the intelligence community.

Requires that the plan establish a governance structure to standardize implementation throughout the intelligence community and adheres to community and federal standards. "
25,National AI Initiative Act,United States Congress,True,False,"Requires the President to establish a National Artificial Intelligence Initiative to support AI-related research, education, workforce development, planning, and international cooperation. 

Requires the creation of an office, interagency coordinating committee, external advisory committee, and a task force for a potential National AI Research Resource. Directs the interagency committee to create and periodically update a strategic plan for artificial intelligence.

Requires a National Academies study of the impact of AI on the workforce.

Directs the Director of the National Science Foundation to fund new AI research institutes as well as various activities related to AI research, education, engineering, and ethics.

Amends the National Institute of Standards and Technology Act to give NIST various duties and powers related to AI and data.

Directs the Administrator of the National Oceanic and Atmospheric Administration to establish a Center for Artificial Intelligence.

Directs the Secretary of Energy to carry out an AI research and development program on topics including AI for science and trustworthy AI."
28,"Countering Human Trafficking Act of 2021, Section 4",United States Congress,True,False,"Establishes a department of Homeland security center for countering human trafficking.

Establishes (under section 4), a specialized initiative in conjuction with the Science and Technology Directorate Office of Science and Engineering to modify systems and processes towards countering human trafficking. 

Instructs the CCHT Director, in conjunction with the Science and Technology Directorate Office of Science and Engineering to apply analytics to automate manual processes.

Instructs the CCHT Director, in conjunction with the Science and Technology Directorate Office of Science and Engineering to provide artificial intelligence and machine learning techniques towards increasing system capabilities and enhancing data availability,  reliability, comparability, and verifiability."
69,American COMPETE Act,United States Congress,True,False,"Directs the Secretary of Commerce and the Federal Trade Commission to conduct a study on the state of the AI industry and its impact on the US economy.

Directs the Secretary and the Commission to conduct a survey of the AI market and supply chain, identify risks of exploitation by third parties, and provide recommendations to reduce bias, and protect privacy and security in AI applications.

Requires the Commission to conduct a study on how AI can be used to address online harms, including harmful content, disinformation, and crime."
55,"Consolidated Appropriations Act, 2023, Section 101 (""Manufacturing.gov Hub"")",United States Congress,True,False,"Instructs the Secretary of Commerce in coordination with the Information Officer of the Department of Commerce to modify the manufacturing.gov website to include a section called the manufacturing.gov hub. 

Instructs the Secretary of Commerce to use machine learning in this hub to identify frequently asked questions and disseminate the answers to these questions to the public. "
54,"Health Extenders, Improving Access to Medicare, Medicaid, and CHIP, and Strengthening Public Health Act of 2022, Section 1432 (""Research on the Health and Development Effects of Media and Related Technology on Minors"")",United States Congress,True,False,"Directs the Secretary of Health and Human Services to produce a report about the effects of media and technology use on the cognitive development, physical health, and mental health of infants, children, and adolescents.

Authorizes the Secretary to provide financial support to research agendas and programs on the same issues.

Instructs the Secretary to submit the aforementioned report, including grants and research funded under this act, to Congress no later than two years after the passage of this legislation."
61,AI in Government Act of 2020,United States Congress,True,False,"Defines Artificial Intelligence

Creates a program called ‘‘AI Center of Excellence’’, (CoE) which shall facilitate the adoption of AI technologies in the Federal Government and improve cohesion in the adoption of artificial intelligence.

Stipulates certain functions of this program which includes; 
a.  Collaborating with individual agencies, federal laboratories, nonprofit organizations, institutions and other entities to discuss recent developments in AI.

b. Assisting agencies in applying Federal policies on the management and use of data in the use of AI.

c. Consulting with agencies, including the Department of Defense, the Department of Commerce, the Department of Energy, the Department of Homeland Security, the Office of Management and Budget, the Office of the Director of National Intelligence, and the National Science Foundation, on issues relating to AI.

Identifies the skills needed for future job positions within the CoE and establishes jobs within the CoE and their duration (2 and 5 years).

Instructs the Director of the CoE to submit a comprehensive plan to the Committee on Homeland Security and Governmental Affairs and the Committee on Oversight and Reform with a timeline to achieve paragraphs a,b,c,d within 120 days of the date of the enactment of the instrument.

Instructs the Director of the AI CoE to recommend approaches to remove barriers for use by agencies of AI technologies in order to promote their innovative application while protecting civil rights, and economic and national security; identify best practices for assessing and mitigating any discriminatory impact or bias on the basis of any classification protected under Federal nondiscrimination laws, or any unintended consequence of the use of AI."
277,Texas AI advisory council,Texas,True,False,"Establishes an artificial intelligence advisory council -- to be disbanded at the start of 2025 -- to study and monitor AI systems developed, employed, or procured by Texas state agencies.

Instructs the advisory council to assess the need for an AI code of ethics for the state government, review automated decision systems inventory reports submitted by state agencies, and recommend administrative actions as needed. 

Requires the advisory council to submit a report on its activities and findings to the legislature. 

Requires each state agency to submit to the legislature and advisory council an inventory report of all automated decision systems that are being developed,
employed, or procured by the agency.

Requires the inventory reports described above to assess each AI system's purpose, capabilities, data management practices, data output, and fiscal impact, as well as any information available on bias testing conducted on the system and the forms of data inputted into the system. "
68,"Energy Act of 2020, Title IX, Section 9008 (""Veterans' health initiative"")",United States Congress,True,False,"Directs the Secretary of Energy to establish a research program in AI and high-performance computing, focused on developing tools to improve veteran healthcare provisions.

Instructs the Secretary to dedicate $27,000,000 for the construction of new data enclaves, development of new analytical methods, and use of algorithms suitable for large biomedical data sets.

Mandates the Secretary to submit a report two years after the passage of this legislation summarizing the progress of the research program.

Authorizes $15,000,000 for each of the fiscal years from 2021 to 2025 to coordinate and further the above research with other Federal agencies, institutions of higher education, nonprofit research organizations, and industry."
63,"Consolidated Appropriations Act, 2021, Division W, Title V, Section 502 (""Seedling investment in next-generation microelectronics in support of artificial intelligence"")",United States Congress,True,False,"Lists the findings of Congress which detail importance of the development of AI technology 
Instructs the Director of National Intelligence to award contracts or grants to encourage microelectronics research
Specifies that the funds awarded be used towards advanced engineering and applied research to enable the advancement of AI and machine learning, research to overcome existing challenges with engineering and applied research of microelectronics, and long-term advancements in computing technology 
Limits the amount able to be awarded to no more than $15,000,000

"
77,"Research and Development, Competition, and Innovation Act, Title III (""National Science Foundation for the Future"")",United States Congress,True,False,"Instructs the Director of the National Science Foundation (Director) to develop a report on the need and feasibility as well as construct plans to implement a program to recruit and train the next generation of AI professionals in US government. Mandates that the report include statistical data on the federal AI workforce, assessments of current and future demand for AI expertise across the federal government and the ability of higher education institutions to prepare students to meet this demand, and an evaluation of the need for and feasibility of establishing a scholarship-for-service program for AI professionals in US government, as well as the possibility of leveraging existing programs such as the Federal Cyber Scholarship-for-Service Program. 

Authorizes the Director and other appropriate agency heads to establish a Federal AI scholarship-for-service program to recruit and train AI professionals to achieve the missions of US government. Requires the Director, in coordination with other agency heads, to establish criteria such as excellence in AI education and the ability to attract diverse students to designate qualified institutions of higher education that shall be eligible to participate in the program. Requires the program to provide scholarships through qualified higher education institutions to students pursuing fields of study related to AI, provide scholarship recipients with temporary appointments related to work on AI in the federal government, prioritize placement of scholarship recipients in executive agencies, identify opportunities to promote multidisciplinary programs of study, support capacity building for educational institutions to enable them to train the next-generation AI workforce, create courses in technology ethics for scholarship recipients, and award fellowships to masters and doctoral students who are pursuing degrees or research in AI and related fields. Instructs scholarship amounts to cover a student’s tuition and fees for not more than 3 years with an additional stipend, and obligates scholarship recipients to work for a period of time equivalent to the length of the scholarship in the AI mission of the US government entity or affiliated entity.

Instructs the Director to establish competitive awards to institutions to advance knowledge of risk assessment including the utilization of AI in our ability to understand and predict extreme events and natural hazards, create engineered system solutions and develop instrumentation for innovation in resilient infrastructure, and advance research on multidisciplinary wildfire science and behaviors related to increasing resilience.

Amends Section 506(a) of the America COMPETES Reauthorization Act of 2010 by adding AI and machine learning to the list of research areas that fall under information technologies for manufacturing that the Director can award grants to.

Instructs the Director to make competitive awards to institutions to support basic research to advance critical minerals mining strategies to make better use of domestic resources and eliminate national reliance on minerals subject to supply chain disruptions, including the application of AI for geological exploration of critical minerals and the application of machine learning for detection and sorting of critical minerals.

Requires the Director to conduct or support the development of a study on AI research capacity at US institutions of higher education. Requires the study to, at minimum, address which universities are putting out significant peer-reviewed AI research based on quantity and number of citations, which factors of these universities such as computing power enable their research, promising practices at these universities for advancing diversity, equity, and inclusion in AI research programs, geographic diversity of universities that have AI research-enabling factors, and how universities that are not currently top producers of AI research could improve, including potential pilot programs that the federal government could develop or support to help universities produce AI research.

Instructs the Director, in consultation with the Director of the Office of Management and Budget and the interagency committee established under the National AI Initiative Act of 2020, to develop and test models to inform the implementation of a government-wide data linkage and access infrastructure for statistical activities.

Requires the Director to identify, and annually review and update a list of not more than 10 key technology focus areas, which includes AI, machine learning, autonomy, and related advances."
65,"Energy Act of 2020, Title III, Section 3002(g) (""Advanced Geothermal Computing and Data Science Research and Development"")",United States Congress,True,False,"Amends the Energy Independence and Security Act of 2007, instructing the Secretary of Energy to carry out a research and development program of advanced computing and data science tools for geothermal energy. Supports the use of artificial intelligence and related computing tools to assist in locating geothermal resources, to increase site characterization reliability, to increase drilling rate and efficiency, to improve induced seismicity mitigation, and to support enhanced geothermal systems technologies.

Instructs the Secretary of Energy to, in carrying out these programs, ensure consultation with DOE's Office of Science and maximize coordination with DOE National Laboratories, institutes of higher education, and the private sector."
80,"Research and Development, Competition, and Innovation Act, Title VI, Section 10771 (""Department of Energy research, development, and demonstration activities"")",United States Congress,True,False,"Authorizes the appropriation of $200 million -- spread across FY 2023-2026 -- to the U.S. Department of Energy for its Office of Environmental Management to carry out research, development, and demonstration activities, including those relating to artificial intelligence."
164,"Infrastructure Investment and Jobs Act, Section 25005 (""Strengthening Mobility and Revolutionizing Transportation Grant Program"")",United States Congress,True,False,"Directs the Secretary of Transportation to establish a grant program to advance smart city infrastructure projects that improve transportation efficiency, safety, and accessibility. 

Requires eligible projects to demonstrate focus in directed areas, including the deployment of automated transportation, autonomous vehicles, and intelligent, sensor-based infrastructure. 

Requires grant-receiving entities to submit to the Secretary an implementation report, supported by data describing the effectiveness of projects in meeting their specific goals.  "
76,"Research and Development, Competition, and Innovation Act, Title II (""National Institute of Standards and Technology for the Future""), Subtitle B (""Measurement Research"")",United States Congress,True,False,"Instructs the Director to carry out research and testing to improve the effectiveness of Artificial Intelligence-enabled cybersecurity, Artificial Intelligence defense systems and evaluating the performance of varying network architectures at strengthening network security.

Requires the Director to carry out a program of measurement research for advanced communications technologies which among others would include Artificial Intelligence systems to enable internet of things networks, immersive technology, and other advanced communications technologies

Instructs the Director to support the development of technical standards and guidelines that promote safe and trustworthy Artificial Intelligence systems, such as enhancing the accuracy, privacy, explanability, reliability, robustness, safety, security, and mitigation of harmful bias in Artificial Intelligence systems

Instructs the Director to create a framework for managing risks associated with Artificial Intelligence systems.

Instructs the Director to develop and publish cybersecurity tools, encryption methods, and best practices for Artificial Intelligence and data science. 

Requires the Director to establish testbeds to support the development of robust and trustworthy Artificial Intelligence and machine learning systems, including testbeds that examine the vulnerabilities and conditions that may lead to failure in, malfunction of, or attacks on such systems.

Requires the Director to conduct regular testing to improve and benchmark the accuracy, efficacy, and bias of biometric identification technologies, 



"
162,"Infrastructure Investment and Jobs Act, Section 11401 (""Grants for Charging and Fueling Infrastructure"")",United States Congress,True,False,"Directs the Secretary of Transportation to establish a grant program to promote charging and fueling infrastructure for alternative-fuel vehicles.

Allocates a maximum grant amount of $15M.

Requires entities applying for grants to describe how they have considered infrastructure instillation that can accommodate autonomous vehicles and other technology advancements. 
"
56,"Infrastructure Investment and Jobs Act, Section 40210 (""Critical Minerals Mining and Recycling Research"")",United States Congress,True,False,"Authorizes the use of funds towards examining the application of artificial intelligence for geological exploration of critical minerals, including what size and diversity of data sets would be require

Authorizes the use of funds towards examining the application of machine learning for detection and sorting of critical minerals, including what size and diversity of data sets would be required.

Authorizes the advancement and development of reserach in AI and machine learning.

Addresses government support for AI-related research and development activities.





"
58,"Infrastructure Investment and Jobs Act, Title V, Subtitle C, Part II (""Smart Manufacturing"")",United States Congress,True,False,"Defines ""smart manufacturing"" as advanced technologies in artificial intelligence, computation, and modeling that streamline manufacturing production lines.

Directs the Secretary of Energy the conduct a study on how to increase access to the computing facilities of the National Laboratories for small and medium manufacturers.

Instructs the Secretary to make the National Laboratories' high-performance computing resources available to small and medium manufacturers to increase their manufacturing competitiveness.

Authorizes the Secretary to distribute financial assistance to programs that support the  implementation of smart manufacturing technologies, based on technical merit and research record.

Requires the Secretary to submit an annual report to Congress about the status of smart manufacturing in the United States."
165,"Infrastructure Investment and Jobs Act, Section 25017 (""University Transportation Centers Program"")",United States Congress,True,False,"Amends previous legislation that directs the Secretary of Transportation to make grants to establish university transportation centers at eligible nonprofit institutions of high education. 

Modifies previously established objectives of the university transportation centers program to include research on the cybersecurity implications of autonomous vehicles, as well as of any other technologies relating to connected vehicles and connected infrastructure. "
163,"Infrastructure Investment and Jobs Act, Section 13005 (""Emerging Technology Research Pilot Program"")",United States Congress,True,False,"Directs the Secretary of Transportation to establish an emerging technology research pilot program that will:

Authorizes research and development activities related to using advanced and additive manufacturing technologies to support the integrity and cost-effectiveness of surface transportation infrastructure

Authorizes research and development activities and pavement testing to reduce the impact of automated driving and advanced driver-assistance systems on pavement and infrastructure, and improve the design of transportation infrastructure to accommodate increasing numbers of automated and advanced driving systems

Authorized to be appropriated $5,000,000 to carry this out for fiscal years 2022 to 2026"
79,"Research and Development, Competition, and Innovation Act, Title VI, Section 10731 (""Microelectronics research for energy innovation"")",United States Congress,True,False,"Instructs the Secretary of Energy to carry out a program of research, development, and demonstration of microelectronics, including leveraging artificial intelligence to enhance microelectronics applications. Appropriates $75M-$100M for the microelectronics research program for each fiscal year from 2023 to 2027.

Instructs the Director of the Office of Science to establish 4 Microelectronic Science Research Centers, whose missions include advancing knowledge and experimental capabilities in AI and other computational and theoretical methods.

Promotes coordination of microelectronic research and development across DOE efforts, other Federal agencies, other research centers, and the private sector. "
64,"Consolidated Appropriations Act, 2021, Division W, Title V, Section 604 (""Assessment of critical technology trends relating to artificial intelligence, microchips, and semiconductors and related supply chains"")",United States Congress,True,False,"Directs the Director of National Intelligence to assess export controls and other technology transfer measures by partner countries on artificial intelligence enabled technologies critical to US supply chains.

Mandates the Director to identify opportunities for cooperation with partner countries to address technology transfer threats.

Instructs the Director to investigate the effect of computing power trends on global artificial intelligence development and implementation and deliver the report no later than 180 days after the enactment of this piece of legislation."
75,"Research and Development, Competition, and Innovation Act, Title I (""Department of Energy Science for the Future"")",United States Congress,True,False,"Instructs the Secretary of the Advanced Computing Program to maintain foundational research programs in mathematical and computational sciences, including new and emerging computing needs within the mission of the Department like novel approaches to modelling and simulation, artificial intelligence, and machine learning.

Instructs the Secretary to issue and ensure adherence to guidance for the Department, the National Laboratories, and users. This guidance pertains to how high-performance computing systems, including machine learning algorithms for data analysis and artificial intelligence, should be employed. 

Instructed the Director to prioritize research and development of sustainable chemistry, autonomous chemistry, and materials synthesis, leveraging  advances in artificial intelligence.

Instructs the Director to carry out research and testing to improve the effectiveness of artificial intelligence-enabled cybersecurity. 

Instructs the Director to support the development of artificial intelligence and data science. 

Instructs the Director to support the development of technical standards and guidelines- creating a framework for managing risks associated with artificial intelligence systems. 

Instructs the Director to establish testbeds to support the development of robust and trustworthy artificial intelligence and machine learning systems. These testbeds will examine the vulnerabilities and conditions that may lead to failure, malfunction, or attacks on such systems.

Instructs the Director to establish a report on the need, feasibility, and plans to implement a program to recruit and train the next generation of artificial intelligence professionals. This program is meant to meet the needs of Federal, State, local, and Tribal governments.

Provides scholarships through qualified institutions of higher education to students enrolled in programs related to artificial intelligence. Provides fellowships to masters and doctoral students pursuing degrees or research in artificial intelligence and related fields.

Necessitates research and testing to improve the accuracy, efficacy, and bias of biometric identification technologies.


"
67,"Energy Act of 2020, Title VIII, Section 8002 (""Smart grid modeling, visualization, architecture, and controls"")",United States Congress,True,False,"Directs the Secretary of Energy to support the development of new and emerging technologies to increase the resilience of electrical grid design, planning, and operation.

Mandates the Secretary to bolster the usage of computational tools and technologies in improving the sensing, monitoring, and visualization of the electric grid; models must be able to predict the effects of adverse physical and cyber events on the electric grid.

Instructs the Secretary to research the potential deployment of new and emerging technologies, including artificial intelligence, with existing electrical grid infrastructure."
57,"Infrastructure Investment and Jobs Act, Section 40433 (""Digital Climate Solutions Report"")",United States Congress,True,False,"Defines digital climate solutions as those that use artificial intelligence, blockchain technologies, and the Internet of Things. 

Directs the Secretary of Energy to create a report that contains a full inventory of digital climate solutions, an analysis of how the private sector can use the digital climate solutions, and a summary of opportunities to enhance the standardization of regulatory climate protocols."
303,Hawaii AI Advisory Committee Resolution,Hawaii,True,False,"Establishes an AI advisory committee in Hawaii to investigate how to implement, develop, and regulate AI in the state; the committee will be composed of government, academic, and industry stakeholders.

Requires the committee to evaluate and make recommendations on AI applications in other governments, competitive advantages to be gained by integrating AI into Hawaii’s economy, methods for encouraging AI R&D in universities and private sector, the potential danger of integrating AI into state operations, and potential regulatory systems for AI. 

Requires the committee to submit a report of findings and proposed legislation to the Legislature before its convening in 2020. "
179,"21 CFR § 870.2790 (""Photoplethysmograph analysis software for over-the-counter use"")",Food and Drug Administration,False,True,"Requires manufacturers of photoplethysmograph analysis software to conduct clinical performance testing that reveals the performance characteristics of the detection algorithms under anticipated use cases.

Requires manufactures to perform verification, validation, and hazard analysis of the software, as well as divulge the software's technical specs including the detection algorithm and its inputs and outputs."
182,"21 CFR § 892.2060 (""Radiological computer-assisted diagnostic software for lesions suspicious of cancer"")",Food and Drug Administration,False,True,"Requires manufacturers of radiological computer-assisted diagnostic software to provide a detailed description of the image analysis algorithms including inputs, outputs, major components, and limitations.

Requires disclosure of pre-specified performance testing protocols used to assess whether the device will improve reader performance as intended.

Requires disclosure of results from performance testing that follows pre-specified protocols.

Requires manufacturers to provide appropriate software documentation including device hazard analysis, software design specs, traceability analysis, and cybersecurity features.

Mandates labeling that details compatible imaging hardware and imaging protocols, as well as the intended reading protocol."
178,"21 CFR § 870.2210 (""Adjunctive predictive cardiovascular indicator"")",Food and Drug Administration,False,True,"Requires that adjunctive predictive cardiovascular indicators -- medical devices used to predict cardiovascular health -- be subject to special controls in the U.S. Those controls include the following:

Requires a risk assessment of the device, including full disclosure of software specs and different inputs considered when making predictions about future cardiovascular health.

Requires scientific justification for the device's efficacy, including verification of algorithm calculations and validation using an independent data set.

Requires a human factors and usability engineering assessment to evaluate the risk of misinterpretation of device output.

Requires a clinical data assessment that specifies the clinical data used and an evaluation of output consistency."
169,"21 CFR § 864.3750 (""Software algorithm device to assist users in digital pathology"")",Food and Drug Administration,False,True,"Classifies a software algorithm device to assist users in digital pathology -- an in vitro device intended to evaluate acquired scanned pathology whole slide images to assist in diagnosis -- into the U.S. Food and Drug Administration's class II, requiring special controls. That set of special controls:

Requires detailed product labeling, including instructions for use and notices of the device's limitations.

Requires performance assessments of the device that meets pre-set standards for rigor, evaluate the device's performance when used by its intended users, and cover the entire spectrum of challenging cases likely to be encountered in the device's operation. 

Requires a detailed description of the workings of the device's software.

Requires a risk management plan, including mechanisms to mitigate cybersecurity risks. "
180,"21 CFR § 870.2345 (""Electrocardiograph software for over-the-counter use"")",Food and Drug Administration,False,True,"Labels over-the-counter use of electrocardiograph software devices as Class II (special controls), which requires manufactures to verify, validate, and conduct hazard analysis of detection algorithms in the devices.

Mandates manufactures to produce clinical performance testing results that shows the performance characteristics of the detection algorithm by sensitivity and either specificity or positive predictive value.

Requires manufacturers who fail to conduct non-clinical performance testing to validate detection algorithm performance using a previously adjudicated data set.

Requires human factors and usability testing to demonstrate that the user can correctly interpret the device output and understand when to seek medical care."
174,"21 CFR § 864.3750 (""Adjunctive hemodynamic indicator with decision point"")",Food and Drug Administration,False,True,"Classifies the adjunctive hemodynamic indicator with decision point -- a device that monitors medical conditions relating to blood flow -- into the Food & Drug Administration's class II, requiring special controls. That set of controls:

Requires a full description of the technical parameters of the device's software and sensors.

Requires a risk assessment for the device.

Requires mechanisms designed to mitigate the impact of user error or failure of any subsystem components (signal detection and analysis, data display, and storage) on the accuracy of the device's output.

Requires statistical documentation, based on robust clinical data, of the device's efficacy. The accuracy of the device's algorithm must be tested using an independent dataset. 

Requires a usability assessment to demonstrate that the risk of misinterpretation of the status indicator is appropriately mitigated.

Requires detailed product labeling. "
175,Limited Applicability of Consumer Financial Protection Act's “Time or Space” Exception With Respect to Digital Marketing Providers,Consumer Financial Protection Bureau,False,True,"Clarifies Section 1002 of the Consumer Financial Protection Act of 2010's definition of ""service provider"" to include digital marketing providers that use algorithmic models or other analytics to commingle the targeting and delivery of advertisements to consumers, rendering those providers subject to the Act's prohibition on unfair, deceptive, or abusive acts or practices.

Outlines the ways in which digital marketers provide additional services beyond ""time or space"" and are materially involved in the development of content strategy -- often through the use of targeting and delivering algorithms -- thus qualifying them as ""service providers"" under the law.

Outlines specific circumstances in which digital marketers are and are not considered service providers under the CFPA; they qualify as service providers when using algorithms and data to target and deliver advertisements with certain characteristics, or when using algorithms and business-specific data to determine when to display specific advertisements to specific consumers. "
173,"21 CFR § 882.1491 (""Pediatric Autism Spectrum Disorder diagnosis aid"")",Food and Drug Administration,False,True,"Classifies the Cognoa ASD Diagnosis Aid, a machine-learning software program and device used in the diagnosis of Autism Spectrum Disorder, into the U.S. Food and Drug Administration's class II regulatory category requiring special controls. The mandated special controls are as follows:

Requires clinical performance testing to demonstrate that the device performs as intended under anticipated conditions of use, including an evaluation of sensitivity, specificity, positive predictive value, and negative predictive value using a reference method of diagnosis and assessment of patient behavioral symptomology.

Requires software verification, validation, and hazard analysis to be provided for the device. Software documentation must include a detailed, technical description of the algorithm(s) used to generate device output(s), and a cybersecurity assessment of the impact of threats and vulnerabilities on device functionality and user(s).

Requires a usability assessment that must demonstrate that the intended user(s) can safely and correctly use the device.

Requires detailed product labeling that includes instructions for the device's use and a summary of any clinical testing done to demonstrate the device's functionality."
177,"21 CFR § 870.1420 (""Coronary artery disease risk indicator using acoustic heart signals"")",Food and Drug Administration,False,True,"Requires disclosure of all inputs and outputs of algorithms used in coronary artery disease risk indicators.

Requires manufacturers to divulge the procedure for segmenting, characterizing, and classifying the acoustic signal.

Mandates the verification of the algorithm calculations and validation using an independent data set."
183,"21 CFR § 892.2070 (""Medical image analyzer"")",Food and Drug Administration,False,True,"Requires disclosure of inputs, outputs, components, and limitations of image analysis algorithms used in medical image analyzers.

Requires performance testing that demonstrates the algorithms meaningfully improve the detection of abnormalities during patient radiographs.

Requires appropriate software documentation including device hazard analysis, software specs, traceability analysis, pass/fail criteria, and cybersecurity.

Requires a detailed summary of the methodology behind the performance testing."
170,"21 CFR § 870.2785 (""Software for optical camera-based measurement of pulse rate, heart rate, breathing rate, and/or respiratory rate"")",Food and Drug Administration,False,True,"Classifies the Oxehealth Vital Signs device -- which uses software to enable camera-based measurement of pulse rate, heart rate, breathing rate, and/or respiratory rate -- into the U.S. Food and Drug Administration's class II, requiring special controls. The set of special controls:

Requires a full characterization of the technical parameters of the device's software, as well as documentation of a cybersecurity vulnerability and management process to assure software functionality.

Requires the results of verification and validation testing based on a comprehensive hazard analysis and risk assessment of the software and associated device, to include a description of all mitigations for user error or failure of any subsystem components (including signal detection, signal analysis, data display, and storage) on output accuracy.

Requires clinical data demonstrating the software and device's efficacy, including comparing the device's output with a clinically accurate patient-contacting relevant comparator device in an accurate and reproducible manner.

Requires a human factors and usability engineering assessment that evaluates the risk of improper measurement.

Requires detailed product labeling, to include instructions for using the device and interpreting its output; warnings of factors that may impede proper functionality; and a description of the measurements the device takes."
176,"21 CFR § 870.1345 (""Intravascular bleed monitor"")",Food and Drug Administration,False,True,"Requires that the Saranas Early Bird Bleed Monitoring System -- a device that uses measurements of the body's electrical conductivity and an algorithm to monitor potential internal bleeding complications -- be subject to special controls from the U.S. Food and Drug Administration. Those controls include the following:

Requires performance testing demonstrating that the device meets standards for efficacy, safety, sterility, and usability.

Requires software verification, validation, and hazard analysis to be performed. 

Requires detailed product labeling to include instructions for use and storage, among other product details."
181,"15 CFR part 7 (""Securing the Information and Communications Technology and Services Supply Chain"")",Department of Commerce,True,False,"Establishes procedures by which the Secretary of Commerce may determine whether any information and communications technology or service (ICTS) transaction that has been produced or supplied by foreign adversaries poses certain undue or unacceptable cybersecurity risks. Relevant ICTS include drones or any other unmanned aerial systems, autonomous systems, and artificial intelligence and machine learning software.

Establishes procedures by which the Secretary may prohibit and/or direct the timing and manner of the cessation of an ICTS transaction.

Establishes procedures by which the Secretary may consider factors that may mitigate the risks posed by the ICTS transaction. 

Details penalties for entities that violate any issued final determination or direction. "
1244,LIFT AI Act,United States Congress,False,False,"Establishes the ""LIFT AI Act"" to advance AI literacy in K–12 education.

Empowers the Director of the National Science Foundation to award competitive grants to higher education institutions or nonprofits for developing AI literacy curricula and evaluation methods.

Endorses AI literacy education to prepare a skilled workforce and maintain U.S. leadership in AI.

Recognizes the importance of AI literacy in mitigating ethical challenges and adapting to rapidly evolving AI technologies.

Supports the development of curricula focussed on AI competency, AI literacy evaluation tools, and professional development courses in AI literacy for educators.

Encourages incorporating AI literacy in existing curricula, emphasizing responsible AI use."
1234,Artificial Intelligence Acquisitions Act of 2024,United States Congress,True,False,"Mandates the development of a list of artificial intelligence products or services posing national security risks, focusing on those associated with foreign entities of concern.

Requires the Executive Director, alongside the Under Secretary of Commerce and the Federal Acquisition Security Council, to publish and annually update this list.

Prohibits federal agencies from purchasing or procuring AI products or services included on this list.

Obligates contractors with federal agencies to divest from listed AI products within specified timeframes.

Allows exceptions for intelligence activities and specific Department of Defense operations related to defense intelligence and adversarial AI research.

Defines key terms including ""artificial intelligence,"" ""foreign person of concern,"" and ""country of concern,"" specifying entities like China, Russia, and Iran as countries of concern.

Sets a timeline for initial list publication within one year of the Act's enactment and mandates public notification if no updates are made annually."
1499,Idaho HB 575 (Disclosing Explicit Synthetic Media),Idaho,False,True,"Establishes the crime of disclosing or threatening to disclose explicit synthetic media without consent, intending to cause distress or obtain valuables, punishable as a misdemeanor or felony for repeat offenders.

Defines ""explicit synthetic media"" as AI-altered images or videos depicting sexual conduct involving identifiable individuals without their engagement.

Exempts disclosures for lawful purposes, such as criminal investigations, public interest reporting, scientific research, or legal proceedings.

Excludes liability for interactive computer services and telecommunications providers for third-party content, unless they intentionally aid disclosures.

Declares provisions severable, ensuring unaffected sections remain valid if parts are invalidated.

Declares an emergency and sets the effective date for July 1, 2024."
403,S. 3004 (Chief AI Officer Governing Council),United States Congress,True,False,"Establishes the Chief Digital and Artificial Intelligence Officer Governing Council to oversee and ensure ethical AI and data policies within the Department of Defense.

Requires the Council to oversee AI ethics, governance, and operational usage, with the aim of improving AI governance coordination and mitigating bias in AI systems. 

Mandates the Council to submit reports to the Secretary of Defense and congressional defense committees every 180 days initially and at least every 18 months thereafter. "
473,Digital Platform Commission Act of 2023,United States Congress,True,False,"Defines algorithmic processes as including artificial intelligence techniques and refers to processes that can make decisions, generate content, or provide information, especially as used in social media

Establishes the Federal Digital Platform Commission to regulate digital platforms, including social media.

Provides for the creation of a Code Council to develop voluntary or enforceable behavioral codes, technical standards, and other policies related to digital platforms and AI processes.

Mandates oversight of algorithmic processes, including those using AI, for fairness, transparency, and safety.

Obligates platforms to ensure recommendation systems and other algorithmic processes are free from harmful, abusive, anticompetitive, or deceptive biases.

Imposes regular public risk assessments for harmful content distribution and steps to mitigate such harms, including those from algorithmic processes.."
576,Cooper Davis Act,United States Congress,False,True,"Requires electronic communication service providers and remote computing services to report to the Drug Enforcement Administration (DEA) any knowledge of crimes involving fentanyl, methamphetamine, or counterfeit substances.

Mandates the report to be filed within 60 days of obtaining such knowledge, including detailed contact and relevant information about the involved accounts.

Allows reports based on reasonable belief and includes optional additional information like geographic location and complete communication data.

Subjects providers to criminal and civil penalties for failing to report or submitting false reports.

States that providers are not required to monitor users or the content of communications proactively.

Obliges DEA to review and potentially investigate reports, sharing them with other law enforcement agencies as needed.

Mandates the Attorney General to enforce these requirements and take measures for data minimization.

Requires DEA to publish annual reports on the number and outcomes of reports received.

Exempts broadband internet access service providers from these reporting requirements."
1208,AI Ads Act ,United States Congress,False,False,"Amends the Federal Election Campaign Act of 1971 to include fraudulent misrepresentation through content generated with artificial intelligence (AI) under its prohibitions.

Clarifies that fraudulent misrepresentation of campaign authority or solicitation of funds includes the use of AI-generated content.

Extends the prohibition against fraudulent misrepresentation beyond candidates to any person misrepresenting candidates, political parties, or committees for any purpose.

Broadens the scope of prohibited fraudulent solicitation to encompass any candidate, political party, or fictitious political organization, not just those directly involving a candidate or party employee.

Expands the provisions to cover AI-generated content used in misrepresentation or solicitation within political campaigns, ensuring comprehensive regulation of AI's role in electoral fraud."
851,Five AIs Act 2024,United States Congress,False,False,"Establishes the ""Five AIs Strategic Artificial Intelligence Working Group"" within 90 days to coordinate AI initiatives among the Five Eyes countries (Australia, Canada, New Zealand, the UK, and the US).

Requires the Secretary of Defense and Director of National Intelligence to lead and designate a head for the Working Group.

Mandates the Working Group to develop strategies for AI interoperability, ethical frameworks, and innovation among the Five Eyes countries.

Instructs testing and evaluation of AI systems for intelligence sharing and battlespace awareness.

Emphasizes leveraging commercial AI technologies and managing data-informed AI systems.

Requires submission of a plan within 60 days and biannual reports on the Working Group's activities.

Specifies control of knowledge and technical data by individual countries under their export laws.

Allows termination of the Working Group on September 30, 2028, with possible extension for national security interests."
1891,A bill to prohibit certain US investments in China,United States Congress,False,False,"Prohibits U.S. persons from engaging in certain transactions with entities associated with China that involve ""prohibited technologies,"" focusing on national security concerns.

Requires authorities to issue non-binding feedback on covered transactions and imposes civil penalties for violations.

Mandates U.S. persons provide written notification within 30 days post-transaction involving ""notifiable technologies.""

Establishes a process for identifying transactions lacking notifications and mandates confidentiality of submitted transaction information.

Obliges the Secretary of the Treasury to annually report to Congress on enforcement actions, updates to prohibited technologies, and assessment of national security threats.

Encourages multilateral engagement with U.S. allies to curb prohibited technology development/acquisition by countries of concern, including China.

Potentially establishes a public database for identifying covered foreign persons involved in prohibited technologies.

Exempts certain transactions deemed de minimis or in the national interest, and enables updates to prohibited or notifiable technologies to address national security needs."
1887,Preserving American Dominance in Artificial Intelligence Act of 2024,United States Congress,False,False,"Establishes the Artificial Intelligence Safety Review Office to oversee national security risks from advanced AI, particularly chemical, biological, radiological, nuclear, and cyber threats.

Mandates developers of AI models with significant computational power to report red-teaming and cybersecurity practices.

Requires evaluations and pre-deployment reviews for AI models posing potential threats, overseen by an Under Secretary of Commerce for AI Safety.

Orders creation of standards for know-your-customer protocols and red-teaming techniques to mitigate advanced AI risks.

Permits the Attorney General to enforce compliance, with civil fines up to $1,000,000 daily and potential imprisonment for violations.

Allocates $50,000,000 for implementing these measures to ensure AI advancements remain secure and beneficial for U.S. interests."
1921,AI Act of 2024 ,United States Congress,False,False,"Mandates financial regulators to submit reports within 180 days assessing the benefits and risks of AI in their sectors.

Requires banking regulators to examine AI's role in banking operations, fraud detection, cybersecurity, and fair lending practices, with a focus on smaller and community financial institutions.

Directs the Securities and Exchange Commission to explore AI's use in market research, portfolio management, and fraud detection in securities markets.

Instructs housing and mortgage regulators to evaluate AI's impact on mortgage efficiency, credit decisions, and real estate practices, particularly for underserved communities.

Requests the Treasury Department to report on AI's application in compliance with the Bank Secrecy Act, cybersecurity, and protection against national security threats.

Mandates inclusion of legislative recommendations to responsibly adopt AI across these sectors.

Requires public consultation to gather input for each report, involving self-regulatory organizations and relevant agencies."
1900,TBD AI Act of 2024,United States Congress,False,False,"Mandates the Director of the National Institute of Standards and Technology to develop guidelines for evaluating the trustworthiness of AI systems within one year, covering models, data, and human-AI interactions.

Requires periodic updates of these guidelines, addressing elements like safety, security, privacy, and bias, especially concerning protected classes under Federal law.

Obliges Federal agencies to ensure new AI systems conform to guidelines before deployment and evaluate existing systems within two years to ensure compliance.

Specifies designation of a Chief AI Officer in each Federal agency responsible for AI governance and guideline implementation.

Requires transparency in labeling AI systems as compliant and mandates agencies to report noncompliance and barriers to Congress within specific timelines.

Encourages collaboration with developers and stakeholders to verify elements of trustworthiness throughout the AI lifecycle. 

Sets the guidelines' effective date as the trigger for these provisions."
1896,Chinese Military and Surveillance Company Sanctions Act of 2024,United States Congress,False,False,"Mandates the imposition of sanctions on foreign persons engaged in China's defense, military-civil fusion, or surveillance technology sectors, effective 180 days post-enactment.

Prohibits U.S. jurisdictional foreign exchange transactions involving sanctioned entities.

Requires strict conditions or bans on U.S. accounts for foreign financial institutions conducting significant transactions with these entities.

Obliges the President to respond to congressional queries regarding sanction eligibility within 30 days.

Instructs the Secretary of the Treasury to annually assess sanction criteria compliance for specified entities and report to Congress.

Encourages focus on sectors like AI, quantum tech, robotics, and others in sanction assessments.

Implements penalties under the International Emergency Economic Powers Act for violations.

Allows waiver of sanctions if deemed necessary for U.S. national security.

Excludes intelligence, law enforcement, and humanitarian activities from sanctions.

Sunsets authority to impose sanctions 7 years after enactment."
1923,Workforce Data Enhancement Act,United States Congress,False,False,"Establishes a grant program under the amended Workforce Innovation and Opportunity Act for a workforce data quality initiative aimed at integrating and improving statewide longitudinal data systems.

Requires the Secretary to allocate up to 10% of specific funds to eligible entities, mainly state agencies, for enhancing data integration from education and workforce systems to strengthen program quality.

Mandates that eligible entities submit detailed applications describing proposed improvements, expected outcomes, and privacy measures.

Prioritizes grants to entities with multistate collaboration or those focusing on advancing interoperable data, private partnerships, and real-time data reporting, especially concerning emerging technologies like AI.

Permits grant use for developing state data systems, enhancing data standardization, and fostering data-driven decision-making.

Specifies requirements for a maximum three-year grant duration, supplemental funding use, and post-grant reporting on achievements.

Amends funding source provisions to include these new initiatives."
1981,"Rural Prosperity and Food Security Act of 2024, SEC. 7208. ""HIGH-PRIORITY RESEARCH AND EXTENSION INITIATIVES.""",United States Congress,False,False,"Establishes research and extension grants for developing and evaluating the agricultural application of artificial intelligence.

Emphasizes the use of AI to improve specialty crop production.

Authorizes these initiatives under the amendments to the Food, Agriculture, Conservation, and Trade Act of 1990.

Encourages research projects that focus on innovative methods and technologies enhancing agricultural efficiency.

Places potential emphasis on mechanizing agricultural processes, though AI-specific focus is primarily on specialty crop production."
1980,"Rural Prosperity and Food Security Act of 2024, SEC. 7518. ""DEPARTMENT OF AGRICULTURE, DEPARTMENT OF ENERGY, AND                NATIONAL SCIENCE FOUNDATION JOINT RESEARCH AND DEVELOPMENT ACTIVITIES.""",United States Congress,False,False,"Mandates the Department of Agriculture, Department of Energy, and National Science Foundation to conduct joint R&D activities.

Requires establishing memoranda of understanding to coordinate efforts.

Authorizes collaborative research in AI, machine learning, large-scale data analytics, and predictive analysis to optimize agricultural and rural energy systems.

Facilitates development of methods for handling large data sets related to agriculture, environment, and supply chain.

Promotes open data sharing and collaboration between federal agencies, labs, educational and nonprofit institutions, industry, and more, ensuring compliance with federal regulations.

Supports infrastructure and workforce development for research identified as necessary by the involved agencies.

Permits reimbursable agreements and collaborations with other federal agencies to enhance R&D effectiveness.

Requires a report within two years detailing interagency coordination, achievements, future opportunities, and ongoing coordination efforts.

Stipulates consistency with existing research security regulations."
1901,Leadership in CET Act,United States Congress,False,False,"Establishes a pilot program for expediting patent applications related to critical and emerging technologies, including AI, microelectronics, and quantum information science.

Requires the Director of the United States Patent and Trademark Office to expedite patent processing through petitions.

Permits waiver of certain fees and requirements for accelerated examination processes.

Limits eligibility to U.S.-based entities or inventors and restricts applications to original, nonprovisional patents.

Terminates the program after issuing a patent within five years or upon accepting 10,000 applications, with a potential renewal for the same criteria.

Mandates public availability of information regarding application numbers, acceptance, and issued patents on the Office's website.

Requires a report to Congress assessing the pilot program's effectiveness post-termination, exempting this data collection from the Paperwork Reduction Act."
1927,Improving Atmospheric River Forecasts Act,United States Congress,False,False,"Mandates the establishment of an atmospheric river forecast improvement program aimed at reducing loss of life and property due to atmospheric river events.

Requires development of quantitative forecast metrics, incorporating machine learning and data assimilation for improved landfall predictions of atmospheric rivers and associated extreme weather conditions.

Directs the enhancement of dynamic modeling systems to provide detailed forecasts, including snow accumulation and hydrological impacts.

Encourages the integration of innovative observation technologies and AI methods to refine forecasting and improve water resource management.

Supports atmospheric river reconnaissance efforts, ensuring data availability and integration into forecasting systems, and mandates the establishment of observatories along the U.S. West Coast.

Focuses on improved communication and categorization of atmospheric river hazards to aid public understanding and preparedness.

Obliges submission of a comprehensive program plan detailing research activities and resources within 270 days of enactment."
1913,Protecting AI and Cloud Competition in Defense Act of 2024,United States Congress,False,False,"Mandates the Secretary of Defense to require competitive awards for cloud computing, data infrastructure, and foundation model solutions to promote security, resiliency, and competition.

Ensures that the Government retains exclusive data access and use rights.

Requires prioritization of intellectual property, data rights, and interoperability during procurement processes, with consideration for multi-cloud technology where suitable.

Directs updates to the Defense Federal Acquisition Regulation Supplement to protect government-furnished data used in AI development and prevent unauthorized disclosure.

Imposes penalties for violations, including fines and contract termination, but allows exemptions where national security is not compromised.

Obliges annual reports from the Chairman of the Joint Chiefs of Staff assessing competition and market dynamics in the AI industry, with recommendations for legislative and administrative actions.

Ensures public accessibility of these reports through the Department of Defense's website and other no-cost methods."
1924,TRAIN Act,United States Congress,False,False,"Enacts the ""Transparency and Responsibility for Artificial Intelligence Networks Act"" or ""TRAIN Act.""

Requires the United States district court clerk to issue a subpoena to AI model developers or deployers upon request from copyright owners.

Defines artificial intelligence terms including AI models and generative AI models used in the legal context.

Allows copyright owners, with a good faith belief of infringement, to request AI training data records.

Mandates that a subpoena requires model developers or deployers to disclose records of copyrighted works used in AI model training.

Details the procedure for the issuance and execution of subpoenas under the Federal Rules of Civil Procedure.

Creates a rebuttable presumption of copyright copying if the subpoenaed party fails to comply.

Implements the new rules on the date of enactment."
1621,Iowa (2019) SB 302 (Automated Driving System Motor Vehicles),Iowa,False,False,"Defines key terms like ""automated driving system"" and ""driverless-capable vehicle"" relevant to motor vehicles operated by autonomous systems.

Allows the operation of driverless-capable vehicles on public highways without a human driver present, provided they meet safety and compliance standards.

Requires system-equipped vehicles to operate within designated operational domains and comply with state traffic and safety laws unless exempted.

Mandates financial liability coverage for system-equipped vehicles before they can operate on public highways.

Stipulates that automated vehicles involved in accidents must remain at the scene and report to law enforcement, holding vehicle owners accountable for compliance.

Permits the operation of on-demand driverless-capable vehicle networks for transporting persons or goods, integrating with digital transport services.

Grants exclusive governance and regulatory authority over automated systems to the state department, prohibiting additional local regulations or taxes on such systems."
1929,Advancing Digital Freedom Act of 2024,United States Congress,False,False,"Requires the United States to prioritize digital freedom in foreign policy and diplomatic engagements.

Mandates cooperation with countries committed to democratic technology use and development.

Appoints a Coordinator for Digital Freedom within the Bureau of Cyberspace and Digital Policy to advance global digital freedom.

Directs the Coordinator to engage with international actors to counter digital authoritarianism and support human rights-compliant technology governance.

Instructs the Coordinator to promote democratic governance of artificial intelligence, emphasizing human rights and democracy.

Requires ongoing publication of guidelines for protecting digital freedom in cyberspace, including the AI Risk Management Profile.

Obliges annual reporting on global digital freedom, analyzing threats like digital authoritarianism, censorship, and AI governance risks.

Advises on improving digital inclusion and information integrity.

Tasks the Coordinator with making recommendations to enhance digital freedom through diplomatic channels."
1926,DOGE Act,United States Congress,False,False,"Mandates the prohibition of federal grant awards to applicants submitting duplicative or fraudulent applications, with an exception for institutions of higher education.

Requires the joint determination of appropriate agencies to award grants when duplicative applications are identified.

Obliges the Office of Management and Budget (OMB) to establish an electronic system to track federal grant applications, preventing awards for identical purposes across executive agencies.

Includes specific system requirements, such as storing awardee details and facilitating identification of essentially equivalent work.

Directs the OMB, along with specific federal bodies, to report to Congress on the feasibility of using artificial intelligence to identify duplicative grant applications and detect waste, fraud, and abuse.

Defines terms essential for the Act's implementation, including covered applications and executive agencies."
1912,Enable Intelligence Community Partnerships Act of 2024,United States Congress,False,False,"Encourages the intelligence community to form private sector capital partnerships and consult with federal partners to improve technological advantages.

Amends public-private talent exchange authority to focus on fields including artificial intelligence, computing, and cybersecurity.

Extends the duration for temporary detail exchanges from 3 to 5 years.

Prohibits detailed private-sector employees from accessing trade secrets or proprietary information of commercial value.

Excludes private-sector organizations involved in employee detail exchanges from being considered as having organizational conflicts of interest by default.

Requires identification and mitigation of conflicts of interest based on specific participation details.

Mandates the Director of National Intelligence to submit annual reports to appropriate Congressional committees on program implementation and recommendations for enhancing the use of authorities."
1920,Responsible AI Disclosure Act of 2024,United States Congress,False,False,"Enacts the ""Responsible AI Disclosure Act of 2024"".

Mandates a study by covered agencies to establish and recommend standards for AI data categorization, AI model training practices, and data source identification.

Requires assessment of AI model design, functionality, and compliance with federal laws including anti-discrimination and consumer protection.

Obligates the issuance of a report within six months from enactment, detailing study findings and advising on potential legislative or regulatory revisions regarding AI disclosures.

Empowers covered agencies, post-report, to mandate AI data reporting and disclosure by regulated entities and vendors, including data sources and model training specifics.

Urges implementation of such requirements prior to report completion if deemed necessary.

Defines ""covered agencies"" as key financial regulatory bodies, and ""regulated entities"" as those overseen by these agencies, including credit unions and financially regulated persons."
1961,"American FATE Act, Sec 112 (""Mitigating bias in artificial intelligence use."")",United States Congress,False,False,"Require international affairs agencies to employ experts, including technologists, social scientists, and legal experts, to develop a risk-mitigation framework for trustworthy AI systems, addressing bias in AI training data and applications.

Mandate reports from each agency to appropriate congressional committees, describing efforts to ensure safe, secure, and trustworthy AI development and use, including testing and correcting for bias, starting one year after the enactment of the Act and every two years for the following eight years.

Impose a congressional expectation to implement measures addressing AI bias to prevent negative or discriminatory outcomes in agency operations."
1886,A bill to require a study on the use of commercial products and AI technologies by the IRS.,United States Congress,False,False,"Mandates the Comptroller General to conduct a study and report to Congress on the IRS's use of commercial-off-the-shelf products and AI technologies within 12 months of the Act's enactment.

Identifies the IRS's use of such technologies to enhance operational efficiency, improve taxpayer services, generate cost savings, ensure fair enforcement, and improve tax collection efforts.

Requires the study to assess how the IRS manages AI-related risks, including errors, bias in audit selection, and data security.

Includes information on IT modernization projects, detailing contractors, project scope, costs, and contracting approaches.

Analyzes the allocation of expenses between contractors and IRS employees and compares costs between customized projects and commercial product alternatives."
1894,"To prohibit the Secretary of Defense from entering into information technology contracts with entities that provide certain services to China, and for other purposes.",United States Congress,False,False,"Prohibits the Secretary of Defense from entering, renewing, or extending IT contracts with entities involved with certain AI-related operations in China.

Forbids contracts with entities controlling facilities in China focused on AI research or development.

Restricts contracts with entities that have allowed Chinese entities access to U.S. government software source codes.

Bans contracts with entities providing military, law enforcement, or dual-use software to Chinese entities.

Prohibits contracts with entities operating data centers in China.

Allows the Secretary to waive these prohibitions if necessary for U.S. national security.

Applies these prohibitions to contracts during three years post-enactment.

Defines “covered Chinese entity” and “material interest” for clarity and enforcement."
1975,"Stop Smuggling Illicit Synthetic Drugs on U.S. Transportation Networks Act of 2024, Section 103. ""Development of strategy to accelerate research and development of non-intrusive, advanced inspection technologies to detect illicit synthetic drugs""",United States Congress,False,False,"Require the Director of the Office of Science and Technology Policy and the Director of the Office of National Drug Control Policy to develop a strategy for accelerating the research, development, and deployment of advanced inspection technologies, including AI and quantum computing, to detect illicit synthetic drugs.

Mandate coordination with multiple agencies, including the National Science Foundation and the National Institute of Standards and Technology.

Instruct submission of a report on the strategy to specified congressional committees within two years of the Act's enactment."
1986,"To amend and reauthorize the Workforce Innovation and Opportunity Act and the Older Americans Act of 1965, Sec. 174., Subsection (a).",United States Congress,False,False,"Amends Section 169 of the Workforce Innovation and Opportunity Act to evaluate programs using emerging technology, including AI, for enhancing labor market information and data integration.

Mandates studies to assess AI's effectiveness in workforce systems, emphasizing technology's impact on service delivery, labor market data, end-user tools, and potential biases.

Requires analysis of how automation affects employment, skills development, and worker displacement.

Demands evaluation of AI and machine learning adoption by States in workforce systems, assessing accuracy and identifying biases.

Calls for alignment studies between workforce and education systems, using data integration to improve outcomes.

Obliges reports on AI-related studies and evaluations to be submitted to relevant Senate and House Committees and published publicly.

Sets limits on using authority if certain evaluations are not initiated or completed timely.

Requires Secretary-conducted evaluations on the effectiveness of programs under various conditions."
1904,Transparency in Bureaucratic Communications Act,United States Congress,False,False,"Amends the Inspector General Act of 1978 to require a detailed description of communications between federal establishments and internet service or content providers. 

Includes communications concerning content moderation, user content such as posts, photos, and videos, and any interactions related to data inputs, algorithms, modeling, simulation processes, analysis tools, or related technologies.

Aims to enhance transparency in bureaucratic communications with digital platforms."
1922,SCAM Platform Act,United States Congress,False,False,"Mandates the Federal Communications Commission (FCC) to develop an artificial intelligence-based tool to help the public identify likely scams within one year of this Act's enactment.

Requires the AI tool to accept various submission formats including emails, text messages, website URLs, and scans or photographs of physical materials.

Obliges the tool to evaluate the likelihood of submissions being scams and provide a rating to reflect this likelihood.

Defines ""artificial intelligence"" as per the National Artificial Intelligence Initiative Act of 2020.

Defines ""scam"" as any scheme designed to defraud by inducing a recipient to take actions against their interest, through false or misleading information."
1987,"To amend and reauthorize the Workforce Innovation and Opportunity Act and the Older Americans Act of 1965, Sec. 119. Subsection (c).",United States Congress,False,False,"Amends Section 116(e) of the Workforce Innovation and Opportunity Act to require the use of data for conducting analyses and ongoing evaluations of state programs.

Allows states to use machine learning and other advanced analytics to enhance program operations and outcomes.

Encourages identification of areas needing further evaluation through advanced data analysis techniques."
850,CISA Securing AI Task Force Act,United States Congress,True,False,"Establishes a Task Force within the Cybersecurity and Infrastructure Security Agency to coordinate efforts related to AI safety and security.

Requires coordination of Agency efforts to improve the safe and secure design, development, adoption, and deployment of AI.

Ensures Agency collaboration in interagency and nongovernment AI-related initiatives.

Mandates assessment and evaluation of Agency safety initiatives to address AI challenges.

Leverages expertise to use AI in defending against cyber threats.

Coordinates efforts to advise stakeholders on AI-related cyber risks.

Identifies AI workforce gaps and proposes solutions.

Promotes secure adoption of AI-based software.

Recommends new initiatives for AI safety and security.

Ensures AI efforts meet privacy, civil rights, and civil liberties standards.

Supports publication and accuracy of the Agency’s AI use inventory.

Mandates biannual briefings to Congress on Task Force activities.

Sunsets the Act 5 years after enactment."
891,No AI Audits Act,United States Congress,True,False,"Limits the Internal Revenue Service's (IRS) use of artificial intelligence (AI) for audits or investigations.

Requires any IRS guidance on AI for audits to follow rule-making procedures under Section 553 of Title 5, U.S. Code.

Prohibits the IRS from conducting audits or investigations initiated by AI unless the AI meets explainability principles set by the National Institute of Standards and Technology.

Defines ""artificial intelligence"" according to the National Artificial Intelligence Initiative Act of 2020.

Mandates the Comptroller General to audit and report on the IRS's AI use, including a cost-benefit analysis and the impact on taxpayer rights.

Stipulates that IRS investigations or examinations must be initiated by a staff investigator, with documentation including the investigator's contact information."
1198,AWARE Act of 2024,United States Congress,True,False,"Mandates the Secretary of Defense to create a ledger of all uses by the Department of Defense of AI-enabled weapon, targeting, and decision support systems within three years.

Requires the ledger to be a structured, indexed database that is regularly updated.

Calls on the Secretary of Defense to develop a risk assessment process to evaluate dependability, cybersecurity, privacy, and civilian harm risk for each AI system.

Mandates annual reevaluations of each system, and when an AI model receives an update, a new system is procured, or a new weapons review is conducted.

Requires annotations in the ledger when AI systems are shared, exported, or used internationally, noting additional risks.

Obligates annual progress reports and submissions to Congress, including the ledger and risk assessment findings, to be publicly accessible"
1690,Data Protection Act of 2024,United States Congress,False,False,"Establishes the Data Protection Agency (DPA) as an independent entity responsible for regulating high-risk data practices and the collection, processing, and sharing of personal data. 

Defines high-risk data practices, which include the use of automated decision systems and processes involving biometric information, and mandates high-risk data practice risk assessments and impact evaluations.

Empowers the DPA to issue rules, conduct investigations, enforce federal privacy law, and impose penalties on violators.

Requires large data aggregators, those with significant revenue or who process data of many individuals, to report compliance and undergo regular examinations.

Transfers certain rulemaking and enforcement powers from the Federal Trade Commission to the DPA.

Mandates coordination with other federal and state agencies to ensure consistent privacy regulation.

Allows states to enforce protections, provided they do not conflict with this act. 

Authorizes appropriations for the DPA's operations and activities."
1765,"New York A 8808, Part MM (Artificial Intelligence Deceptive Practices Act)",New York,False,False,"Enacts laws addressing artificial intelligence (AI) deceptive practices to protect privacy and combat unauthorized digital alterations. 

Defines ""digitization"" as using AI and other technologies to alter realistic images or audio. 

Amends civil rights laws to establish a private right of action for false light invasion of privacy and unauthorized use of likeness or voice, including digitally altered depictions. 

Requires platforms and individuals to obtain consent before disseminating digitized images or audio depicting individuals in sensitive contexts without consent.

Mandates disclosures for political communications produced with digitized deceptive media within 60 days of an election, excluding satire, parody, or news reporting.

Prohibits coercion or impersonation using digitization, with heightened penalties for identity theft involving AI-altered representations. 

Allows legal actions against those intentionally causing emotional, financial, or social harm via AI-fabricated media. 

Incorporates these provisions into criminal and election laws, with penalties for violations and the possibility for injunctive relief."
1437,North Carolina HB 591 (Modernize Sex Crimes),North Carolina,False,False,"Amends offenses related to sexual extortion by making it a criminal act to use threats involving private images, including those modified by AI, to coerce victims, punishable as felonies depending on the circumstances.

Enhances definitions related to minors in sexual content, including AI-modified images, and escalates penalties for various degrees of exploitation, employing AI tools.

Mandates reporting to authorities if AI technology is used to distribute unlawful material depicting minors, extending jurisdiction over such offenses.

Incorporates AI-generated images into existing laws against the unauthorized disclosure of private images, classifying violations as felonies and establishing a civil cause of action.

Updates sex offender registration guidelines, emphasizing offenses involving digital or AI-enhanced sexual exploits of minors.

Sets effective date for enforcement of these provisions as December 1, 2024."
1097,Proposed Model AI Governance Framework for Generative AI,Government of Singapore,False,False,"Proposes a Model AI Governance Framework for Generative AI emphasizing accountability, data quality, trusted development, and deployment, aligning with global best practices.

Establishes accountability by encouraging clear responsibility allocation among stakeholders within AI development chains and calls for extending cloud shared responsibility models to AI.

Emphasizes data quality, including the use of trusted data sources and addressing issues around personal data and copyright material for model training.

Calls for transparency in AI model safety measures, akin to ""food labels,"" and suggests industry-standard practices for development, safety evaluation, and disclosure.

Proposes implementing incident reporting and third-party testing frameworks for AI safety and assurance.

Advocates for security measures specifically adapted for generative AI, including new tools and methods.

Highlights the importance of research in AI safety and alignment, international cooperation, and the use of AI for public good, including democratization of access and responsible AI adoption in public services."
1759,Michigan H 5507 (School Aid),Michigan,False,False,"Allocates up to $500,000 to enhance awareness and responsible use of artificial intelligence in schools.

Requires Michigan Virtual University to integrate AI principles in its training programs for educational personnel.

Mandates the Michigan Virtual Learning Research Institute to research and recommend virtual education delivery models leveraging AI.

Instructs the institute to analyze and report on AI-enhanced virtual learning effectiveness by reviewing data from virtual course providers.

Encourages partnerships with districts to study AI-driven competency-based virtual learning models.

Tasks the institute with policy recommendations to the governor on AI and virtual learning implementation.

Designates funds for AI-related professional development programs for educators and stakeholders.

Requires ongoing reports on the implementation of AI in virtual education, including its effectiveness, with a focus on elevating education delivery models in Michigan.

Supports the dissemination of best practices and standards for AI-integrated virtual learning across the state."
1434,New Jersey S 3432 (Next New Jersey Program Act),New Jersey,False,False,"Establishes the ""Next New Jersey Program"" to drive investment into New Jersey’s AI sector, creating jobs and economic opportunities.

Requires businesses to invest a minimum of $100 million in capital and create at least 100 new full-time jobs to be eligible for tax credits.

Mandates businesses or divisions engaged in AI or large-scale AI data centers, demonstrating over 50% of revenue or employment in AI activities.

Stipulates collaboration with New Jersey-based research entities or startups.

Enforces compliance with environmental and labor standards, including prevailing wage for construction workers.

Enables businesses meeting criteria to apply for tax credits valid until March 1, 2029.

Empowers the New Jersey Economic Development Authority to oversee eligibility and award decisions, ensuring businesses remain compliant to retain credits.

Allows tax credit transfer certificates, with conditions on their sale and application.

Caps overall tax credits under the act at $250 million annually from a broader $11.5 billion limit across various programs over nine years."
1766,"Wyoming H 1 (General Government Appropriations), Section 067",Wyoming,False,False,"Appropriates $2.5 million for building artificial intelligence expertise at the University of Wyoming, requiring a matching ratio of 1:1 from non-public sources.

Specifies that the AI-related funding should not be included in the university's standard budget for the next fiscal biennium.

Conditions the use of AI funds upon securing matched contributions from individuals, partnerships, corporations, or other entities.

Prohibits the transfer or expenditure of AI appropriation for any purpose other than building AI expertise.

Includes intent for developing AI expertise funding to be temporary and contingent on nonstate matching funds.

States that the appropriation's intent is not to support any office or program related to diversity, equity, and inclusion.

Overall, emphasizes the development of AI expertise through matched funding, with specific conditions and limitations on its use and future budget inclusion."
1774,"Utah H 534 (Boards and Commissions Modifications), Section 55-56",Utah,False,False,"Amends legislation to define ""deep technology"" to include artificial intelligence and other emerging technologies.

Mandates the development and oversight of a deep technology talent initiative by the board, effective May 1, 2024.

Requires institutions of higher education to submit proposals for partnering with employers to create programs in deep technology fields.

Stipulates proposal criteria must include program responsiveness to state needs, partnerships, and employer involvement.

Obligates the advisory council to review and prioritize program proposals based on capacity expansion, integration, and cost-effectiveness.

Directs the board to fund approved programs by evaluating recommendations from the advisory council and considering legislative appropriations.

Requires funded institutions to report annually on program activities and outcomes, including student enrollment and employment metrics.

Compels the board to provide an annual report on program successes and challenges to legislative committees."
1135,Measures for Promoting Innovation and Development of Artificial General Intelligence in Beijing,Chinese provincial and local governments,False,False,"Mobilizes commercial computing resources to meet the requirements of the AGI sector, showcasing cooperation with cloud service providers to enhance access to diverse and high-quality computing power.

Promotes the construction of new computing facilities, including the Beijing AI Public Computing Power Center, to advance computing capabilities.

Establishes an integrated multi-cloud computing management platform to optimize computing power management and operations.

Collects high-quality training datasets, ensuring legal compliance and promoting the trading of data through legitimate channels.

Plans to set up data training bases and a crowdsourcing service platform for dataset annotation, enhancing data quality and collaboration.

Explores innovative algorithms for large models, supporting an open-source technical ecosystem and developing governance tools for data management.

Facilitates the practical application of AGI in various sectors, including government, medicine, finance, and urban governance.

Innovates regulatory policies, promoting inclusive and prudent supervision systems while strengthening network and data security."
1536,Virginia SB 731 (Child Pornography),Virginia,False,False,"Defines ""child pornography"" to include sexually explicit visual material involving identifiable or depicted minors, affecting both real and digitally created images.

Establishes penalties for production, solicitation, and financing of child pornography, escalating based on the minor’s age and the offender's age difference, with mandatory minimum sentences.

Infers depicted individuals presented as minors under 18 in visual material are minors for the purposes of prosecution.

Allows prosecution in the jurisdiction where the act occurs, the offender resides, or where the material is associated.

Notes potential increases in imprisonment periods, requiring a minimum fiscal impact assignment of $50,000 due to unknown appropriations for adult and juvenile facilities."
1771,"G20 Ministerial Statement on Trade and Digital Economy (Annex ""G20 AI Principles"")",Other multinational,False,False,"Support the responsible stewardship of trustworthy AI by engaging stakeholders to achieve inclusive growth, sustainable development, and well-being.

Require AI actors to respect human-centered values, including the rule of law, human rights, and democratic values, throughout the AI lifecycle, supported by appropriate safeguards.

Commit AI actors to transparency and explainability, providing clear information to foster AI understanding and accountability.

Ensure robustness, security, and safety of AI systems, with traceability and systematic risk management throughout their lifecycle.

Hold AI actors accountable for aligning with the principles based on roles and context.

Encourage governments to invest in AI R&D, supporting open, unbiased datasets, and fostering a digital AI ecosystem.

Promote an enabling policy environment for AI, ensuring policy adaptation, assessment mechanisms, and readiness for labor market transformation.

Engage in international cooperation to advance AI principles, share AI knowledge, and develop global technical standards.

Encourage multi-stakeholder collaboration to monitor AI developments and ensure adherence to these principles."
1773,"DIFC Data Protection Regulations, Regulation 10 ",Government of the United Arab Emirates,False,False,"Requires Deployers and Operators of autonomous and semi-autonomous systems to adhere to personal data processing principles.

Mandates clear notification to users of such systems about underlying technology and data processing purposes, with detailed descriptions of system capabilities and safeguards.

Obligates the provision of evidence of compliance with audit and certification requirements, and human intervention algorithms in cases of bias or legal non-compliance.

Imposes design requirements focused on ethics, fairness, transparency, security, and accountability.

Prohibits systems from processing personal data unless in compliance with human-defined purposes and legal frameworks.

Forbids use in high-risk processing without compliance with certification requirements and appointment of an Autonomous Systems Officer.

Deems Deployers as Controllers and Operators as Processors of personal data.

Allows data subjects to challenge processing outcomes per applicable law."
1664,Connecticut SB 260 (Autonomous Vehicles),Connecticut,False,False,"Establishes a pilot program for testing fully autonomous vehicles in up to four municipalities, requiring participation from autonomous vehicle testers and compliance with specific operational constraints.

Mandates that autonomous vehicle testers register vehicles, provide liability insurance, and ensure a licensed operator is present who can take manual control if needed.

Prohibits testing on limited access highways and allows the Secretary of the Office of Policy and Management to halt testing if public safety is at risk or compliance issues arise.

Creates a task force to study autonomous vehicle regulation, evaluate national and state standards, and assess the pilot program, providing reports on findings and recommendations for potential legislation.

Requires the Secretary to submit annual reports on the pilot program's progress to the General Assembly’s transportation committee.

Stipulates the task force composition, appointment deadlines, and reporting requirements, with a final report due by January 1, 2019."
795,"Simplify IRS Act, Sec. 201 (""Tax Gap Projection"")",United States Congress,False,False,"Mandates the Commissioner of Internal Revenue to use artificial intelligence, including neural machine learning, to reduce taxpayer burden during National Research Program audits and improve the accuracy of tax gap projections.

Requires use of AI and data analysis tools to calculate and project the tax gap, which is the difference between taxes owed and taxes collected.

Prohibits conducting more National Research Program audits in any fiscal year than the number conducted in fiscal year 2022. 

Obligates the Commissioner to submit an annual tax gap projection to Congress, detailing the estimate using the latest data available, by July 31 each year.

Defines the term ""tax gap"" as the difference between tax liabilities owed under the Internal Revenue Code and those actually collected by the IRS."
1761,"New Mexico S 192 (Appropriations and Legislative Confidentiality), Section 9.",New Mexico,False,False,"Appropriates $290,000 for the purchase of artificial intelligence equipment and to contract with consultants at the ASK Academy Charter School in Sandoval County."
1527,Oklahoma H 3642 (Oklahoma Law on Obscenity and Child Pornography),Oklahoma,False,False,"Amends Oklahoma laws to enhance penalties for offenses involving child pornography, specifically targeting AI-generated images. 

Defines ""child pornography"" to include computer-generated images and altered images that depict minors in sexually explicit conduct, regardless of whether the image is real or synthetic. 

Establishes that possessing, distributing, or creating such images, including those utilizing AI technology, is a felony with penalties up to 20 years imprisonment and a $25,000 fine. 

Specifies that possession of 100 or more images constitutes aggravated possession, punishable by life imprisonment and a $10,000 fine, with required sex offender registration.  

Clarifies that AI-generated and computer-altered images count as independent offenses. 

Mandates that this act becomes effective on November 1, 2024."
1762,"Minnesota H 4772 (Elections policy), Sec. 76-77",Minnesota,False,False,"Amends Minnesota law to criminalize the dissemination of deep fakes intended to influence elections.

Prohibits the distribution of deep fakes within 90 days before elections or political conventions without consent if intended to harm a candidate or influence election outcomes.

Excludes broadcasters following federal law from these prohibitions.

Imposes penalties for violations, including imprisonment up to five years and fines up to $10,000 based on prior offenses or intent to cause harm.

Requires that candidates convicted under this law forfeit their nomination or office.

Disqualifies individuals convicted under this law from holding certain public offices.

Sets the effective date for July 1, 2024, applicable to crimes committed thereafter."
1764,Minnesota S 2909 (State Government),Minnesota,False,False,"Requires the superintendent to prepare an annual report on the Minnesota Fusion Center (MNFC), detailing its general activities and monitored types, including AI or social media analysis tools.

Mandates inclusion of the MNFC's budget, staffing, and the technological tools utilized, specifically AI and data analysis technologies.

Obliges reporting on audit findings, data requests, suspicious activity reports (SARs), and the impact of AI tools in processing these reports.

Specifies the report must contain information on the MNFC's collaborations with local, state, and federal agencies, including data sharing and investigations aided by SARs and requests for information (RFIs).

Ensures the report's availability to relevant legislative committees and online by February 15 each year, starting in 2024."
1663,California (2017) AB 1444 (Livermore Amador Valley Transit Authority),California,False,False,"Authorize the Livermore Amador Valley Transit Authority to conduct a shared autonomous vehicle (SAV) demonstration project in the City of Dublin, California, for vehicles lacking traditional controls such as a steering wheel or pedals.

Require vehicles to operate below 35 miles per hour.

Mandate obtaining insurance or self-insurance of five million dollars and approval from local authorities.

Certify compliance with federal safety standards and National Highway Traffic Safety Administration guidance, ensuring vehicles operate only in approved conditions.

Require disclosure of personal data collection to participants and establish a law enforcement interaction plan.

Oblige reporting of accidents and disengagements during testing to the Department of Motor Vehicles (DMV).

Allow the DMV to require data collection for safety evaluations.

Specify that the section becomes inoperative on May 1, 2018, and repeals on January 1, 2019.

Clarify that this project does not influence statewide autonomous vehicle regulations."
1138,2023 Remarks by Ambassador Zhang at the UNSC Briefing on AI,Chinese central government,False,False,"Calls for adherence to ethical principles in AI development, emphasizing people-oriented AI and the need to establish ethical norms and regulatory systems tailored to national conditions.

Stresses safety and controllability, urging the international community to establish risk control mechanisms and accountability structures to prevent AI misuse and autonomous lethal technologies.

Advocates for fairness and inclusiveness, highlighting the importance of ensuring equal access to AI benefits for developing countries and opposing technological hegemony and exclusionary practices.

Promotes openness and inclusivity, encouraging international cooperation across disciplines, regions, and organizations under the UN framework to create a non-discriminatory environment for AI.

Emphasizes peaceful utilization of AI, underscoring the necessity of AI for sustainable development and responsible defense policies to prevent its misuse in military contexts.

Underlines China's commitment to international cooperation in AI governance, referencing past initiatives and ongoing efforts to establish a global framework for AI security governance."
1470,Michigan HB 5143 (Campaign Finance Act),Michigan,False,False,"Define ""artificial intelligence"" as a machine-based system capable of making predictions, recommendations, or decisions for human-defined objectives, affecting real or virtual environments, using both machine and human inputs.

Mandate AI systems to perceive environments, abstract perceptions into models through automated analysis, and use model inference for decision-making.

Condition enactment of this amendment on the passage of House Bill No. 5141."
1579,California SB 1398 (Consumer notices of automated vehicles),California,False,False,"Prohibits dealers or manufacturers in California from selling or upgrading vehicles with partial driving automation features without providing a distinct notice, including the feature's name, functions, and limitations.

Prevents manufacturers or dealers from using language in marketing materials that implies partial driving automation features make a vehicle autonomous when it does not.

Defines ""partial driving automation feature"" according to the Society of Automotive Engineers' Level 2 partial driving automation.

Affirms that compliance with these provisions does not alter existing duty of care or civil liability for manufacturers or dealers.

Obligates manufacturers to provide dealers with necessary information to comply with notice requirements.

Exempts manufacturers from violation if they provide required information to dealers and dealers fail to notify buyers.

States that no reimbursement is needed under California's constitutional provisions due to changes in crime definition or penalties."
769,Google AI Principles,Private-sector companies,False,False,"Commit to developing AI responsibly, focusing on social benefits by evaluating potential applications for transformative impacts in various fields.

Seek to avoid creating or reinforcing unfair biases, particularly concerning sensitive characteristics.

Ensure AI systems are designed and tested for safety, applying strong security practices and closely monitoring post-deployment.

Maintain accountability to people by allowing for feedback, explanations, and human control over AI technologies.

Incorporate privacy principles, offering notice, consent, and transparency, while upholding privacy safeguards in AI architecture.

Aspire to scientific excellence, leveraging AI for advancements in critical scientific areas.

Limit use to applications adhering to these principles, considering factors like purpose, uniqueness, scale, and Google's role.

Prohibit AI involvement in technologies causing harm, weapons, surveillance violating norms, or contravening international law. 

Adapt the prohibitions list as AI experience grows."
1760,"Maryland H 1390 (Public School Construction Funding and Administration), Sec. 5.",Maryland,False,False,"Directs the Interagency Commission on School Construction to report to the General Assembly by December 15, 2024.

Requires the report to assess the eligibility for school construction funding for artificial intelligence weapon detection systems."
1777,"Illinois HB 4844, Sec 90 (""Generative AI and Natural Language Processing Task Force"")",Illinois,False,False,"Amends the Department of Innovation and Technology Act by establishing the Generative AI and Natural Language Processing Task Force.

Mandates the Task Force to investigate and report on generative AI and natural language processing software.

Comprises the Task Force of government officials, educators, cybersecurity experts, AI experts, business and labor association members, and other stakeholders.

Requires the Task Force to hold at least five public meetings across various Illinois regions in a hybrid format.

Obligates the Task Force to recommend legislation to protect consumer information, suggest model policies for AI use in schools, and assess AI's impact on public services, civil rights, the workforce, and cybersecurity.

Instructs the Department to provide administrative and technical support to the Task Force.

Requires the Task Force to file a report by December 31, 2024, with the Governor and the General Assembly summarizing its findings and recommendations."
1625,New Jersey (2019) AJR 164 (Advanced Autonomous Vehicle Task Force),New Jersey,False,False,"Establishes the ""New Jersey Advanced Autonomous Vehicle Task Force"" to study and recommend policies for the safe integration of autonomous vehicles on state roads.

Comprises 11 members, including key state officials and public experts appointed by the Governor.

Mandates the task force to hold its initial meeting within 90 days of the law's effective date and to elect a chair from among its members.

Requires the task force to issue a report within 180 days after its first meeting, evaluating existing laws, proposing pilot programs, and suggesting legislative measures.

Entitles the task force to utilize the services of state employees and receive assistance from the New Jersey Motor Vehicle Commission, Department of Transportation, and Alan M. Voorhees Transportation Center.

Defines ""advanced autonomous vehicle"" as one with a driving automation level of 3, 4, or 5, per SAE J3016 standards.

Expires the act upon the report's submission."
1508,"Iowa S 2243 (Sexual Exploitation of Minors, Use of Falsely Created Images)",Iowa,False,False,"Amends existing law to make it unlawful to knowingly purchase or possess visual depictions of a minor engaging in a prohibited sexual act or its simulation.

Requires separate prosecution and punishment for each different minor depicted in such visual content, though multiple depictions of the same minor are treated as a single offense.

Classifies a first offense as a class ""D"" felony and a second or subsequent offense as a class ""C"" felony.

Establishes that prior convictions or deferred judgments under this law, or similar laws in other jurisdictions, constitute second or subsequent offenses."
1768,South Carolina 2023 H 4754 (Sec 4),South Carolina,False,False,"Amends Article 7, Chapter 57, Title 40 of the S.C. Code by adding Section 40-57-820.

Holds a licensee accountable for all work produced with the assistance of artificial intelligence, machine learning, or similar programs.

Treats violations committed through the use of these technologies as if committed directly by the licensee."
1769,"Oregon S 5701 (State Financial Administration), Section 488.",Oregon,False,False,"Increases the General Fund appropriation to the Higher Education Coordinating Commission for public university programs by $100,000.

Allocates this increased funding to the University of Oregon Labor Education and Research Center.

Directs the Center to research the potential workforce impacts of automation and artificial intelligence across Oregon’s key economic industries."
1770,"G20 Ministerial Statement on Trade and Digital Economy (Sec I, Subsec 3 ""Human-centered Artificial Intelligence"")",Other multinational,False,False,"Endeavors to create an enabling environment for human-centered AI that fosters innovation, investment, digital entrepreneurship, and adoption of AI by MSMEs.

Recognizes AI's potential to promote inclusive economic growth and societal benefits, advancing sustainable and inclusive societies while empowering individuals.

Commits to addressing societal challenges posed by AI, such as transitions in the labor market, privacy, security, and ethical issues, through a human-centered approach guided by the G20 AI Principles.

Stipulates principles of inclusive growth, human-centered values, transparency, robustness, and accountability to maximize AI benefits while minimizing risks, with a focus on international cooperation and inclusion of developing countries.

Affirms the need to promote privacy protection, AI capacity building, and skills development.

Commits to international cooperation in research, policy development, and information sharing through the G20 Repository of Digital Policies and collaborative efforts."
1778,"North Carolina Current Operations Appropriations Act of 2023, SECTION 7.36.(h)",North Carolina,False,False,"Allocates $3.2 million to New Hanover County Schools and $2 million to Davidson County Schools for an AI School Safety Pilot Program.

Requires use of funds to implement AI technology into existing school safety systems, including access controls, alerting protocols, and intercom systems.

Mandates participating public school units to report to the Joint Legislative Education Oversight Committee by January 15, 2025.

Directs reports to include details on school participation, fund usage, impact on safety outcomes, AI system capabilities compared to traditional safety measures, and any additional relevant information."
1779,"Maryland S 360 (Budget Bill Fiscal Year 2025), Section 21., Subsection (50)",Maryland,False,False,"Adds $500,000 in general funds to support the Center for Equitable Artificial Intelligence and Machine Learning Systems at Morgan State University.

Prohibits the transfer of unexpended funds to any other purpose.

Requires unspent funds to revert to the General Fund."
1426,Maryland S 1068 (Evaluation and Development of a 3-1-1 Portal),Maryland,False,False,"Requires the Maryland Department of Information Technology to evaluate the potential use of artificial intelligence in developing a statewide virtual 3-1-1 portal for nonemergency government information and services.

Mandates the prioritization of creating the virtual 3-1-1 portal if the AI application is deemed feasible.

Sets the effective date of this Act as July 1, 2024.

Receives approval from the Governor on May 9, 2024."
1775,"Washington S 5950, Sec. 129, Subsection 50",Washington,False,False,"Allocate $300,000 from the general fund for fiscal year 2024 to the city of Seattle for leasing space dedicated to nonprofit and academic institutions.

Provide $500,000 for fiscal year 2025 for the same purpose.

Focus efforts on incubating technology business startups with an emphasis on artificial intelligence.

Support the development and teaching of curricula aimed at equipping workers with skills to utilize AI as a business resource."
826,"DEEPFAKES Accountability Act, Sec. 2 (""Transparency Requirements"")",United States Congress,False,True,"Outlines transparency requirements for advanced technological false personation records, requiring producers of such records to include content provenance technologies to identify alterations, as well as disclosures to detail the extent of alterations.

Mandates specific disclosure formats for audiovisual, visual, and audio records.

Imposes criminal penalties, including fines and imprisonment of up to 5 years, for intentionally failing to disclose or altering existing disclosures.

Imposes civil penalties up to $150,000 per violation and allows for private rights of action for damages and injunctive relief.

Establishes coordinators for deepfake-related violations in each U.S. Attorney’s Office."
534,Sensible Classification Act of 2023,United States Congress,True,False,"Mandates the research and recommendation of AI and machine learning solutions for efficient classification and declassification systems, to be interoperable across the Federal Government.

Requires the Administrator of the Office of Electronic Government to consult with key defense and intelligence agencies for technology implementation and submit a report on the recommended solution."
906,Federal AI Governance and Transparency Act,United States Congress,True,False,"Amends chapter 35 of title 44, United States Code, to establish Federal AI system governance requirements.

Instructs Federal actions involving AI to align with the Constitution, relevant laws, and policies, protecting civil rights and privacy.

Mandates the assessment and management of AI risks before deployment, ensuring AI outcomes remain ethical and accurate.

Requires transparency and explainability of AI systems' purpose, operations, and outcomes to maintain safety and security, and protect against vulnerabilities.

Obligates regular testing and oversight of AI applications to ensure they align with intended purposes and create mechanisms to deactivate AI systems that do not meet standards.

Instructs agencies to publicly disclose AI use to stakeholders and establish notification and appeal processes for AI-based decisions.

Establishes a Federal AI System Inventory for cataloging agency AI governance charters to be publicly available and regularly updated."
410,H.R. 7381 (Health AI),United States Congress,False,False,"Establishes a grant program by the Director of the National Institutes of Health to fund research on the use of generative AI in health care.

Permits research to include enhancing note-taking, reducing administrative burdens, expediting insurance claims, improving customer service efficiency, and other health care improvements.

Prioritizes grants for entities promoting AI adoption in health care, investing in workforce development, mitigating workforce burnout, reducing health disparities, and improving care for medically underserved populations.

Defines eligible entities to include higher education institutions, nonprofit organizations, and various governmental agencies.

Defines ""generative artificial intelligence"" as AI producing content in response to prompts."
768,Anthropic Responsible Scaling Policy,Private-sector companies,False,True,"Establishes AI Safety Level (ASL) Standards to guide safe deployment and security for current and future AI models, categorizing measures into Deployment and Security Standards.

Requires all current models to meet ASL-2 standards, focusing on safe usage and protection from unauthorized access.

Introduces Capability Thresholds to determine when stronger safeguards (ASL-3 or higher) are needed, specifying Required Safeguards for particular risks including Chemical, Biological, Radiological, and Nuclear (CBRN) capabilities and Autonomous AI R&D.

Mandates comprehensive assessments to ensure models remain below Capability Thresholds, with stricter ASL-3 standards implemented if thresholds are surpassed.

Outlines internal governance practices including a Responsible Scaling Officer role, transparency measures, and procedures for noncompliance whistleblowing.

Commits to public transparency, expert input, and notifying US Government if standards beyond ASL-2 are needed."
1293,TAKE IT DOWN Act,United States Congress,False,True,"Amends the Communications Act to criminalize the non-consensual production and dissemination of pornography, especially when intended to cause harm or when involving minors.

Requires covered platforms to establish a takedown process for such depictions, and mandates them to remove the content within 48 hours upon valid request.

Levels criminal punishments, including imprisonment, on violators of this law.

Grants enforcement authority to the Federal Trade Commission.

Defines key terms relevant to the instrument, including ""covered platform,"" ""deepfake,"" and ""intimate visual depiction."""
1163,Safe and Secure Innovation for Frontier AI Act (SB 1047),California,False,True,"Requires developers of frontier AI models to implement comprehensive safety and security protocols, including cybersecurity protections, full shutdown capabilities, and detailed risk assessments.

Mandates annual independent audits and public disclosure of redacted audit reports and obligates developers to report AI safety incidents to the Attorney General within 72 hours.

Establishes policies for entities operating computer clusters to assess whether customers intend to use the clusters for training covered models.

Creates the Board of Frontier Models to update AI model thresholds and auditing requirements, ensuring alignment with technological advancements and best practices.

Imposes penalties for non-compliance, including civil penalties, injunctive relief, and punitive damages.

Introduces CalCompute, a public cloud computing cluster to support AI research and innovation, with a framework to be developed by a consortium. "
767,OpenAI Charter,Private-sector companies,False,True,"Outlines OpenAI's commits to using influence over AGI deployment to ensure it benefits all of humanity and avoids harm or power concentration.

Pledges to assist other safety-conscious AGI projects nearing completion, rather than compete, under specific conditions.

Strive for technical leadership within OpenAI and cooperate with other research and policy institutions.

Commit to multistakeholder cooperation and publish its research while acknowledging potential safety and security constraints on traditional AI research publishing."
36,Provisions on the Administration of Deep Synthesis Internet Information Services,Chinese central government,False,True,"Prohibits generative AI (""deep synthesis"") systems in China from producing a variety of forms of unwanted content, including false information or content that harms lawful rights, national security and ""social order.""

Requires deep synthesis systems to verify the true identity of each of their users.

Requires deep synthesis developers to assess the security of their AI systems, including by assessing the systems' cybersecurity attributes and their ability to abide by relevant regulations.

Requires deep synthesis systems to notify any individuals whose biometric information is edited in the production of AI-generated content.

Requires the labelling or watermarking  of realistic deep synthesis content that could potentially mislead or confuse the public.

Requires deep synthesis developers to submit filings with the relevant authorities, and requires regulators to carry out inspections of deep synthesis systems."
508,STAND with Taiwan Act,United States Congress,False,False,"Mandates the imposition of sanctions on the People's Republic of China if the People’s Liberation Army initiates a military invasion of Taiwan. 

Requires sanctions against Chinese officials and entities involved in military campaigns or efforts undermining Taiwan's security and infrastructure.

Blocks property and imposes visa restrictions on identified Chinese officials and affiliates involved in military and coercive actions against Taiwan.

Prohibits U.S. financial institutions from investments that benefit Chinese government-controlled entities or priority sectors like artificial intelligence and other advanced technologies.

Bans the listing and trading of securities of Chinese entities on U.S. securities exchanges following an invasion.

Prohibits the importation of goods from China post-invasion unless exceptions for national security are made.

Grants the President authority to enforce sanctions and provides for penalties under the International Emergency Economic Powers Act."
772,NIST AI Risk Management Framework,National Institute of Standards and Technology,False,True,"Articulates characteristics of trustworthy AI, including validity, reliability, safety, security, accountability, explainability, privacy enhancement, and fairness in managing harmful bias. 

Encourages a balance of these characteristics based on AI systems' context of use, noting tradeoffs such as interpretability versus privacy. 

Emphasizes the importance of human judgment in deciding metrics and thresholds for AI trustworthiness. 

Stipulates that trustworthy AI depends on social and organizational behavior, datasets, model choices, and human interactions. 

Mandates addressing AI risks through ongoing testing, monitoring, and balancing accuracy and robustness. 

Calls for clear information and responsible decision-making to ensure safe AI operation. 

Advocates for secure and resilient AI systems that withstand adverse events and protect against unauthorized access. 

Promotes transparency and accountability to enhance confidence in AI systems, with transparency enabling actionable redress. 

Urges explainability and interpretability to improve understanding of AI system operations and outputs. 

Encourages privacy-enhancing technologies to safeguard autonomy and identity, acknowledging tradeoffs with accuracy. 

Highlights fairness in AI, addressing harmful bias and discrimination, and recognizing systemic, computational, and human-cognitive biases. 

Outlines AI risk management framework (AI RMF) functions: GOVERN, MAP, MEASURE, and MANAGE, emphasizing a continuous and iterative process. 

Specifies GOVERN function for cultivating risk management culture, policies, and accountability in AI development and deployment. 

Describes MAP function for establishing context and understanding AI system impacts to inform risk management decisions. 

Details MEASURE function for using tools and methodologies to assess AI risks and system trustworthiness. 

Explains MANAGE function for prioritizing and responding to AI risks, maximizing benefits, and managing third-party risks."
394,Artificial Intelligence Bug Bounty Act of 2023,United States Congress,True,False,"Mandates the Chief Data and Artificial Intelligence Officer of the Department of Defense to develop a bug bounty program for AI products within 180 days of enactment.

Allows collaboration with other government agencies possessing cybersecurity and AI expertise during program development.

Authorizes the implementation of the developed bug bounty program.

Ensures that Department of Defense contracts permit participation in the bug bounty program.

Requires the Chief to brief congressional defense committees within one year on the development, implementation, and long-term plans of relevant bug bounty programs."
554,AI Labeling Act,United States Congress,True,False,"Requires content generated by AI to include clear and conspicuous disclosures marking content as AI-generated. 

Mandates the disclosure to identify content as AI-generated, the tool used to create output, and the creation date and time, ensuring disclosures are permanent or not easily removed.

Compels developers and third-party licensees of generative AI systems to implement procedures preventing content distribution without disclosures, including contractual obligations and certifying compliance.

Treats violations as unfair or deceptive acts under the Federal Trade Commission Act, granting enforcement powers to the FTC.

Establishes a working group to develop AI-generated content detection standards and assist platforms in identifying AI-generated content.

Requires the working group to publish a framework with guidelines and submit a report to Congress recommending legislative or administrative actions."
1376,Colorado AI Act (SB 205),Colorado,False,True,"Requires developers of high-risk AI systems to disclose foreseeable uses and risks of their systems, the inputs used in their training data, and how the systems were evaluated for performance.

Requires developers to display these disclosures publicly on their websites in a public use case inventory.

Mandates developers to disclose to the Colorado Attorney General, within 90 days, if their systems have caused or will likely cause algorithmic discrimination.

Requires deployers of high-risk AI systems to notify consumers of how AI is used to make consequential decisions and inform them of their right to opt out of the processing of their personal data.

Requires deployers to give consumers the opportunity to correct erroneous personal data and appeal adverse consequential decisions.

Mandates deployers to make all these disclosures publicly available on their websites.

Provides exemptions to the Colorado AI Act for certain deployers of high-risk AI systems including those who employ less than 50 people and do not use thier own data to train the system.

Grants the Colorado Attorney General exclusive authority to enforce all regulations laid out by this act and engage in any additional rulemaking necessary for the implementation and enforcement of this act."
771,"Microsoft Responsible AI Standard, v2",Private-sector companies,False,True,"Mandates Microsoft to conduct Impact Assessments for AI systems early in development to evaluate societal impacts, ensuring AI systems are fit for purpose, with annual updates and reviews for significant adverse impacts.

Demands human oversight by identifying responsible stakeholders, providing necessary tools, and ensuring appropriate documentation for system control and intervention.

Requires intelligibility for decision-making, enabling stakeholders to interpret system outputs and minimize automation bias.

Mandates transparency and communication about system capabilities, limitations, and any AI-generated content.

Ensures fairness by focusing on quality of service and opportunities and minimizing disparities for demographic groups in AI system outputs. 

Emphasizes reliability and safety, requiring evaluation for safe performance within operational ranges, and ongoing monitoring and feedback. 

Insists on compliance with Microsoft’s Privacy, Security, and Accessibility Standards to ensure AI systems are inclusive, secure, and respect privacy."
418,Algorithmic Accountability Act of 2023,United States Congress,False,False,"Directs the Federal Trade Commission (FTC) to mandate impact assessments of automated decision systems, especially in critical areas like employment, education, and healthcare.

Requires covered entities to conduct ongoing evaluations of their systems, including privacy, performance, and potential negative impacts on consumers.

Mandates transparency and stakeholder consultation in system development and deployment.

Obligates covered entities to remedy any material negative impacts on consumers.

Establishes guidelines for identifying covered entities, prioritizing impact assessments, and reporting findings in a machine-readable format.

Develops a publicly accessible repository for summaries of impact assessments to aid consumer protection and promote research.

Enforces compliance under the FTC Act and allows state attorneys general to take legal action.

Establishes a Bureau of Technology within the FTC to support implementation and enforcement.

Preserves state laws and coordination with federal agencies to ensure consistent regulatory practices."
641,LISTOS Act,United States Congress,False,False,"Mandates large online platforms to ensure consistent enforcement of content moderation across all languages where monetization occurs.

Requires platforms to annually disclose staffing and automated processes used for content moderation, including staffing levels, language proficiency, and monetization across languages.

Obligates platforms to provide user tools for content reporting and platform policies consistently in all languages offered.

Establishes the Advisory Group on Language-Sensitive Technologies to advise on best practices for non-discriminatory application of language-based technology.

Empowers the Federal Trade Commission and state attorneys general to enforce compliance, treating violations as unfair or deceptive practices.

Directs the FTC to issue regulations to implement the Act's provisions within specified timeframes.

Initiates a pilot program through USAID for international research on non-English online communication that incites harm or misinformation, with authorized funding for 2024 and 2025."
466,Promoting Precision Agriculture Act of 2023,United States Congress,False,False,"Mandates the Secretary of Agriculture, in coordination with the National Institute of Standards and Technology and the Federal Communications Commission, to develop voluntary interconnectivity standards for precision agriculture within two years.

Requires these standards to address the evolving demands and connectivity needs of precision agriculture and consider cybersecurity challenges and the impact of AI and advanced wireless technology.

Obligates the Secretary to collaborate with relevant stakeholders, including public and private sector organizations and local governments, when developing these standards.

Directs the Comptroller General to conduct a study one year after the development of these standards and biennially thereafter for eight years, assessing the voluntary nature of the standards and their effectiveness in encouraging the adoption of precision agriculture.

Requires the findings of these studies to be reported to relevant Congressional committees."
499,Preventing PLA Tech Acquisition,United States Congress,False,False,"Prohibits covered U.S. entities from engaging in scientific research or technical exchanges with Chinese entities of concern, particularly in technologies like AI, identified as priorities in China's military-civil fusion strategy.

Requires the Secretary of Defense, with other officials, to maintain a website listing prohibited scientific research areas and Chinese entities of concern.

Mandates covered entities to report annually on any research relationships with Chinese entities of concern and allows audits to ensure compliance.

Precludes entities violating prohibitions from receiving federal financial assistance.

Permits exceptions for fields not substantially contributing to military-civil fusion.

Directs the Secretary of Defense to issue regulations to enforce these provisions and coordinate enforcement across federal agencies."
1613,Alabama (2019) SB 47 (Autonomous Commercial Vehicles),Alabama,False,False,"Authorizes autonomous commercial vehicles and vehicles with teleoperation systems to operate without a conventional driver physically present in Alabama.

Grants jurisdiction exclusively to the Department of Transportation over these vehicles and prohibits additional requirements by local entities.

Requires automated vehicles to comply with federal motor vehicle safety standards and maintain motor vehicle liability coverage of at least $2,000,000.

Establishes that the vehicle owner or lessee is considered the operator for legal compliance and that automated driving systems are licensed operators.

Mandates accident protocols requiring vehicles remain on the scene with prompt law enforcement notification.

Requires remote drivers to hold the appropriate licenses and obey state traffic laws, subject to alcohol and drug testing in cooperation with local law enforcement.

Clarifies that this act does not alter existing liability laws for vehicle stakeholders.

Specifies that the act is effective upon the Governor’s approval or enactment into law."
468,DOE and USDA Interagency Research Act,United States Congress,False,False,"Mandates the Department of Energy and Department of Agriculture to engage in joint research and development activities.

Requires a memorandum of understanding to facilitate these activities through a competitive, merit-reviewed process.

Allows collaborative research in areas including artificial intelligence, machine learning, and modeling for optimizing agriculture and energy algorithms.

Promotes data integration, sharing, and secure access aligned with Federal regulations.

Encourages workforce development and infrastructure support as deemed necessary by the Secretaries.

Authorizes reimbursable agreements and collaboration with other Federal agencies to enhance research effectiveness.

Obliges the Secretaries to report on interagency coordination, research achievements, and future opportunities within two years to relevant Congressional Committees.

Ensures activities comply with research security mandates under relevant U.S. Code."
832,"Algal Bloom Research and Control Act, Sec. 2f (""Algal Bloom and Hypoxia Observing Network"")",United States Congress,False,False,"Amends the Harmful Algal Blooms and Hypoxia Research and Control Act of 1998 to establish a national harmful algal bloom observing network.

Requires the Under Secretary, through NCCOS and IOOS of NOAA, to monitor, detect, and forecast harmful algal blooms using emerging technologies, including artificial intelligence.

Mandates the IOOS Program Office to coordinate with NCCOS on data integration and information dissemination.

Establishes a Harmful Algal Bloom Data Assembly Center for data integration, dissemination, and support of ecological forecasting."
836,"Communications, Video, and Technology Accessibility Act, Sec. 401 (""Emerging Technology"") ",United States Congress,False,False,"Amends Title VII of the Communications Act of 1934 to enhance accessibility.

Requires the Commission, in consultation with the U.S. Access Board, to submit reports to Congress every 5 years.

Assesses accessibility barriers for individuals with disabilities in emerging technologies, including those using AI, augmented reality, and more.

Identifies needed solutions to ensure accessibility and compatibility with peripheral devices for individuals with disabilities.

Mandates consideration of effects on individuals with specific barriers and diverse backgrounds.

Obliges the Commission to issue new or update existing regulations within 2 years after each report to ensure accessibility of emerging technologies.

Focuses on technologies like AI and advanced computing, impacting disability accessibility policies."
985,"Americas Act, Title II (""Trade and Investment""), Sec. 202 (""Business Advisory Board"")",United States Congress,False,False,"Establishes a business advisory board under the Americas Partnership Secretariat to meet periodically and provide guidance.

Composes the board of representatives from private sector entities, civil society, and labor organizations from partner countries.

Allows the board to advise on issues including regulatory hurdles, labor issues, dispute resolution, legal investment hurdles, and alignment on regulations related to emerging technologies like artificial intelligence.

Requires coordination with central regulatory bodies as outlined in the USMCA.

Mandates the board to submit an annual report on the business environment, highlighting opportunities and challenges to investment in partner countries."
504,Medicare Transaction Fraud Prevention Act,United States Congress,False,False,"Establishes a pilot program under the Medicare program to test the use of a predictive risk-scoring algorithm for overseeing payments related to durable medical equipment and clinical diagnostic laboratory tests.

Requires the pilot to run for two years, starting no later than January 1, 2025, with voluntary beneficiary participation.

Mandates algorithm development in collaboration with industry representatives and modeled after real-time consumer feedback mechanisms, with scores ranging from 1 (least risky) to 99 (most risky).

Conditions use of the algorithm on prior testing and evaluation considering the AI Bill of Rights and requires notifying affected beneficiaries about data processing and implications.

Allows transaction review and possible suspension based on high-risk scores, offering beneficiaries the chance to dispute inaccuracies.

Requires that alerts for identified fraud risks be communicated to beneficiaries, along with guidance on reporting suspected fraud to law enforcement, and authorizes determination of Medicare card termination to prevent fraud."
828,"Tech to Save Moms Act, Sec. 5 (""Report on Technology in Maternity Care"")",United States Congress,False,False,"Mandates the Secretary of Health and Human Services to arrange a study with the National Academies on technology use in maternity care.

Requires examination of innovative technology, including AI, and its impact on racial or ethnic biases in maternal health.

Demands analysis of patient monitoring devices and their influence on racial or ethnic biases.

Calls for identification of best practices to reduce and prevent racial or ethnic biases in technology and device use.

Seeks best practices for using these technologies specifically for racial and ethnic minority groups in maternity care.

Instructs evaluation of privacy and security safeguards related to these technologies.

Obliges the National Academies to complete the study and report results to Congress within 24 months of enactment."
811,"Federal Information Security Modernization Act, Sec. 14 (""Automation and AI"")",United States Congress,False,False,"Define ""information system"" as per section 3502 of title 44, United States Code.

Mandates the Director to issue guidance on AI use by agencies to enhance cybersecurity of information systems.

Requires the Director and agency heads to consider AI systems where automation aids cybersecurity.

Obligates the Director to report annually for 5 years to Congress on AI use in enhancing cybersecurity.

Instructs the Comptroller General to report to Congress on AI-associated privacy and cybersecurity risks within 2 years.

Directs the Comptroller General to study and report within 2 years on AI and automation use across the federal government for cybersecurity, including automated updates to cybersecurity tools and processes."
888,Targeting Online Sales of Fentanyl Act,United States Congress,False,False,"Mandates the Comptroller General to conduct a study on online sales of fentanyl and methamphetamine, analyzing business models, supply chains, and logistics.

Requires examination of the impact on individuals under 18 and federal efforts to combat these sales, including interagency and intergovernmental collaborations.

Analyzes existing federal law enforcement procedures and outcomes over the past 10 years to identify patterns and improvement areas.

Explores how providers use machine learning and other technologies to detect and combat sales of these substances on their platforms.

Evaluates enforcement mechanisms by providers, such as user identification and account suspension.

Requires assessment of referrals to the Federal Government from providers, including investigations and outcomes.

Obligates submission of a report to Congress within one year detailing study findings and determinations."
824,"Western Wildfire Support Act, Sec. 206 (""Wildfire Detection Equipment and Integration of AI"")",United States Congress,False,False,"Mandates a study by the Secretaries on the effectiveness and limitations of wildfire detection technologies in various aspects of wildfire management.

Requires examination of how each technology, if deployed timely and properly, can effectively and efficiently address wildland fire threats.

Examines the integration of artificial intelligence with real-time imagery and weather data in wildfire detection technologies.

Explores how AI integration can enhance the value of these technologies, both individually and collectively.

Requires submission of the study results to congressional committees and public release within two years of the Act's enactment."
984,"Americas Act, Title I (""Administration""), Sec. 103 (""Duties of Institute"")",United States Congress,False,False,"Mandates the Institute to promote international collaboration on e-governance systems with Americas partner countries.

Requires assistance in developing e-governance systems under the framework from section 102, including creating technical standards and reference implementations.

Facilitates shared infrastructure and technical assistance, including service development and contracts with partner countries.

Allows procurement or licensing of commercial technology for shared use and certifies audit organizations.

Permits partnerships with private entities and provides financial support for system development.

Accounts for emerging technologies, such as AI, advising on their integration or regulation.

Restricts procurement and data sharing under the e-governance framework with specific countries, including Russia and China, to ensure privacy and security.

Grants authority to exclude individuals, entities, or products not from approved countries to protect citizens’ privacy and security."
315,AI Biorisk Assessment Act,United States Congress,True,False,"Requires the Assistant Secretary for Preparedness and Response to conduct risk assessments and implement strategic initiatives that address whether AI can develop novel pathogens, viruses, bioweapons, or chemical weapons, including monitoring and researching the global biological catastrophic risk landscape.

Requires the Assistant Secretary for Preparedness and Response to include a summary of the risk assessment above in the National Health Security Strategy."
396,Artificial Intelligence Accountability Act,United States Congress,True,False,"Requires the Assistant Secretary of Commerce for Communications and Information to study accountability mechanisms (e.g., audits, certifications, and assessments) that provide assurances that an AI system is trustworthy. This includes defining terms around AI “trustworthiness,” examining how mechanisms are incorporated into AI systems, and assessing their ability to reduce risks related to AI systems, such as cybersecurity threats. 

Requires the Assistant Secretary to solicit stakeholder feedback through public meetings while carrying out the study above and to report the study’s findings to Congress, including recommendations on effective accountability measures for AI systems. 

Requires the Assistant Secretary to consult with stakeholders through public meetings and report to Congress on what information should be disclosed to those who interact with, are affected by, or study AI systems, and the most effective methods for doing so."
395,"Artificial Intelligence Research, Innovation, and Accountability Act of 2023",United States Congress,True,False,"Requires the Under Secretary of Commerce to develop standards for online content verification. Mandates best practices for detecting AI outputs. Directs review of AI usage in government. Prohibits generative AI without user notification. 
Requires AI transparency reports. Instructs NIST on AI oversight. Obligates risk assessments for critical-impact AI. Establishes AI Certification Advisory Committee. Empowers enforcement of compliance. Establishes consumer education working group."
416,Justice in Forensic Algorithms Act of 2024 ,United States Congress,True,False,"Requires the Director of the National Institute of Standards and Technology (NIST) to establish a program (“Testing Standards”) to create and maintain testing standards for computational forensic software, which includes software that relies on AI-enabled automated or semiautomated computational processes to analyze or interpret evidence.

Requires Testing Standards to solicit public input, address the potential for disparate impacts on protected groups, and specify requirements for publicly available documentation by developers, validation processes by those using computational forensic software, reports provided to defendants regarding software used, and how to test software and report results. 

Requires the Director of the National Institute of Standards and Technology (NIST) to establish a program (“Testing Program”) that tests computational forensic algorithms according to the testing standards, using realistic and representative sample data and adversarial examples, and publishing results. Requires software to be re-tested after significant changes. 

Requires Federal law enforcement agencies only to use computational forensic software tested by NIST’s Testing Program and only after conducting an internal validation and making results publicly available. 

Requires evidence from computational forensic software to be admissible only if it has been submitted to NIST’s Testing Program and the developers waive legal claims against the defense analyzing or testing it. Requires information about the software (e.g., source code) and results from analyses by the software to be shared with the defendant. "
398,General AI Communications Act Immunity,United States Congress,False,True,Amends Section 230 of the Communications Act of 1934 (which prevents providers of an interactive computer service from being held legally liable for third-party content) to remove this protection for claims involving the use or provision of generative artificial intelligence.
397,Federal Artificial Intelligence Risk Management Act of 2023,United States Congress,True,False,"Requires the Director of the National Institute of Standards and Technology (NIST) and Director of the Office of Management and Budget (OMB) to issue guidance on how federal agencies can use NIST’s AI Risk Management Framework (RMF) to reduce risks, covering cybersecurity for AI systems, requirements for AI suppliers, and training for agencies.

Requires the Comptroller General of the United States to assess the impact of NIST's AI RMF on agencies' AI use within a year, and requires the Director of OMB to report to Congress on agency implementation and adherence to NIST’s AI RMF within a year, and subsequently, at least once every three years.

Excludes national security systems from the requirements above to adhere to NIST’s AI RMF.

Requires the Federal Acquisition Regulatory Council to issue guidance on agency AI procurement within a year, to ensure compliance with NIST’s AI RMF.

Requires the Director of OMB to establish an initiative to build agencies’ AI expertise, focusing on hiring interdisciplinary experts and incorporating best practices from existing initiatives.

Requires the Director of NIST to conduct a study on and convene stakeholders to develop voluntary consensus standards to test and evaluate AI acquisitions, develop methods and conduct evaluations, monitor evaluations and adjust methods, and make recommendations to each agency on risks from relevant AI acquisitions. "
429,Healthy Technology Act of 2023,United States Congress,False,True,"Amends the definition of 'practitioner licensed by law to administer such a drug' in Section 503(b) of the Federal Food, Drug and Cosmetic Act, to include artificial intelligence and machine learning technology

Authorizes AI and ML technology to prescribe pharmaceutical drugs if approved by the State in question, and if approved by the Food and Drug Administration 

Requires such AI and ML technology to be approved by the Food and Drug Administration through conventional channels, including having to provide 90 days' premarket notification if this is deemed a new device"
402,CREATE AI Act of 2023,United States Congress,False,False,
415,Preventing Algorithmic Collusion Act of 2024,United States Congress,False,False,"Prohibits the use of pricing algorithms incorporating nonpublic competitor data.

Requires entities using or distributing pricing algorithms to submit detailed reports to the Federal Trade Commission (FTC) or Attorney General upon request, detailing development, data usage, and algorithmic rules.

Mandates certification of report accuracy by a high-level corporate officer.

Ensures confidentiality of submitted reports, allowing information sharing only between the Department of Justice, FTC, and National Institute of Standards and Technology.

Imposes civil penalties for violations, including fines and injunctive relief.

Presumes collusive behavior in antitrust cases involving certain uses of pricing algorithms, allowing for rebuttal and assigning joint liability.

Obligates disclosure to customers and employees when prices or terms are set by algorithms, including specifics on price discrimination and third-party algorithm developers.

Directs the FTC to study and report on the impact and prevalence of pricing algorithms within two years, including potential consumer harm and benefits."
408,S. 2346 (Public Health Response to AI),United States Congress,False,False,"Requires the Secretary of Health and Human Services to develop a strategy for public health preparedness and response to artificial intelligence (AI) threats within 180 days of enactment.

Mandates consultation with stakeholders, including those developing countermeasures and those with AI expertise, for strategy formulation.

Includes a framework for mitigating AI misuse risks threatening national health security and outlines duties, functions, and metrics for preparedness and response.

Identifies gaps in public health capabilities and proposes strategies to address these gaps and strengthen emergency preparedness against AI threats.

Focuses on mitigating risks such as the development of biological weapons and drug-resistant viruses and bacteria.

Requires the strategy to be submitted to relevant congressional committees without compromising national security.

Amends the Public Health Service Act to integrate this AI threat strategy into the broader federal response to public health emergencies."
399,AI Advancement Act of 2023,United States Congress,True,False,"Requires a report on artificial intelligence regulation in the financial services industry, establishes artificial intelligence bug bounty programs, requires a vulnerability analysis study for artificial intelligence-enabled military applications, and requires a report on data sharing and coordination."
414,Eliminating Bias in Algorithmic Systems Act of 2023,United States Congress,True,False,"Requires agencies which use or oversee a covered algorithm to have an office of civil rights employing experts and technologists on bias, discrimination, and algorithmic harms.

Mandates these offices to submit biennial reports to Congress detailing risks from use of algorithms using artificial intelligence techniques within the agency's jurisdiction, mitigation steps, actions taken to engage stakeholders, and recommendations for further mitigation of algorithmic bias and discrimination.

Establishes an interagency working group on covered algorithms and civil rights, led by the Department of Justice's Civil Rights Division."
401,CLOUD AI Act,United States Congress,True,False,Grants authority to the Secretary of Commerce to prohibit US persons and subsidiaries from supporting the use of remote or cloud integrated circuits listed under Export Control Classification Number 3A090 and 4A090 of the Export Administration Regulations by entities located in the People’s Republic of China or Macau.
411,S. 3849 (US Leadership in AI Standards),United States Congress,False,False,"Requires the Director of the National Institute of Standards and Technology (NIST) to brief Congress within one year on federal participation opportunities in AI and emerging technology standards development.

Directs federal agencies to notify NIST of their involvement in AI standards activities and mandates NIST to create a reporting mechanism for this purpose.

Mandates NIST to establish a web portal to inform U.S. industry and federal agencies about international standards efforts and participation opportunities.

Establishes a pilot program for supporting U.S.-based standards meetings, including prestandardization and coordination meetings, through grants to eligible entities.

Obligates NIST to brief Congress annually on the pilot program’s effectiveness and provide recommendations for permanent implementation if deemed feasible.

Authorizes $10 million for the pilot program from fiscal years 2024 through 2028."
449,FAIRR Act,United States Congress,False,False,"Amends the Financial Stability Act of 2010 to assign the Financial Stability Oversight Council duties regarding AI in the financial sector.

Requires the Council to coordinate with member agencies on AI-related financial system risks and direct the Office of Financial Research to study AI use by financial institutions.

Obligates the Council to identify AI-related threats to financial stability, including market manipulation and disruption by malign actors.

Mandates submission of a report within 180 days identifying regulatory gaps and recommending solutions, including referencing the NSA's September 2023 Cybersecurity Information Sheet.

Calls for scenario-based exercises to test AI-related financial disruption defenses.

Expands authority to oversee third-party AI service providers to financial institutions.

Increases penalties for securities violations involving machine-manipulated media to three times the standard amount.

Imposes liability on developers for AI model outcomes under Federal securities laws, with limited potential for waivers."
422,"HR6896, 2023, Chinese autonomous ground vehicles briefing requirement.",United States Congress,False,False,"Require the Secretary of Defense to provide a briefing by March 30, 2024, on national security threats from Chinese autonomous ground vehicles in the U.S.

Mandate the briefing to address vehicles near Department of Defense bases and sensitive U.S. Government facilities.

Specify inclusion of information on data types collected by these vehicles and dual-use implications of their technologies.

Include analysis of how the Chinese Communist Party or People’s Liberation Army could use collected data for military planning."
450,National AI Commission Act,United States Congress,True,False,"Establishes the National AI Commission, an independent and bi-partisan commission in the legislative branch responsible for reviewing and recommending measures for the US to mitigate the risks and possible harms of AI, and to ensure US leadership in AI innovation and development.

Directs the National AI Commission to review the Federal Government's existing approach to AI oversight and regulation, including the existing distribution of oversight and regulatory authorities across various agencies, and to recommend governmental structures that may be needed to regulate powerful general-purpose AI systems.

Instruct the National AI Commission to submit an interim report to Congress and the President within six months, a final report with its findings and recommendations for a binding regulatory framework no later than six months after the interim report, and a follow-up report within one year of the final report's submission.

Requires the National AI Commission to comprise twenty commissioners appointed by the President and by Congressional leadership, with ten appointed by each party and co-chaired by a Democratic appointee and a Republican appointee."
439,No AI FRAUD Act,United States Congress,False,True,"Establishes property rights for individuals in their likeness and voice, treating them as intellectual property that is transferable and descendible for ten years post-mortem.

Prohibits unauthorized distribution, transmission, or availability of personalized cloning services, digital voice replicas, or digital depictions without the individual’s consent, imposing liabilities for violations.

Specifies that unauthorized use incurs damages of $50,000 per violation for cloning services and $5,000 per violation for voice replicas or depictions, plus actual damages and profits.

Allows for punitive damages and attorney fees for injured parties and invalidates disclaimers as a defense.

Provides a First Amendment defense, balancing public interest with intellectual property rights, and considers commercial use and impact on the value of the original work.

Exempts negligible harm from liability and defines harm to include financial, physical, and severe emotional distress.

Sets a four-year limitations period for civil actions and ensures no preemption of other rights or laws."
420,"HR3168, 2023, Joint Autonomy Office Establishment ",United States Congress,True,False,"Directs the Secretary of Defense to establish the Joint Autonomy Office in the Department of Defense, responsible for coordinating and accelerating the adoption of all-domain autonomous systems for operational users, including through the adoption of commercial and defense best practices

Requires the Office to implement an all-domain enterprise autonomous systems software development and testing platform across DoD's classification levels, including an all-domain data acquisition and curation process to build and manage datasets; these datasets and platforms should be released to various services and acquisition programs as they mature.

Requires the Secretary of Defense to ensure that the Office has unlimited access to existing datasets regardless of classification level, and to introduce security protocols to protect data shared with or maintained by the Office.

Requires the Director of the Office must establish a Department-wide classification framework for autonomous capabilities, considering the complexity of autonomous systems, the necessity of human supervision or control, their applicability to various warfighting domains, and costs; the Director must submit this framework along with an explanation of its criteria and requirements to Congress, with updates released no less frequently than once every two years.

Requires the Director to develop and implement plans to standardize planning, resource and integration of autonomous capabilities across the Department; this includes a report assessing the Department's current efforts which identifies acquisition, training and evaluation gaps, as well as recommendations to address these.
"
442,ASK Act,United States Congress,True,False,"Directs the Federal Communications Commission (FCC), in consultation with the Federal Trade Commission (FTC), to issue rules prohibiting the offer of artificial intelligence products to minors without parental consent.

Mandates the rule to include a provision allowing parents and guardians to revoke consent at any time."
433,Preventing Deep Fake Scams Act,United States Congress,True,False,"Establishes a task force examining the fraudulent use of artificial intelligence in the financial services sector.

Instruct the task force to solicit public feedback from industry and expert stakeholders, including depository institutions, credit unions, third-party vendors, and AI experts.

Directs the task force to produce a report for Congress within one year that identifies potential risks from AI misuse, and proposes AI fraud detection measures, among other legislative recommendations.

Terminates the task force 90 days after the final report's issue."
432,AI Leadership Training Act,United States Congress,False,False,"Establishes an AI leadership training program for management officials, supervisors, and other designated employees in executive agencies, to be developed and implemented within 18 months.

Requires annual training to cover AI capabilities, risks, safety, ethics, Federal Government requirements, and best practices related to AI procurement, use, testing, evaluation, and auditing.

Mandates program topics include AI basics, benefits, risks, data significance, AI system failures, continuous refinement, risk mitigation, organizational considerations, and constitutional risks related to AI use.

Obligates updates to the program every two years to incorporate new AI information and ensure compliance with training requirements.

Demands metrics to measure participation and feedback for program improvements.

Permits Congress to request detailed information about the program materials and responsible personnel.

Encourages interaction with experts from various sectors as part of the training.

Sets a sunset clause for the program 10 years after enactment."
438,DOE and NSF Interagency Research Act,United States Congress,False,False,"Requires the Department of Energy (DOE) and the National Science Foundation (NSF) to coordinate research and development activities.

Mandates the establishment of a memorandum of understanding between the DOE and NSF, utilizing a competitive, merit-reviewed process for project applications.

Authorizes collaborative research in key areas including artificial intelligence, machine learning, data analytics, quantum computing, and computational sciences.

Promotes interagency collaboration and data sharing among Federal agencies, National Laboratories, and other institutions.

Supports research infrastructure development and STEM education initiatives, including internships and professional development.

Allows reimbursable agreements between the DOE and NSF to enhance research effectiveness.

Obligates the DOE and NSF to report on interagency coordination, research achievements, and future opportunities within two years of enactment.

Ensures activities comply with research security provisions under existing law."
441,Political BIAS Emails Act of 2023,United States Congress,False,True,"Prohibits email service providers from using filtering algorithms to flag emails from political campaigns that consumers have elected to receive as spam without user direction.

Requires providers to publish quarterly transparency reports detailing instances of political emails flagged as spam, including breakdowns by political party and filtering algorithm usage.

Mandates email providers to disclose specific spam-filtering data to political campaigns upon request, with limitations on request frequency.

Obliges providers to offer best practices to political campaigns for improving email deliverability to primary inboxes.

Enforces these provisions through the Federal Trade Commission, treating violations as unfair or deceptive acts under the Federal Trade Commission Act.

Defines key terms including “filtering algorithm,” “operator,” and “political campaign.”"
440,ASSESS AI Act,United States Congress,True,False,"Establishes a task force to assess privacy, civil rights, and civil liberties implications of artificial intelligence. 

Charges the task force to evaluate existing policy, regulatory, and legal gaps for AI applications and make legislative and regulatory recommendations.

Directs the task force to address the application of federal antidiscrimination laws, disparate impact standards, AI validation, and auditing in federal use of AI.

Instructs the task force to consider institutional changes for ongoing AI governance and the potential creation of a new oversight organization.

Requires the task force to submit an interim report within one year and a final report within 18 months."
448,AI Disclosure Act of 2023,United States Congress,False,True,"Requires generative artificial intelligence to include a disclaimer on any output. Mandates the Federal Trade Commission (FTC) to enforce this disclosure requirement.

Classifies violations of the disclosure requirement as unfair or deceptive acts or practices under the Federal Trade Commission Act.Empowers the FTC to enforce the disclosure requirement using the same means, jurisdiction, powers, and duties as provided in the Federal Trade Commission Act. Subjects violators to penalties and grants them privileges and immunities in accordance with the Federal Trade Commission Act."
451,R U REAL Act,United States Congress,True,False,"Directs the FTC to revise the Telemarketing Sales Rule to require the disclosure of AI usage to impersonate a human being in telemarketing.

Mandates the FTC to impose financial penalties on violators of this new rule, especially towards individuals and entities with the intent to defraud, cause harm, or wrongfully obtain anything of value through AI telemarketing techniques."
437,AI LEAD Act,United States Congress,True,False,"Establishes the Chief Artificial Intelligence Officers (CAIO) Council to coordinate federal AI practices, interagency activities, and risk management. Mandates each federal agency to appoint a Chief Artificial Intelligence Officer responsible for promoting AI innovation, policy development, and risk management.

Requires the creation of Artificial Intelligence Governance Boards within each agency to oversee AI issues and ensure compliance with relevant laws and standards. Obligates agencies to develop AI strategies emphasizing trustworthy adoption, risk mitigation, transparency, and the protection of individual rights. Directs the Comptroller General to report on the effectiveness of the AI Governance Boards and CAIOs within two years of enactment.

"
436,AI Foundation Model Transparency Act of 2023,United States Congress,True,False,"Directs the Federal Trade Commission (FTC) to establish and routinely update standards for making training data and algorithms of AI foundation models publicly available.

Requires the FTC to promulgate regulations within 9 months and specifies information to be disclosed, including sources of training data and model performance evaluations.

Mandates consultation with relevant stakeholders, including NIST, OSTP, and the Register of Copyrights, in establishing these standards.

Treats violations of these regulations as violations under the FTC Act regarding unfair or deceptive acts or practices.

Authorizes $10 million for fiscal year 2025 and $3 million annually thereafter for implementation."
431,MARTTE Act of 2023,United States Congress,False,False,"Establishes a robust human capital infrastructure for computer programming, coding, and AI skills within the U.S. Armed Forces.

Requires the development of career field occupational codes aligned with AI and coding competencies under the Department of Defense Cyber Workforce Framework.

Mandates the assessment and tracking of personnel with AI and coding skills.

Obliges the military departments to develop and execute a coherent strategy for presenting these skills to combatant commands.

Tasks the Secretary of each military department, in consultation with relevant officials, to implement the policy and submit implementation plans within 180 days.

Calls for similar policies for reserve components to leverage civilian-acquired AI and coding skills.

Requires updates on policy implementation in the Department of Defense's budget justification materials until all milestones are met."
443,Water Quality and Environmental Innovation Act,United States Congress,True,False,"Authorizes the Environmental Protection Agency's (EPA) Administrator to award grants and contracts for projects using emerging technologies to address water quality threats.

Establishes the Water Quality and Environmental Innovation Fund, funding it through fiscal years 2024-2028 using fees from the EPA's Motor Vehicle and Engine Compliance Program.

Mandates the use of technologies, including artificial intelligence, quantum information science, and robotics, among others, for water quality projects.

Requires that project results, including data and statistics, be publicly accessible.

Directs the EPA Administrator to report annually to Congress on the benefits, recipients, goals, and effectiveness of funded projects, starting one year after the Act's enactment."
428,Basic Allowance for Housing Calculation Improvement Act of 2023,United States Congress,True,False,"Requires the Secretary of Defense to conduct a pilot program to outsource the calculation of monthly Basic Allowance for Housing (BAH) rates using machine learning and artificial intelligence algorithms by engaging a covered entity.

Mandates the submission of a report to the Senate and House Armed Services Committees evaluating the AI-calculated rates."
462,TEST AI Act of 2023,United States Congress,True,False,"Requires the Director of the National Institute on Standards and Technology (NIST) to work with other heads of federal agencies and private/public sector stakeholders to build testbeds for supporting the development of trustworthy AI systems and AI guardrails.

Mandates the Secretary of Commerce and Secretary of Energy to enter into a memorandum of understanding that allows relevant agencies across the federal government access to AI-related personnel, facilities, and research at the Department of Energy."
453,QUIET Act,United States Congress,False,True,"Directs Congress to amend the Communications Act of 1934 to mandate the disclosure of artificial intelligence usage in voice call or text message impersonations.

Mandates the imposition of financial penalties on those who fail to complete the required disclosure of artificial intelligence usage during robocalls."
460,Farm Tech Act,United States Congress,True,False,"Mandates the Secretary of Agriculture to establish a program to certify AI software for the production of agricultural products. 

Bases the certification program on the  National Institute of Standards and Technology's Artificial Intelligence Risk Management Framework.

Permits certification only if the software performs accurately and meets or exceeds relevant Federal and State standards for licensure, certification, and permitting.

Details specific licensure and certification requirements for various tasks, including commercial driving, manure application, pesticide application and handling hazardous materials."
452,Jobs of the Future Act of 2023,United States Congress,False,False,"Requires the Secretary of Labor and the Director of the National Science Foundation to submit interim and final reports on AI's impact on the U.S. workforce.

Mandates these reports to identify data necessary for analyzing AI's workforce impact, industries most affected by AI, and demographics vulnerable to job displacement.

Requires analysis of skills, expertise, and education needed to work alongside AI and methods to deliver these to the workforce.

Demands recommendations to mitigate workforce displacement, promote knowledge sharing, and ensure underserved demographics have access to necessary AI-related education.

Requires collaboration with educational institutions, industry stakeholders, and federal agencies in preparing the reports."
471,Building Resilient Supply Chains Act,United States Congress,True,False,"Directs the Department of Commerce to establish a Supply Chain Resiliency and Crisis Response Office, responsible for awarding grants, loans, and loan guarantees to critical industry and supply chain stakeholders that integrate artificial intelligence into manufacturing.

Mandates the DOC to improve the competitiveness of the advanced tech manufacturing sector, minimize supply chain shocks, and support the creation of related jobs in key technology focus areas such as artificial intelligence, machine learning, and quantum computing.

Directs the Inspector General of the DOC to audit activities supported by the Supply Chain Resiliency and Crisis Response Office's grants, loans, and loan guarantees every four years."
461,S. 2677 Small Business Technology Enhancement Act,United States Congress,False,False,"Designates a senior employee of the Office of Investment and Innovation as the broadband and emerging information technology coordinator to assist small businesses in adopting broadband and emerging technologies.

Requires the coordinator to work with the SBA's chief information officer, chief technology officer, and other relevant federal agencies.

Mandates the coordinator to identify best practices and catalog tools and training for small businesses on broadband and emerging technologies.

Obligates the coordinator to provide training to SBA employees on these technologies and relevant federal programs.

Requires biennial reports on the SBA's activities related to broadband and emerging technologies.

Instructs the Chief Counsel for Advocacy to study and report on the impact of broadband availability, speed, and price, and the deployment of emerging technologies on small businesses.

Amends the Small Business Act to include provisions for increasing small business access to broadband and emerging technologies."
467,AI Training Expansion Act of 2023,United States Congress,True,False,"Amends the Artificial Intelligence Training for the Acquisition Workforce Act to expand artificial intelligence training within the executive branch.

Requires the training program to cover capabilities, risks and benefits, and mitigation strategies associated with AI."
539,Computer Science for All Act of 2023,United States Congress,False,False,"Requires the Secretary of Education to award grants to states, local educational agencies, and eligible Tribal schools for expanding computer science education.

Mandates grant recipients to provide every high school student with access to computer science education within five years and ensure a progression of computer science education from prekindergarten through middle school.

Requires the use of grant funds for teacher training, expanding access to learning materials, and reducing equity gaps in STEAM education for underrepresented groups.

Permits grant funds to be used for building regional collaborations, hiring instructional personnel, and disseminating effective practices.

Limits use of grant funds for equipment purchases to 15%.

Authorizes $250 million for fiscal year 2024 and the following four fiscal years.

Requires grant recipients to report biannually on the use of funds and student demographics.

Mandates the Secretary to report to Congress within five years on program expansion recommendations."
497,FinCEN Modernization Act of 2023,United States Congress,True,False,"Cites the Act as the ""FinCEN Modernization Act of 2023.""

Requires FinCEN to establish research, development, and information-sharing programs focusing on technological advances like machine learning and data analytics.

Mandates FinCEN to explore and evaluate technological innovations beneficial for financial systems and detect illicit activities.

Obligates FinCEN to adopt necessary technologies for monitoring cryptocurrencies and addressing money laundering and cyber threats.

Enables FinCEN to exchange information with other Treasury offices and federal departments.

Authorizes FinCEN to enter into non-standard transactions and accept contributions, gifts, or donations to support technological advancements.

Compels FinCEN to submit an annual report detailing transactions, contributions, and their justifications and purposes to relevant Congressional committees."
400,Artificial Intelligence Environmental Impacts Act of 2024,United States Congress,True,False,"Requires the Administrator of the Environmental Protection Agency (EPA) to study  the environmental impacts of artificial intelligence, with a report on its findings submitted to Congress within two years of the Act's enactment.

Mandates that the EPA study examine the energy, water consumption, and pollution throughout the full lifecycle of AI models, hardware, and data centers, considering the effects of location, power sources, and AI model design on these environmental impacts.

Requires that the EPA study assess the positive environmental impacts associated with the use of AI, such as optimizing systems for energy efficiency or automatically monitoring environmental changes.

Directs the Director of the National Institute of Standards and Technology (NIST) to work with other government officials to form a consortium comprising academic, civil society, and industry representatives to assess and report on AI's environmental impacts, including the feasibility of open-source tools for measurement and recommendations to mitigate negative environmental effects.

Instructs the Director of NIST to work with other government officials and the consortium to establish a voluntary reporting system for entities to report on their AI systems' environmental impact.

Requires the Administrator of EPA, Secretary of Energy and Director of NIST to submit a joint report on the consortium's findings and its proposed voluntary reporting system within four years of the Act's enactment."
540,TORNADO Act,United States Congress,True,False,"Requires the Under Secretary of Commerce for Oceans and Atmosphere to improve the communication system of the National Oceanic and Atmospheric Administration (NOAA) for hazardous weather and water events to prevent loss of life and property.

Mandates the establishment of a hazard risk communication office to simplify and improve communication, using the latest social, behavioral, risk, and communication science research, including AI and machine learning technologies.

Instructs the Under Secretary to create a research program to modernize risk-based hazard communication and establish a pilot program for tornado hazard communication. "
486,H. R. 7073 Pipelines R&D Act,United States Congress,False,False,"Creates a demonstration initiative to advance next-generation pipeline technologies, awarding financial assistance to eligible entities through a competitive process.

Establishes a joint research and development program within the Department of Energy, coordinated with the Department of Transportation and the National Institute of Standards and Technology, to develop advanced materials and technologies for pipeline systems.

Forms the National Pipeline Modernization Center to collaborate on research, development, and demonstration projects for commercializing cost-effective pipeline products and procedures.

Mandates the development of measurement research, testing, and standardization programs by the National Institute of Standards and Technology to ensure pipeline integrity and support safety, security, and efficiency.

Authorizes significant appropriations for fiscal years 2024 through 2028 to support these initiatives."
483,Supply Chain Mapping and Monitoring Act,United States Congress,False,False,"Establishes the Supply Chain Resiliency and Crisis Response Office within 180 days to monitor and enhance supply chain resilience, especially for critical industries and goods.

Mandates the Under Secretary to map, monitor, and model supply chains, identifying gaps and vulnerabilities.

Requires collaboration with federal agencies, private sector, labor organizations, and international partners to strengthen supply chains and prepare for shocks.

Involves continuous monitoring of supply chain resilience, diversity, and security, and mandates quadrennial reports on supply chain resiliency and domestic manufacturing.

Authorizes $500 million for fiscal years 2024-2028 to fund these activities, ensuring up to 2% per fiscal year for administrative costs."
494,Investing in Tomorrow's Workforce Act of 2023,United States Congress,False,False,
487,S. 3642 Weather Model Computing Act,United States Congress,False,False,"Directs the Secretary of Energy and the NOAA Administrator to conduct collaborative research using advanced computing techniques, including AI, to improve weather models.

Requires establishment of a memorandum of understanding to facilitate this collaboration through a competitive, merit-reviewed process.

Mandates exploration of performance portability of weather model codes between operational and high-performance computing systems.

Supports maintenance and improvement of scientific computing infrastructure, data sharing, and collaboration among federal entities and institutions.

Initiates a computing research initiative to develop advanced weather models, leveraging data and efforts from relevant interagency entities.

Permits establishment of up to three centers of excellence at National Laboratories to support advanced weather models through public-private partnerships and high-performance computing.

Prioritizes selection of Laboratories with AI-enabled computing systems and expertise in weather and climate modeling.

Mandates submission of reports to Congress detailing interagency coordination, achievements, and future opportunities for collaboration in advanced computing techniques."
484,AI for National Security Act,United States Congress,True,False,"Amends Section 1521 of the National Defense Authorization Act for Fiscal Year 2022 to expand the Department of Defense's procurement of cyber data products and services to include AI-driven endpoint security and to strengthen software supply chain security.

Inserts a provision to enhance the security of the software supply chain of the Department of Defense using AI."
489,S. 3792 Technology Workforce Framework Act ,United States Congress,False,False,"Expands the functions of the National Institute of Standards and Technology (NIST) to include developing workforce frameworks for critical and emerging technologies, including artificial intelligence (AI).

Requires the Director of NIST to develop, maintain, and update an AI workforce framework and review it at least every three years.

Mandates the inclusion of professional, support, and operational skills in AI workforce frameworks, considering nontraditional backgrounds.

Instructs the Director to consult with various stakeholders, including federal agencies and educational institutions, in developing these frameworks.

Obliges the Director to produce multilingual resources to support global adoption of these frameworks.

Requires periodic reports to Congress on updates and the process of reviewing workforce frameworks, including the National Initiative for Cybersecurity Education Workforce Framework for Cybersecurity.

Directs the development and publication of additional workforce frameworks for other critical technologies, such as quantum information science."
517,Protect Elections from Deceptive AI Act,United States Congress,False,True,"Prohibits knowingly distributing materially deceptive AI-generated audio or visual media related to Federal election activities or candidates. Exempts broadcasters, streaming services, and periodicals if they disclose authenticity concerns and covers bona fide news or satire. 

Allows affected candidates to seek injunctive relief or damages, including attorney's fees, for violations. Requires plaintiffs to prove violations with clear and convincing evidence. "
485,RESTRICT Act,United States Congress,False,False,"Authorizes the Secretary of Commerce to review and prohibit certain transactions involving information and communications technology (ICT) between U.S. persons and foreign adversaries.

Empowers the Secretary to identify, deter, disrupt, prevent, prohibit, investigate, or mitigate risks arising from covered transactions.

Defines ""covered transactions"" broadly, including those involving foreign adversaries or entities under their jurisdiction.

Establishes procedures for the Secretary to refer covered holdings posing national security risks to the President, who can then compel divestment or take other actions to mitigate risks.

Prioritizes critical ICT areas such as AI, quantum computing, and telecommunications for evaluation.

Exempts actions from standard administrative and judicial reviews, limiting legal challenges to specific high courts.

Imposes civil and criminal penalties for violations, including fines, imprisonment, and forfeiture."
797,"FAA R&D Act, Sec. 215 (""Air Traffic Control Training"")",United States Congress,False,False,"Requires the Administrator to carry out a research program to modernize and streamline air traffic control training, subject to available appropriations.

Mandates the assessment of advanced technologies, including AI, machine learning, and virtual/augmented reality, to enhance knowledge retention and training effectiveness.

Develops a timeline for deploying proven advanced technologies and processes for accreditation in training programs and facilities.

Includes collaboration with labor organizations and other stakeholders in the research process.

Obligates the Administrator to submit a report to Congress on the research findings within one year of the Act's enactment."
796,"FAA R&D Act, Sec. 210 (""Review of AI and ML"")",United States Congress,False,False,"Requires the Administrator to conduct a review of current and planned AI and machine learning technologies to enhance airport efficiency and safety.

Mandates the review to cover applications of AI and machine learning in jet bridges, airport service vehicles, and aircraft taxiing.

Allows the Administrator to include other relevant areas that can improve airport efficiency and safety.

Obligates the Administrator to submit a report to Congress within one year, detailing the review's findings.

Includes a required examination of China's domestic application of AI and machine learning technologies in the report."
800,"Weather Act Reauthorization, Sec. 304 (""Data Assimilation, Management, and Sharing"")",United States Congress,False,False,"Establishes the requirement for the Under Secretary, in collaboration with the weather enterprise, to develop consistent and open data and metadata standards to support open science.

Mandates the consolidation and efficient arrangement of data infrastructure, considering commercial cloud technologies, to ensure effective data transfer between National Oceanic and Atmospheric Administration (NOAA) offices.

Authorizes the Under Secretary to partner with other federal agencies to support cloud architecture transitions and data collocation.

Ensures the long-term management and stewardship of archival data acquired through the Commercial Data Program.

Requires the Under Secretary to facilitate data sharing with the weather enterprise, making data accessible to U.S. persons under certain conditions.

Instructs the establishment of a program to advance data assimilation methods, including AI and machine learning, and the creation of a university consortium to address research challenges in data assimilation.

Mandates a study on NOAA's data practices and management needs, assessing costs, benefits, and recommending improvements."
787,"Drone R&D Act, Title II (""National Drone and Advanced Air Mobility Research Institutes"")",United States Congress,False,False,"Establishes a program to award financial assistance for creating and supporting a network of National Drone and Advanced Air Mobility Research Institutes.

Requires collaboration among public and private organizations, including Federal agencies, academic institutions, and industry, to form these Institutes.

Mandates the Institutes to focus on economic or social sectors and address ethical, societal, safety, and security implications of unmanned aircraft systems.

Supports interdisciplinary research, education, and workforce development, including broadening participation of underrepresented communities.

Provides funds for managing data sets, developing testbeds, conducting research, and supporting AI and machine learning related to advanced air mobility systems.

Imposes a competitive merit review process for awarding financial assistance and prohibits duplication of efforts.

Authorizes $5 million annually for fiscal years 2024-2028 to support these activities."
799,"Weather Act Reauthorization, Sec. 116(f) (""Algal Bloom Observing Network"")",United States Congress,False,False,"Amends Section 606 of the Harmful Algal Bloom and Hypoxia Research and Control Act to establish a national harmful algal bloom observing network.

Requires the Under Secretary, via NCCOS and IOOS, to integrate Federal, State, regional, and local observing capabilities.

Mandates the use of emerging technologies and data integration methods, including artificial intelligence, for monitoring, detecting, and forecasting harmful algal blooms.

Instructs the IOOS Program Office to coordinate with NCCOS for observations, data integration, and information dissemination.

Establishes a Harmful Algal Bloom Data Assembly Center to integrate, disseminate, and support ecological forecasting."
510,Data Science and Literacy Act,United States Congress,False,False,"Directs the Secretary of Education to award competitive grants to eligible entities to enhance data literacy education from pre-kindergarten through postsecondary levels.

Requires grant applications to detail plans for increasing access to data literacy and STEM education, evaluating project activities, and continuing efforts post-grant.

Mandates the use of grant funds for developing data literacy curricula, providing professional development for educators, and collaborating with industry and educational institutions.

Limits equipment purchases to 15% of grant funds annually.

Obligates recipients to submit biannual reports on grant fund usage, with data disaggregated by race, ethnicity, gender, and eligibility for free/reduced lunch.

Tasks the Secretary with submitting a comprehensive report to Congress within five years, including recommendations for program expansion.

Authorizes $10 million annually for fiscal years 2024-2028, with caps on administrative expenses and program evaluation costs."
789,"Drone R&D Act, Title VI (""DOE Activities"")",United States Congress,False,False,"Mandates the Secretary of Energy to execute a cross-cutting research, development, and demonstration program for unmanned aircraft system (UAS) technologies, including artificial intelligence.

Requires coordination across relevant DOE offices, including the Artificial Intelligence Technology Office.

Formulates goals for UAS research, leveraging existing research and providing training in AI, machine learning, and related fields.

Establishes a data management strategy ensuring digital access, interoperability, and machine-readability.

Supports institutes to advance UAS and DOE missions.

Awards financial assistance for research in areas such as AI, autonomous operation, advanced algorithms, and multi-sensor fusion.

Promotes technology transfer by partnering with industry.

Makes available DOE research facilities and high-performance computing infrastructure.

Coordinates with other federal departments to avoid duplication and ensure complementary activities.

Authorizes appropriations totaling $276,282,638 from fiscal years 2024 to 2028."
790,"Drone R&D Act, Title VII (""DHS Activities"")",United States Congress,False,False,"Mandates the Secretary of Homeland Security to support research, development, evaluation, and testing of advanced air mobility, unmanned aircraft systems (UAS), and counter-UAS systems.

Directs coordination with relevant Department of Homeland Security offices and programs, including the Cybersecurity and Infrastructure Security Agency and U.S. Customs and Border Protection.

Requires production of standardized, secure, and privacy-protected data sets for advanced air mobility and UAS systems.

Supports establishing one or more Institutes to advance research in these fields.

Establishes a Counter-UAS Center of Excellence within the Department of Homeland Security.

Specifies selection criteria for host institutions, emphasizing past performance, geographic proximity to federal facilities, and capabilities in AI and machine learning.

Permits use of funds for fundamental research, evaluation, education, and training related to counter-UAS systems.

Sets the federal share of grants at no more than 75% of costs.

Authorizes appropriations totaling $30 million to $36.5 million from fiscal years 2024 to 2028."
791,"Fair Trade with China Enforcement Act, Sec. 101 (""List of products supported by PRC's Made in China 2025 policy"")",United States Congress,False,False,"Amends the Trade Act of 1974 to establish a list of products supported by the Chinese government under the Made in China 2025 policy.

Requires the United States Trade Representative to compile this list within 120 days of the enactment and update it annually.

Mandates inclusion of products specified in key Chinese government documents related to Made in China 2025.

Includes products that displace net exports of similar U.S. products.

Enumerates specific industries such as civil aircraft, motor vehicles, advanced medical equipment, agricultural machinery, semiconductors, lithium batteries, artificial intelligence, high-capacity computing, quantum computing, robotics, and biotechnology for inclusion."
801,"Weather Act Reauthorization, Sec. 402 (""Hazardous Weather Risk Communication"")",United States Congress,False,False,"Amends Section 406 of the Weather Research and Forecasting Innovation Act of 2017 to enhance communication about hazardous weather or water events.

Requires the Under Secretary to maintain and improve NOAA's system for communicating risks of hazardous weather or water events to the public.

Mandates the creation of a social, behavioral, risk, communication, and economic sciences program to simplify and improve communication of hazardous weather or water events.

Directs the program to eliminate or modify confusing terms and improve communication methods.

Instructs the program to develop metrics for evaluating the effectiveness of these communications.

Mandates the development of a support plan informed by research and communications evaluation.

Requires recommendations to be based on the latest social, behavioral, economic, risk, and communications science research, validated using rigorous methods, including AI and machine learning.

Ensures coordination with federal, state, local, tribal, educational, and media partners.

Establishes best practices for timely and consistent communications across public platforms."
798,"Weather Act Reauthorization, Sec. 108 (""Computing Resources Prioritization"")",United States Congress,False,False,"Amends the Weather Research and Forecasting Innovation Act to mandate collaboration between the Under Secretary and the Secretary of Energy in leveraging high-performance computing and AI for advanced weather forecasting.

Requires a competitive, merit-reviewed process for initiative applications, including Federal agencies, National Laboratories, and higher education institutions.

Mandates coordination of AI and computing research across NOAA to avoid duplication and enhance predictive analysis.

Directs sharing of model innovations through community-based activities and interagency coordination.

Authorizes leveraging AI to enhance NOAA’s computing infrastructure for critical missions.

Allows establishment of centers of excellence for AI and machine learning in weather forecasting.

Permits multi-year contracts for high-performance and cloud computing systems.

Requires a report to Congress evaluating the initiative’s effectiveness and future computing needs within two years."
802,"Weather Act Reauthorization, Sec. 502 (""National Integrated Drought Information System"")",United States Congress,False,False,"Amends the National Integrated Drought Information System Act of 2006 to advance and deploy next-generation technologies related to drought, including artificial intelligence, machine learning, and cloud technologies.

Requires incorporation of flash drought research and tools to enhance timely response.

Mandates utilization of observational networks and refinement of drought indicators for decision-support products by optimizing data from across the Federal Government.

Establishes memoranda of understanding with the National Mesonet Program to provide coordinated, high-quality, nationwide drought information.

Directs the transition of existing drought products to probabilistic forecasts and incorporation of new dynamical and statistical forecast modeling tools.

Authorizes appropriations increasing annually from $15,000,000 in fiscal year 2024 to $17,000,000 in fiscal year 2028."
788,"Drone R&D Act, Title IV (""NSF Activities"")",United States Congress,False,False,"Mandates the National Science Foundation (NSF) to support research and STEM education in advanced air mobility and unmanned aircraft systems.

Supports fundamental research on technologies including AI, safety, autonomous control, materials, and communications systems.

Funds research on practical applications such as weather prediction, disaster response, and infrastructure monitoring.

Supports research on data modeling, validation, security, and ethical use, including privacy concerns.

Encourages middle and high school STEM education related to unmanned aircraft systems through curriculum development and student engagement activities.

Promotes undergraduate and graduate education through curriculum development, hands-on research opportunities, and scholarships.

Develops a skilled technical workforce, including veterans, through national centers and community college programs.

Facilitates public-private partnerships and interagency coordination to avoid research duplication.

Authorizes appropriations increasing from $50 million in 2024 to nearly $61 million in 2028."
793,"Kids Online Safety Act, Sec. 13 (""Filter Bubble Transparency"")",United States Congress,False,True,"Requires providers of covered internet platforms that use opaque algorithms to notify users about their use and provide detailed information about their operation, including their features, user-specific data collection, and algorithmic inputs in an easily accessible form.

Mandates platforms to offer an easily accessible input-transparent algorithm alternative and prohibits discrimination, via methods like differential pricing, against users who choose the alternative.

Empowers enforcement by the Federal Trade Commission to treat violations as unfair or deceptive acts under the Federal Trade Commission Act.

Exempts small downstream providers and non-profit organizations from certain enforcement provisions."
792,"Fair Trade with China Enforcement Act, Sec. 102 (""Prohibit export of national security sensitive technology and IP to PRC"")",United States Congress,False,False,"Prohibits the Secretary of Commerce from exporting any national security sensitive technology or intellectual property to the People's Republic of China.

Defines ""intellectual property"" to include patents, copyrights, trademarks, or trade secrets.

Defines ""national security sensitive technology or intellectual property"" to include contributions to China's military, protection of U.S. economic security, and components of key products listed under the Trade Act of 1974.

Includes in ""technology"" goods or services related to information systems, internet-based services, production-enhancing logistics, robotics, artificial intelligence, biotechnology, or computing."
500,MEANS Act,United States Congress,False,False,"Establishes an Office of Manufacturing Security and Resilience within the Department of Commerce to oversee the Manufacturing Security and Resilience Program.

Mandates the Under Secretary to develop and implement a strategy to strengthen supply chains for critical goods, reducing reliance on concentrated supply chains, particularly from countries of concern.

Requires collaboration with other federal agencies to support allies and key international partners in building manufacturing capacity for critical goods.

Incentivizes domestic manufacturers to relocate production from countries of concern and increase production capacity, using loans, loan guarantees, and other financial supports.

Prioritizes support for activities that enhance the resilience, security, and diversity of supply chains and address supply chain shocks.

Mandates periodic submission of strategy reports and program evaluations to Congress, with updates every four years.

Allocates $35 billion for fiscal years 2024-2028 to fund the program, with specific allocations for loans, loan guarantees, and administrative costs."
568,Protect Working Musicians Act of 2023,United States Congress,False,False,"Grants Independent Music Creator Owners immunity from antitrust liability for collectively negotiating music licensing terms with Dominant Online Music Distribution Platforms or companies using generative AI.

Defines ""Dominant Online Music Distribution Platform"" as entities with over $100 million in annual music-related revenue and specifies exclusions.

Defines ""generative artificial intelligence"" as AI systems generating novel media based on prompts.

Requires that collective negotiations among Independent Music Creator Owners be nondiscriminatory, not limited to price, and directly related to negotiations with Dominant Online Music Distribution Platforms.

Ensures that collective negotiations do not involve parties other than Independent Music Creator Owners or Dominant Online Music Distribution Platforms.

Stipulates that the Act does not modify, impair, or supersede existing antitrust laws beyond the specified provisions."
581,CAMPUS Act,United States Congress,False,False,"Requires the Director of National Intelligence, in consultation with the Secretary of Defense, to identify Chinese institutions of higher education supporting the People's Liberation Army and Military-Civil Fusion strategy.

Mandates submission of an annual list of these identified entities to Congress.

Prohibits Department of Defense funding for research, development, testing, and evaluation to entities contracting with identified Chinese institutions.

Restricts facilities from hosting or storing classified information unless they certify no active research partnership with identified institutions.

Allows the Secretary of State to deny visas to students or employees of identified institutions.

Prohibits Department of Education funds for K-12 schools contracting with entities domiciled in China.

Authorizes grants to U.S. schools to support Mandarin language instruction and Chinese cultural programming in partnership with Taiwan.

Prohibits federal research funds for entities contracting with listed Chinese entities.

Lowers the reporting threshold for foreign gifts to institutions of higher education from $250,000 to $50,000."
805,"TORPEDO Act of 2023, Sec. 6 (Reporting requirements on efforts of the Department of State to implement the AUKUS partnership)",United States Congress,False,False,"Mandates the Secretary of State, in coordination with the Secretaries of Defense, Commerce, and Energy, to report on the Department of State's implementation of the AUKUS partnership within 90 days of enactment.

Requires the report to detail Australia's progress on various submarine-related goals, including infrastructure, workforce training, and basing support.

Instructs the report to assess Australia's submarine contributions to U.S. defense objectives and provide a strategy for integrating AUKUS and U.S. submarines.

Mandates reporting on U.S. export control processes and recommendations for improvements to facilitate the AUKUS partnership.

Demands an interagency report on changes to ITAR and export control regimes to enable defense item exchanges among AUKUS members and Canada.

Requires an assessment of efforts to enhance collaboration in AI, quantum technologies, cyber capabilities, and other advanced defense areas.

Obligates the President to brief Congress annually for seven years on AUKUS implementation progress."
546,DETOUR Act,United States Congress,False,True,"Prohibits large online operators from manipulating user interfaces to obscure, subvert, or impair user autonomy, decision making, or consent.

Requires affirmative express consent from users for covered research and prohibits manipulation aimed at children or teens to encourage compulsive usage.

Mandates large online operators to disclose the purpose of covered research to users every 90 days and ensure transparency.

Obligates large online operators to establish independent review boards to oversee user interface design and research, ensuring compliance and preventing exploitative practices.

Directs the National Institute of Standards and Technology to develop resources for user interface design promoting user autonomy, choice, and decision making.

Empowers the Federal Trade Commission to enforce compliance, establish regulations for independent review boards, and define acceptable conduct for large online operators.

Provides safe harbor for operators acting in good faith per established guidelines.
"
804,Research and Development Program on New Approaches to Data Analysis for Aviation Safety,United States Congress,False,False,"Establishes a new research and development program by the FAA’s NEXTOR III to develop new data analysis approaches for aviation safety.

Includes use of new algorithms and AI methods for analyzing various data sets such as weather, equipment performance, flight delays, safety incidents, and communications.

Requires collaboration among Consortium member institutions, aviation industry partners, FAA units, and NASA’s Aviation Safety Reporting System for data sharing and testing.

Prioritizes understanding human factors contributing to aviation safety risk, including fatigue, distraction, workload, organizational culture, communication, and adherence to safety procedures.

Seeks to improve the design of highly automated aircraft to reduce mode confusion and increase awareness of flight parameters.

Authorizes $20,000,000 annually from 2024 to 2029 for program execution, including grants to participating institutions and FAA units.

Terminates the program 6 years after establishment."
532,DISCOURSE Act,United States Congress,True,False,"Amends Section 230 of the Communications Act of 1934 to limit liability protections for dominant interactive computer service providers based on their content management practices.

Deems providers as content creators if they engage in content moderation or use targeted algorithmic amplification that expresses, promotes, or suppresses a discernible viewpoint.

Excludes liability protections for actions against religious material that burden the exercise of religion.

Mandates public disclosure of content management mechanisms and practices by providers to enable informed consumer choices and entrepreneurial activities.

Reclassifies immunity under Section 230 as an affirmative defense, requiring providers or users to prove they are not information content providers in legal actions."
529,Autonomous Vehicle Accessibility Act/AV Accessibility Act,United States Congress,False,False,"Cites the Act as the “Autonomous Vehicle Accessibility Act” or the “AV Accessibility Act”.

Defines key terms including “disability,” “public transportation,” and “ride-hail ADS-equipped vehicle.”

Prohibits states from issuing licenses for Level 4 or Level 5 ADS-equipped vehicles in a manner that discriminates against individuals with disabilities, in accordance with the ADA.

Mandates the Secretary of Transportation to commission a study through the National Academies to identify changes needed in public transportation infrastructure to improve accessibility for individuals with disabilities using ride-hail ADS-equipped vehicles.

Authorizes $5,000,000 for the completion of the accessibility infrastructure study, available until expended."
531,DEFIANCE Act of 2024,United States Congress,False,True,"Amends the Consolidated Appropriations Act, 2022, to include ""digital forgery"" as any intimate visual depiction created via AI or other technological means to appear indistinguishable from an authentic visual depiction.

Allows identifiable individuals to bring civil action against those who produce, possess, disclose, or solicit digital forgeries without consent, with knowledge or reckless disregard of the lack of consent.

Specifies relief for plaintiffs, including actual or liquidated damages of $150,000, attorney’s fees, and equitable relief such as injunctions.

Permits courts to issue orders to protect plaintiffs' privacy, including the use of pseudonyms and sealing personal identifying information.

Establishes a 10-year statute of limitations for actions, starting from the discovery of the violation or the individual reaching 18 years of age.

Ensures the Act does not preempt state, federal, or tribal laws that provide at least as much protection."
806,"TORPEDO Act of 2023,  Sec. 12 (Expedited release of advanced technologies to Australia, Canada, and the United Kingdom through the foreign military sales program)",United States Congress,False,False,"Requires the Secretary of State, in coordination with the Secretary of Defense, to compile a list of pre-cleared military technologies and platforms for sale to Australia, Canada, and the UK within 90 days of enactment and annually thereafter.

Expedites the processing of Foreign Military Sales requests from Australia, Canada, and the UK.

Mandates the creation of an anticipatory release policy for key Foreign Military Sales capabilities, including AI, hypersonic missiles, cyber capabilities, and quantum technologies, with a presumption of approval.

Requires the review and update of interagency policies to incorporate these anticipatory release provisions."
810,"Intelligence Authorization Act FY 2024, Sec. 909 (""Ensure IC Directives Account for AI and ML Tools in Intelligence Products"") ",United States Congress,False,False,"Requires the Director of National Intelligence to brief congressional intelligence committees within 120 days on whether current intelligence community directives provide sufficient guidance on the use of AI and machine learning tools in intelligence products.

Mandates the briefing to include a determination of whether Intelligence Community Directives 203 and 206, and other relevant directives, offer adequate guidance on using, sourcing, and providing transparency for AI and machine learning tools.

Requires the Director to assess if these directives need updates to enhance guidance and direction.

Obligates the Director to explain why no updates are needed if deemed sufficient, or to provide a plan and timeline for necessary updates if improvements are required."
823,"Atomic Energy Advancement Act, Sec. 123 (""Nuclear Regulatory Oversight"")",United States Congress,False,False,"Requires the Nuclear Regulatory Commission (NRC) to report to Congress on actions taken during the COVID-19 emergency, including revised or suspended regulatory policies and their impacts.

Mandates NRC to develop a report within one year identifying improvements in nuclear oversight and inspections using risk-informed, performance-based procedures, information technologies, and AI.

Obligates NRC to seek input from stakeholders like the Secretary of Energy, National Laboratories, and the nuclear energy industry.

Directs NRC to assess the use of AI and machine learning to enhance oversight and inspection decisions.

Instructs NRC to identify specific actions for incorporating advanced technologies into their activities without compromising their mission."
652,Stop Fentanyl at the Border Act,United States Congress,False,True,"Appropriates $1,090,000,000 to U.S. Customs and Border Protection for technology improvements, including non-intrusive inspection scanning systems and anomaly detection algorithms, to enhance fentanyl interdiction at land borders.

Appropriates $223,000,000 to U.S. Immigration and Customs Enforcement to expand efforts to interdict fentanyl and disrupt transnational criminal networks, including funds for additional special agents and joint surge operations.

Mandates submission of reports by March 31, 2028, detailing impacts of Border Patrol Processing Coordinator positions, equipment needs for outbound inspections, and summaries of non-intrusive inspection technology at land ports of entry.

Creates penalties for knowingly damaging or evading border controls, with fines and imprisonment up to 5 years for violations aimed at securing financial gain or furthering criminal organizations."
607,Forest Data Modernization Act,United States Congress,False,False,"Amends the Forest and Rangeland Renewable Resources Research Act to include forest carbon in resource assessments.

Requires the Secretary to conduct timber products output studies and national woodland owner surveys.

Mandates the integration of forest carbon data in bi-decadal reviews.

Specifies the need for clear definitions of ""forest"" in reporting data.

Updates strategic plan to include consistent data collection protocols, integration of new technologies, and enhanced transparency.

Ensures collected data is accessible while maintaining confidentiality of sensitive information.

Compiles and publishes biennial national forest statistics.

Establishes an office or platform to handle complex data requests, with possible fees imposed on requestors.

Publishes annual reports detailing progress on strategic plan implementation, including costs and priorities.

Amends Agriculture Improvement Act to utilize advanced remote sensing and machine learning technologies for data collection and modeling."
821,"Pandemic Preparedness and Response Act, Sec. 407 (""AI Threats to Health Security"")",United States Congress,False,False,"Requires the Secretary of Health and Human Services to seek a contract with the National Academies of Sciences, Engineering, and Medicine to conduct a study on AI-related health security vulnerabilities within 45 days of enactment.

Mandates the study to assess risks posed by AI advancements, including chemical, biological, radiological, and nuclear threats.

Describes roles and capabilities of HHS agencies and other Federal entities in identifying and mitigating these vulnerabilities.

Summarizes ongoing Federal activities related to these risks.

Identifies current or anticipated gaps in roles, responsibilities, and capabilities regarding AI-related health security.

Provides recommendations for improving Federal efforts to address these vulnerabilities.

Requires the National Academies to submit a report on the study to relevant Senate and House committees within 2 years.

Mandates the Secretary of HHS to submit a follow-up report on actions taken to mitigate AI-related health security risks within 1 year after the National Academies' report."
809,"Intelligence Authorization Act FY 2024, Sec. 906 (""Next-Generation Microelectronics for AI"") ",United States Congress,False,False,"Establishes a program to advance microelectronics research, overseen by the Director of National Intelligence through the Intelligence Advanced Research Projects Activity.

Focuses research on next-generation computing models, materials, devices, architectures, and algorithms to enhance artificial intelligence and machine learning.

Addresses challenges in microelectronics engineering, including physical limits on transistors, interconnects, and memory elements.

Promotes advancements in computing technologies through multidisciplinary research, encompassing algorithm design, compute capability, generative AI, photonics-based microprocessors, new materials, optical networks, and AI safety for the intelligence community.

Requires active collaboration with government agencies, academic institutions, and private industry.

Authorizes appropriations for contracts, grants, and other transactions to support the program.

Mandates regular briefings to congressional intelligence committees on program progress, partnerships, and future research priorities."
525,Advancing Nuclear Regulatory Oversight Act,United States Congress,False,False,"Requires the Nuclear Regulatory Commission (NRC) to report to Congress within 180 days on regulatory changes made during the COVID-19 emergency, examining their impact on licensing and safety.

Mandates the NRC to develop and submit a report within one year identifying specific improvements in oversight and inspection programs, emphasizing risk-informed, performance-based procedures and the use of advanced technologies, including AI and machine learning.

Instructs the NRC to seek input from stakeholders including the Secretary of Energy, National Laboratories, the nuclear energy industry, and relevant NGOs in developing the report.

Requires assessment of potential modifications to oversight and inspections, improvement measures, and incorporation of advanced technologies to enhance operational efficiency and safety.

Obligates the NRC to identify and implement actions based on assessments and recommendations to improve training, inspection, oversight, and licensing activities without compromising its mission."
590,Advisory for AI-Generated Content Act,United States Congress,False,True,"Requires all AI-generated materials to be labeled with a watermark. 

Authorizes the federal government to establish requirements and standards for watermarks.

Enables the federal government to levy penalties against entities that violate the above stipulation.

Defines key terms including AI-generating entity, AI-generated material, and covered AI-generated material, specifying criteria for materials that must be watermarked."
614,SAFE from PRC Investments Act,United States Congress,False,False,"Requires public companies and exchange-traded funds (ETFs) investing in companies with ties to the People’s Republic of China (PRC) to disclose whether senior officials of the PRC government or Communist Party of China (CPC) sit on their boards or have executive roles.

Mandates disclosure of cash held in PRC operations, restrictions on cash repatriation, and details of assets, liabilities, and technology transfers.

Obligates reporting on interactions with CPC officials, expenditures on PRC operations, and any lobbying activities in the United States.

Compels ETFs to reveal ownership, CPC branches, contractual agreements, and involvement in PRC industrial policies or military contracts of invested PRC companies.

Requires disclosure of PRC companies’ products and services, U.S. defense contracts, and involvement in sectors like AI, telecommunications, and semiconductors."
593,US-Israel Health Technologies Act,United States Congress,True,False,"Authorizes $4,000,000 annually for fiscal years 2024 through 2026 to fund a bilateral cooperative program with Israel for developing health technologies. Emphasizes advancing technology, personalized medicine, and data usage in relation to emerging infectious diseases.

Includes artificial intelligence, drugs, vaccinations, respiratory assist devices, diagnostic tests, and telemedicine as eligible health technologies. Requires matching contributions from the Government of Israel to access funding. Allows funding for existing bilateral programs or the establishment of new programs in consultation with the Secretary of State under the 2008 Science and Technology Cooperation Agreement."
817,"Department of State Authorization Act, Sec. 931 (""Priority for Australia and UK in Military Sales"")",United States Congress,False,False,"Requires the President to institute expedited policies for defense article and service requests from Australia and the United Kingdom under the AUKUS partnership.

Mandates prioritization of these requests over all others, except those from Taiwan and Ukraine.

Instructs the Secretary, in consultation with the Secretary of Defense, to establish an anticipatory release policy for technology transfers to Australia, the UK, and Canada.

Specifies the inclusion of technologies related to submarines, combat systems, hypersonic missiles, cyber capabilities, artificial intelligence, quantum technologies, and other advanced technologies.

Subjects technology transfer reviews to an expedited decision-making process.

Directs the Secretary and the Secretary of Defense to update interagency policies and guidance to incorporate these anticipatory release provisions."
566,Do Not Disturb Act,United States Congress,False,False,"Requires disclosure at the beginning of robocalls or text messages if artificial intelligence is used to emulate a human being.

Enhances penalties for robocall and telemarketing violations involving AI impersonation, doubling fines for fraudulent or harmful AI-generated calls or messages.

Mandates the Federal Communications Commission (FCC) to offer robocall-blocking services at no charge and to develop a tracking system for the top 100 illegal robocall campaigns.

Obligates Voice over Internet Protocol (VoIP) providers to verify customer identities, monitor robocall patterns, and report violations.

Directs both the FCC and Federal Trade Commission (FTC) to study and regulate AI usage in robocalls and telemarketing, including text message authentication and inbound call restrictions."
557,Promoting Resilient Supply Chains Act,United States Congress,False,False,"Requires the Assistant Secretary of Commerce to promote U.S. leadership in emerging technologies, including artificial intelligence (AI), and strengthen critical supply chains and national security.

Mandates the establishment of a critical supply chain resiliency and crisis response program within the Department of Commerce, which includes mapping and monitoring AI supply chains.

Requires coordination with other agencies, industry, and international partners to identify vulnerabilities and prepare for supply chain shocks affecting AI technologies.

Promotes the growth of domestic manufacturing capacities for AI and other emerging technologies and encourages the relocation of manufacturing facilities to the U.S. or allied countries.

Supports the development and dissemination of best practices for supply chain resilience, including the use of blockchain and other technologies to authenticate and trace critical goods.

Mandates regular reporting on the state of AI and other emerging technology supply chains, including assessments of vulnerabilities and recommendations for enhancing resilience."
533,Promoting Digital Privacy Technologies Act,United States Congress,False,False,"Introduces the ""Promoting Digital Privacy Technologies Act.""

Requires the National Science Foundation to support research on privacy enhancing technologies, including de-identification, pseudonymization, and algorithms for data privacy.

Mandates integration of privacy enhancing technologies into the Computer and Network Security Program as per the Cyber Security Research and Development Act.

Obliges coordination among the Office of Science and Technology Policy, National Science Foundation, National Institute of Standards and Technology, and Federal Trade Commission to expedite development and use of privacy enhancing technologies.

Demands outreach by the National Institute of Standards and Technology to gather stakeholder input and promote private and public sector engagement.

Requires submission of a report within three years on research progress, development of voluntary resources, and policy recommendations to improve communication and coordination among stakeholders."
556,Microreactors for Natural Disaster Response Act,United States Congress,False,False,"Mandates the President develop a national strategy for utilizing microreactors to assist with natural disaster response efforts.

Requires consultation with FEMA, DOE, National Guard, Army Corps of Engineers, and Nuclear Regulatory Commission.

Obligates submission of the strategy to Congress within one year and biennially thereafter.

Includes an assessment of current diesel generator usage and environmental impacts compared to microreactors.

Outlines goals and objectives for replacing diesel generators with microreactors.

Calls for a Department of Defense analysis on translating operational microreactor technology for disaster response.

Recommends expedited design approval and licensing for microreactors.

Assesses strategic considerations, including storage, transportation, and integration into existing grids.

Evaluates partnership opportunities for effective deployment.

Encourages the use of AI and predictive tools for disaster preparation involving microreactors."
815,"Department of State Authorization Act, Sec. 303 (""AI-enabled influence operations task force"")",United States Congress,False,False,"Establishes a Countering AI-Enabled Disinformation Task Force within 180 days to identify responses to AI-enabled disinformation threats.

Requires the Task Force to collaborate with private industry and academia to develop digital content provenance detection techniques.

Mandates internal coordination within the Department on AI-enabled disinformation issues.

Directs the Task Force to create a unified international approach for standards and frameworks to counter AI-enabled disinformation.

Requires the Task Force to identify necessary tools and resources for detecting AI-enabled disinformation, producing counter-messaging, expanding digital literacy, and coordinating with various stakeholders.

Mandates a report to Congress within one year on the Task Force’s establishment and progress.

Involves representatives from various relevant offices in the Task Force.

Defines key terms including ""artificial intelligence"" and ""digital content provenance."""
583,HEARTS Act,United States Congress,False,False,"Prioritizes nonanimal methods in NIH-supported research proposals.

Establishes the National Center for Alternatives to Animals in Research and Testing within NIH.

Requires the new center to develop, promote, and fund nonanimal research methods, including AI.

Mandates the center to provide training and resources to researchers on nonanimal methods.

Obligates federally funded research entities to report the number and species of animals used and plans to reduce their use.

Ensures research proposals are reviewed by experts in nonanimal methods.

Implements a system of incentives to encourage the use of humane and scientifically satisfactory nonanimal methods.

Requires thorough searches for nonanimal alternatives before approving animal use in research."
580,Diversify Tech Act,United States Congress,False,False,"Establishes a Tech Industry Diversity, Equity, Inclusion, and Accessibility (DEIA) Task Force within the Department of Commerce.

Mandates the Task Force to conduct audits on minority representation, hiring policies, and layoff trends in the tech industry.

Requires submission of an initial audit report to Congress within 60 days of the Task Force’s establishment.

Obliges the Task Force to promote DEIA, offer guidance to tech entities, and consult with stakeholders on DEIA issues.

Tasks the Task Force with advising on outreach programs and encouraging venture capital investment in minority-owned startups.

Mandates annual reports evaluating tech industry progress on DEIA goals, the impact of AI on discrimination, and proposing policy solutions for accountability.

Requires a special report on how 2023 tech layoffs affected DEIA, including potential violations of federal laws."
530,Vehicle Technologies R&D Act,United States Congress,False,False,"Requires the Secretary of Energy to conduct a research, development, and demonstration program for advanced vehicle technologies, focusing on reducing greenhouse gas emissions and vehicle manufacturing costs.

Mandates coordination with other federal agencies and existing programs on electric vehicle integration and critical material recycling.

Supports the development of advanced batteries, power electronics, electric drive systems, and vehicle electrification technologies.

Includes provisions for cybersecurity and physical security of vehicle interconnections with the electric grid and other infrastructure.

Establishes a program for medium- and heavy-duty commercial and transit vehicles, emphasizing advanced energy technologies and efficiency improvements.

Authorizes the creation of Graduate Automotive Technology Education Centers of Research Excellence to foster advancements in automotive energy technologies.

Allocates substantial funding for these initiatives through fiscal year 2028, with a total authorization exceeding $2.9 billion."
818,"Department of State Authorization Act, Sec. 941 (""Reporting Related to AUKUS"")",United States Congress,False,False,"Mandates the President to submit the text of any non-binding instrument related to the AUKUS partnership to appropriate congressional committees within 30 days of finalization.

Excludes the need to resubmit texts already submitted under other legal provisions, while not relieving other legal submission requirements.

Defines ""text"" to include all related annexes, appendices, side agreements, and implementing documents.

Requires the Secretary, in coordination with other officials, to submit a biennial report on the AUKUS partnership starting one year after enactment.

Specifies that reports must cover defensive capability gaps, costs, industrial base contributions, military benefits, and assessments of Australia’s nuclear submarine contributions.

Demands updates on progress for Australia’s nuclear submarine development, infrastructure, workforce training, and support facilities.

Requires assessments of trilateral collaboration efforts in areas including underseas capabilities, quantum technologies, AI and autonomy, advanced cyber capabilities, hypersonic technologies, electronic warfare, innovation, and information sharing."
657,Food and Agriculture Industry Cybersecurity Support Act,United States Congress,False,False,"Establishes a food and agriculture cybersecurity clearinghouse within the NTIA to provide publicly available online resources focused on cybersecurity for the food and agriculture industry.

Requires the clearinghouse to offer in-person or virtual support, updated FAQs, and materials for small businesses on critical cybersecurity protections and ransomware response.

Mandates the consolidation of public and private sector best practices into voluntary cybersecurity recommendations for the food and agriculture industry, including continuous monitoring and ransomware attack responses.

Instructs the Assistant Secretary to consult with private sector, federal agencies, trade groups, and civil society organizations in implementing the clearinghouse.

Directs the Comptroller General to study and report on federal efforts to improve cybersecurity in the food and agriculture industry, evaluating effectiveness, resources, coordination, and potential risks of coordinated attacks.

Sunsets the section seven years after enactment."
601,Outbound Investment Transparency Act,United States Congress,False,False,"Requires mandatory notification by U.S. persons engaging in specific foreign investments related to advanced sectors, including artificial intelligence, to the Secretary of the Treasury.

Defines covered activities involving equity interests, debt obligations with governance rights, and joint ventures in countries of concern, with specific focus on AI and other advanced technologies.

Establishes penalties for non-compliance, including failure to notify or providing false information.

Mandates the creation of regulations to ensure clarity and minimize compliance burdens, with a focus on transparency and stakeholder involvement.

Directs the Secretary of State to engage with allied countries to coordinate investment screening mechanisms and share information on covered activities.

Requires annual reporting to Congress on trends, national security risks, and recommendations related to these foreign investments in AI and other sectors."
830,"Health Care Price Transparency Act, Sec. 301 (""Requirements Regarding Prior Authorization Under Medicare Advantage Plans"")",United States Congress,False,False,"Requires Medicare Advantage plans to establish an electronic prior authorization program by the third plan year after the enactment date.

Mandates that plans meet enrollee protection standards and transparency requirements by the fourth plan year.

Establishes a secure electronic transmission system for prior authorization requests and responses, excluding certain forms like facsimiles and non-compliant payer portals.

Specifies that real-time decisions must be made for certain prior authorization requests, with exceptions for extenuating circumstances.

Demands detailed annual reporting of prior authorization data, including the use of AI and decision-support technologies, and the publication of this information by the Secretary.

Calls for GAO and HHS to submit reports to Congress evaluating the implementation and impact of these requirements."
573,STOP HATE Act,United States Congress,False,True,"Requires social media companies to make their terms of service publicly available.

Requires social media companies to disclose content moderation data, including the total number of flagged items, actioned items, user engagement, and how artificial intelligence is used to support content moderation efforts.

Allows Attorney General's office to bring a civil penalty of $5,000,000 per violation per day against social media companies who fail to meet these requirements"
617,Medical Debt Transparency Act,United States Congress,False,False,"Amends the Public Health Service Act to prohibit health care entities and their debt collectors from initiating extraordinary collection actions if a health insurance appeal is pending.

Mandates health care entities to determine patients' eligibility for assistance programs before commencing extraordinary collection actions.

Prohibits extraordinary collection actions until 180 days after the initial bill is sent to the patient.

Requires health care entities to provide patients with itemized statements and detailed payment receipts, and information on language assistance services.

Establishes a public database for medical debt collection, requiring health care entities to submit detailed annual reports, including data on debt collection practices and patient demographics.

Imposes penalties for non-compliance, including actual damages and additional court-permitted amounts.

Requires the Consumer Financial Protection Bureau to report on medical debt collections, incorporating data from the public database and other sources."
541,Exploitative Workplace Technologies Task Force Act ,United States Congress,False,False,"Establishes the White House Task Force on Workplace Surveillance and Technologies within 180 days of enactment.

Mandates the Task Force to study and evaluate the use of workplace surveillance and automated decision systems by employers.

Requires the Task Force to analyze the prevalence, types, and impacts of workplace surveillance across industries, including data collection, storage, security, and transfer practices.

Necessitates examination of the effects of workplace surveillance on worker compensation, performance reviews, scheduling, career advancement, safety, health coverage, and discipline.

Obligates the Task Force to consider the impact on vulnerable populations, including workers with disabilities, low-wage workers, and workers of color.

Orders the Task Force to submit initial, interim, and final reports to Congress, detailing findings and providing recommendations on addressing workplace surveillance and related technologies.

Terminates the Task Force 60 days after submitting the final report."
597,CONSULT Act,United States Congress,True,False,"Requires the Department of Defense to refrain from awarding contracts to any individual or entity, including those producing AI-powered products and services, that has worked with any organization from a blacklist of national security threats.

Authorizes the DOD to punish any contractor of the Department who has a proven conflict of interest with the DOD and fails to disclose that conflict of interest."
615,Preventing Adversaries from Developing Critical Capabilities Act,United States Congress,False,False,"Prohibits U.S. persons from engaging in covered activities involving certain technologies and products in countries of concern, particularly in sectors like AI, if they pose acute national security threats.

Requires the President to annually identify and publish lists of such critical technologies and products.

Mandates U.S. persons to notify the President of any covered activities that may threaten national security.

Empowers the President to impose civil penalties for violations and to delegate enforcement authority to federal agencies.

Encourages bilateral and multilateral engagements to promote compliance with these prohibitions and notifications.

Allocates $25 million annually for implementation and allows direct hiring to support administration.

Permits the President to issue waivers for activities deemed in the national interest, with required congressional notification."
816,"Department of State Authorization Act, Sec. 304 (""DOS Chief AI Officer"")",United States Congress,False,False,"Establishes within the Department of State a Chief Artificial Intelligence Officer (CAIO), potentially dual-hatted as the Department’s Chief Data Officer, and a member of the Senior Executive Service.

Requires the CAIO to evaluate, oversee, and facilitate the responsible adoption of AI and machine learning to inform decisions and support programs and operations.

Designates the CAIO as the principal advisor to the Secretary of State on the ethical use of AI and advanced analytics in diplomacy.

Mandates the CAIO to possess skills in data analytics, AI, machine learning, and organizational change management.

Requires the Chief Information Officer to consult with the CAIO on scaling AI capabilities across software applications.

Defines “artificial intelligence” as per section 238(g) of the National Defense Authorization Act for Fiscal Year 2019."
582,Water Infrastructure Modernization Act,United States Congress,False,False,"Amends the Federal Water Pollution Control Act and the Safe Drinking Water Act to authorize grants for smart water infrastructure technology.

Requires the Environmental Protection Agency (EPA) to provide grants for intelligent wastewater treatment systems using AI for predictive maintenance and real-time monitoring.

Mandates grants for smart drinking water systems with AI tools to reduce water loss, improve decision-making, and enhance operational efficiency.

Specifies that 25% of the grant funds are set aside for rural communities and 10% for Tribal communities.

Obligates the EPA to issue guidance for grant applications within 30 days of enactment and make funding decisions within 60 days.

Requires annual reports to Congress on the projects funded and their impacts.

Authorizes $25 million for fiscal years 2024 through 2028 for both wastewater and drinking water infrastructure projects."
592,SAFE AI Research Grants,United States Congress,True,False,"Requires the National Academy of Sciences to establish a grant program for the development of safe AI models and AI research.

Mandates the development of guiding principles and ethical considerations for the grant program.

Directs the Director of the National Academy of Sciences to submit a detailed proposal of the grant program to relevant Congressional committees within one year, including a budget, proposed appropriation request, and an evaluation of existing AI models and methodologies."
515,DOE and NASA Research Coordination Act,United States Congress,False,False,"Requires the Department of Energy (DOE) and NASA to coordinate research and development activities, including AI-related areas such as machine learning, data analytics, and predictive analysis.

Mandates the use of memoranda of understanding for coordination.

Allows for competitive awards to support collaborative R&D activities.

Directs the development of methods to handle large data sets on high-performance computing systems.

Promotes data sharing between DOE, NASA, National Laboratories, and other entities, ensuring secure data transfer.

Authorizes reimbursable and non-reimbursable agreements between DOE and NASA.

Ensures competitive awards follow merit-review processes and consider applications from various entities.

Obligates a report within two years on coordination activities, achievements, and future plans.

Requires consistency with research security laws."
820,"Coast Guard Authorization Act, Sec. 212 (""Unmanned Systems Capabilities Office"")",United States Congress,False,False,"Requires the Commandant to submit a report within one year outlining a plan for establishing an unmanned systems capabilities office within the Coast Guard.

Mandates inclusion of a management strategy for acquiring, developing, and deploying unmanned system and counter-unmanned system technologies.

Demands a coordination strategy to synchronize efforts across the Coast Guard and pursue expanded research, development, testing, and evaluation opportunities.

Requires identification of contracting and acquisition authorities needed for expedited technology development and deployment.

Lists the need for a detailed inventory of commercially available unmanned and counter-unmanned systems useful to the Coast Guard.

Calls for a cross-agency collaboration plan with the Department of Homeland Security, Department of Defense, and other relevant agencies.

Encourages opportunities to obtain and share unmanned system data to enhance maritime domain awareness.

Mandates the development of a concept of operations for a data ecosystem integrating unmanned system technologies with AI, machine learning, and information-sharing capabilities."
519,Weather Information for Agriculture Act,United States Congress,False,False,"Reauthorizes the National Integrated Drought Information System.

Requires advancement and deployment of AI, machine learning, and cloud technologies for drought forecasting.

Mandates strengthening observational networks and drought indicators, addressing gaps in snowpack and soil moisture monitoring.

Establishes memoranda of understanding with the National Mesonet Program for coordinated drought information.

Requires migration to probabilistic forecasts and incorporation of new modeling tools with the Climate Prediction Center.

Authorizes appropriations from $15,000,000 in fiscal year 2024 to $17,000,000 in fiscal year 2028 for these activities.

Mandates development, deployment, and maintenance of the National Coordinated Soil Moisture Monitoring Network.

Requires establishment of a user-friendly website, high-quality data criteria, and increased in situ soil moisture monitoring stations.

Promotes research, data sharing, and engagement with the citizen science community for soil moisture monitoring.

Allows partnerships to provide nationwide soil moisture information."
814,"Intelligence Authorization Act FY 2024, Sec. 758 (""Technology for Classification and Declassification"")",United States Congress,False,False,"Requires the Administrator of the Office of Electronic Government to research a technology-based solution using machine learning and artificial intelligence for efficient classification and declassification systems within 1 year.

Mandates consultation with various key agencies, including the Secretary of Defense and CIA Director, to ensure a comprehensive approach.

Calls for the solution to be interoperable and federated across the Federal Government.

Obligates the Administrator to submit a recommendation to the President regarding the adoption of the researched technology-based solution.

Permits the Administrator to hire sufficient staff to execute the tasks outlined.

Directs the President to submit a classified report to Congress within 540 days, detailing the recommended solution and the decision on its adoption."
572,Advanced Communications Technology Networks Act,United States Congress,False,False,"Directs the Assistant Secretary of Commerce for Communications and Information to support the establishment, prototyping, and implementation of common models and methodologies to inform electromagnetic spectrum management decisions.

Requires the development of technologies and techniques to control radio frequency emissions and interference.

Mandates the prototyping of artificial intelligence systems and technologies capable of operating advanced antenna arrays and dynamic spectrum access.

Encourages the development and participation of a skilled workforce to prototype advanced communications technologies.

Supports partnerships among institutions for workforce development in advanced communications technologies.

Identifies and implements technologies that promote dynamic spectrum access, network sensing, monitoring, and optical and quantum communications.

Amends section 104 of the National Telecommunications and Information Administration Organization Act to include these additional responsibilities for the Assistant Secretary."
522,National Critical Capabilities Defense Act,United States Congress,True,False,"Defines ""national critical capabilities sector"" as sectors, including artificial intelligence, subject to regulation described in the bill.

Establishes the ""Committee on National Critical Capabilities"" to review U.S. investments in foreign countries that may threaten national security.

Requires U.S. persons to notify the Committee of covered activities in critical sectors, including artificial intelligence, at least 90 days before initiation.

Instructs the Committee to review and potentially mitigate risks posed by such activities, with authority to prohibit or regulate investments.

Defines ""covered activities"" broadly to include acquisitions, joint ventures, and other engagements with foreign entities in critical sectors.

Identifies countries of concern, including China, Russia, and North Korea, where such investments are scrutinized more closely.

Grants the Committee authority to enforce compliance, including imposing civil penalties up to $250,000 or twice the amount of the covered activity."
807,"Black Maternal Health Omnibus Act, Sec. 904 (Report on the Use of Technology in Maternity Care)",United States Congress,True,False,"Mandates the Secretary of Health and Human Services to enter an agreement with the National Academies of Sciences, Engineering, and Medicine to study the use of technology in maternity care.

Requires the study to examine the use of innovative technology, including artificial intelligence, and its impact on racial or ethnic biases in maternal health care.

Includes patient monitoring devices, such as pulse oximeters, in the scope of the study, with a focus on their effect on racial or ethnic biases.

Outlines identification of best practices for reducing and preventing biases in the use of technology and monitoring devices in maternity care.

Requires the study to recommend best practices for using technology and monitoring devices for pregnant and postpartum individuals from minority groups.

Mandates the inclusion of best practices regarding privacy and security safeguards in the use of such technologies.

Directs the National Academies to complete the study and submit a report to Congress within 24 months of the Act's enactment."
596,Wildfire Technology DEMO Act,United States Congress,False,False,"Establishes a wildfire technology testbed pilot program within 60 days of the Act's enactment, coordinated by the Secretaries of Agriculture and the Interior.

Incorporates the program into an existing interagency coordinating group on wildfires.

Identifies key technology priority areas, including hazardous fuels reduction, dispatch communications, remote sensing, safety equipment, and operational dashboards.

Partners selected private entities, nonprofits, and higher education institutions with federal agencies for real-time testing during wildfire mitigation.

Prioritizes emerging technologies such as artificial intelligence, quantum sensing, augmented reality, and advanced communications for wildfire mitigation.

Requires covered entities to submit applications, including technology testing proposals.

Mandates annual reports to Congress on participating entities, tested technologies, costs, outreach efforts, and technology assessments.

Terminates the program four years after establishment."
560,DATA Privacy Act,United States Congress,True,False,"Establishes national data privacy standards for covered entities handling personal data.

Requires covered entities to post clear, accessible privacy notices detailing data collection, processing, storage, and disclosure practices.

Mandates the FTC to create regulations within one year for reasonable, equitable, and non-deceptive data practices, including opt-out and affirmative consent mechanisms.

Imposes data minimization requirements, limiting data collection to what is necessary for specified purposes and ensuring timely deletion.

Empowers individuals with rights to access, correct, delete, and transfer their data.

Mandates large entities to appoint privacy protection officers to oversee compliance and advocate for privacy policies.

Directs the National Science Foundation to support research on privacy-enhancing technologies.

Grants enforcement authority to the FTC and state attorneys general, with civil penalties for violations.

Allocates resources to the FTC for enforcement and compliance activities."
819,"Testing at Residence Telehealth Act, Sec. 2 (""Tests and Assistive Telehealth Consultations Demonstration"")",United States Congress,False,False,"Establishes a Value-Based Insurance Design Model (VBID) demonstration program to provide Medicare beneficiaries with assistive telehealth consultations and home-based care.

Requires eligible Medicare Advantage (MA) plans to cover medical tests, including those utilizing adaptive AI and machine learning, for various diseases and conditions.

Limits the VBID program to a maximum of 25 MA plans, with at least 10 plans serving rural or underserved areas.

Mandates demographic data collection for reimbursement claims, including age, race, ethnicity, gender, and chronic conditions.

Administers a grant program for state Medicaid programs to cover similar tests and telehealth consultations, with grants awarded to 5-10 states or territories for a 4-year period, not exceeding $12 million per state."
808,"National Quantum Initiative Reauthorization Act, Sec. 16 (""DOE Quantum Information Science Research Program"")",United States Congress,False,False,"Amends the National Quantum Initiative Act to mandate the Secretary of Energy to implement a quantum information science, engineering, and technology research program.

Establishes National Quantum Information Science Research Centers to enhance quantum technology and infrastructure.

Requires cooperative research initiatives with industry, National Laboratories, and academic institutions, covering AI, machine learning, quantum communications, sensing, and other quantum technologies.

Mandates providing research experiences and training for students in quantum fields.

Directs the creation of a 10-year strategic plan for quantum high-performance computing, integrating AI and machine learning, to be submitted to Congress.

Supports industry outreach to promote quantum technology commercialization and advancements in the energy sector.

Allocates up to $130 million annually from 2024 to 2027 for these activities."
822,"NTIA Reauthorization Act, Sec. 203 (""Spectrum management improvements"")",United States Congress,False,False,"Requires the Under Secretary, in coordination with the Commission and in consultation with other relevant Federal agencies, to develop, establish, prototype, and support the implementation of models, methodologies, and inputs for spectrum management decisions involving AI systems, advanced antenna arrays, and dynamic spectrum access technologies.

Mandates the development of AI systems to enable dynamic spectrum access, Internet of Things networks, and other advanced communications technologies.

Amends Section 104 of the National Telecommunications and Information Administration Organization Act to require the identification and facilitation of technologies that promote dynamic spectrum access, network sensing and monitoring, and optical and quantum communications.

Encourages the development of a skilled workforce for prototyping advanced communications technologies.

Supports partnerships among institutions for workforce development in advanced communications technology prototyping."
813,"Intelligence Authorization Act FY 2024, Title V (""Emerging Technology Competition""), Subtitle B (""Next Generation AI"")",United States Congress,False,False,"**Subtitle B—Next-Generation Energy, Biotechnology, And Artificial Intelligence**

**SEC. 511. Expanded Annual Assessment of Economic and Technological Capabilities of the People's Republic of China.**

Requires a detailed assessment of China’s investments in AI, next-generation energy technologies, and biotechnology.

Identifies competitive practices and opportunities to counter them.

Determines U.S. vulnerabilities in the supply chain of these technologies.

**SEC. 514. Policies Established by Director of National Intelligence for Artificial Intelligence Capabilities.**

Mandates the establishment of policies for AI acquisition, adoption, development, use, coordination, and maintenance.

Requires guidelines for evaluating AI model performance, continuous monitoring, and documentation.

Calls for standards on imputed, augmented, or synthetic data used in AI training.

**SEC. 515. Strategy for Submittal of Notice by Private Persons to Federal Agencies Regarding Certain Risks and Threats Relating to Artificial Intelligence.**

Directs the President to establish a strategy for vendors and users to notify the government of AI-related risks.

Includes information security, biosecurity risks, foreign malign influence, and other unlawful activities related to AI.

Outlines a plan for Federal agencies to engage in public education on AI risks."
591,Counseling for Career Choice Act,United States Congress,False,False,"Amends the Elementary and Secondary Education Act of 1965 to expand career counseling opportunities.

Requires career counseling programs to leverage resources and emerging technologies, including artificial intelligence.

Mandates the development of professional development or career development training certification programs for counselors and educators.

Encourages partnerships with one-stop centers and integration with local and state workforce entities.

Promotes the establishment and coordination of postsecondary opportunities such as internships, apprenticeships, and dual enrollment programs.

Requires the identification and assessment of school counseling activities and postsecondary options within and outside the state.

Mandates the evaluation of secondary and postsecondary outcomes for individuals served by career counseling programs."
655,National Mesonet Authorization Act,United States Congress,False,False,"Establishes the National Mesonet Program within the National Weather Service to improve weather observation and forecasting.

Requires the program to leverage commercial, academic, and other non-Federal weather data to enhance coordination across sectors.

Targets improved environmental observations to support baseline forecasts and warnings, and to enhance numerical weather prediction performance.

Mandates integration of greater density and types of weather observations, including local and regional networks and satellite constellations.

Provides financial and technical assistance for State, Tribal, private, and academic entities to build or upgrade mesonet systems, contingent on agreements to share data.

Forms an advisory committee to recommend improvements and expansions of available data.

Obligates regular briefings to relevant Congressional committees on program activities and progress.

Allocates specified funding amounts for fiscal years 2024 through 2028 to support the program's implementation and expansion."
829,"AREA Act, Part B (""National Center for Education Research""), Sec. 133 (""Duties"")",United States Congress,False,False,"Amends the duties of the Research Commissioner to include maintaining peer-review standards and supporting scientifically valid research.

Requires the Commissioner to propose and implement a research plan, ensuring the research is relevant and informs decision-making.

Mandates the support of evidence-based practices and the dissemination of research findings.

Grants authority to conduct research on underrepresented student populations and to support research-practice partnerships.

Obligates the Commissioner to ensure research is reviewed for inclusion in the National Education Research Database.

Allows for the provision of technical assistance to underrepresented researchers and institutions.

Supports research on educational technology, including artificial intelligence, digital literacy, and other significant educational topics."
524,Digital Defense Content Provenance Act,United States Congress,False,False,"Requires the Director of the Defense Media Activity (DMA) to establish a course of education at the Defense Information School (DINFOS) on digital content provenance within one year of enactment.

Mandates the course to cover digital content provenance, challenges posed by digital content forgery, and the use of industry open technical standards for authenticating digital content.

Obligates the Director to start a pilot program within one year to assess the implementation of industry standards for digital content provenance for official Department media.

Sets termination date for the pilot program on January 1, 2027, with an interim report due by January 1, 2026, to assess effectiveness and feasibility.

Defines key terms including ""digital content forgery"" and ""digital content provenance"" to ensure clarity in implementation."
678,Solving the Border Crisis Act,United States Congress,False,False,"Resumes border wall system construction, requiring the Secretary of Homeland Security to restart halted projects and honor previous agreements.

Prohibits the cancellation of contracts related to border wall construction entered into before January 20, 2021.

Requires the lifting of COVID-19 related suspension of entries and imports not earlier than 120 days after the termination of the public health emergency.

Mandates submission of plans to manage possible influxes related to the termination of COVID-19 suspensions.

Disapproves the rule allowing asylum officers to adjudicate credible fear claims, maintaining exclusive authority for immigration judges.

Amends the Immigration and Nationality Act to require the return of aliens to contiguous territory or detain them for further asylum consideration.

Establishes minimum staffing levels for various immigration and border enforcement offices, including 25,000 U.S. Border Patrol agents.

Ensures funding for sufficient detention facilities to comply with mandatory detention requirements.

Mandates a report within 60 days on how the Department of Homeland Security is mitigating border encounters."
672,Advanced Aviation Integration Act,United States Congress,False,False,"Designates the Deputy Administrator of the Federal Aviation Administration (FAA) as the executive responsible for advanced aviation integration.

Requires coordination across FAA offices to ensure safe operation and integration of advanced aviation systems, including policy, rulemaking, and workforce planning.

Mandates the Deputy Administrator to report biannually on workforce requirements and recommend staffing and budget resources.

Establishes the Office of Advanced Integration, headed by a Director, to oversee advanced aviation system responsibilities.

Creates the Advanced Aviation Coordination Unit to promote safe integration, improve certification processes, and develop standards for advanced aviation systems.

Forms working groups on unmanned aircraft systems, advanced air mobility, and safety technology integration within the Coordination Unit.

Defines ""advanced aviation system"" broadly to include unmanned aircraft, powered lift aircraft, and various advanced aviation technologies.

Authorizes the Secretary of Transportation to facilitate interagency coordination to support advanced aviation integration."
666,Combating Cartels on Social Media Act of 2023,United States Congress,False,False,"Requires the Secretary of Homeland Security to assess the use of social media and online platforms by transnational criminal organizations for recruitment and illicit activities within 180 days.

Mandates submission of a National Strategy to Combat Illicit Recruitment Activity by Transnational Criminal Organizations on Social Media and Online Platforms within one year.

Proposes improvements in cooperation between government entities and social media operators, enhanced intelligence analysis, and proactive law enforcement efforts.

Requires establishment of a centralized mechanism for reporting recruitment efforts by transnational criminal organizations to the Department of Homeland Security.

Instructs the Secretary to consult with various federal, state, and local entities, as well as social media companies and experts during strategy development and implementation.

Mandates semiannual reporting on the implementation of the strategy and its progress to appropriate congressional committees for five years.

Designates a specific official within U.S. Customs and Border Protection to manage intelligence related to recruitment activities and to facilitate voluntary information reporting from social media operators."
834,"Rail Worker and Community Safety Act, Sec. 13 (Equipment Inspections)",United States Congress,False,False,"Requires the Secretary of Transportation to issue regulations within 12 months of enactment.

Prohibits the movement of trains from switchyards before completing all required brake inspections.

Allows only Qualified Mechanical Inspectors to sign off on inspection forms for locomotives and rail cars.

Ensures that inspections using AI or camera-based systems under part 215 of title 49, Code of Federal Regulations, require verification by a Qualified Mechanical Inspector."
841,"Responsible Financial Innovation Act, Sec. 1001 (""EOP Appropriations"")",United States Congress,False,False,"Authorize appropriations of $2,500,000 annually from fiscal years 2023 to 2027 to the Office of Science and Technology Policy for hiring specialists in AI, crypto assets, and distributed ledger technology, available until the end of the subsequent fiscal year.

Require these funds to support positions coordinating Federal activities and advising the President on research and development strategies related to these technologies.

Authorize similar appropriations of $2,500,000 annually from fiscal years 2023 to 2027 to the National Economic Council for hiring specialists in AI, crypto assets, and distributed ledger technology, also available until the end of the subsequent fiscal year.

Require these funds to support positions coordinating Federal activities and advising the President on financial and economic policies related to these technologies."
837,"Online Privacy Act, Sec. 106 (""Individual autonomy"")",United States Congress,False,False,"Prohibits covered entities from collecting, processing, maintaining, or disclosing personal information for behavioral personalization without affirmative express consent.

Requires covered entities to obtain express affirmative consent before providing behaviorally personalized products or services, and annually thereafter.

Mandates providing non-personalized versions of products or services if consent is denied, or core aspects if full functionality without personalization is infeasible.

Allows denial of products or services if no core aspect can function without personalization and consent is not given.

Permits processing personal information for usability improvements using aggregated data, provided the output is uniform and independent of individual characteristics.

Excludes optimizations aimed primarily at increasing user engagement time from the definition of ""usability.""

Exempts small businesses from these requirements."
914,"EARN IT Act of 2023, Sec. 3 (National Commission on Online Child Sexual Exploitation Prevention)",United States Congress,True,False,"Establishes a National Commission on Online Child Sexual Exploitation Prevention. Tasks the Commission with developing recommended best practices for interactive computer service providers to prevent, reduce, and respond to online child sexual exploitation. 

Composes the Commission of 19 members, including federal officials and appointees with specific expertise in law enforcement, prosecution, victim services, consumer protection, civil liberties, privacy, computer science, and industry representation. Requires two members to have experience in cryptography, data security, or artificial intelligence. Designates the Attorney General or their representative as the Chairperson."
659,Know Your App Act,United States Congress,False,False,"Requires covered companies to publicly list the primary country of origin of each application on the app store page with prominent display.

Mandates that covered companies provide an option to filter out apps from countries of concern and display disclaimers if data could be accessed by a foreign government.

Obligates developers to notify covered companies of changes in country of origin or beneficial ownership and certify the accuracy of displayed information annually.

Enforces a series of warnings and potential removal of apps for non-compliance by developers.

Establishes a reporting mechanism for potential violations and provides an appeals process for app removals.

Directs the Treasury and Commerce Secretaries to annually list countries with laws enabling government control over applications, making the list publicly available.

Limits enforcement and regulatory authority to provisions explicitly stated in the Act.

Authorizes the Attorney General to enforce compliance through civil action."
604,Kids PRIVACY Act,United States Congress,False,True,"Defines ""process"" as an operation, potentially automated, performed on ""covered information"" including collecting, disclosing, inferring, etc.

Mandates obtaining ""verifiable consent"" from teenagers or parents before processing their data.

Requires operators to minimize data collection and retain data only as necessary.

Obligates transparency and the provision of a clear privacy policy detailing data practices.

Prohibits targeted advertising and harmful data processing practices.

Establishes rights for teenagers and parents to access, correct, and delete data.

Imposes strict security measures for processing children's and teenagers' data."
881,CATCH Fentanyl Act,United States Congress,False,False,"Mandates the Secretary of Homeland Security, through the CBP Innovation Team, to establish pilot projects within one year to test and assess technologies enhancing nonintrusive inspection systems at land ports of entry.

Requires testing of at least five technology types, including artificial intelligence, machine learning, and quantum information sciences, to detect contraband, illegal drugs, and threats.

Identifies effective enhancements based on detection accuracy, efficiency, integration capability, cost, safety, and mobility.

Allows private sector input on commercially viable technologies.

Sets termination of pilot projects five years post-enactment.

Requires reporting to Congress within three years and after project termination, detailing effectiveness, recommendations, cost plans, and performance analysis of tested technologies."
721,No ICBMs or Drones for Iran Act of 2023,United States Congress,True,False,"Expands sanctions under the Comprehensive Iran Sanctions, Accountability, and Divestment Act of 2010 to include unmanned aerial systems (UAS).

Incorporates UAS under arms embargos of the Countering America’s Adversaries Through Sanctions Act and Iran-Iraq Arms Non-Proliferation Act of 1992.

Requires the President to submit a strategy to counter Iran's UAS program including export controls of US materials, identification of actors supporting Iran's UAS program, assessment of compliance with such restrictions, and coordination with US allies in furtherance of these actions

Mandates a report on support for Iran’s UAS program from domestic industries, individuals, or entities in Iran and related technology transfers to foreign actors, to be updated as necessary."
844,"PAID Act, Sec. 3 (Requirements for Private Passenger Automobile Insurers)",United States Congress,False,False,"Prohibits private passenger automobile insurers from considering certain factors, such as gender, education level, and ZIP Code, in determining insurance eligibility or rates.

Requires insurers to submit information to the FTC within one year of enactment and biennially thereafter to demonstrate that their practices and algorithms do not disproportionately impact any customer group based on protected characteristics.

Mandates public availability of underwriting rules and rate filings, disallowing them from being proprietary trade secrets.

Exempts individuals from liability if they prove they maintained reasonable compliance procedures.

Clarifies that using prohibited factors to influence insurance premiums constitutes a violation, affecting eligibility, rebates, discounts, and other policy terms.

Preserves the authority of Federal and State agencies to enforce prohibitions against unfair or deceptive practices."
915,"Preserving Telehealth, Hospital, and Ambulance Access Act, Sec. 105 (Report on Wearable Medical Devices)",United States Congress,False,False,"Mandates the Comptroller General to conduct a technology assessment of wearable medical devices within 18 months of the Act's enactment.

Requires the report to include an analysis of the devices' potential to accurately prescribe treatments.

Examines the benefits and challenges of using artificial intelligence to augment wearable medical devices.

Proposes policy options to enhance benefits and mitigate challenges in developing or using such devices."
843,"HOME Act of 2024, Sec. 7 (Identification of Unfair Screening Practices)",United States Congress,False,False,"Mandates the Secretary, the Federal Trade Commission, and the Bureau of Consumer Financial Protection to jointly collect information on unfair practices in tenant and applicant screenings, including the use of algorithms.

Requires the identification of practices that prevent access to or retention of rental housing, focusing on tenant background checks, adverse action notices, and tenant income sources.

Obliges the submission of an annual report to Congress detailing the information collected under the program."
917,"Countering Antisemitism Act, Sec. 8 (Online Antisemitism, Holocaust Denial, and Distortion)",United States Congress,False,False,"Mandates the National Coordinator to Counter Antisemitism to conduct a study on online antisemitism, including Holocaust denial and distortion, within 180 days of the Act's enactment and annually for 10 years.

Requires the study to analyze the prevalence of antisemitic content online.

Recommends to Congress measures to counter online antisemitism, focusing on transparency in algorithmic systems, content moderation, enforcement of community standards, and accountability for individuals and platforms.

Obligates the National Coordinator to submit the report to specific Senate and House committees."
982,"Richard L. Trumka Protecting the Right to Organize Act of 2023, Sec. 309 (GAO Report)",United States Congress,False,False,"Mandates the Government Accountability Office (GAO) to study the impact of Sections 101(a) and 101(b) on employee coverage under the National Labor Relations Act, focusing on union formation and collective bargaining.

Requires the study to analyze impacts on employee flexibility, compensation, grievance resolution, and technology use, including AI and algorithms.

Directs the GAO to gather input from stakeholders, including business enterprises and labor organizations, consulting relevant congressional committees.

Obliges the GAO to report its findings to the House and Senate committees six months after the study begins and make the report public.

Instructs the President, after the report's release, to consider its findings and potentially recommend modifications to Sections 101(a) or 101(b) within 60 days.

Expresses the House's intent to evaluate any presidential recommendations regarding the modifications."
880,FIT Procurement Act,United States Congress,True,False,"Requires the Federal Acquisition Institute to incorporate experiential learning into key acquisition certification programs within 18 months.

Mandates the development and implementation of a cross-functional ICT acquisition training program, emphasizing market research, cloud computing, artificial intelligence, and cybersecurity.

Encourages the use of commercially available off-the-shelf technologies and innovative procurement techniques like oral presentations and product demonstrations.

Reassigns the responsibility for AI training requirements from the Office of Management and Budget to the General Services Administration.

Expands the Commercial Solutions Opening Authority to include commercial services and mandates public reporting and data collection on its use.

Increases the simplified acquisition threshold from $250,000 to $500,000.

Requires the Administrator to issue guidance on using past performance from a broader range of projects to increase competition.

Establishes a working group to address the shrinking Federal vendor base and recommends actions to remove barriers to qualified vendors."
886,Living Wage for Musicians Act of 2024,United States Congress,False,True,"Prohibits artificial intelligence entities from being classified as artists under this act.

Requires the establishment of the Artist Compensation Royalty Fund to help provide financial support to those whose employment was negatively impacted by AI.

Mandates service providers to collect and deposit a living wage royalty fee and a percentage of non-subscription revenue into the Fund.

Authorizes the Fund Administrator to impose penalties for violations and non-compliance by service providers."
894,Methane Emissions Mitigation Research and Development Act,United States Congress,False,False,"Requires the Secretary of Energy, in consultation with the EPA and other federal agencies, to implement a program for methane emissions detection and mitigation research, development, and demonstration.

Mandates cooperative agreements with state/local governments, higher education institutions, and for-profit entities for technical assistance in preventing and responding to methane releases.

Establishes publicly accessible resources for best practices in pipeline systems, production wells, storage facilities, and emission reduction technologies.

Supports research into technologies for accurate methane emissions quantification, including improvements in data analytics, machine learning platforms, and Lidar detection technologies.

Forms a Methane Emissions Measurement and Mitigation Research Consortium to prioritize research, facilitate data sharing, and develop cooperative leak detection and repair strategies.

Requires annual reporting to Congress on the Consortium's activities, findings, and progress, and a merit review after five years.

Authorizes specific appropriations for the Secretary of Energy and Secretary of Commerce to support these initiatives through 2029."
872,Veterans Appeals Efficiency Act of 2024,United States Congress,False,False,"Requires the Secretary of Veterans Affairs to submit an annual report on the average length of time remanded claims are pending.

Mandates the use of technology to track and maintain information on specific claims for benefits, including those continuously pursued, in the National Work Queue, or pending a hearing.

Ensures claimants can view reasons for claim deferrals or suspense dates in the National Work Queue.

Authorizes the Chairman of the Board of Veterans’ Appeals to aggregate appeals with similar questions of law or fact.

Obliges the Board to ensure substantial compliance with its remand decisions, allowing waivers if sufficient evidence resolves underlying issues.

Grants the Court of Appeals for Veterans Claims supplemental jurisdiction to review eligible claims and remand matters for addressing unaddressed issues or inadequate decisions by the Board.

Directs a study, potentially using AI, on common legal or factual questions before the Board and mandates a report on the findings.

Requires the Secretary to develop a plan for timely assignment of claims and submit it to Congress."
883,Protecting Consumers from Deceptive AI Act,United States Congress,True,False,"Directs the NIST to establish task forces focused on the development of technical guidelines for identifying and labeling AI-generated content, including metadata, watermarking, and digital fingerprinting.

Supports the development of standards to provide cryptographically verifiable content provenance metadata and robust watermarks. 

Requires providers of generative AI applications to ensure that content created or modified by such applications includes a disclosure of its AI origin, and to collaborate with providers of covered online platforms to provide these disclosures to users.

Prohibits online platforms from removing such disclosures and mandates clear display of AI origin information to users.

Enforces compliance under the Federal Trade Commission Act.

Defines self-regulatory guidelines approved by the FTC as compliance alternatives."
898,National Patient Safety Board Act of 2024,United States Congress,False,False,"Establishes the National Patient Safety Board (NPSB) within the Office of the Secretary of Health and Human Services to prevent and reduce patient safety events.

Empowers the NPSB to support federal agencies in monitoring patient safety, studying causes of patient safety events, and formulating preventive solutions.

Grants the NPSB authority to request changes to patient safety measures, review reports, and make them publicly available within one year of study commencement.

Mandates annual audits and reports to Congress on progress, including detailed solutions and unaddressed needs.

Forms a Patient Safety Research and Development Division to aggregate and analyze patient-level data, identifying and anticipating safety events and disparities.

Requires compliance with privacy laws and AI governance frameworks, including NIST's AI Risk Management Framework and the Blueprint for an AI Bill of Rights.

Prohibits the use of NPSB reports as evidence in civil liability cases but allows their use in developing standards of care."
857,Examining Educational Redlining in Lending Act,United States Congress,False,False,"Requires the Bureau of Consumer Financial Protection to assess the use of educational data and automated processes in creditworthiness determinations annually.

Mandates coordination with executive agencies and civil rights stakeholders for these assessments.

Examines the risks and disparate impacts of using automated or algorithmic underwriting processes.

Obligates the Bureau to report findings and recommendations to Congress 60 days post-assessment.

Requires public disclosure of assessment findings, lists of covered persons using educational data, and those employing automated or algorithmic processes.

Defines key terms, including ""certain educational data"" and ""covered person,"" with references to existing legislation."
704,Advanced Aviation Act,United States Congress,False,False,"Redesignates the Office of NextGen as the Office of Advanced Aviation within 1 year.

Appoints an Associate Administrator to oversee the Office of Advanced Aviation.

Coordinates rulemaking and approval processes for advanced aviation systems' standardization, certification, safety, and integration into national airspace.

Establishes an Office of Advanced Integration to manage responsibilities related to advanced aviation systems.

Forms an Advanced Aviation Coordination Unit to promote safe integration and certification of advanced aviation systems.

Redesignates the William J. Hughes Technical Center as the William J. Hughes Technical Center for Advanced Aviation, responsible for research, development, and integration of new aviation technologies.

Establishes an Aviation Innovation Program to evaluate and integrate new aviation-related technologies into the national airspace system.

Defines ""advanced aviation systems"" to include unmanned aircraft systems, counter-UAS systems, powered lift aircraft, and related technologies."
986,"Americas Act, Title II (""Trade and Investment""), Sec. 255 (""Energy Development"")",United States Congress,False,False,"Amends the BUILD Act of 2018 to define ""transformational energy technology,"" including AI applications for energy efficiency and grid operation.

Inserts a Chief Energy Officer position within the U.S. International Development Finance Corporation (DFC) to promote transformational energy technology exports and ensure at least 30% of DFC support targets such projects.

Requires annual and quarterly reports on transformational energy technology projects and international finance of energy generation.

Establishes an Office of Energy in the Export-Import Bank to promote and finance exports of eligible technologies, including those involving AI.

Mandates the creation of a Joint Energy Export, Development, and Trade Database to coordinate inter-agency efforts.

Increases the DFC's maximum contingent liability and adjusts the Export-Import Bank’s loan, guarantee, and insurance authority limits."
905,Modernizing Retrospective Regulatory Review,United States Congress,True,False,"Requires the Director of the Office of Management and Budget (OMB) to report on the Federal Government's progress in making agency regulations available in machine-readable format within 180 days after enactment.

Mandates the OMB Director to issue guidance within 18 months on using technology, including AI, for efficient and accurate retrospective reviews of regulations.

Obliges agency heads to submit a detailed plan within two years for implementing OMB guidance on retrospective reviews, identifying regulations for review, and including necessary data and analysis.

Directs agency heads to implement the submitted plan within 180 days of submission, focusing on retrospective regulatory reviews."
879,Emerging Innovative Border Technologies Act,United States Congress,True,False,"Requires the Secretary of Homeland Security to develop and submit a plan within 180 days to identify, integrate, and deploy advanced technologies, including AI and machine learning, to enhance border security operations.

Mandates inclusion of information on how CBP utilizes its Innovation Teams and other mechanisms to achieve these goals.

Requires assessments of technology contributions, team compositions, and coordination efforts within CBP and DHS.

Identifies non-utilized technologies from other federal agencies that could enhance border security.

Includes an analysis of procurement authorities and whether additional ones are needed.

Demands explanations on scaling existing programs and descriptions of planned security technology programs with objectives, goals, and timelines.

Assesses the privacy and security impact on border communities and legacy technology phase-outs.

Requires coordination with DHS's Science and Technology Directorate to develop and incentivize new technologies.

Specifies metrics for evaluating effectiveness and identifies recent technological advancements in various surveillance and inspection technologies.

Authorizes CBP Innovation Teams to research and adapt commercial technologies, establishing procedures and strategic goals.

Requires annual reporting on Innovation Team activities, including successful technology transitions."
865,Child Exploitation and AI Commission Act,United States Congress,True,False,"Establishes the Commission of Experts on Child Exploitation and Artificial Intelligence to investigate and recommend solutions for the prevention, detection, and prosecution of child exploitation crimes involving AI.

Directs the Commission to assess the role of AI in child exploitation and evaluate law enforcement's current capabilities to detect and prosecute such crimes.

Requires the Commission to recommend statutory or constitutional amendments to address obstacles to prosecution identified by the Commission and enhance law enforcement's ability to combat AI-facilitated child exploitation.

Mandates the Commission to submit to Congress interim reports as needed and a final report within two years of member appointments.

Details membership of the Commission as composed of 13 appointed experts from various fields, and outlines guidelines on membership qualifications and operational procedures.

Empowers the Commission to hold hearings, obtain official data, and utilize various support services for its operations."
852,ENFORCE Act,United States Congress,True,False,"Amends the Export Control Reform Act of 2018 to prevent foreign adversaries from exploiting U.S. artificial intelligence and other critical technologies.

Defines ""artificial intelligence"" and ""artificial intelligence system"" as per the National Artificial Intelligence Initiative Act of 2020.

Specifies an interim and final definition of ""covered artificial intelligence system,"" focusing on AI systems posing serious national security risks.

Authorizes the President to control the activities of U.S. persons related to critical AI systems and emerging technologies essential to national security.

Empowers the President to require U.S. persons to obtain licenses for exporting or transferring critical AI systems and technologies.

Amends the International Emergency Economic Powers Act to align with the updated export control provisions."
874,GenAI Copyright Disclosure Act,United States Congress,False,True,"Requires anyone who creates or alters a training dataset used for a generative AI system to submit a notice to the Register of Copyrights with a summary of any copyrighted works used in the dataset and the URL for the dataset.

Requires the notice must be submitted 30 days before the AI system is made available to consumers or within 30 days of the Act taking effect for systems already available.

Imposes a civil penalty of at least $5,000 for non-compliance.

Requires the Register to establish and maintain a public database of filed notices."
887,CONSENT Act,United States Congress,False,False,"Establishes a private right of action against individuals who send unsolicited visual depictions of sexually explicit conduct.

Defines “machine-manipulated media” as media substantially modified using machine-learning techniques.

Permits recipients to bring civil actions for statutory damages up to $500, compensatory damages for emotional distress, attorney fees, and injunctive relief.

Exempts third-party providers, good faith medical, educational, or law enforcement senders, and lawful adult websites from liability.

Allows legal guardians to sue on behalf of minors, incompetent, or incapacitated individuals.

Permits plaintiffs who were minors at the time of the incident to use initials for privacy in court documents.

Ensures civil remedies do not modify or supersede criminal laws.

Includes a severability clause to maintain the act’s provisions if parts are deemed unconstitutional."
911,US Leadership in Standards Act,United States Congress,False,False,"Directs the National Institute of Standards and Technology (NIST) to brief Congress on opportunities for U.S. participation in developing AI standards within one year.

Requires the establishment of a web portal to inform U.S. industry and federal agencies about international AI standards efforts and participation opportunities.

Mandates federal agencies to report their participation in AI standards activities using a mechanism developed by the NIST.

Initiates a pilot program to support U.S.-based AI standards meetings through grants to eligible entities, with funding covering up to 50% of meeting costs.

Authorizes $10 million for the pilot program from fiscal years 2024 through 2028."
855,Secure A.I. Act,United States Congress,True,False,"Requires the Director of the National Institute of Standards and Technology (NIST) to update the National Vulnerability Database to include AI security vulnerabilities.

Establishes a voluntary, comprehensive database to track AI security and safety incidents, ensuring confidentiality and standardized reporting.

Requires the Cybersecurity and Infrastructure Security Agency (CISA) to update the Common Vulnerabilities and Exposures Program for AI vulnerabilities.

Establishes an Artificial Intelligence Security Center within NSA to facilitate AI security research, develop counter-AI techniques, and promote secure AI practices."
885,American Economic Independence Act,United States Congress,False,False,"Requires the President, through the Director of the Office of Management and Budget, to submit a report to Congress on the state of economic integration between the U.S. and China, and the national security risks posed by this integration, every three years for 15 years.

Mandates each report to assess the level of economic integration and its changes since 2000, with predictions for the next three years, specifically in priority sectors including artificial intelligence.

Includes analysis of risks such as reliance on Chinese entities, supply chain dependencies, intellectual property theft, and impacts on the U.S. defense industrial base, particularly in the AI sector.

Requires recommendations for mitigating identified risks.

Permits consultation with nongovernmental entities and submission of the report in an unclassified form, potentially with a classified annex."
907,Comment Integrity and Management Act,United States Congress,False,False,"Amends the E-Government Act of 2002 to improve the handling of mass and computer-generated comments in the regulatory review process.

Requires agencies to verify whether electronic comments are submitted by humans.

Mandates agencies to identify and label mass comments and allows agencies to post representative samples of these comments.

Directs the Office of Management and Budget (OMB) to issue guidance on verifying human submissions and managing mass comments, including the use of technology tools.

Obliges agencies to establish and publicly post policies on handling computer-generated and mass comments within one year of enactment.

Compels the Government Accountability Office (GAO) to report on the identification and impact of computer-generated comments within two years."
897,DoD Financial Audits Using AI Act,United States Congress,False,False,"Directs the Secretary of Defense to ensure the fiscal year 2024 audit of the Department of Defense's financial statements uses AI technology.

Requires the Under Secretary of Defense (Comptroller) and the Inspector General to jointly develop the necessary AI technology for facilitating these audits.

Mandates the use of this AI technology to accelerate the retirement of older financial management systems without compromising essential controls or auditing standards.

Orders the rescission and deposit of any identified surplus funds from the audit into the General Fund of the Treasury for deficit reduction.

Obliges the Secretary of Defense to brief the Senate and House Committees on Armed Services within 180 days on the audit's progress and the AI technology development."
901,Protect Victims of Digital Exploitation and Manipulation Act of 2024,United States Congress,False,True,"Prohibits the production or distribution of digital forgeries of intimate visual depictions of identifiable individuals without their consent, under penalty of fines or imprisonment up to 5 years.

Exempts distributions made in good faith to law enforcement, during legal proceedings, for medical purposes, or in reporting/investigating unlawful content or conduct.

Excludes communications service providers from liability unless they knowingly or recklessly distribute such content.

Defines ""digital forgery"" as intimate visual depictions created or altered using software, machine learning, AI, or other computer-generated means to appear authentic.

Establishes extraterritorial jurisdiction if the offender or victim is a U.S. national.

Ensures severability of the Act’s provisions if any part is found unconstitutional."
993,"Countering Communist China Act, Title VII (""Defense""), Sec. 701 (""Emergency Sanctions Regarding Chinese Military Companies"")",United States Congress,True,False,"Mandates the exercise of emergency sanctions authorities regarding Communist Chinese military companies.

Defines affected companies as those engaged in commercial services, manufacturing, producing, or exporting in the AI sector."
997,"Farm, Food, and National Security Act, Title VII (""Research and Extension""), Sec. 7208 (""Centers of Excellence"") ",United States Congress,False,False,"Mandates the Secretary of Agriculture to establish at least one center of excellence to conduct research, extension, and education activities.

Designates eligible host institutions, including land-grant colleges and accredited veterinary schools, and requires geographic diversity in selection.

Limits each institution to host or co-host only one center at a time.

Requires partnerships with federal agencies, state governments, higher education institutions, and agricultural industry groups to enhance coordination and cost-effectiveness.

Focuses on multiple areas, including digital agriculture, artificial intelligence, agricultural biosecurity, cybersecurity, precision agriculture technologies, biotechnology, and crop protection.

Prohibits using funds for new construction or facility alterations.

Requires an annual report on projects, funding, institutional participation, cost-sharing, and intellectual property actions to relevant Congressional committees.

Expands the number of centers from 3 to 8 and extends the program's authorization to 2029."
864,GRIData Act,United States Congress,False,False,"Requires the Secretary of Energy to identify, analyze, and share data to improve the reliability and resilience of the electric grid.

Mandates the Secretary to consider data types, temporal frequency, and spatial resolution, especially in rural, low-income, and disadvantaged communities.

Requires collaboration with National Laboratories, NOAA, and other agencies for weather data relevant to grid reliability and resilience.

Considers the use of emerging technologies, including AI and machine learning, to enhance grid reliability and resilience.

Establishes a steering committee with stakeholders from federal agencies, regulators, and the electric power sector to guide data-related activities.

Mandates the submission of a report to Congress within one year, detailing findings and recommendations for data collection and sharing.

Authorizes $10 million for the first fiscal year to support these activities."
1003,"DOS Foreign Operations Appropriations Act, Title VII (""General Provisions""), Sec. 7032 (""Democracy Programs"")",United States Congress,False,False,"Requires the allocation of $2,900,000,000 for democracy programs from various appropriations, including $159,240,000 for the Bureau of Democracy, Human Rights, and Labor.

Mandates the submission of a comprehensive five-year strategy for democracy promotion abroad within 180 days, addressing digital security, countering disinformation, and AI-related challenges.

Prohibits foreign governments from having prior approval over the implementation of democracy programs and protects the confidentiality of implementing partners in undemocratic countries.

Allocates $30,000,000 to protect civil society activists and journalists and $20,000,000 for international freedom of expression and independent media.

Requires the regular informing of the National Endowment for Democracy about planned and supported democracy programs."
988,"Countering Communist China Act, Title I (""Trade, Investment, and Economic Relations""), Sec. 101 (""Preventing Adversaries from Developing Critical Capabilities"")",United States Congress,True,False,"Requires the President to identify, list, and annually update categories of technologies and products in the AI sector that pose acute threats to U.S. national security if acquired by adversaries.

Requires the President to prescribe regulations prohibiting U.S. persons from engaging in covered activities involving listed technologies and products in the AI development sector.

Directs the President to submit annual congressional reports on notifications of covered activities and assessing the need for regulatory amendments.

Encourages multilateral engagement to align with allied countries on similar mechanisms for prohibitions and notifications on technologies in the AI sector.

Authorizes $25 million for implementation and allows direct hiring to administer the entire Act."
896,Preparing Election Administrators for AI Act,United States Congress,True,False,"Requires the Election Assistance Commission to develop and issue voluntary guidelines for election offices addressing the use and risks of artificial intelligence (AI) technologies in election administration within 60 days of enactment.

Mandates inclusion of guidelines on the risks and benefits of AI in election activities, cybersecurity risks, the impact of AI-generated information on sharing accurate election information, and the spread of election disinformation.

Directs the Election Assistance Commission to study and report on the use and impacts of AI technologies in the 2024 federal elections by November 5, 2025, including the sharing of AI-generated information and the use of AI by election offices.

Requires the Election Assistance Commission to review and update the voluntary guidelines based on the study's findings."
998,"Farm, Food, and National Security Act, Title VIII (""Forestry""), Sec. 8414 (""Wildfire Technology Deployment and Testbed Partnership"") ",United States Congress,False,False,"Establishes a deployment and testbed pilot program for new and innovative wildfire prevention, detection, communication, and mitigation technologies.

Requires incorporation of the Pilot Program into an existing interagency coordinating group on wildfires.

Mandates consultation with covered agencies to identify key technology priority areas.

Partners with selected covered entities for real-time and on-the-ground testing of technology during wildfire mitigation activities.

Prioritizes emerging technologies, including artificial intelligence, quantum sensing, and augmented reality, for wildfire mitigation.

Requires submission of annual reports to appropriate committees, detailing participating entities, tested technologies, costs, outreach efforts, and assessments.

Expires the Pilot Program on September 30, 2029."
682,Air Tour and Sport Parachuting Safety Improvement Act of 2023,United States Congress,False,False,"Requires the Federal Aviation Administration (FAA) Administrator to issue a final rule within 24 months mandating safety management systems for certain operators under part 135 of title 14.

Prohibits, beginning three years after enactment, commercial air tours without a certificate under part 119 of title 14, unless meeting specific temporary exceptions.

Mandates new or revised regulations within three years to incorporate controlled flight into terrain and in-flight loss of control avoidance training for certificated commercial air tour operators.

Convenes an aviation rulemaking committee to develop standards for flight data monitoring, terrain awareness, and traffic avoidance for commercial air tour operators.

Directs the Administrator to submit reports and issue proposed rulemakings and final rules based on the aviation rulemaking committee's recommendations within specified timelines.

Requires the FAA to improve the process for obtaining operating certificates and report on the efficiency and resource needs of this process.

Authorizes appropriations as necessary to implement the Act."
999,"Coast Guard Authorization Act, Title II (""Coast Guard""), Sec. 207 (""unmanned systems capabilities office"")",United States Congress,False,False,"Mandates the Commandant to submit a report within one year outlining a plan for establishing an unmanned systems capabilities office within the Coast Guard.

Requires the report to include a management strategy for the acquisition, development, and deployment of unmanned and counter-unmanned system technologies.

Specifies the need for a service-wide coordination strategy to synchronize efforts across the Coast Guard.

Identifies contracting and acquisition authorities necessary to expedite technology development and deployment.

Lists commercially available technologies useful for the Coast Guard.

Calls for a cross-agency collaboration plan with the Department of Homeland Security, the Department of Defense, and other relevant agencies.

Highlights opportunities to share unmanned system data to improve maritime domain awareness.

Requires the development of a concept of operations for a data ecosystem supporting unmanned systems, including AI and machine learning tools."
1000,"Coast Guard Authorization Act, Title III (""Shipping and Navigation""), Sec. 342 (""Advisory Committee on Autonomous Maritime Systems"")",United States Congress,False,False,"Establishes the National Advisory Committee on Autonomous Maritime Systems.

Advises the Secretary on regulation and use of Autonomous Systems within U.S. territorial waters.

Comprises 9 members appointed by the Secretary with relevant expertise.

Ensures representation from various groups, including marine safety, vessel design, unmanned vehicle production, port authorities, vessel operators, labor unions, maritime pilots, commercial space operators, and academic institutions.

Mandates establishment of the Committee within 90 days post-enactment."
1001,"21st Century Peace through Strength Act, Division D (""Foreign Adversary Controlled Applications"")",United States Congress,False,False,"Prohibits entities from distributing, maintaining, or updating foreign adversary controlled applications within the U.S.

Requires data portability for users before prohibitions apply, enabling users to access their data in a machine-readable format.

Exempts applications undergoing ""qualified divestiture"" from prohibitions.

Enforces penalties up to $5,000 per user for distribution violations and $500 per user for data portability violations.

Mandates the Attorney General to investigate and enforce compliance through civil penalties or court actions.

Defines ""foreign adversary controlled applications"" and ""qualified divestiture"" to ensure clarity in application and exemptions.

Grants judicial review exclusively to the U.S. Court of Appeals for the District of Columbia Circuit, with specified time limits for challenges."
996,"Farm, Food, and National Security Act, Title VI (""Rural Development""), Sec. 6303 (""Precision Agriculture"") ",United States Congress,False,False,"Promotes United States leadership in developing standards for precision agriculture.

Mandates the Secretary to develop voluntary, consensus-based interconnectivity standards for precision agriculture within two years.

Requires consultation with NIST, FCC, public, and private stakeholders, including voluntary consensus standards development organizations.

Considers the impact of advanced wireless communications technology and artificial intelligence on precision agriculture.

Addresses cybersecurity challenges and connectivity needs of precision agriculture technology.

Directs the Comptroller General to assess the developed standards one year after implementation and biennially for eight years.

Obligates the Comptroller General to report findings to relevant Senate and House committees."
994,"Countering Communist China Act, Title VI (""Democracy, Human Rights, and Taiwan""), Sec. 615 (""DATA Act"")",United States Congress,False,False,"Prohibits U.S. persons from engaging in transactions involving sensitive personal data with entities subject to Chinese influence.

Requires the President to impose sanctions on foreign persons dealing in connected software applications under Chinese control, facilitating military, espionage, or malicious cyber activities.

Mandates sanctions for foreign persons involved in election interference against the U.S. or its allies, or influencing U.S. policy in favor of China.

Directs the President to determine and report on whether entities like ByteDance and TikTok meet criteria for sanctions.

Empowers the President to block all transactions involving property of sanctioned foreign persons within U.S. jurisdiction.

Allows the President to waive sanctions on a case-by-case basis if vital to U.S. national security interests.

Terminates the section's authorities five years after enactment."
889,AI CONSENT Act,United States Congress,False,True,"Requires companies to obtain informed consent from consumers before using their data to train AI systems.

Requires companies to explain clearly and concisely how consumer data will be used for AI training.

Mandates disclosure of further data usage, including transfers to third-party entities.

Directs the FTC to issue a report on the progress of converting covered data to de-identified data (for Congress' evaluation).

Treats violations as unfair or deceptive acts under the Federal Trade Commission Act and subjects violators to penalties."
1002,"Department of Peacebuilding Act, Sec. 107 (""Office of Technology for Peace"")",United States Congress,False,False,"Establishes an Office of Technology for Peace within the Department, headed by the Assistant Secretary for Technology for Peace.

Tasks the Assistant Secretary with overseeing awareness, study, and ethical implications of technologies, including artificial intelligence, on domestic and international peace.

Mandates the dissemination of applicable policies and research in consultation with the Department of State.

Requires the Assistant Secretary to provide grants for technologies in transportation, communications, agriculture, medicine, and energy that are nonviolent.

Encourages grants that promote conservation and sustainability of natural resources to prevent future conflicts.

Promotes the development of a green, peaceful economy through these grants."
878,Export Controls Enforcement Improvement Act,United States Congress,False,False,"Establishes the Export Enforcement Coordination Center within the Department of Homeland Security to coordinate export enforcement among various federal departments and agencies.

Focuses the Center's efforts on sensitive technologies, including advanced artificial intelligence capabilities, semiconductors, and quantum technology.

Designates the Center as the primary forum for coordinating efforts against unlawful transshipment and diversion of exports, particularly to countries like China, Russia, Iran, and North Korea.

Requires the Center to develop best practices and disseminate actionable information to the private sector about export control risks.

Mandates the submission of reports to Congress on the value and logistics of posting U.S. and foreign law enforcement officials to enhance export control enforcement. 

Authorizes $25,000,000 for the establishment of the Center for fiscal year 2025."
990,"Countering Communist China Act, Title I (""Trade, Investment, and Economic Relations""), Sec. 102 (""Sanctions for Chinese Military and Surveillance Companies"")",United States Congress,True,False,"Requires the President to impose sanctions on foreign persons engaged in significant operations in China's defense or surveillance technology sectors.

Focuses particular attention on foreign persons engaged in AI, machine learning, robotics, quantum information science, and other advanced technologies.

Utilizes the International Emergency Economic Powers Act to block and prohibit transactions involving sanctioned foreign persons' property within U.S. jurisdiction."
882,AI PLAN Act,United States Congress,True,False,"Requires the Secretary of the Treasury, Secretary of Homeland Security, and Secretary of Commerce to submit a joint report to Congress on the risks of use of AI in financial crimes, including fraud and misinformation, within 180 days of enactment and annually thereafter.

Mandates the inclusion in the report of interagency policies, procedures, and resources needed to defend against AI-driven financial crimes.

Directs the report to include the consideration of risks such as deepfakes, voice cloning, foreign election interference, synthetic identities, false market signals, and overall digital fraud.

Requires the subsequent submission of legislative recommendations and best practices to address risks identified within 90 days of each report."
902,TAME Extreme Weather Act,United States Congress,False,False,"Mandates federal agencies to use AI to adapt to extreme weather, improving weather forecasts, electrical grid resilience, resource deployment, and public-private partnerships.

Requires NOAA to develop and curate an Earth system reanalysis dataset, build on existing datasets, and develop AI weather models.

Directs NOAA to explore advanced AI applications for weather forecasting, including data assimilation and model emulation.

Tasks NOAA with providing technical assistance on AI weather models and developing best practices and public datasets.

Establishes programs using AI for wildfire detection, emissions monitoring, and illegal wood product tracking, requiring dataset curation and public access to AI code and data.

Instructs the Department of Energy to optimize energy grids using AI, develop environmental review documents, and ensure public access to AI models and training datasets, while protecting national security interests."
1007,"National Wildland Fire Risk Reduction Program Act, Sec. 7 (Responsibilities of Program Agencies)",United States Congress,False,False,"Mandates NIST to conduct research on wildland fire impacts, firebrands, novel materials, and performance-based mitigation tools.

Requires NIST to coordinate federal wildland-urban interface fire investigations and develop methodologies for assessing fire impacts on communities.

Directs NSF to support research on wildland fire risks, tools, technologies, and the social and economic factors influencing fire risk reduction.

Instructs NOAA to improve wildland fire understanding through research, weather forecasting, data interoperability, and high-performance computing.

Tasks NOAA with establishing a Fire Weather Testbed and supporting extramural research on wildland fires.

Requires FEMA to support community risk assessment tools, public outreach, and best practices for fire-resistant construction and response.

Directs NASA to support wildland fire research, modeling, data systems, and the development of novel monitoring tools.

Instructs EPA to research wildland fire smoke characteristics, impacts on air and water quality, and communication of risk reduction strategies.

Mandates DOE to develop tools for energy sector resilience to wildland fires and coordinate data resources for improved fire understanding and prevention."
856,Free Credit Scores for Consumers Act of 2024,United States Congress,False,False,"Expands the definitions of ""credit score"" and ""educational credit score"" under the Fair Credit Reporting Act (FCRA).

Requires consumer reporting agencies (CRAs) to provide consumers with detailed explanations of credit score calculations, including key factors affecting scores.

Mandates CRAs to disclose prominently the differences and limitations of credit scores and educational credit scores on their websites and in related materials.

Provides consumers with free credit score disclosures along with their free annual consumer reports upon request.

Requires private educational lenders, motor vehicle lenders, and residential mortgage lenders to provide consumers with free copies of any consumer reports and credit scores used for underwriting before signing loan agreements.

Mandates the Consumer Financial Protection Bureau (CFPB) to issue final rules to implement these amendments within two years of enactment."
1009,"Kids Online Safety Act, Title II (Filter Bubble Transparency)",United States Congress,False,True,"Requires online platforms using opaque algorithms to provide users with clear notice about the use of such algorithms and how user-specific data is utilized. 

Mandates platforms to allow users to easily switch between opaque algorithms and input-transparent algorithms. Prohibits differential pricing or service denial based on a user's choice to use an input-transparent algorithm.

Empowers the Federal Trade Commission (FTC) to enforce these requirements as violations of unfair or deceptive practices under the Federal Trade Commission Act. 

Ensures that trade secrets, confidential business information, or privileged data are not required to be disclosed. Preserves the ability of platforms to allow users to personalize content restrictions and interactions."
1014,"Government Surveillance Reform Act of 2023, Title VII (Protection of Car Data from Warrantless Searches)",United States Congress,False,True,"Prohibits law enforcement from accessing vehicle data without a warrant, except with operator consent or in emergencies. 

Defines ""covered vehicle data"" to include all onboard and telematics data in noncommercial vehicles, excluding certain data types like automotive software and geolocation data for traffic enforcement.
Prohibits the use of any vehicle data obtained in violation of these provisions as evidence in any legal proceedings. Amends the Driver Privacy Act of 2015 to align with these new restrictions on accessing vehicle data."
611,Deploying American Blockchains Act of 2023,United States Congress,False,False,"Designates the Secretary of Commerce as the principal advisor to the President on blockchain technology and related applications.

Requires the Secretary to develop policies and recommendations addressing issues such as decentralized identity, cybersecurity, AI, regulatory compliance, and fraud reduction.

Instructs the Secretary to promote U.S. leadership and competitiveness in blockchain technology through a Blockchain Deployment Program.

Mandates the establishment of advisory committees with diverse stakeholders to support blockchain adoption.

Directs the Secretary to facilitate the development and dissemination of best practices for blockchain technology.

Obligates the Secretary to consult with private sector stakeholders and disseminate research on blockchain technology.

Requires annual reports to Congress on activities, recommendations for legislation, and emerging risks and trends in blockchain technology.

Terminates the Blockchain Deployment Program seven years after enactment."
1016,"Border Act of 2024, General Provisions Title",United States Congress,False,False,"Allocates $170,000,000 for the procurement and deployment of autonomous surveillance tower systems using AI for border security.

Prohibits the use of funds for non-autonomous border security technology.

Defines ""autonomous"" systems as those utilizing sensors, onboard computing, and AI for identification.

Mandates quarterly reports on the performance and impact of border security technologies, including AI-driven non-intrusive inspection technology.

Requires acquisition of innovative technologies through open competition, integrating AI and machine learning to improve performance.

Obliges U.S. Customs and Border Protection to submit detailed expenditure plans for autonomous systems, including deployment timelines and sustainment costs.

Instructs the Secretary of Homeland Security to conduct cost-benefit analyses before requesting Department of Defense assistance for border operations, including AI technology impacts."
1011,"Community and Hydropower Improvement Act, Sec. 4 (Approach to Environmental Review)",United States Congress,False,False,"Amends Section 2403 of the Energy Policy Act of 1992 to enhance environmental review procedures.

Requires the Federal Energy Regulatory Commission (FERC) to cooperate with federal, state, local agencies, and Indian Tribes in preparing environmental assessments or impact statements.

Mandates consideration of ongoing and reasonably foreseeable environmental effects of projects, excluding nonrecurring past effects.

Obliges FERC and cooperating entities to evaluate impacts on fish species and consider appropriate mitigation strategies.

Encourages the use of open-sourced technical models for environmental impact assessments, ensuring their validity and accessibility while protecting intellectual property and proprietary data.

Directs FERC to account for hydrologic alterations over the project license term and assess their impacts on public uses and regional benefits.

Necessitates consideration of innovative solutions and emerging technologies to meet regulatory responsibilities cost-effectively.

Requires periodic technical conferences to evaluate new methodologies and technologies for environmental impact quantification.

Stipulates precise citation of evidence in environmental review records to support findings on material facts."
860,Future of Artificial Intelligence Innovation Act of 2024,United States Congress,True,False,"Establishes the ""Artificial Intelligence Safety Institute"" to assist private and public sectors in developing best practices for AI assessment, provide technical assistance, and promote AI innovation, with a director appointed by the Under Secretary of Commerce for Standards and Technology.
Requires the Institute to conduct AI research, develop standards, and create guidelines for safe AI development and deployment, including generative AI and foundation models.

Mandates the formation of an international coalition to harmonize AI standards and support bilateral and multilateral AI research collaborations. Directs the Comptroller General to report on regulatory barriers affecting AI innovation and recommend legislative or administrative actions to enhance AI development.
Orders the development of prioritized public data sets for AI training and evaluation, and the establishment of Federal grand challenges in AI to stimulate research and commercialization in key areas."
1010,"A Stronger Workforce for America Act, Chapter 3 (Performance Accountability)",United States Congress,True,False,Amends the Workforce Innovation and Opportunity Act to allow states to use machine learning and advanced analytics in the improvement of state program operations and outcomes.
854,AI Grand Challenges Act of 2024,United States Congress,True,False,"Establishes the AI Grand Challenges Program to incentivize AI research, development, and commercialization through prize competitions addressing grand challenges in various sectors like national security, health, and environment.

Mandates the Director of the National Science Foundation to coordinate with federal agencies and stakeholders, and public input, to identify and select AI grand challenges.

Designates a specific grand challenge for AI-enabled cancer breakthroughs.

Sets eligibility criteria for participants, requiring private entities to be U.S.-based and individuals to be U.S. citizens or permanent residents.

Requires regular reporting to Congress on the program’s progress and results, ensuring public accessibility of reports and competition information."
845,NSF AI Education Act of 2024,United States Congress,False,False,"Establishes the NSF AI Education Act of 2024 to provide scholarships and fellowships for AI education at various educational levels, including undergraduate and graduate studies. 

Mandates the Director of the National Science Foundation (NSF) to award scholarships for AI studies in fields such as agriculture, education, and advanced manufacturing, prioritizing institutions in underserved areas.

Directs the NSF to create professional development fellowships for AI and related emerging technologies, fostering collaboration between academia and industry.

Requires grants for AI training at land-grant colleges and universities, focusing on agricultural applications.

Authorizes the establishment of Centers of AI Excellence at community colleges and vocational schools to advance AI education and training.

Advises on guidelines for AI use in primary and secondary education and supports AI education research.

Prohibits funding to institutions in violation of anti-discrimination laws.

Directs the development of workforce frameworks for AI and other emerging technologies."
849,Preparing Election Administrators for AI Act,United States Congress,False,False,"Cites the Act as the “Preparing Election Administrators for AI Act”.

Requires the Election Assistance Commission to submit a report with voluntary guidelines to Congress, State and local election offices, and the public within 60 days of enactment.

Includes guidelines addressing the risks and benefits of using AI in election administration.

Addresses the cybersecurity risks posed by AI technologies in elections.

Guides on managing AI-generated information to ensure the sharing of accurate election information.

Provides strategies for countering AI-driven election disinformation that undermines public trust."
1222,AI Advancement and Reliability Act of 2024,United States Congress,True,False,"Establishes the Center for AI Advancement and Reliability to ensure U.S. leadership in AI research, development, and evaluation.

Outlines activities of the Center including conducting measurement research to develop best practices for AI reliability and safety, evaluating AI capabilities and developing methods for risk management.

Mandates the Under Secretary of Commerce for Standards and Technology to coordinate with federal agencies in establishing the Center.

Creates a consortium of stakeholders to support the Center and the National Institute of Standards and Technology in AI-related activities.

Authorizes $10 million for fiscal year 2025 for the establishment of the Center."
1197,Lummis-Gillibrand Payment Stablecoin Act (Sec. 1-3),United States Congress,False,False,"Prohibits any person from issuing, creating, or originating an algorithmic payment stablecoin in the United States.

Mandates that payment stablecoins can only be issued by a registered non-depository trust company with a limit on nominal value or an authorized depository institution as a national payment stablecoin issuer.

Prohibits the offer or sale of payment stablecoins in the United States except by a U.S. person living in the U.S.

Requires the Board to adjust the issuance threshold for inflation every four years.

Directs the Board to establish safe harbor regulations, allowing limited issuance of payment stablecoins under specific conditions and fostering innovation and competition.

Allows safe harbor status for issuers regulated by equivalent foreign authorities.

Intends the section to have extraterritorial effect, extending its reach beyond U.S. borders."
1259,VET Artificial Intelligence Act,United States Congress,False,False,"Establishes the ""VET Artificial Intelligence Act"" to create voluntary guidelines for the testing, evaluation, validation, and verification of AI systems, aiming to enhance trust, adoption, and governance.

Mandates the Director of the National Institute of Standards and Technology to develop and update these guidelines, addressing consumer privacy, harm mitigation, dataset quality, and governance.

Requires the establishment of an Artificial Intelligence Assurance Qualifications Advisory Committee to provide recommendations on qualifications and accreditation for AI assurance processes.

Directs a study to evaluate the capabilities of entities conducting AI assurances, assessing their resources, methodologies, and market demand, and exploring the use of existing accredited facilities for these purposes.

Obliges the publication of guidelines and recommendations for assurance qualifications, ensuring alignment with international standards, without mandating specific technologies. 

Involves stakeholder outreach, public comment, and collaboration with various sectors to refine guidelines."
1241,AI Innovation and Development for Efficiency Act of 2024,United States Congress,False,False,"Mandates the National Science Foundation Director to support research on AI-enabled efficient technologies through merit-reviewed and competitively awarded projects.

Requires consideration of projects focusing on smart technologies for infrastructure efficiency, pollution minimization, and upgrading existing constructions.

Obliges researchers to conduct impact assessments of energy consumption for AI-enabled technologies.

Prioritizes research conducted at EPSCoR institutions.

Directs the Director to report findings and recommendations on research opportunities and coordination with federal agencies and the private sector within 18 months of enactment.

Requires a report on research results within four years to relevant Senate and House committees."
1304,Small Business Artificial Intelligence Training Act of 2024,United States Congress,False,False,"Mandates the Secretary of Commerce, in coordination with various agencies, to develop AI training resources for small businesses, including those in rural, Tribal, or underserved areas.

Requires these resources to cover topics such as prompt engineering, financial management, cybersecurity, and government contracting.

Obligates the review and update of these resources every year to ensure relevance and effectiveness.

Coordinates with the Small Business Administration for the distribution of these resources through its network, including development centers and business opportunity centers.

Allows for a grants program to fund training providers using the developed resources.

Demands initial and annual reports to Congress on the progress and impact of the training resources.

Establishes a sunset clause terminating the program three years after the Act's enactment."
1230,Unleashing AI Innovation in Financial Services Act,United States Congress,False,False,"Establishes regulatory sandboxes allowing financial entities to experiment with AI test projects under reduced regulatory burdens.

Requires financial entities to apply for sandbox participation by detailing their AI project, compliance strategies, and potential public benefits.

Mandates applications include risk assessments for systemic financial stability and national security.

Obligates financial regulatory agencies to review applications within 90 days, with provisions for approval, denial, or extension.

Allows joint applications by multiple entities and necessitates notification to all relevant regulatory bodies.

Stipulates data security measures for information provided by AI project sponsors.

Directs each financial regulatory agency to promulgate regulations, including modification procedures and confidentiality protocols, within 180 days of the Act’s enactment.

Mandates annual reporting to Congress on AI test project outcomes.

Permits regulatory agencies to establish additional AI projects as qualifying test projects after public consultation."
1274,Department of Energy AI Act,United States Congress,False,False,"Establishes the ""Department of Energy AI Act"" to advance AI capabilities within the Department of Energy (DOE).

Requires the Secretary of Energy to create a centralized AI program focused on research and deployment of AI for science, security, and technology.

Mandates the development of AI training datasets, next-generation computing infrastructure, and safe AI models.

Directs the establishment of at least eight multidisciplinary AI Research and Development Centers to enhance U.S. leadership in AI.

Implements an AI Risk Evaluation and Mitigation Program to address safety and security concerns.

Allocates funds for STEM education and workforce development, emphasizing AI skill training and diversity.

Establishes a program to use AI to improve federal permitting processes for energy projects.

Initiates rulemaking to standardize AI use in grid interconnection.

Requires a report on the impact of AI on data centers and energy security.

Creates the Office of Critical and Emerging Technology to coordinate AI efforts across the DOE and assess technological impacts on national security."
1303,PREPARED for AI Act,United States Congress,True,False,"Requires the establishment of a Chief Artificial Intelligence Officers Council to coordinate AI use in federal agencies.

Mandates agencies to develop risk classification systems for AI use cases, categorizing them as unacceptable, high, medium, or low risk.

Prohibits AI use for certain activities, such as mapping facial features for emotion detection or categorizing individuals based on biometric data for sensitive traits.

Directs updates to the Federal Acquisition Regulation to ensure AI procurement includes risk and impact assessments.

Requires agencies to implement processes for evaluating AI risks and to conduct ongoing monitoring, especially for high-risk use cases.

Stipulates comprehensive documentation and transparency requirements for AI models and data.

Establishes annual reporting protocols for obstacles in AI testing and evaluation, promoting interagency collaboration to address challenges.

Prohibits the use of AI for certain high-risk applications and mandates public disclosure of AI inventories and risk classifications."
1320,Technology in the Parks Act of 2024,United States Congress,True,False,"Amends the Communications Act of 1934 to extend E-rate support to local parks, allowing them to access discounted telecommunications services for technology training programs.

Requires the creation of internet safety regulations for parks receiving such services to ensure cybersecurity standards similar to those for schools and libraries.

Mandates the Secretary of Labor to initiate a grant program for technology training directed towards needy families in local parks, focusing on topics like artificial intelligence, cybersecurity, and web development.

Limits grant coverage to 10% of the training programs' operating costs and to a duration of no longer than two years."
1280,Securing Elections From AI Deception Act,United States Congress,False,True,"Prohibits developers and deployers from using AI to intentionally deceive or defraud individuals of their voting rights in federal, state, or local elections.

Requires election-related AI-generated content to include disclaimers, informing the public that the content was created using AI.

Mandates developers to provide mechanisms ensuring such disclaimers are permanent or difficult to remove.

Directs the Federal Trade Commission (FTC) to issue regulations on disclaimer requirements and enforce compliance.

Obliges developers and deployers to ensure their algorithms meet safety and efficiency standards as outlined. "
326,"Sensible Classification Act of 2023, Sec. 7: Implementation of Technology for Classification and Declassification",United States Congress,True,False,"Requires the Administrator of the Office of Electronic Government of the Office of Management and Budget, in consultation with various federal actors, to research a technology-based solution to reform the classification system employed by the federal government.

Requires a submission of recommendations to the President.

Mandates the President to submit a report on technology-based solutions to Congress no later than 540 days after the date of the enactment of this Act."
1246,Small Business Artificial Intelligence Advancement Act,United States Congress,False,False,"Amends the National Institute of Standards and Technology Act to mandate the development and dissemination of AI resources for small businesses.

Requires these resources to include technical standards, best practices, benchmarks, methodologies, and case studies, ensuring they are widely applicable and technology-neutral.

Mandates that resources promote understanding and adoption of AI, adhere to international standards, and incorporate federal educational resources.

Obligates the Director to review and update these resources every two years.

Coordinates with the Small Business Administration for the distribution and utilization of AI resources through its partners, emphasizing voluntary use.

Compels a report to Congress within four years, detailing resources, feedback, and recommendations for enhancing AI utilization by small businesses."
1297,AI LEAD Act,United States Congress,True,False,"Establishes the Chief Artificial Intelligence Officers Council to promote AI innovation, oversee compliance, and advise on best practices for AI technologies.

Requires each agency to designate a Chief Artificial Intelligence Officer responsible for promoting AI use, managing risks, and ensuring transparency and privacy.

Mandates the creation of Artificial Intelligence Coordination Boards within agencies to address AI issues and publish guiding principles and goals.

Directs agencies to develop an AI strategy focused on responsible and trustworthy adoption, public trust, risk mitigation, and interagency coordination.

Requires the Comptroller General to report on the effectiveness of AI Coordination Boards, evaluate Chief AI Officers, and assess AI costs, benefits, and risks, including job impacts.

Directs the Office of Management and Budget Director to issue updated AI governance guidance within five years."
1247,Nucleic Acid Standards for Biosecurity Act,United States Congress,False,False,"Amends the Research and Development, Competition, and Innovation Act to include best practices and technical standards for managing risks in engineering biology and biomanufacturing, specifically addressing artificial intelligence.

Requires the Director, in consultation with Federal agencies, to conduct measurement research supporting biosecurity measures related to nucleic acid synthesis.

Mandates testing to improve screening accuracy, efficacy, and reliability, along with best practices for operational security and database management.

Directs the development of technical guidance for effective and secure screening and conformity-assessment standards.

Establishes a consortium of stakeholders to develop and update best practices and roadmaps for synthetic nucleic acid procurement screening.

Requires the consortium to report its findings to Congress within 18 months of its first meeting.

Authorizes $5,000,000 annually for fiscal years 2025 through 2029 for scientific and technical research activities under this initiative."
1251,Consumers LEARN AI Act,United States Congress,True,False,"Directs the Secretary of Commerce to develop a national strategy and and conduct a public service campaign to enhance artificial intelligence consumer literacy.

Requires the strategy to promote understanding of AI capabilities and limitations, and support informed decisions on AI use.

Instructs the Secretary to coordinate with various federal agencies, local governments, and private organizations to ensure comprehensive strategy development.

Requires the creation of specialized use cases for AI literacy in domains like healthcare, finance, and communication.
 
Mandates the dissemination of educational materials through multiple communication channels, including a dedicated website, and requires periodic updates to these materials.

Obliges the Government Accountability Office to report on existing federal AI literacy programs and the Secretary to annually report on the strategy's progress and effectiveness.

Authorizes necessary appropriations for fiscal years 2025 through 2034 to implement the Act's activities."
1212,AI ACCORD Act of 2024,United States Congress,False,False,"Mandates the Secretary of Defense to submit a strategy to Congress within 180 days to enhance cooperation with Middle Eastern allies using partner-sharing network capabilities for joint defense.

Requires the strategy to include a summary of ongoing efforts, challenges, and recommended actions for implementing joint partner-sharing networks.

Directs the Chief Data and Artificial Intelligence Officer of the Department of Defense to establish a forum for warfighters to coordinate on AI tools, methodologies, and training within 180 days.

Specifies that the forum should identify AI use cases, categorize risks, and prioritize AI tools while considering training shortfalls and opportunities for cooperation with allies.

Obligates the Secretary of Defense to report progress on the forum's establishment and recommend legislative actions to Congress within one year."
1305,AI Transparency in Elections Act of 2024,United States Congress,False,True,"Amends the Federal Election Campaign Act to require disclaimers on political advertisements containing content generated by AI.

Outlines requirements for clear disclosure in ads using AI-generated images, audio, or video, specifying format requirements for visibility and audibility.

Imposes penalties for non-compliance, with fines up to $50,000 per violation, and establishes enforcement mechanisms.

Obliges the Federal Election Commission to issue regulations within 90 days, outlining criteria for AI content identification and disclosure requirements.

Requires the FEC to report biannually on compliance and enforcement, providing recommendations for improvements."
1245,Atomic Supply Chain Solutions Act,United States Congress,False,False,"Mandates the Secretary of Energy to evaluate the U.S. nuclear supply chain within 270 days, including past efforts, future needs, and lessons from projects like Vogtle 3 and 4.

Analyzes regulatory challenges, including the necessity of N-stamps for nuclear components, cost implications, and potential certification streamlining.

Considers advanced manufacturing and innovative technologies like AI, 3D printing, and robotics for enhancing the nuclear supply chain, with attention to cybersecurity, efficiency, and workforce training.

Describes U.S.-Canada cooperation on nuclear components, assessing competitiveness and recommending collaboration to enhance North American nuclear leadership.

Assesses the impact of anticipated demand for advanced nuclear technology on the supply chain, proposing strategies for resilience.

Establishes U.S. policy to prioritize a robust HALEU market to strengthen energy independence and national security, addressing risks associated with increased nuclear technology demand."
1225,AI Development Practices Act of 2024,United States Congress,False,False,"Amends the National Institute of Standards and Technology Act to require the development of voluntary guidelines for AI system development, release, and assessment.

Mandates the Director of NIST to collaborate with public and private organizations to create guidance on AI risk tolerances and communication of system characteristics.

Requires categorization of practices related to security, safety, fairness, privacy, and other attributes of AI systems.

Obligates the Director to update the voluntary risk management framework for trustworthy AI systems.

Prohibits prescribing specific technologies; mandates reliance on international standards and industry best practices.

Requires collaboration with public, industry, and academic entities for guidance development.

Demands a report to Congress within 18 months on new materials or systems produced and policy recommendations for private-public sector coordination.

Defines ""artificial intelligence red teaming"" and ""artificial intelligence system"" for clarity."
1283,Maintaining Innovation and Safe Technologies Act,United States Congress,False,False,"Directs the Secretary of Health and Human Services to issue guidance by January 1, 2026, on Medicare payment requirements under part B of title XVIII of the Social Security Act for remote monitoring devices.

Mandates that the guidance specifically address devices that incorporate artificial intelligence components, such as continuous adjustment features.

Requires that these devices must transmit information to healthcare providers for the management and treatment of individuals to qualify for payment."
1219,Workforce of the Future Act of 2024,United States Congress,False,False,"Mandates the preparation of reports by the Secretary of Labor, the National Science Foundation, and the Secretary of Education on AI's workforce impact, identifying data needs, affected industries, and opportunities for stakeholder influence.

Authorizes the Department of Education to award grants to enhance emerging and advanced technology education from prekindergarten through grade 12, focusing on inclusivity for underrepresented communities.

Requires the Department of Labor to grant funds for upskilling workers in industries significantly impacted by AI, promoting lifelong learning and skill certifications.

Prescribes continuous evaluation and monitoring of grant-funded activities, with a focus on sustaining project activities post-grant.

Demands biannual reporting by grantees on fund usage, disaggregated by demographic factors, and a comprehensive report to Congress within five years.

Amends existing education laws to integrate emerging technology education data, emphasizing competency in AI-related skills among students."
1227,PATHS Act,United States Congress,False,False,"Extends the research and development acquisition pilot program under the Homeland Security Act of 2002 to September 30, 2027.

Mandates the Secretary of Homeland Security to notify and brief Congress within 72 hours regarding the use or extension of transaction authority involving artificial intelligence technology.

Reduces the threshold for covered contract awards from $4,000,000 to $1,000,000 under the James M. Inhofe National Defense Authorization Act for Fiscal Year 2023."
1265,Civilian Agency AI Watermark Act,United States Congress,False,False,"Mandates the Secretary of Homeland Security to consult with the Director of the National Institute of Standards and Technology and the Director of the United States Patent and Trademark Office within eight months to develop an AI watermark and trademark system for identifying Federal agency-approved AI applications for civilian agency use.

Authorizes the appropriation of necessary funds each fiscal year to the Secretary of Homeland Security to implement this AI watermark system."
1337,"American Privacy Rights Act of 2024, Sec. 114-5",United States Congress,False,False,"Establishes a pilot program to encourage private sector use of privacy-enhancing technologies within one year of the Act's enactment to protect covered data.

Requires the Commission to develop a petition process for entities to join the pilot program and implement an auditing system using privacy-enhancing technologies for enforcement purposes.

Mandates ongoing audits of participating entities to ensure compliance with privacy-enhancing technologies.

Allows covered entities deemed compliant to be considered in compliance with section 109, with a rebuttable presumption in certain legal actions.

Obligates the Comptroller General to study the pilot program's progress and effectiveness, with an initial briefing and a final report to Congress.

Creates a new bureau within the Federal Trade Commission (FTC) to enforce the title with experts, including technologists experienced with AI.

Establishes a Privacy and Security Victims Relief Fund for consumer redress and technological research.

Requires the FTC to report to Congress on investigations and future plans related to the title."
1216,VOICE Act of 2024,United States Congress,False,False,"Establishes a grant program to promote digital citizenship and media literacy among veterans, requiring the Secretary of Veterans Affairs to award grants to eligible entities.

Mandates grant recipients to develop cybersecurity best practices and improve veterans' competencies in digital and media literacy.

Requires grant recipients to submit a report on their activities and effectiveness one year after receiving funds.

Obliges the Secretary to report to Congress on the program's overall activities and effectiveness after receiving the last report from grant recipients.

Authorizes $20 million in appropriations for fiscal years 2023, 2025, and 2027 to fund the program.

Defines key terms such as ""cybersecurity best practices,"" ""digital citizenship,"" ""media literacy,"" and ""eligible entity.""

Encourages the Secretary to maintain a list of grant recipients and promote communication among them.

Acknowledges the role of foreign influence campaigns and online scams targeting veterans as critical issues that need addressing."
1206,Department of Energy AI Act,United States Congress,False,False,"Establishes a cross-cutting AI research and development program within the Department of Energy to advance AI tools, systems, and capabilities.

Mandates coordination across relevant offices such as the Office of Science and the Office of Energy Efficiency to carry out this program.

Requires financial assistance for research in areas like AI application in simulations, data analysis, and energy-efficient computing.

Supports technology transfer and the use of high-performance computing infrastructure to develop advanced AI systems.

Establishes data center testbeds to improve energy efficiency in AI training and inference.

Encourages partnerships with federal and private entities to enhance AI research and development.

Emphasizes ethical considerations, cybersecurity, and data privacy in AI projects.

Allocates $300 million annually from 2025 to 2030 for these initiatives.

Requires an assessment of energy security related to data centers and computing resources, with recommendations for policy changes."
1202,Secure A.I. Act,United States Congress,True,False,"Establishes a voluntary database to track AI security and safety incidents, requiring the National Institute of Standards and Technology (NIST) to develop mechanisms for sharing incident information while preserving confidentiality.

Mandates NIST to update the National Vulnerability Database to incorporate AI security vulnerabilities and identify characteristics that make the database unsuitable for certain AI vulnerabilities.

Prohibits employer retaliation against employees who report AI incidents, allowing legal recourse for aggrieved parties.

Directs the establishment of best practices for addressing AI supply chain risks, involving multiple stakeholders.

Established the Artificial Intelligence Security Center within the National Security Agency to facilitate AI security research, guidance development, and ensure the availability of test-beds for secure AI research."
1239,FORECASTS Tracking Act of 2024,United States Congress,False,False,"Amends the Food Security Act of 1985 to improve subseasonal-to-seasonal weather forecasting by requiring the National Oceanic and Atmospheric Administration (NOAA) to enhance research, data collection, and model development.

Mandates the development of multi-model ensemble forecast systems and data management strategies, and the operationalization of new modeling technologies.

Establishes an Internet clearinghouse for forecasts and related information.

Creates the Weather and Earth System Modeling and Data Assimilation Workforce Innovation Program to support education, recruitment, and workforce development in weather modeling and data assimilation, emphasizing artificial intelligence and machine learning.

Requires the Under Secretary to develop and update a workforce human capital plan and report on the program's effectiveness.

Authorizes appropriations for these initiatives, including $40 million annually from 2025 to 2030 for the workforce program and additional funding for NOAA's weather research activities."
1221,TAME Extreme Weather Act,United States Congress,False,False,"Mandates the development of comprehensive weather forecasting training datasets using AI to improve Earth system modeling and weather forecasts.

Requires collaboration with federal agencies and experts to enhance AI weather models and explore AI's role in public preparedness and resilience.

Directs the use of AI for fire environment modeling to predict, detect, and forecast wildfires and associated hazards.

Establishes an emissions monitoring program using AI to analyze global atmospheric data and improve greenhouse gas emission models.

Encourages partnerships with private and academic entities to advance AI in weather forecasting and environmental predictions.

Calls for recruitment and development of a diverse workforce skilled in AI applications for weather forecasting.

Allows public access to data and code developed under this Act, with safeguards for national security and intellectual property.

Supports ongoing research and data acquisition for AI and numerical weather models, ensuring continued advancement in weather prediction technologies."
1258,Digital Social Platform Transparency Act,United States Congress,False,False,"Mandates digital social companies to post terms of service for each platform within 180 days, detailing contact information, content flagging processes, and potential actions like banning or demonetization.

Requires translation of terms into all supported languages.

Obligates companies to submit semiannual terms of service reports to the Attorney General, detailing content moderation practices and AI involvement, including flagged content statistics and appeal outcomes.

Establishes penalties up to $15,000 per day for non-compliance, managed by the Attorney General, who can take legal action.

Specifies the creation of a public repository of reports for transparency.

Excludes platforms limited to direct messaging or transactions from the Act's scope and protects end-to-end encryption.

Defines key terms and grants the Attorney General interpretive authority.

Ensures Act's obligations and penalties are additional to existing laws."
1312,NSF and USDA Interagency Research Act,United States Congress,False,False,"Mandates the Secretary of Agriculture and the Director of the National Science Foundation to conduct collaborative research and development activities, including those involving artificial intelligence and digital agriculture, to advance their mission priorities.

Requires the establishment of memoranda of understanding to coordinate these activities through competitive, merit-based processes.

Permits collaborative research in key areas, such as AI, machine learning, automation, and digital agriculture.

Encourages data sharing and collaboration among federal agencies, educational institutions, and nonprofit entities.

Supports research infrastructure and the development of translational technologies for commercial use.

Facilitates public-private partnerships and awards grants to educational institutions to establish a Center for Agricultural Research, Education, and Workforce Development.

Authorizes reimbursable agreements to enhance research effectiveness and mandates a report to Congress on interagency coordination and future collaboration opportunities.

Ensures research security consistent with the CHIPS Act of 2022."
1205,Modernizing Data Practices to Improve Government Act,United States Congress,False,False,"Amends section 3520A of title 44, United States Code, to extend the Chief Data Officer Council's authority to improve Federal data governance.

Requires the Council to identify opportunities to enhance data governance for reliable and secure adoption of emerging technologies and AI.

Mandates appointment of a representative from Chief Artificial Intelligence Officers to the Council.

Obligates the Council to submit biennial reports detailing recommendations for developing datasets and data governance policies to support AI adoption.

Instructs the Council to assess data governance challenges, clarify roles among senior agency leaders, and recommend best practices for AI data use.

Requires recommendations for data ownership policies to ensure government rights and pre-procurement AI reviews.

Directs the Director to issue guidance based on Council reports.

Mandates an annual data management report to Congress clarifying Chief Data Officers' roles in AI governance.

Sunsets the amendments seven years after enactment."
1269,Fraudulent Artificial Intelligence Regulations (FAIR) Elections Act of 2024,United States Congress,False,False,"Prohibits the distribution of false AI-generated election media containing materially false information about election details or voter eligibility with the intent to impede voting in federal elections.

Prohibits the distribution of false AI-generated depictions of election officials intended to intimidate or harass officials or deter voting.

Exempts bona fide news entities from these prohibitions if they clearly disclose the falsity of the AI-generated content.

Empowers the Attorney General to enforce these prohibitions through civil actions in U.S. District Courts.

Amends the National Voter Registration Act to prevent states from using unverified databases to remove voters from official lists, requiring government-verified information approved by the Attorney General.

Sets criteria for source information, including monthly updates and non-violation of the Computer Fraud and Abuse Act.

Ensures severability of the Act’s provisions, maintaining the validity of remaining sections if any part is invalidated."
1232,National Windstorm Impact Reduction Program Reauthorization Act of 2024,United States Congress,False,False,"Amends the National Windstorm Impact Reduction Act of 2004 to include provisions for understanding climate variability and its impact on windstorms, aiming to inform future building codes.

Supports the integration of emerging technologies, such as machine learning, in research and engineering activities related to windstorm mitigation.

Encourages interdisciplinary research, including collaborations between social scientists and engineers, to enhance atmospheric measurements relevant to building engineering.

Promotes the use of advanced construction methods and materials to strengthen properties against windstorms and related impacts.

Mandates an analysis of the need for a tornado research facility to study tornado impacts on buildings.

Requires research into public response to windstorm risks and factors influencing risk communication and reduction measures.

Allocates specific funding amounts for the program from fiscal years 2025 to 2029.

Sets deadlines for reports and analyses, including future research infrastructure needs, to be completed by specified dates."
1209,"H.R. 9626, DOD Secure Computing and Data Storage Plan Development",United States Congress,False,False,"Mandates the Under Secretary of Defense for Research and Engineering to develop a plan for a secure computing and data storage environment, termed the ""AIxBio sandbox,"" to facilitate the testing of AI models trained on biological data.

Requires the AIxBio sandbox to utilize existing Department of Defense infrastructure when feasible and designates the Under Secretary of Defense for managing and overseeing its activities.

Directs the Under Secretary to select projects for the sandbox that demonstrate potential defense applications at the intersection of AI and biotechnology, such as medical countermeasures and biomanufacturing.

Establishes mechanisms for collaboration between Department of Defense laboratories and academic institutions to support AIxBio projects, with streamlined processes for efficient partnerships.

Obligates the Under Secretary to report and brief Congress on the plan within one year of the Act's enactment."
1307,DETECT Fentanyl and Xylazine Act of 2024,United States Congress,False,False,"Amends the Homeland Security Act of 2002 to enhance the detection and disruption of drugs like fentanyl and xylazine using advanced technologies.

Mandates research and development of equipment for drug detection and trafficking disruption, emphasizing minimal handling and separation of complex mixtures.

Incorporates machine learning and artificial intelligence to predict controlled substance analogues and new psychoactive substances.

Requires the Under Secretary for Science and Technology to adhere to the NIST AI Risk Management Framework or its successor.

Establishes research and evaluation priorities using the latest information from reports on drug threats by the Drug Enforcement Administration.

Ensures federal, state, local, tribal, and territorial law enforcement agencies have access to improved detection technologies."
1296,State Industrial Competitiveness Act of 2024,United States Congress,False,False,"Amends the Energy Policy and Conservation Act to establish the Flex-Tech Energy Program aimed at enhancing manufacturing competitiveness.

Requires the Secretary to provide financial assistance to State energy agencies or Indian Tribes for developing and implementing flex-tech programs, including measures related to advanced manufacturing technologies and artificial intelligence.

Mandates that energy studies of manufacturing facilities evaluate systems, emissions, and potential efficiency measures, including AI applications.

Allocates at least 5% of funds specifically for Indian Tribes or manufacturers in Indian Country.

Limits financial assistance usage, capping administrative expenses at 10% and individual facility funding at $100,000 or 5% of total assistance.

Encourages the use of both public and private financing in program implementation.

Authorizes $100 million annually from 2025 to 2029 for the program."
1288,Artificial Intelligence Public Awareness and Education Campaign Act,United States Congress,False,False,"Mandates the Secretary of Commerce to conduct a public awareness and education campaign on artificial intelligence within 180 days of the Act's enactment, in coordination with relevant Federal agencies.

Requires determination of key performance indicators for evaluating the AI Campaign’s effectiveness and gathering baseline data for comparison.

Facilitates information exchange on AI to promote knowledge and rights awareness, and identifies best practices for detecting AI-generated media like deepfakes.

Conducts outreach to the public about AI's prevalence and applications in daily life and commercial settings.

Targets outreach to vulnerable groups, such as senior citizens, to prevent AI-enabled fraud.

Promotes workforce opportunities in AI, including Federal Government roles, and engages with educational institutions.

Consults with stakeholders from academia, industry, and community organizations on AI usage.

Requires a report to Congress within one year on the AI Campaign’s activities, key performance indicators, and recommendations for future actions.

Prohibits authorization of additional funds for implementing this Act."
1290,Ending FCC Meddling in Our Elections Act,United States Congress,False,False,"Prohibits the Federal Communications Commission (FCC) from promulgating or enforcing any rules related to the disclosure of artificial intelligence-generated content in political advertisements.

Restricts the FCC specifically from acting on the draft notice of proposed rulemaking circulated by the Chairwoman on May 22, 2024, concerning AI-generated content disclosure in political ads across television, radio, or other services.

Bars the FCC from enacting any rules substantially similar to the aforementioned proposal."
1306,Supercritical Geothermal Research and Development Act,United States Congress,False,False,"Amends the Energy Independence and Security Act of 2007 to include machine learning algorithms in geothermal research and development.

Establishes a supercritical geothermal research and development program within the Geothermal Technologies Office, focusing on well completion, permeability, materials, sensors, and water-rock geochemistry.

Requires the creation of a repository for geothermal data, with periodic updates for data standardization and accessibility.

Mandates a memorandum of understanding for data sharing regarding geothermal development among federal departments.

Directs the Secretary of the Interior to drill deep exploration boreholes for geothermal mapping.

Establishes a next-generation geothermal center of excellence to coordinate research, development, and workforce initiatives.

Authorizes $5 million annually from 2026 to 2030 for these activities.

Updates geothermal resource assessments quadrennially to include supercritical geothermal regions.

Requires progress reports on geothermal resource potential and commercialization barriers."
1287,SMART in Schools Act,United States Congress,True,False,"Mandates the Secretaries of Education and Health & Human Services to develop educational toolkits about artificial intelligence (AI) and social media's impact on youth.

Requires consultation with various relevant stakeholders, including students, parents & guardians, educators, administrators, and healthcare professionals, to develop the toolkits.

Specifies guidelines for each different type of toolkit, to be appropriately targeted to their multiple intended audiences: students, parents & guardians, educators, administrators, and healthcare professionals.

Directs the Secretaries to develop toolkit dissemination strategies, so that the resources reach their intended audiences.

Authorizes $2,000,000 for facilitating the dissemination of the toolkits."
1233,BIS IT Modernization Act,United States Congress,False,False,"Mandates the Bureau of Industry and Security to adopt advanced data fusion, analytics, and AI capabilities to enhance export control processes and identify evasive trade patterns.

Requires the integration of AI and machine learning into Bureau IT systems to improve decision-making and enforce export controls effectively.

Obligates the Bureau to automate and streamline data sharing with industry, federal agencies, and international partners.

Demands the modernization of IT systems to support seamless data management, enhance security, and facilitate the use of cutting-edge technology.

Stipulates objectives for technology adoption, including productivity enhancement, cost reduction, and improved user experience for U.S. exporters.

Instructs the Under Secretary to reassess staffing needs and consult Congress on personnel adjustments during the modernization.

Authorizes $25 million annually from 2025 to 2028 for these initiatives."
1218,Protecting Patients from Deceptive Drug Ads Online Act,United States Congress,False,False,"Amends the Federal Food, Drug, and Cosmetic Act to impose civil penalties on social media influencers and healthcare providers who make false or misleading communications about prescription drugs.

Mandates the issuance of guidance within 180 days to define false or misleading communications and outline compliance procedures.

Expands the definition of ""manufacturer, packer, or distributor"" to include telehealth providers involved in drug advertising.

Requires reporting of payments related to drug promotion to the Secretary of Health and Human Services.

Authorizes market surveillance activities using AI to monitor prescription drug promotions on social media and coordinate efforts with the Federal Trade Commission.

Allocates $15 million annually for fiscal years 2025 to 2029 to support these activities.

Establishes a process for notifying drug manufacturers of non-compliant communications by influencers or healthcare providers.

Ensures the severability of the Act's provisions, maintaining validity even if parts are invalidated."
1248,"S.4870, A bill to require reports on artificial intelligence regulation in the financial services industry.",United States Congress,False,False,"Require the Federal Reserve, FDIC, OCC, NCUA, and CFPB to report on AI knowledge gaps in financial services within 90 days.

Mandate analysis on AI-assisted tasks in regulated institutions.

Assess current AI governance and oversight standards.

Identify additional regulatory authorities needed for effective mission execution.

Clarify overlapping AI regulatory issues between agencies.

Evaluate current and planned agency use of AI over the next three years, including fiscal and staffing impacts.

Determine necessary resources to adapt to AI changes and oversee its use.

Ensure reports exclude confidential or nonpublic information."
1311,Preventing the Algorithmic Facilitation of Rental Housing Cartels Act of 2024,United States Congress,False,False,"Prohibits rental property owners from using coordinators for algorithmic price coordination, deeming such actions per se violations of the Sherman Act.

Prohibits coordinators from facilitating non-competitive agreements among rental property owners or performing coordinating functions.

Prohibits coordinators from acquiring another coordinator if it lessens competition, violating the Clayton Act.

Empowers the Federal Trade Commission, the Attorney General, and State Attorneys General to enforce the Act with the same powers and duties as the FTC Act, Sherman Act, and Clayton Act.

Allows civil actions by injured persons to recover treble damages and litigation costs, with the option to invalidate pre-dispute arbitration agreements.

Clarifies that the Act does not preempt State, Tribal, or local laws that supplement its provisions.

Ensures severability of the Act if any provision is deemed unconstitutional, maintaining the effectiveness of remaining provisions."
1298,Improving Seniors’ Timely Access to Care Act of 2024,United States Congress,False,False,"Mandates Medicare Advantage plans, starting January 1, 2027, to implement an electronic prior authorization program for secure electronic transmission of requests and responses, excluding certain formats like facsimiles.

Requires plans, beginning January 1, 2026, to meet transparency requirements, including submitting annual data on prior authorization requests, appeals, and the use of AI technologies in decision-making.

Obligates plans to provide access to authorization criteria and documentation requirements to providers, suppliers, and enrollees upon request.

Empowers the Secretary of Health and Human Services to establish response timeframes for prior authorization requests, potentially as short as 24 hours.

Tasks the Medicare Payment Advisory Commission with analyzing and reporting on prior authorization use and recommending improvements.

Directs the Centers for Medicare & Medicaid Services to study and report on real-time decision processes and the impact of AI on patient access, especially for rural and low-income beneficiaries."
1249,"S.4862, A bill to ensure that new advances in artificial intelligence are ethically adopted to improve the health of all individuals, and for other purposes.",United States Congress,False,False,"Amends the Public Health Service Act to mandate the NIH Director develop AI resources and datasets for health research, provide AI expertise, and maintain data access resources.

Authorizes $400 million for NIH AI initiatives in fiscal year 2025.

Directs the National Coordinator for Health IT to utilize electronic health records for research, establish data standards, and align with national interoperability frameworks.

Appropriates $10 million for data collection and $50 million for data standards.

Requires hospitals to request patient consent to use health records for research, contingent upon patient approval.

Expresses the Senate's view that NIH representation is crucial in steering committees for national AI research resources.

Mandates the National Library of Medicine to establish data-sharing facilities and create a core data science program.

Appropriates $100 million each for these library initiatives in fiscal year 2025."
1343,"Sec. 103, Supporting Affordability and Fairness with Every Bet Act",United States Congress,False,False,"Prohibits sports wagering operators from using artificial intelligence to track individual wagers, target specific individuals with offers or promotions, or create gambling products like microbets.

Requires sports wagering operators to ensure data security and to take reasonable steps to prevent unauthorized access or dissemination of wagering and customer data.

Mandates real-time or near-real-time sharing of anonymized sports wagering data with the State regulatory entity.

Imposes strict consumer protections, including restrictions on AI use, limits on deposits, and mandatory affordability checks for high-value wagers.

Establishes comprehensive standards for licensing, recordkeeping, and employee background checks to ensure the integrity and accountability of sports wagering operators.

Requires cooperation with investigations by regulatory authorities and sports organizations, and mandates robust internal controls for operators.

Prohibits advertising targeting problem gamblers or individuals ineligible to wager, and restricts broadcast times and content. 

Enforces restrictions to maintain contest integrity and prevent betting on certain events and by prohibited individuals."
1316,Modernizing Retrospective Regulatory Review Act,United States Congress,False,False,"Requires the Director of the Office of Management and Budget to report on the progress of making agency regulations available in machine-readable format within 180 days.

Mandates the issuance of guidance within 18 months on using technology, including AI, for conducting retrospective reviews of agency regulations.

Instructs agencies to use technology to identify obsolete, ineffective, or problematic regulations and adequately train personnel in its use.

Obliges agency heads to submit a detailed plan within two years for implementing the guidance, including identifying regulations for review.

Compels agency heads to implement the strategy for retrospective review within 180 days after plan submission."
1270,Content Origin Protection and Integrity from Edited and Deepfaked Media Act of 2024,United States Congress,False,False,"Mandates the development of standards for content provenance and detection of synthetic and synthetically-modified content through a public-private partnership.

Requires tools used commercially to create synthetic or synthetically-modified content to provide the option of including machine-readable content provenance information, with security measures to prevent tampering.

Prohibits knowingly removing or altering content provenance information in furtherance of unfair or deceptive acts.

Prohibits the non-consensual use of content with attached provenance information for training AI systems, requiring express consent and adherence to copyright terms.

Empowers the Federal Trade Commission (FTC) and state attorneys general to enforce the Act, treating violations as unfair or deceptive acts.

Permits private parties to bring civil actions for violations involving content provenance information.

Ensures the Act does not alter existing copyright rights and includes provisions for severability, maintaining the Act’s effectiveness even if parts are invalidated."
327,Sec. 2412 of 2023 Consumer Protection Act,United States Congress,False,True,"Prohibits non-governmental entities from designing or employing AI, or handling personal data, in a way that will:

(1) Cause physical, psychological, economic, relational, or repetitional injuries to a person;

(2) Discriminate on the basis of standard protected classes, including race and nationality; or

(3) Discriminate in the granting of access to important services and opportunities, including employment, credit, and education.

Exempts private groups not open to the public from the requirements outlined above. "
1344,"Modernizing Wildfire Safety and Prevention Act of 2024, Section 405 (""Joint Office of the Fire Environment Center (Report Recommendations 104, 105, 106)"")",United States Congress,False,False,"Establishes the Joint Office of the Fire Environment Center within one year, under the National Oceanic and Atmospheric Administration.

Requires the Data Services branch to test AI and machine learning technologies to aid fire management, suggesting resources based on real-time fire conditions.

Mandates the provision of science-based, data-rich services for fire management, including predictive and decision-support tools.

Develops a technological common operating environment to integrate air quality data and other public health information.

Forms a 12-member board governing the Joint Office, including federal and non-federal wildfire community representatives.

Empowers the Joint Office to contract with government and private entities for necessary supplies and services.

Authorizes $150 million annually from fiscal years 2025 to 2034 for the Joint Office's operations."
328,Sec. 2501 of 2023 Consumer Protection Act,United States Congress,False,True,"Requires operators of dominant online platforms with (a) large numbers of users and (b) ownership groups in which at least 10% of the members are citizens of foreign adversaries of the U.S. to sequester any back-end data or algorithm from agents of any foreign entity.

Also regulates foreign ownership of, and the granting of licenses for foreigners to operate, online platforms featuring large numbers of users, regardless of whether the platform uses AI. "
1348,"Health Equity and Accountability Act of 2024, Sec 1013 (""Task Force on Preventing Bias in AI and Algorithms"")",United States Congress,False,False,"Establishes the Task Force on Preventing AI and Algorithmic Bias in Health Care within 30 days to guide the development of AI technologies that do not exacerbate health disparities.

Composes the Task Force of various health and public officials, including experts on health equity and minority health.

Mandates the Task Force to examine AI and algorithms in healthcare, identifying risks related to civil rights, civil liberties, and discriminatory bias.

Requires submission of a report to Congress within one year detailing findings and recommendations for safe AI implementation in healthcare.

Obliges the Task Force to publish the report on the Department of Health and Human Services' website.

Initiates a public comment period of at least 90 days on the Task Force’s duties and activities.

Allows the Chairperson to appoint additional staff without adherence to certain civil service laws, ensuring flexibility in task force operations."
1263,Citizen Engagement on Development of Federal Civilian Agency Use of AI Act  ,United States Congress,False,False,"Mandates the Secretary of Homeland Security to conduct virtual and in-person listening sessions across the United States for discussing Federal civilian agency use of artificial intelligence.

Requires inclusion of diverse groups in these discussions, such as civil rights organizations, immigrant communities, and academia.

Encourages these groups to hold their own listening sessions and report back on AI development and adoption.

Obligates the Secretary of Homeland Security to submit a report to Congress within 240 days of enactment, and annually thereafter, detailing public attitudes and beliefs on Federal civilian agency use of AI."
288,No Robot Bosses Act,United States Congress,False,True,"Prohibits employers from making any employment-related decisions -- including to fire or discipline an employee -- based solely on the output of an automated decision system.

Requires any automated decision system used to inform employment-related decisions to be tested before deployment for efficacy and compliance with relevant employment laws & the Artificial Intelligence Risk Management Framework from the National Institute of Standards & Technology. Systems must also be tested both before deployment and annually after deployment for non-discrimination on the basis of protected classes.

Requires employers to disclose to employees the use of automated decision systems for employment-related decisions and information on the workings of the system and the data used to reach its decision.

Establishes new roles and bodies in the Department of Labor to monitor and enforce this policy and to guide the development of future regulations on the use of automated decision systems in employment-related decision-making.

Establishes protections for whistleblowers who call attention to violations of this policy."
1199,MedShield Act of 2024,United States Congress,False,False,"Requires the Secretary of Health and Human Services to implement the MedShield program, utilizing artificial intelligence for pandemic preparedness and response.

Mandates the use of AI for developing a global pathogen surveillance system, accelerating vaccine development, and optimizing pathogen tracking and therapeutic interventions.

Obligates the Secretary to integrate recommendations from the National Security Commission on Artificial Intelligence and coordinate with federal agencies and international partners.

Directs the development of a plan to enhance public health and medical services as part of the National Response Framework.

Sets funding authorization at increasing annual amounts from $300 million in fiscal year 2025 to $500 million in fiscal year 2029.

Requires submission of a detailed report on the program's plan to relevant Congressional committees within 180 days of the Act's enactment."
1201,Artificial Intelligence Civil Rights Act of 2024,United States Congress,False,False,"Prohibits developers and deployers of AI algorithms from causing or contributing to discrimination based on protected characteristics.

Mandates developers and deployers to conduct pre-deployment evaluations and annual impact assessments of AI algorithms to identify potential harms or disparate impacts.

Requires independent audits of AI algorithms and obligates developers to provide relevant information to deployers for compliance.

Imposes transparency obligations, including public disclosures of AI practices and consumer rights, in multiple languages and accessible formats.

Grants the Federal Trade Commission (FTC) enforcement authority, including rulemaking, with violations treated as unfair or deceptive acts.

Provides a private right of action for individuals, enabling lawsuits for violations and barring pre-dispute arbitration agreements.

Establishes federal resources for algorithm auditing, including a new occupational series and additional personnel for the FTC to handle AI-related issues."
1261,"A bill to require the Secretary of Defense to carry out a pilot program on using artificial intelligence-enabled software to optimize the workflow and operations of depots, shipyards, and other manufacturing facilities run by the Department of Defense, and for other purposes.",United States Congress,False,False,"Mandates the Secretary of Defense to initiate a pilot program within 60 days to evaluate artificial intelligence-enabled software for optimizing workflow and operations in Department of Defense facilities, including depots and shipyards.

Requires the assessment of AI software for contract management, particularly by the Defense Contract Management Agency.

Directs the use of best-in-class software platforms and consideration of industry best practices, alongside human-centered design methodologies.

Obligates a minimum expenditure of $35,000,000 for the pilot program.

Requires consultation with the Under Secretary of Defense for Acquisition and Sustainment and the Secretaries of the Army, Navy, and Air Force.

Mandates a report to Congress within one year detailing software evaluations, workflow modifications, and quantitative impacts observed during the pilot."
1352,"Fix Our Forests Act, Section 102 (""Fireshed Center"")",United States Congress,False,False,"Establishes a Fireshed Center through collaboration between the Forest Service and the U.S. Geological Survey, involving multiple federal agencies.

Appoints a Director from the U.S. Geological Survey or the Forest Service for a term of up to seven years.

Utilizes artificial intelligence and data tools to assess and predict fire and smoke at the wildland-urban interface for improved management, risk reduction, and recovery.

Promotes data sharing and coordination across federal, state, local, tribal, and private sectors.

Reduces duplication and fragmentation in predictive services and decision support related to wildland fires.

Streamlines procurement and cybersecurity processes.

Develops and disseminates publicly accessible data, models, and technologies for fire risk reduction and recovery planning.

Maintains the Fireshed Registry and supports its operations with personnel and services from the U.S. Geological Survey and the Forest Service."
1342,"Intelligence Authorization Act FY 2025, Title V, Section 505 (""Establishment of Artificial Intelligence Security Center"")",United States Congress,False,False,"Establishes an Artificial Intelligence Security Center within the National Security Agency's Cybersecurity Collaboration Center.

Requires the provision of a research test bed for AI security research to private sector and academic researchers, including secure access to proprietary third-party models with vendor consent.

Develops guidance to prevent or mitigate counter-artificial intelligence techniques.

Promotes secure AI adoption practices for national security systems and the defense industrial base.

Coordinates with the Artificial Intelligence Safety Institute of the National Institute of Standards and Technology.

Mandates terms of usage for researcher access to the test bed, ensuring limited publication to protect classified or proprietary information.

Ensures test bed availability to federal agencies on a cost-recovery basis.

Leverages existing infrastructure and resources for AI security research.

Establishes mechanisms, including contractual incentives, for providing access to proprietary models for qualified researchers."
1353,"Fix Our Forests Act, Section 303 (""Public-private wildfire technology deployment and demonstration partnership"")",United States Congress,False,False,"Establishes a deployment and demonstration pilot program for innovative wildfire technologies, including AI, within one year.

Incorporates the program into the National Wildfire Coordinating Group and advances key technology areas like remote sensing and interoperable data.

Requires coordination between selected private entities and federal agencies for real-time technology testing during wildfire mitigation.

Prioritizes entities involved in the Fire Weather Testbed or developing emerging technologies like AI and quantum sensing.

Mandates public outreach to invite applications from entities to demonstrate technologies.

Obligates annual reporting to Congress on program participants, technologies demonstrated, costs, outreach, and recommendations for technology adoption.

Specifies the program's authority will terminate seven years after enactment."
1341,"Intelligence Authorization Act FY 2025, Title V, Section 510 (""Management of artificial intelligence security risks"")",United States Congress,False,False,"Mandates the Director of the National Institute of Standards and Technology to update the National Vulnerability Database to incorporate AI security vulnerabilities within 180 days.

Requires the development of a voluntary database to track AI security and safety incidents, ensuring confidentiality and standardized reporting formats.

Instructs the Director to evaluate AI incidents for potential inclusion in the database, prioritizing critical infrastructure and high-impact cases.

Directs the Director of the Cybersecurity and Infrastructure Security Agency to update the Common Vulnerabilities and Exposures Program to address AI security vulnerabilities.

Initiates a multi-stakeholder evaluation of consensus standards for AI vulnerability reporting, with a report due to Congress within 180 days.

Requires collaboration to develop best practices for managing AI supply chain risks, focusing on data collection, documentation, and the use of open-source and proprietary datasets."
1346,"STAND with Taiwan Act of 2024, Section 11 (""Prohibition on investments by United States financial institutions that benefit the Government of the People's Republic of China or the Chinese Communist Party"")",United States Congress,False,False,"Prohibits United States financial institutions from making investments benefiting the Government of the People's Republic of China or the Chinese Communist Party.

Mandates the Secretary of the Treasury to enforce this prohibition within three days of a covered determination.

Defines prohibited investments as monetary investments to entities owned or controlled by the Chinese government or military.

Includes investments that benefit priority industrial sectors identified in Chinese strategic plans, such as ""Made in China 2025"" and the ""14th Five Year Smart Manufacturing Development Plan.""

Specifies prohibited sectors including artificial intelligence, machine learning, and robotics.

Defines ""United States financial institution"" to include investment companies, private equity firms, venture capital companies, and hedge funds that qualify as United States persons."
1338,"Intelligence Authorization Act FY 2025, Title V, Section 504 (""National security procedures to address certain risks and threats relating to artificial intelligence"")",United States Congress,False,False,"Mandates the President to develop procedures within 180 days to enable vendors, users, and researchers to notify the U.S. Government of AI-related security and biosecurity risks, including malicious software development, system compromise, and foreign malign influence.

Requires federal elements to provide threat briefings to AI vendors about foreign exploitation and threats.

Obligates the President to brief Congress on the procedures, specifying responsible federal agencies and outlining industry outreach and public education plans.

Utilizes existing laws and federal guidelines for research, stakeholder engagement, and risk management frameworks related to AI systems."
1357,American Medical Innovation and Investment Act of 2024 (Sec. 5),United States Congress,False,False,"Mandates the Secretary of Health and Human Services to issue guidance on Medicare payment requirements for remote monitoring devices with AI components by January 1, 2026. 

Specifies that the devices, including continuous glucose monitors, must use AI components like continuous adjustment. 

Requires that these devices transmit information to healthcare providers for management and treatment purposes."
1319,Synthetic Biology Advancement Act of 2024,United States Congress,False,False,"Establishes the National Synthetic Biology Center to award grants for advancing synthetic biology in agriculture.

Requires the Center to prioritize research in areas like cellular biology, gene editing, and digital agriculture.

Mandates the use of artificial intelligence to accelerate modeling and measurement for synthetic biological solutions.

Provides grants to eligible institutions, fostering partnerships with entities such as nonprofits and national laboratories.

Sets criteria for grant applications, emphasizing the promotion of synthetic biology technologies and sustainability in agriculture.

Directs the Center to coordinate with technology transfer offices to commercialize innovations.

Requires the Center to maintain a website for disseminating findings and facilitating collaboration.

Obligates the Center to submit biennial reports to Congress on research findings and grant progress.

Authorizes appropriations for the Center's operation and grant awards from 2025 to 2029."
1214,SAFE Bet Act,United States Congress,False,False,"Establishes the ""SAFE Bet Act,"" setting minimum federal standards for sports wagering, which includes restrictions on AI use by sports wagering operators. 

Prohibits operators from using AI to track individual wagers, target specific individuals with promotions, or create gambling products like microbets. 

Mandates state sports wagering programs to ensure compliance with standards, including consumer protections and advertising restrictions, and requires operators to maintain data security and recordkeeping. 

Enforces reporting of suspicious transactions and mandates cooperation with investigations into sports wagering activities. 

Creates a national self-exclusion list to prevent individuals from placing sports wagers across states, and establishes public health initiatives to monitor gambling addiction. 

Permits states and tribes to enact stricter sports wagering regulations and does not preempt their authority to tax sports wagering."
320,Land Grant Research Prioritization Act of 2023,United States Congress,True,False,"Amends the Food, Agriculture, Conservation, and Trade Act of 1990 to allow research and extension grants to be made for developing and evaluating agricultural applications of AI, with an emphasis on the use of AI to improve specialty crop production."
1231,Supporting Innovation in Agriculture Act of 2024,United States Congress,False,False,"Establishes a 30% tax credit for investments in innovative agricultural technology projects.

Defines qualified property to include tangible personal property, software, and computer systems used in such projects.

Specifies that projects must be placed in service before December 31, 2035, and focus on precision or controlled environment agriculture.

Includes technologies such as AI, machine learning, robotics, and automated systems within the scope of eligible projects.

Allows taxpayers to elect a payment in lieu of the credit for qualifying projects.

Prohibits double benefits for projects also funded by certain federal grants.

Applies the amendments to property construction beginning after January 1, 2023."
322,No CCP Consultants Act,United States Congress,True,False,"Prohibits the Department of State from entering, renewing, or extending a contract to contractors that, in the past year, have consulted for foreign entities that pose national security or foreign policy concerns, including any entity under China’s control engaged in national security industries, such as producing AI-related products and services. 

Requires companies seeking to provide consulting services for the Department of State to disclose any conflict of interest with foreign entities above, or they may face a debarment of up to five years.

Requires the Secretary of the Department of State to issue procurement policies for the Department to implement the above prohibition, clarify disclosure requirements and penalties when soliciting contracts, and share best practices for how companies can avoid accidentally contracting with foreign entities that pose national security or foreign policy concerns. "
1358,"Combat Chinese Economic Aggression Act of 2024, Section 4 (""Protection of covered sectors."")",United States Congress,False,False,"Amends the Defense Production Act to add Title VIII, focusing on protecting sectors like AI.

Defines ""covered activities"" involving U.S. persons and foreign entities in countries of concern, including AI-related investments and collaborations.

Mandates the President to publish and annually update a list of technologies posing national security risks.

Empowers the President to prohibit U.S. persons from engaging in certain activities with foreign entities in critical sectors, including AI.

Requires mandatory notifications for covered activities not prohibited, with confidentiality protections for submitted information.

Obligates annual reporting to Congress on notifications, trends, and effectiveness of measures.

Directs the President to issue regulations specifying covered activities and technologies.

Encourages multilateral engagement with U.S. allies to develop comparable mechanisms for managing risks in covered sectors.

Authorizes penalties, including fines and imprisonment, for violations.

Provides for national interest waivers, requiring notification to Congress."
323,Drone Safety and Efficiency Act,United States Congress,True,False,"Requires the Administrator of the Federal Aviation Administration to adopt a performance and risk-based approach when reviewing requests for certificates of waiver under Section 107 of Title 14, Code of Federal Regulations, which establishes rules for the operation of small unmanned aircraft systems (sUAS) for commercial purposes. 

Requires the Administrator to use big data analytics and machine learning to conduct the performance and risk-based approach and refrain from using open-ended descriptive prompts in the waiver application."
496,Investing in Tomorrow's Workforce Act of 2023,United States Congress,True,False,"Authorizes the Secretary of Labor to award competitive grants to support projects addressing the training needs of workers likely to be displaced by automation.

Prioritizes grants for partnerships in areas with high concentrations of affected populations or industries susceptible to automation.

Requires eligible partnerships to provide training services, develop curricula, and offer employment benefits, such as transportation stipends and paid leave.

Mandates grant recipients to submit comprehensive reports on training outcomes, including transitions to new positions and earnings data.

Expands the Workforce Innovation and Opportunity Act to include training for workers impacted by automation.

Allocates $40 million annually from 2024 to 2028 for national dislocated worker grants to address impacts of automation.

Ensures grant usage aligns with labor standards and nondiscrimination provisions under the Workforce Innovation and Opportunity Act."
1371,"Platform Accountability and Transparency Act, Section 9 (""Rulemaking authority"")",United States Congress,False,True,"Requires platforms to make available public repositories of highly disseminated content and major public accounts, including content samples and metadata.

Obligates platforms to disclose advertising information, including ad content, targeting parameters, and dissemination metrics, while protecting user privacy.

Requires disclosure of the use of platform algorithms in the recommendation, amplification, or restriction of content and advertising

Compels platforms to report on recommender and ranking algorithms, detailing inputs, objectives, and significant changes, without revealing trade secrets.

Demands transparency in content moderation, with statistics on policy violations, identification methods (including artificial intelligence), and government orders."
1200,Cyber PIVOTT Act,United States Congress,False,False,"Amends the Homeland Security Act of 2002 to establish the ""PIVOTT Program"" for expanding cybersecurity education and training.

Requires CISA to partner with community colleges and technical schools to offer programs and internships aiming to build a skills-based cyber workforce.

Provides full scholarships to eligible students, covering all educational and associated costs.

Mandates a two-year service obligation in a cyber role for program participants, with exceptions for military service.

Specifies eligible institutions and program components, including skills-based exercises and internships.

Directs CISA to conduct outreach initiatives and host recruitment fairs.

Establishes program completion benefits, including access to a cyber training database and additional certification opportunities.

Sets terms for scholarship repayment if obligations are not met and allows for waiver of repayments in cases of hardship.

Outlines enrollment targets and requires reporting on program enrollment and CISA's education and training initiatives."
1375,"Sustaining America’s Fisheries for the Future Act of 2024, Title IV, Section 402 (""Expanding and improving electronic technologies."")",United States Congress,False,False,"Mandates the use of electronic monitoring and other technologies in fisheries data collection, allowing vessels to avoid carrying observers if conditions are unsafe.

Requires the Secretary to integrate electronic monitoring and reporting technologies into fishery information collection programs and review these systems every five years.

Directs the Comptroller General to assess the National Marine Fisheries Service's electronic monitoring capabilities and recommend improvements.

Establishes an electronic technologies innovation prize to encourage advancements in AI, machine learning, and data management for fisheries.

Creates an advisory panel to guide the development and deployment of electronic technologies in fisheries, including performance standards and data ownership.

Exempts the advisory panel from the Federal Advisory Committee Act.

Allows Councils to independently develop electronic technologies for data collection and management."
1372,"WIOA Performance Accountability Improvement Act, Section 2, Subsection (c) (""Evaluation of State programs."")",United States Congress,False,False,"Amends the Workforce Innovation and Opportunity Act to require states to use data for analyses and ongoing evaluations of programs.

Allows states to use machine learning or other advanced analytics to enhance program operations, outcomes, and identify areas needing further evaluation."
1276,"To amend the Communications Act of 1934 to establish technical and procedural standards for artificial or prerecorded voice systems created through generative artificial intelligence, and for other purposes.",United States Congress,False,False,"Amends the Communications Act of 1934 to establish standards for artificial or prerecorded voice systems created through generative AI.

Includes technologies such as voice cloning and other subsequent technologies as deemed appropriate by the Commission.

Inserts these standards into Section 227(d)(3) to ensure compliance with the updated regulatory framework."
457,Stop Spying Bosses Act,United States Congress,False,False,"Prohibits employers from using workplace surveillance to monitor labor activities, ascertain political or religious views, or determine health or immigration status unrelated to job duties.

Requires employers to disclose details about workplace surveillance practices, including data collection methods, frequency, storage locations, business purposes, and third-party transfers, to employees and applicants.

Establishes a Privacy and Technology Division within the Department of Labor to oversee compliance and issue regulations.

Allows employees to access, correct, and request data collected about them and prohibits data transfer to third parties without disclosure and cybersecurity measures.

Grants employees and labor organizations the right to bring civil actions against violations, with potential damages and injunctive relief.

Prohibits predispute arbitration agreements regarding surveillance-related disputes.

Mandates annual reports to Congress on workplace surveillance impacts and recommendations for mitigating harms.

Coordinates with federal and state agencies to ensure consistent regulatory treatment of workplace surveillance."
1374,"Sustaining America’s Fisheries for the Future Act of 2024, Title IV, Section 401 (""Data modernization."")",United States Congress,False,False,"Aligns the national strategic plan for fisheries data with the National Oceanic and Atmospheric Administration's (NOAA) Artificial Intelligence Strategy to enhance efficiency and interoperability.

Requires the Secretary, through the Assistant Administrator for Fisheries, to provide a strategic plan to Congress within 180 days, detailing goals, implementation schedules, budgets, stakeholder engagement, and system development.

Solicits expertise from data management and technology experts both within and outside the government to support the strategic plan.

Mandates the Secretary to report annually to Congress on progress in implementing the fisheries data modernization efforts."
1242,NO FAKES Act of 2024,United States Congress,False,False,"Establishes the right for individuals and right holders to authorize the use of their voice or visual likeness in digital replicas, treating it as a property right that is licensable but not assignable during the individual's life.

Allows post-mortem transfer and licensing, enabling rights to be inherited and renewed under specific conditions.

Imposes liability for unauthorized production, distribution, or public display of digital replicas without consent, with certain exclusions for news, historical, and public interest uses.

Provides safe harbors for online services that act promptly to remove unauthorized replicas upon notification.

Preempts conflicting state laws, except for those existing before January 2, 2025, or those addressing sexually explicit or election-related replicas.

Applies only to conduct and contracts occurring after the enactment date, while granting rights retroactively to deceased individuals' estates."
1310,SPEED through Screening Act,United States Congress,False,False,"Requires the Administrator to submit strategies within one year to reduce patdowns and the need for item divestiture during passenger screening without compromising security.

Considers technological improvements, discrimination reduction among passenger populations, and next-generation screening technologies in developing these strategies.

Mandates a feasibility study on allowing increased volumes of liquids, aerosols, gels, and powders on aircraft without reducing security.

Permits deployment of detection at range technology for screening, subject to feasibility assessments and prioritizes reducing patdowns and enhancing security for vulnerable populations.

Obligates collection and publication of anonymized screening statistics, considering privacy and civil rights, utilizing AI and noninvasive technologies.

Allocates $20 million for fiscal year 2024 to research and deploy improved screening technologies.

Requires annual briefings to congressional committees and a Comptroller General review within two years on the Act's implementation."
1392,"Better Mental Health Care for Americans Act, Sec. 203",United States Congress,False,False,"Amends Section 1851(d)(4) of the Social Security Act to include provisions for behavioral health information starting in 2025.

Requires the provision of information on access to in-network behavioral health providers, including average wait times for new patient appointments and data on provider participation agreements.

Mandates disclosure of payment request statistics for mental health or substance use disorder services, specifying the percentage handled by in-network versus out-of-network providers.

Requires reporting on the number and percentage of denials for prior authorization or payment for mental health services compared to non-mental health services, categorized by denial type and service type.

Specifies the use of decision support, AI, machine learning, clinical decision-making, or other technologies in denial processes, with comparisons to similar physical health conditions.

Aims to promote informed choice by enhancing transparency in behavioral health service coverage."
1391,"Better Mental Health Care for Americans Act, Sec. 201",United States Congress,False,False,"Amends Medicare Advantage plans to require parity in mental health and substance use disorder benefits, ensuring financial and treatment limitations are no more restrictive than those for medical benefits.

Mandates MA organizations to determine medical necessity for mental health and substance use benefits based on generally accepted standards.

Requires MA organizations to conduct and submit comparative analyses of nonquantitative treatment limitations (NQTLs) for mental health and substance use disorder benefits.

Imposes penalties for failing to comply with the mental health parity requirements.

Extends parity provisions to prescription drug plans, ensuring consistent application across Medicare Advantage and prescription drug plans.

Directs the Secretary of Health and Human Services to issue implementing regulations within 18 months.

Sets the effective date for amendments to plan years beginning two years post-enactment, with $10 million allocated for implementation funding through the Centers for Medicare & Medicaid Services."
1315,Agriculture and National Security Act of 2024,United States Congress,False,False,"Mandates the Secretary of Agriculture to prioritize national security alongside homeland security within the Department of Agriculture, including increasing staff with security clearances.

Establishes the position of Senior Advisor for National Security to advise the Secretary and coordinate with the National Security Council on national security matters related to food and agriculture.

Authorizes the Secretary to exchange personnel with defense, national security, law enforcement, and intelligence agencies to improve information sharing and risk mitigation.

Requires biennial reports to Congress and the National Security Council assessing national security gaps in the food and agriculture sector, including cybersecurity and AI, and detailing actions taken and recommendations for policy changes.

Addresses vulnerabilities concerning agricultural data, foreign influence, and emerging technologies."
1681,AI Fraud Deterrence Act,United States Congress,False,True,"Amends penalties for financial crimes committed with the assistance of artificial intelligence, increasing fines to $1,000,000 and imprisonment terms.

Mandates fines for AI-assisted money laundering to be not more than $1,000,000 or thrice the value of the funds involved, with imprisonment terms up to 20 years.

Defines ""artificial intelligence"" according to the National Artificial Intelligence Initiative Act of 2020 definition.

Codifies increased penalties and definitions within the United States Code to deter AI-assisted financial crimes."
1687,Next Generation Military Education Act,United States Congress,False,False,"Amends the National Defense Authorization Act to require the Department of Defense to develop and provide distance education courses on artificial intelligence (AI) and machine learning for Armed Forces personnel.

Mandates these courses to cover AI literacy, ethical use, data protection, and awareness of AI-generated content.

Requires military departments to ensure access and notify personnel about these courses.

Obligates the Secretary of Defense to report to Congress on the progress of these activities.

Expands participation in the Digital On-Demand Program to all Department of Defense entities and personnel, promoting AI education.

Incorporates AI risks and threats into annual cybersecurity training for Armed Forces and civilian Department of Defense employees.

Requires annual reporting to Congress on the expansion and promotion of the Digital On-Demand Program. 

Defines key terms, including ""artificial intelligence"" and ""Digital On-Demand Program."""
1685,Eliminating Bias in Algorithmic Systems Act of 2024,United States Congress,False,False,"Require each agency that uses, funds, or oversees algorithms to establish an office of civil rights focused on bias, discrimination, and other algorithmic harms.

Mandate these civil rights offices to employ experts and technologists to address issues related to covered algorithms.

Obligate each office of civil rights to submit biennial reports to congressional committees detailing the state of algorithms, risks of bias and discrimination, mitigation steps taken, stakeholder engagement, and recommendations for further actions.

Establish an interagency working group on algorithms and civil rights, led by the Assistant Attorney General of the Civil Rights Division, with membership from each agency's civil rights office.

Authorize necessary appropriations for agencies to implement the Act's provisions."
1679,Modernizing Data Practices to Improve Government Act,United States Congress,False,False,"Amends title 44 of the United States Code to define ""artificial intelligence"" and ""data governance.""

Requires Chief Data Officers to focus on data management and governance, including AI-related data standards.

Mandates the Chief Data Officer Council to enhance data governance, evaluate new technologies, and ensure AI use improves government operations.

Directs the Council to report on data governance progress and provide recommendations for AI and emerging technology adoption, including data transparency and privacy.

Obliges the Director to issue guidance on implementing Council recommendations and maintain a public inventory of Chief Data Officers.

Sets reporting requirements for the Comptroller General on the Council's effectiveness and challenges.

Establishes a sunset clause, rendering the section ineffective after December 14, 2031.

Prohibits the allocation of additional funds to implement the Act."
1684,Economic Security and Diplomacy Act of 2024,United States Congress,False,False,"Amends the State Department Basic Authorities Act to establish a Deputy Secretary of State for Economic Security, responsible for U.S. economic security matters including sanctions, trade, and supply chains.

Transfers assets, personnel, and duties from existing offices to this new Deputy Secretary role.

Redesignates and relocates various offices and positions, including creating an Assistant Secretary for Technology and Innovation Security, responsible for policy on emerging technologies and research security.

Establishes an Office of Economic Analysis and Targeting to conduct economic analysis, prepare sanctions targeting packages, and manage a federal database on economic security data.

Authorizes $5 million annually for artificial intelligence and machine learning tools to support data analysis.

Allows hiring of additional personnel without standard competitive service requirements to support these new roles and offices.

Designates Foreign Service officers to represent the Deputy Secretary's mission at strategic posts worldwide."
1680,Improving Diagnosis in Medicine Act of 2024,United States Congress,False,False,"Amends the Public Health Service Act to establish a comprehensive research program on diagnostic safety and quality, focusing on reducing diagnostic errors and integrating AI tools.

Directs funding for new and existing research centers and mandates stakeholder engagement to enhance diagnostic quality and safety.

Requires the convening of an expert panel, including the Chief Artificial Intelligence Officer, to recommend data types and sources for research improvement.

Establishes an Interagency Council on Improving Diagnosis in Health Care, including members from AI-related departments, to enhance diagnosis quality and identify research gaps.

Mandates the creation of a strategic federal plan to improve diagnosis, with updates and progress reports submitted biennially to Congress.

Authorizes appropriations for these initiatives from 2025 to 2029, ensuring sustained financial support for improving diagnostic practices and integrating AI solutions."
316,SUPERSAFE Act,United States Congress,True,False,"Directs the Administrator of the Environmental Protection Agency (EPA) to establish a consortium representing federal, state, and academic stakeholders. The consortium will use supercomputing and machine learning to develop models that predict adverse health effects from toxic substances, establishing rapid approaches for large-scale identification of toxic substances and the development of safer alternatives.

Requires the Consortium to recommend how the information produced can be used in risk assessments by the EPA, other federal agencies, and industry.

Appropriates funding to the EPA Administrator to carry out the Consortium and requires the Consortium to make its model predictions public and accessible.  "
275,Block Nuclear Launch by Autonomous Artificial Intelligence Act,United States Congress,True,False,"Prohibits the use of federal funds to operate autonomous weapons systems which launch nuclear weapons, or select or engage targets for nuclear weapons, without meaningful human control.

Defines 'meaningful human control' as the ability for humans to control the selection and engagement of targets, as well as the time, location and manner of the use of nuclear weapons.



"
89,CREATE AI Act of 2023,United States Congress,True,False,"Establishes a steering committee to oversee the NAIRR.

Authorizes the National Science Foundation, in coordination with the NAIRR steering committee, to establish the National AI Research Resource.

Creates a NAIRR Program Management Office to manage the NAIRR's day-to-day operations.

Directs the Program Management Office to solicit bids for an Operating Entity for the NAIRR and to oversee that Entity.

Provides for the NAIRR to be resourced with computational resources, data, educational tools and services, and AI testbeds.

Specifies eligibility for access to resources in the NAIRR, including academic, nonprofit, government, and small businesses, among others.

Provides for procedures to establish privacy, ethical, safety and scientific integrity requirements for users of the NAIRR.

Authorizes the NAIRR to charge fees for users at various tiers, including free and subsidized tiers.

Provides for security requirements to prevent unauthorized access and protect research security."
29,FY2021 NDAA,United States Congress,False,False,
35,Governance Principles for a New Generation of Artificial Intelligence,Chinese central government,False,False,"Provides eight aspirational principles for the responsible global development of artificial intelligence: harmony and friendliness, fairness and justice, inclusivity and sharing, respect of privacy, safety and controllability, shared responsibility, open collaboration, and agile governance."
329,"Digital Fairness Act - Sections 7-9 (""AUTOMATED DECISION SYSTEM IMPACT ASSESSMENTS,"" etc.)",New York,False,False,"Require the state and its entities to conduct Automated Decision System (ADS) Impact Assessments before using any ADS.

Mandate the engagement of a neutral third party to evaluate the ADS, focusing on statistical impacts on protected classes, privacy, and security.

Prohibit purchasing or using ADS without publishing the assessment and considering public comments.

Obligate the state to maintain a list of qualified neutral third parties for conducting assessments.

Require a comprehensive study on the impacts of ADS, particularly on protected classes, to be published within two years.

Demand plain-language notifications to individuals affected by ADS decisions and provide mechanisms for human review.

Ban payments for ADS that do not use open-source software or comply with assessment and policy requirements."
285,New Jersey act against discrimination in automated hiring,New Jersey,False,True,"Prohibits the sale of automated decision tools in New Jersey unless they have been subject to a bias audit in the past year, include a free annual bias audit service that provides results to the purchaser, and discloses that the tool is subject to this bill.

Requires anyone who uses an automated employment decision tool to screen candidates to notify each candidate of using the tool within 30 days.

Provides for collecting civil penalties (fines) if the provisions above are violated."
274,New Jersey SB1402,New Jersey,False,True,"Bans banks, mortgage companies and other lending institutions from using AI systems which discriminate against members of a protected class; systems are deemed discriminatory if these disproportionately favor or disfavor members of a protected class in the provision of loans and credit terms.

Bans insurance companies from using AI systems which discriminate against members of a protected class; systems are deemed discriminatory if these disproportionately favor or disfavor members of a protected class in providing insurance coverage and setting the terms and rates of such coverage.

Bans health care providers from using AI systems to discriminate against members of a protected class; systems are deemed discriminatory if these disproportionately favor or disfavor members of a protected class in assessing eligibility for healthcare services.

Categorizes the above use of AI systems which discriminate against members of protected classes as unlawful discrimination; such companies and service providers are subject to fines not exceeding $10,000 on the first instance, if these companies have not committed prior violations within five years of the charge, and permits victims to file civil lawsuits against such companies.

"
278,"New York Data Privacy Act, Section 7",New York,False,True,"Requires any entity in New York that uses AI or another automated process as the sole basis of a decision that denies access to financial services, insurance, housing, public accommodation, healthcare, or basic necessities to:

(a) Clearly and conspicuously disclose that the decision was made solely on the basis of an automated process; and

(b) Enable any affected individual to appeal the decision, including by giving them the right to have a human review it.

Requires the above entities, and additionally those that use an automated decision systems to determine access to employment and education, to annually solicit an outside auditor to conduct, and make publicly available, an impact assessment of the system that:

(a) Evaluates the system's objectives, design, and training data, as well as how the system was tested for accuracy and discrimination; and 

(b) Assesses whether the system produces discriminatory results on the basis of race, color, ethnicity, religion, national origin, sex, gender, gender identity, sexual orientation, familial status, biometric information, lawful source of income, or disability.
"
758,Voluntary Commitments from Leading Artificial Intelligence Companies,Private-sector companies,False,True,"Acknowledges the voluntary commitments received from Amazon, Anthropic, Google, Inflection, Meta, Microsoft, and OpenAI to the Biden-Harris Administration to help move toward the safe, secure, and transparent development of AI technology.   

Specifies various actionable commitments that will support three broad goals: ensuring products are safe before public release, building systems that put security first, and earning public trust. Commitments include internal and external security testing, sharing information across the industry and with governments, civil society, and academia, and investing in cybersecurity and insider threat safeguards.

Announces the Biden-Harris Administration's development of an executive order and intent to pursue bipartisan legislation in these matters. "
995,Blueprint for an AI Bill of Rights,Executive Office of the President,True,False,"Requires automated systems to undergo pre-deployment testing, risk identification, mitigation, and ongoing monitoring to ensure safety and effectiveness.

Requires that systems avoid the use of inappropriate or irrelevant data and that independent evaluations and public reporting confirm system safety and effectiveness.

Imposes protections against algorithmic discrimination by incorporating proactive equity assessments, representative data usage, and continuous disparity testing and mitigation.

Enforces data privacy through built-in protections, user consent for data collection, and limitations on data use and sharing, particularly in sensitive domains such as health, education, and finance.

Institutes heightened oversight and limits on surveillance technologies to protect civil liberties, privacy, and democratic values, with specific restrictions on continuous surveillance in sensitive contexts.

Requires designers and deployers of automated systems to provide clear, timely, and accessible notice and explanations of system use, including the rationale behind decisions impacting individuals.

Calls for independent evaluations and public reporting to ensure transparency and accountability in the use of automated systems, with detailed documentation and assessments."
379,"Pennsylvania HB 1380 (""Administration of Assistance Programs"")",Pennsylvania,False,False,"Authorizes the department to utilize data analytics and artificial intelligence for eligibility verification and fraud detection in public assistance programs.

Permits the department to access data from other state agencies to verify residency and eligibility of applicants.

Empowers the department to establish rules, regulations, and standards for assistance program administration, including eligibility criteria and benefit modifications.

Requires the department to ensure expenditures do not exceed appropriations and to seek necessary federal waivers or approvals.

Allows the establishment of health savings accounts and medical assistance premiums to aid residents transitioning out of assistance programs.

Mandates physical health managed care organizations to share medical assistance claims data with providers."
357,"New Jersey Bill A537 (""Discrimination in Automobile Insurance"") ",New Jersey,False,False,"Require automobile insurers using automated or predictive underwriting systems to annually provide the Department of Banking and Insurance with documentation demonstrating no discriminatory outcomes in pricing based on race, ethnicity, sexual orientation, or religion.

Mandate insurers to show that each pricing segment is balanced and not disproportionate to the overall policyholder population.

Define ‚Äúautomated or predictive underwriting system‚Äù as a computer-generated process, including robotic process automation, artificial intelligence, or other specialized technology, used to evaluate risk and determine insurance rates.

Authorize the Commissioner of Banking and Insurance to adopt rules and regulations to implement the act.

Specify that the act takes effect on the first day of the sixth month following enactment and applies to automobile insurance policies initiated or renewed from that date."
376,"Pennsylvania HB 49 (""AI Business Registry"")",Pennsylvania,False,False,"Establishes a registry of businesses operating artificial intelligence (AI) systems in Pennsylvania.

Requires the Department of State to coordinate with other state agencies to create paper and online registry forms.

Mandates the collection of specific information from businesses, including business name, IP address, type of AI code, software intent, and contact details.

Prohibits the sale or commercial use of collected information and exempts it from Right-to-Know Law disclosure.

Maintains a searchable online database for businesses operating AI systems.

Obligates the Department of State to submit an annual report on the registry to legislative committees, detailing the number of registered businesses, registrant distribution by agency, and incurred expenses.

Defines ""artificial intelligence"" as computer systems performing tasks requiring human intelligence.

Sets the act to take effect 60 days post-enactment."
368,"Rhode Island HB 6286 (""GenAI Operating Standards"")",Rhode Island,False,True,"Prohibits companies from using large-scale generative AI models to engage in targeted bias and discrimination.

Mandates companies to label outputs created using large-scale generative AI models with a distinctive watermark.

Requires companies to secure informed consent from consumers before using their data for training models.

Requires companies, to the best of the their extent, to protect the security of collected data from individuals and shield their identities.

Requires companies to conduct regular risk assessments that identify and mitigate reasonably foreseeable risks and harms.

Mandates companies using large-scale generative AI models to register them with the Rhode Island Attorney General's Office. 

Requires the Rhode Island Attorney General's Office to maintain a public registry of all companies that have registered under the above stipulation."
375,"North Carolina SB 460 (""Automation and Workforce"")",North Carolina,False,False,"Establishes the Study Committee on Automation and the Workforce to analyze the impact of automation on North Carolina's workforce, with a focus on low-income and minority workers.

Requires the Committee to include 11 voting members representing labor organizations, employers, and state legislators, appointed by the Governor and legislative leaders.

Designates seven nonvoting ex officio members from key state departments and educational institutions.

Mandates the Committee to review the effects of automation technologies such as AI, industrial robotics, and self-service technologies on employment.

Instructs the Committee to assess educational and training requirements for workers to adapt to automation.

Requires the Committee to report its findings and recommendations to the Governor and Joint Legislative Commission on Governmental Operations before the 2025 General Assembly and biennially thereafter."
1158,"New Mexico SM 63 (""Structured Decision-making in Child Abuse"")",New Mexico,False,False,"Requests the Attorney General to convene a task force to study the Children, Youth, and Families Department's use of structured decision-making tools and philosophy.

Mandates the task force to assess the efficacy, impact, and results of these AI-based tools.

Requires the task force to determine if structured decision-making tools lead to better decisions in child abuse and neglect cases.

Directs the task force to analyze staff training, understanding, and data on repeat maltreatment rates since the tool’s introduction.

Instructs the task force to review the outcomes of voluntary placement agreements and safety plans under this new philosophy.

Obligates the task force to make recommendations for improvements and the future use of these tools.

Involves input from diverse stakeholders, including experts in law enforcement, child maltreatment, behavioral health, and representatives from various departments and communities.

Requires collaboration with a post-secondary institution for research.

Demands findings and recommendations be presented to the legislative health and human services committee by August 1, 2024."
356,"Texas HB 4695 (""AI and Mental Health"") ",Texas,False,True,"Requires commission approval for AI mental health applications and mandates licensed supervision, informed consent, and clear AI disclosure. Permits liability-free testing with specialized consent. 

Mandates that licensed mental health professionals supervise AI mental health services, ensuring availability for review, communication, and intervention. Obliges providers to obtain informed consent and clearly inform users about the use of AI technology.
Subjects AI mental health service providers to the same disciplinary actions and record-keeping requirements as licensed mental health professionals."
362,"New Jersey SB 3876 (""Artificial Intelligence Officer"")",New Jersey,False,False,"Establishes the position of Artificial Intelligence Officer to develop and update procedures regulating automated systems used by state agencies for critical decisions.

Mandates state agencies to comply with these procedures and submit inventories of their automated systems, which will be published online.

Creates the New Jersey Artificial Intelligence Advisory Board to advise state agencies, hold public hearings on preliminary procedures, and issue reports and recommendations.

Establishes the position of Artificial Intelligence Implementation Officer to review and approve or deny new automated systems based on compliance with procedures, and conduct periodic reevaluations.

Forms a task force to study AI and create an AI Bill of Rights, with a report due within one year.

Subjects officers and the board to open public records laws while protecting trade secrets and work product protections."
366,"New York A7106 (""PAID Act"")",New York,False,False,"Amends the election law to mandate disclosure of synthetic media in political communications.

Requires disclosure for printed or digital political communications to state: ""This political communication was created with the assistance of artificial intelligence.""

Mandates non-printed or digital political communications to clearly display or speak the same statement.

Defines ""synthetic media"" as any media created or modified using artificial intelligence algorithms.

Sets the effective date of this act to January 1, 2024."
365,"Massachusetts Bill S. 31 (""Regulate GenAI"")",Massachusetts,False,False,"Regulate generative AI models, such as ChatGPT, to protect public safety, privacy, and intellectual property rights.

Define ""large-scale generative artificial intelligence model"" as those with at least one billion parameters.

Prohibit the use of AI models for discrimination or bias based on protected characteristics.

Mandate AI-generated text to contain a distinctive watermark or offer an authentication process to prevent plagiarism.

Require companies to implement reasonable security measures to protect training data.

Obtain informed consent from individuals before collecting, using, or disclosing their data.

Delete or de-identify data when no longer needed for the intended purpose.

Conduct regular risk assessments to identify and mitigate foreseeable risks and harms.

Mandate companies operating large-scale AI models to register with the attorney general within 90 days, including detailed model and data practices.

Authorize the attorney general to adopt regulations and enforce compliance, including bringing legal action for violations."
360,"Massachusetts Bill H.64 (""Automated Decision Making Commission"")",Massachusetts,False,True,"Establishes a commission within the executive office of technology services and security to study and make recommendations on the use of automated decision systems (ADS) by the Commonwealth of Massachusetts.

Requires the commission to survey all uses of ADS by Massachusetts offices, including procurement, evaluation, training, validation, transparency, and accountability.

Mandates the commission to consult experts on machine learning, algorithmic bias, and civil rights, and to examine research on disparate impacts of ADS based on group characteristics.

Obligates the commission to examine data protection, intellectual property issues, and other opportunities and risks associated with ADS.

Compels the commission to meet at least 10 times a year and hold public hearings for feedback.

Requires the commission to submit an annual report detailing activities, findings, and regulatory recommendations to the governor and state legislature."
363,"New York Bill A5309 (""Responsible AI Standards"") ",New York,True,False,"Amends the state finance law to require state units to purchase only products or services containing algorithmic decision systems adhering to responsible artificial intelligence standards.

Mandates the avoidance of harm, including minimizing risks of physical or mental injury, unjustified information deletion or disclosure, and unwarranted damage to property, reputation, or the environment.

Emphasizes a commitment to transparency, including full disclosure of the algorithmic decision system's capabilities, limitations, and potential problems.

Prioritizes fairness by eliminating discrimination, promoting equality, and providing feedback mechanisms to redress harms.

Amends the executive law to define ""unlawful discriminatory practice"" to include actions performed through algorithmic decision systems.

Require the commissioner of taxation and finance to adopt regulations to implement these provisions."
367,"New York S7422 (""AI Displacing Actors"")",New York,False,True,"Exclude productions using AI that displace employees from being considered a ""qualified film"" for the Empire State Film Production Credit.

Carves out an exception to the above for films covered by current collective bargaining agreements that allow for AI to displace employees."
1045,Australia’s AI Ethics Principles,Government of Australia,False,False,"Prioritizes AI systems that benefit individuals, society, and the environment throughout their lifecycle.

Requires AI systems to respect human rights, diversity, and individual autonomy, promoting an equitable society.

Mandates fairness by ensuring AI inclusivity and accessibility, prohibiting unfair discrimination.

Demands privacy protection and data security, with ongoing data governance and vulnerability assessments.

Ensures AI reliability and safety, mandating operation in line with intended purposes and risk management.

Calls for transparency and explainability, necessitating timely and responsible disclosures of AI impacts.

Establishes contestability, allowing challenges to AI impacts on individuals or communities through clear processes.

Holds relevant parties accountable for AI outcomes, requiring identifiable responsibility and human oversight."
1111,Maintaining American Leadership in Artificial Intelligence (EO 13859),Executive Office of the President,True,False,"Mandates the Federal Government to maintain U.S. leadership in AI through a coordinated strategy known as the American AI Initiative.

Requires agencies to pursue strategic guidelines to prioritize AI R&D, enhance data accessibility, and reduce barriers for AI deployment, ensuring protection of civil liberties and privacy.

Obligates agencies to develop technical standards to minimize vulnerabilities and foster public trust in AI systems.

Directs the prioritization and training of American workers in AI-related skills to prepare them for future job markets.

Instructs the development of international standards and promotes global collaboration while safeguarding critical AI technologies from foreign adversaries.

Develops an action plan to protect U.S. advantages in AI technology against strategic competitors and adversaries."
1021,NSTC/OSTP Framework for Nucleic Acid Synthesis Screening,Office of Science and Technology Policy,False,False,"Mandates the federal government to mitigate misuse risks of synthetic nucleic acids by establishing a procurement screening framework.

Requires synthetic nucleic acid providers and equipment manufacturers to implement comprehensive screening measures for sequences of concern (SOCs) and verify customer legitimacy.

Directs the National Institute of Standards and Technology (NIST) to collaborate with industry to refine technical specifications for effective screening.

Obliges federal funding agencies to ensure compliance with the framework for research funded by federal life sciences grants.

Instructs providers and manufacturers to report suspicious purchase orders to relevant authorities and retain records for at least three years.

Imposes cybersecurity measures to protect sensitive data and customer information, following specific security guidelines.

Anticipates framework updates based on technological advancements and encourages the use of independent audits for compliance verification."
1072,AI Liability Directive,European Union,False,False,"Establishes common rules for non-contractual fault-based civil claims related to damages caused by high-risk AI systems.

Requires disclosure of evidence from AI providers or users to substantiate claims, with courts empowered to order such disclosures.

Presumes non-compliance with duty of care if defendants fail to comply with evidence disclosure orders.

Presumes a causal link between defendant’s fault and AI system's output if certain conditions are met, allowing defendants to rebut the presumption.

Permits Member States to adopt more favorable rules for claimants, compatibility with Union law required.

Mandates evaluation and review by the European Commission within five years, considering the necessity of no-fault liability and insurance for AI operators.

Amends Directive (EU) 2020/1828 to include AI Liability Directive.

Obligates Member States to transpose the Directive into national law within two years and communicate relevant national legislative texts to the Commission."
759,AI Safety Summit - Enhancing Frontier AI Safety (Amazon),Private-sector companies,False,False,"Facilitates AI development and deployment through Amazon Web Services (AWS), offering a comprehensive suite of AI and ML services, including Amazon Bedrock and Amazon Titan Foundation Models, which support generative AI applications.

Implements risk management and safety protocols, including systematic model evaluation, red teaming, and ongoing security assessments, to mitigate potential AI risks.

Protects AI models and data using robust logical and physical security measures, such as encryption, access controls, and least privilege principles.

Shares AI service information transparently through AI Service Cards, detailing intended use cases, limitations, and responsible AI design considerations.

Encourages responsible AI use and prohibits misuse through the AWS Responsible AI Policy, which addresses concerns like disinformation and privacy violations.

Invests in research and academic partnerships to advance responsible AI practices and develop tools for bias mitigation and human oversight.

Monitors AI misuse post-release, employing classifier guardrails and automated abuse detection to identify and address harmful content and misuse patterns."
765,OpenAI's Approach to Frontier Risk (An Update for the UK AI Safety Summit),Private-sector companies,False,True,"States that OpenAI's is establishing a Preparedness Framework to manage risks from frontier AI models, focusing on a development process governance structure and preemption of catastrophic outcomes; this work will complement existing risk mitigation work and includes a joint Deployment Safety Board with Microsoft. 

States that OpenAI is creating Superalignment and Preparedness teams within the company to align AI systems with human intent and track and prepare for frontier risks, including cybersecurity, CBRN, persuasion, and autonomous replication and adaptation. Notes that OpenAI is also increasing investment into cybersecurity and insider threat safeguards.

States that OpenAI implemened red-teaming and evaluations to assess new models for safety, including GPT-4 and DALL-E 3, focusing on dual-use capabilities, cybersecurity vulnerabilities, and self-replication.

States that OpenAI will include the publication of a system card in every new AI system, which informs users of key factors impacting system behavior.

States that OpenAI has initiated a reporting mechanism for responsible disclosure of dangerous capabilities among AI labs, focusing on national security-related risks.

Details OpenAI's emphasis post-deployment monitoring for misuse, security controls to protect intellectual property and data, and the development progress provenance techniques to identify AI-generated content.

States that OpenAI implemented data input controls and provides mechanisms for users to opt-out of their data being used for AI training."
1025,Inventorship Guidance for AI-Assisted Inventions,Department of Commerce,False,False,"Mandates that inventors named on U.S. patents and applications must be natural persons, reaffirming that AI systems cannot be recognized as inventors.

Clarifies that AI-assisted inventions are not unpatentable due to improper inventorship, provided a natural person significantly contributed to the invention's conception.

Requires that patent applications for AI-assisted inventions name natural persons who meet the Pannu factors as inventors, ensuring each claim has a human contributor.

Outlines the duty of disclosure and reasonable inquiry, emphasizing the importance of factual inventorship claims and compliance with regulations.

Establishes guidelines for correcting inventorship errors and emphasizes that AI systems cannot hold inventorship rights.

Applies guidance to design and plant patents, affirming that significant human contribution is necessary for patent eligibility.

Prohibits naming AI systems as inventors in priority claims for U.S. patents and applications, ensuring compliance with U.S. inventorship requirements."
762,Our Policy on Frontier Safety (Inflection),Private-sector companies,False,False,"Commits Inflection to a disciplined, phased approach to scaling AI models, emphasizing pre-deployment safety, post-launch monitoring, and global governance.

Requires robust evaluations and third-party red-teaming before public launch to ensure models do not provide harmful information or engage in discriminatory conduct.

Implements strict data input controls and audits, involving executive review and legal evaluations of training data for compliance with legal and ethical standards.

Ensures high-level security controls to prevent unauthorized access and misuse of AI models, including internal restrictions and a bug bounty program.

Maintains around-the-clock monitoring to detect and mitigate model misuse, employing frontier AI to enhance situational awareness.

Publishes model capabilities and limitations, supporting transparency and enabling risk assessment by users and regulators.

Advocates for standardized vulnerability reporting structures and participates in a pilot bug bounty program to encourage third-party disclosures.

Prioritizes research on AI risks and supports the creation of an International Panel on AI Safety.

Promotes cross-industry collaboration for identifying AI-generated material, focusing on child safety and standardized watermarking."
1036,"Pay Flexibility, Incentive Pay, and Leave and Workforce Flexibility Programs for Artificial Intelligence (AI), AI-enabling, and Other Key Technical Employees (OPM)",Office of Personnel Management,False,False,"Grants agencies discretionary authority to use various pay flexibilities, incentive pay, and leave and workforce flexibility programs to recruit, relocate, and retain AI and key technical employees.

Allows recruitment, relocation, and retention incentives up to 25% of basic pay, and provides for waivers to increase this limit to 50% based on critical needs.

Enables agencies to repay student loans as an incentive, with limits of $10,000 annually and $60,000 total per employee.

Permits setting higher pay rates for employees with superior qualifications or special needs, and requests OPM approval for special rates and critical position pay.

Authorizes alternative work schedules, telework, and remote work to enhance recruitment and retention.

Provides service credit for non-Federal work experience towards higher annual leave accrual rates.

Encourages collaboration with agency officials to design tailored recruitment and retention strategies utilizing available human resources tools."
1116,Bipartisan Framework for U.S. AI Act,Other authorities,False,False,"Establishes a licensing regime requiring companies developing sophisticated A.I. models to register with an independent oversight body. 

Requires developers to maintain risk management, pre-deployment testing, and reporting programs as part of licensing conditions.

Grants the oversight body authority to audit companies and cooperate with state Attorneys General.

Mandates Congress to ensure A.I. companies are legally accountable for harms caused by their models, including privacy breaches and civil rights violations.

Urges Congress to use export controls and sanctions to limit A.I. technology transfers to adversary nations.

Promotes transparency by requiring companies to disclose A.I. model information and ensure users know they are interacting with A.I.

Requires A.I. system providers to label deepfakes and maintain a public database of A.I. information.

Obliges companies to implement consumer protections, including safety brakes and data usage control, especially concerning children."
1187,"Part 170: Health Data, Technology, and Interoperability: Certification Program Updates, Algorithm Transparency, and Information Sharing",Department of Health and Human Services,False,False,"Amends health IT certification criteria to include ""Predictive Decision Support Intervention,"" addressing decision-making support based on algorithms for predictions, classifications, and recommendations.

Mandates that health IT systems enable recording of patient demographics, including race, ethnicity, sex, sexual orientation, gender identity, and pronouns, using specified standards.

Requires health IT modules to be updated to meet new certification criteria and provide updates to customers as per defined dates.

Outlines certification criteria for health IT, including decision support interventions that must be evidence-based and use specified data standards.

Establishes risk management practices for predictive decision support interventions, including risk analysis, mitigation, and governance.

Incorporates by reference various health information standards, including HL7, LOINC, and SNOMED CT, to ensure interoperability and accuracy in electronic health information exchange."
1188,Section 106.11 Application: Nondiscrimination on the Basis of Sex in Education Programs or Activities Receiving Federal Financial Assistance,Department of Education,False,False,"Requires recipients to address sex-based harassment within their education programs or activities, including off-campus and remote settings, aligning with recent court decisions.

Clarifies that institutions are responsible for discrimination within contexts they control, such as AI technologies used in educational settings.

Acknowledges requests for examples involving AI and other specific circumstances but declines to provide additional examples or exhaustive lists.

Confirms obligations for conduct during institution-sponsored events, online classes, and use of digital platforms, including AI technologies.

Deletes references to sex-based harassment occurring outside the U.S. but maintains the obligation to address contributing conduct external to the program or activity."
1189,Train Crew Size Safety Requirements (New Technology and Automated Operations),Department of Transportation,False,False,"Require railroads seeking to use automation technology non-compliant with FRA safety regulations to file a petition for rulemaking or a waiver.

Mandate a risk assessment before initiating operations under special approval processes.

Acknowledge freight rail industry's concerns about competition with automated trucking but emphasize rail safety hazards from reduced crew sizes.

Disagree with assertions that labor-saving technologies like PTC justify removal of crew members, stating such technologies are not fully developed.

Support technological advancement in rail through research on AI and automation, including drones and real-time safety systems.

Permit railroads to petition for rulemaking or waivers to use technology that doesn't meet existing regulatory requirements, ensuring safety justifications are provided.

Clarify that the rule does not impede innovation but requires description of technology used to support tasks typically performed by a second crew member."
763,2023 UK AI Safety Summit Response (Meta),Private-sector companies,False,True,"Commits Meta to responsible AI development, prioritizing safety and transparency in AI systems, including the Llama 2 model.

Demonstrates actions taken in furtherance of the White House Commitments to establish AI guardrails, focusing on safety, security, and trust.

Conducted extensive model evaluations and red teaming, including external testing at DEFCON, to identify and mitigate risks in AI models including adversarial inputs like unqualified advice.

Requires information sharing and reporting on AI vulnerabilities with established feedback mechanisms for continuous improvement.

Implemented robust security controls for AI model weights to ensure model relliability, treating them as core intellectual property.

Participated in industry initiatives like the Synthetic Media Framework to ensure identification and disclosure of AI-generated content.

Invested in research on AI societal, safety, and security risks, and collaborates with policymakers through the Open Loop program.

Conducted privacy reviews for AI data inputs, excluding private user data, and offers users control over data shared with generative AI features."
1027,HHS Public Benefits and AI,Department of Health and Human Services,False,False,"Requires the United States Department of Health and Human Services (HHS) to promote responsible AI use in public benefits administration by State, Local, Tribal, and Territorial Governments (STLTs).

Encourages STLTs to align with the principles of the National Institute of Standards and Technology AI Risk Management Framework and the Blueprint for an AI Bill of Rights.

Recommends STLTs assess AI systems for equitable outcomes, notify recipients about AI use, and ensure human oversight and appeal processes.

Supports STLTs in developing AI policies and practices through guidance, technical assistance, and resources.

Urges STLTs to focus on safeguarding privacy, civil rights, and safety, and to provide opt-out options for AI systems.

Emphasizes the need for transparency, public engagement, and governance to manage AI-associated risks.

Directs HHS to work with STLTs and other agencies to ensure AI systems in public benefits programs are safe, equitable, and efficient."
1026,"USDA Framework for State, Local, Tribal, and Territorial Use of Artificial Intelligence for Public Benefit Administration",Department of Agriculture,False,False,"The framework mandates the USDA to guide states, localities, tribes, and territories in the responsible use of AI for administering USDA nutrition benefits, as per Executive Order 14110.

Ensures AI systems maximize access for eligible recipients and comply with merit system requirements.

Requires notification to the Secretary in cases of reliance on AI, allowing appeals to human reviewers and ensuring auditability of AI decisions.

Mandates equitable outcomes from AI systems and prohibits AI from directly making adverse decisions in benefits administration.

Advocates for transparency and accountability, providing opt-out options from AI systems.

Encourages responsible innovation, requiring AI usage only with appropriate training and governance.

Requires SLTT agencies to report AI usage and its impact, with ongoing monitoring to mitigate risks and biases.

Stresses collaboration with tribes to respect data sovereignty."
785,"Frontier AI Safety Commitments, AI Seoul Summit 2024",Private-sector companies,False,True,"Announces on behalf of the UK and Republic of Korea governments companies, including Amazon, Google, and OpenAI, that have committed to the Frontier AI Safety Commitments. Mandates that companies publish a safety framework, requires transparency on evolving safety approaches, and implement various best practices.

Defines outcome one as organizations identifying, assessing, and managing risks when developing and deploying frontier AI systems. Defines five sub-outcomes, including internal and external evaluations, establishment of risk thresholds and response processes for violations, and investment in risk mitigation effectiveness.

Defines outcome two as organizational accountability established through the development and review of governance frameworks. 

Defines outcome three as established transparency about organizational approaches to frontier AI safety for external actors, including governments. Mandates provision of information about best practice implementation to the public and explanation of how external actors are involved in risk assessment and framework adherence."
761,2023 UK AI Safety Summit Response (Google DeepMind),Private-sector companies,False,False,"Describes Google DeepMind's commitment to responsible AI development, emphasizing adherence to AI Principles to ensure technologies are socially beneficial, avoid bias, uphold safety standards, and respect privacy. 

Establishes a Responsible AI Council and Responsible Development and Innovation team to assess ethics and safety risks in AI models, guiding model and product development. 

Outlines a comprehensive evaluation process, including red-teaming for risk assessment, to identify and mitigate potential model risks, particularly for emerging ""frontier"" AI models. 

Promotes transparency through model reporting and information sharing, using tools like model cards and data sheets to document AI systems. 

Engages in post-deployment monitoring and employs a bug bounty program to address vulnerabilities and misuse of AI models. 

Implements robust security measures to protect AI models, including a Secure AI Framework and engagement with external security experts. 

Explores technical solutions like watermarking and metadata to identify AI-generated content's provenance. 

Prioritizes research on societal, safety, and security risks, supporting external AI impact research through initiatives like the Digital Futures Project."
1029,"Guidance on Application of the Fair Housing Act to the Advertising of Housing, Credit, and Other Real Estate-Related Transactions through Digital Platforms",Department of Housing and Urban Development,False,False,"Explains how the Fair Housing Act applies to housing-related advertising via AI and algorithmic systems on digital platforms.

Prohibits discriminatory advertising practices based on protected characteristics such as race, color, religion, sex, national origin, familial status, or disability.

Warns that audience categorization and algorithmic delivery tools can unintentionally lead to discrimination by excluding or targeting groups based on protected characteristics.

Requires advertisers and platforms to avoid using AI tools that segment audiences by protected characteristics or proxies like geographic location.

Urges ad platforms to disable certain targeting functions for housing ads and conduct regular audits to ensure compliance with the Act.

Recommends that advertisers and platforms manage discriminatory risks by utilizing separate processes for housing-related ads and monitoring ad delivery outcomes for bias.

Advises documenting and publicly sharing information on ad targeting functions to ensure transparency and accountability."
1033,Increasing AI Capacity Across the Federal Government: AI Talent Surge Progress and Recommendations,Executive Office of the President,False,False,"Mandates Federal agencies strengthen AI safety, security, privacy, equity, civil rights, and innovation through Executive Order 14110, signed by President Biden.

Launches a National AI Talent Surge to recruit AI professionals into the Federal Government, enhancing AI regulatory and policy capacity, government use of AI, and AI R&D ecosystem.

Facilitates AI hiring with Direct Hire Authority and Excepted Service Appointments granted by the Office of Personnel Management (OPM).

Establishes Chief AI Officers and enhances AI competencies with training programs for the Federal workforce.

Recommends funding increases for AI talent, institutionalizing tech talent programs, improving USAJOBS, and piloting skills-based hiring.

Proposes an AI scholarship-for-service program and public service cultivation within the tech ecosystem.

Encourages global AI talent engagement and provides guidance for improving Federal hiring experiences."
1034,"Government-wide Hiring Authorities for Advancing Federal Government
Use of Artificial Intelligence (AI)",Office of Personnel Management,False,False,"Mandates the U.S. Office of Personnel Management (OPM) to conduct an evidence-based review for hiring and workplace flexibility for AI and data-science roles within 60 days of the Executive Order (EO) 14110.

Authorizes government-wide direct hire authority for specific AI-related positions, effective immediately through December 31, 2028, to address critical hiring needs in AI capabilities.

Permits use of excepted service Schedule A appointments for temporary staffing to support the implementation of EO 14110, with appointments valid for up to two years.

Requires agencies to submit quarterly reports detailing hires made under this direct hire authority, including job announcements and number of hires.

Stipulates agencies must adhere to veterans’ preference and public notice requirements when filling positions under these authorities.

Allows OPM to request information and assess the continued need for these authorities, with the possibility of modification or termination."
1044,"Safe and Responsible AI in Australia Consultation, Interim Response",Government of Australia,False,False,"Proposes strengthening existing laws and considering new legislation to address AI-related risks, particularly in high-risk settings.

Considers mandatory safety guardrails for AI systems in high-risk contexts, focusing on testing, transparency, and accountability.

Plans to work with industry to develop a voluntary AI Safety Standard and explore options for voluntary labelling and watermarking of AI-generated materials.

Emphasizes a risk-based regulatory framework to ensure proportionality and avoid unnecessary burdens on low-risk AI applications.

Commits to collaborating with international partners, aligning with global standards, and contributing to initiatives like the Bletchley Declaration on AI safety.

Supports investments in AI capability development and aims to maximize AI benefits, including through initiatives funded by the 2023–24 Budget.

Establishes an interim expert advisory group to explore AI guardrail options and harmonizes efforts with state and territory governments."
301,South Carolina Recommender System Act,South Carolina,False,True,"Prohibits operators of internet-based applications, including social media platforms, from using automated decision-making (ADM) systems to suggest content for users under 18 who are residents of South Carolina.

Requires operators using ADM systems to suggest content for those 18 or older to either 1) Perform age verification of users through an independent third-party service or 2) Require users to upload government-issued identification, a current photograph, and personal information so age can be verified through publicly available records. 

Establishes civil penalties for violations of the above. "
294,Rhode Island AI Commission Act,Rhode Island,True,False,"Establishes a permanent commission to monitor the use of AI in Rhode Island state government and recommend changes to the state’s use of automated decision-making (ADM) systems that may affect human welfare. 

Instructs the commission to continuously survey the state’s use of ADM systems, including identifying gaps in the procurement, evaluation, and ongoing testing of ADM systems, the training given to individuals using these systems, the transparency, explicability, and auditability of ADM systems, identifying and mitigating disparate outcomes due to protected characteristics, and addressing data security and intellectual property concerns. 

Requires the commission to include representatives from multiple state agencies (commerce, business regulation, children, youth, and families, etc.) and four from academic institutions. 

Requires the commission to submit an annual public report to the Governor and state legislature detailing its activities and findings, regulatory or legislative recommendations–specifically where state offices should or should not use automated decision systems, progress implementing previous recommendations, and the extent of algorithmic decision-making used by the state."
286,Automated Employment Decision Tools Amendment to NY Labor Law,New York,False,True,"Makes it unlawful for an employer in New York to use or implement an automated decision tool to filter employment candidates or prospective candidates for hire that has not undergone an disparate impact assessment annually.

Requires employers to provide the department with a summary of their most recent disparate impact analysis annually. Allows the Attorney General and Commissioner to initiate investigations and legal action if violations are suspected or found. Requires a summary of the most recent disparate impact analysis of the automated decision tool and the distribution date of the tool to be made publicly available on the website of the employer prior to implementing the tool. 
"
300,Texas Workforce Commission Act,Texas,True,False,"Requires the Texas House of Representatives committee overseeing workforce development to conduct a study on whether to establish a workforce training program, administered by the Texas Workforce Commission, to train individuals currently in the workforce in the use, operation, and creation of AI systems. 

Requires the committee to report the results of the study to the Governor, Lieutenant Governor, Speaker of the House, and corresponding committee in the Senate no later than December 1, 2024."
284,An Act preventing a dystopian work environment.,Massachusetts,False,True,"Mandates that employers inform workers of data collection and distribution, including inputs for Automated Decision Systems (ADS), bans employers from collecting data for non-necessary business purposes, and mandates security measures to protect worker data.

Requires employers to inform workers before ADS use and annually provide workers with notice of all ADS in use, bans ADS use for employment decisions where there is potential for bias and/or discrimination, and requires third-party impact assessments to be conducted on such systems before and after use."
1336,Illinois Public Act 103-0804,Illinois,False,False,"Amends the Illinois Human Rights Act to regulate the use of artificial intelligence (AI) in employment-related decisions.

Prohibits employers from using AI in recruitment, hiring, promotion, or other employment practices if it results in discrimination based on protected classes.

Requires employers to notify employees if AI is used in employment decisions.

Mandates the Illinois Department of Human Rights to adopt rules for implementing these AI-related provisions, including specifying conditions and timelines for providing notice.

Defines ""artificial intelligence"" as a machine-based system generating outputs like predictions or decisions that can influence environments.

Includes ""generative artificial intelligence"" as systems producing content simulating human-produced content based on prompts.

Takes effect on January 1, 2026."
150,Industries of the Future Act of 2020,United States Congress,True,False,"Provides a multi-step plan in order to ensure that the United States will ""continue to lead the world in developing emerging technologies"".
Furthers the national interests and security goals of the nation.
Promotes collaboration between existing and new depraments.
Requires the Director of the Office of Science and Technology Policy to submit a detailed report regarding current investments, research and development projects, and more regarding the US mission to be involved in the development of creating the industries of the future. 
Defines the industries specifically
Outlines a plan to increase funding and investments to developments in Artificial Intelligence and Quantum Information Science to 10 billion dollars a year by the year 2025.
Instructs the President to create a council called the Industries of the Future Coordination Council to support and guide the Director.
Outlines the membership guidelines and duties of the councils to uphold the objective that the US will lead the world in technology.
Specifies the termination date of the policy to be 6 years from enactment, on Jan 1, 2027. "
764,2023 UK AI Safety Summit Response (Microsoft),Private-sector companies,False,False,"Commits Microsoft to the responsible development and deployment of AI technologies, emphasizing collaboration with OpenAI and adherence to the National Institute of Standards and Technology AI Risk Management Framework.

Establishes a joint Microsoft-OpenAI Deployment Safety Board for pre-release AI model review, focusing on safety and capability thresholds.

Implements multi-layered AI governance and continuous risk evaluation, including red teaming for security and misuse detection.

Advances transparency through documentation and stakeholder engagement, informing on AI system capabilities and limitations.

Invests in AI safety research and collaborates globally on best practices for AI governance.

Supports a coordinated licensing regime for frontier models to enhance oversight and risk management.

Introduces initiatives like watermarking and metadata-based provenance for identifying AI-generated content.

Provides a framework for vulnerability disclosure and mitigation, offering rewards through bug bounty programs."
292,Artificial Intelligence for California Research Act,California,True,False,"Directs the California Department of Technology to develop and implement a research plan on the feasibility and risks of advanced technologies, specifically AI, to improve state and local government services.

Requires the research plan to include an analysis of the potential benefits and risks of using AI chatbots/assistance in various government benefit and welfare programs (such as disability insurance or affordable housing), a review of best practices from other governments, a cost-benefit analysis of implementing AI in government services, recommendations for effective integration (including risk management and monitoring and evaluation guidelines), and recommendations for mitigating privacy issues.

Instructs the Department of Technology to report its findings to the legislature before January 1, 2026. "
310,New Jersey Bill A168,New Jersey,True,False,"Requires the New Jersey Commissioner of Labor and Workforce Development to conduct a study on the impact of AI-powered technology and automation on the growth of the State’s economy. 

Requires the Commissioner to issue a report within a year that addresses the predicted impact of AI on the labor market for highly skilled professionals, the occupations most affected by and new professions that may be created due to expanded use of AI, the impact of AI on labor productivity and economic growth, and the implications for long-term workforce education."
311,Temporary AI Commission Act,New York,True,False,"Establishes a temporary New York state commission, composed of 13 members appointed by stakeholders in government and academia, to study the impact of and make determinations on how to regulate AI, robotics, and automation.

Requires the commission to study existing state laws and comparative state regulations for AI, the impact of AI on employment and data privacy, public sector AI applications, and the potential impact of AI regulation on industry. Requires the commission to make determinations regarding criminal and civil liability for AI-enabled violations of law and potential restrictions on AI use in weaponry. 

Requires the commission to issue a final report to the governor and other state leaders before December 31, 2024."
299,NY Office of Algorithmic Innovation Act,New York,True,False,"Establishes an Office of Algorithmic Innovation in New York to create policies and set standards that ensure algorithms are safe, effective, and ethical, and that the state is conducive to promoting algorithmic innovation. 

Provides the Office the power to set standards, audit, and establish statewide policy on algorithms used in technology."
309,Creation and Dissemination of Sexually Explicit Content Act,Pennsylvania,False,True,"Proscibes disseminating ""deepfake pornography"" -- lifelike visual content that depicts sexual scenes which did not occur in reality, including images of nudity and sexual acts -- with the intent to harass, annoy, or alarm the depicted individual as a criminal misdemeanor offense in the state of Pennsylvania.

Exempts cases in which deepfake pornography was disseminated with the consent of the depicted individual from punishment under this law."
308,Synthetic Media Disclosure Act,New York,False,True,"Requires any person advertising property or services in New York to disclose when synthetic media is used in advertisements, including when synthetic media depicts a natural person, without the person’s consent.

Establishes civil penalties and fines if the above is violated."
1065,New Generation Artificial Intelligence Development Plan,Chinese central government,False,False,"The ""New Generation Artificial Intelligence Development Plan"" aims to establish China as a global leader in AI by 2030.

Promotes AI integration into economic and social sectors, enhancing national competitiveness and security.

Mandates the development of AI key technologies, including autonomous systems, knowledge computing, and intelligent robots.

Sets strategic objectives to achieve global AI leadership by 2020, 2025, and 2030, with specific economic targets and regulatory frameworks.

Emphasizes building AI innovation systems, fostering high-end AI industries, and upgrading industrial and social intelligentization.

Encourages military-civilian integration of AI technologies and development of AI-related infrastructure.

Establishes standards, regulations, and ethical guidelines to ensure safe, reliable AI development.

Supports talent cultivation and international cooperation to enhance AI R&D and application capabilities.

Outlines governance structures for implementing AI strategies and plans, including task monitoring and evaluation mechanisms."
293,California AI-ware Act,California,True,False,"Establishes the Office of Artificial Intelligence in the California Department of Technology, which will guide state agencies' design, use, and deployment of automated systems in a manner that minimizes bias and promotes privacy and civil liberties.  

Requires state agencies to inform users they are interacting with an AI system, and provide instructions on how the user can reach a non-AI representative."
290,Massachusetts AI in Mental Health Act ,Massachusetts,False,True,"Instructs licensed mental health professionals who wish to provide mental health services through AI to seek approval from a licensing board, inform patients of the use of AI in their treatment, provide non-AI alternatives, and obtain patient consent.

Requires any AI system used to provide mental health services to prioritize the safety and well-being of patients and be subject to continuous monitoring by a licensed mental health professional. 

Establishes disciplinary action by the relevant professional licensing board for mental health professionals who violate the provisions above.  "
287,New York AB A7859,New York,False,True,"Requires employers and employment agencies that use automated employment decision tools to inform job applicants:
(1) That such a tool is being used to screen candidates.
(2) Of which characteristics and qualifications the automated tool considers.
(3) Of what data is collected by the automated tool, where it is sourced, and how it is managed.

Defines ""automated employment decision tool"" as any computational process that produces an output which is used to substantially assist or replace discretionary decision-making for employment decisions that impact natural persons. "
37,Measures for the Management of Generative Artificial Intelligence Services (Draft for Comment),Chinese central government,False,True,"Requires AI-generated content in China to meet a series of criteria, including accuracy, non-discrimination with regard to an array of protected characteristics, intellectual property protection, exclusion of violent content or content that subverts state power, and respect for individual privacy.

Requires AI developers to conduct a security assessment on generative AI systems that evaluates the cybersecurity of the system and its ability to comply with regulations; the assessment must be submitted to regulators before the system can be released for public use. 

Requires AI developers to prevent their generative AI systems from being used for various purposes, including engaging in unfair economic competition, and requires generative AI systems to make themselves inaccessible to individuals who use the systems for such purposes. 

Describes the legal liability that developers hold for the content generated by their AI systems and the punishments, including fines, they may face for violating these rules. "
1123,National New Generation AI Standards System Construction Guide,Chinese central government,False,False,"Establishes a comprehensive framework for developing a national AI standards system, emphasizing the integration of ethical, security, and privacy standards.

Aims to clarify top-level design and develop key standards by 2023, focusing on data, algorithms, systems, and industry-specific applications.

Outlines an AI standards architecture, comprising eight categories: basic standards, supporting technologies, software/hardware platforms, general/niche technologies, products/services, industry applications, and security/ethics.

Emphasizes the need for international cooperation and alignment with global standards to ensure high-quality AI development.

Prioritizes the development of standards for key technologies such as machine learning, natural language processing, computer vision, and quantum computing.

Addresses AI applications across various sectors, including healthcare, transportation, finance, and smart cities, ensuring cross-industry standardization.

Focuses on security and ethics, proposing standards for AI data, algorithms, models, and application security, alongside ethical guidelines for impactful AI use."
1112,National Artificial Intelligence Research and Development Strategic Plan 2023 Update,Executive Office of the President,False,False,"Requires the federal government to coordinate and focus R&D investments in AI to ensure U.S. leadership in trustworthy AI systems. 

Reaffirms eight strategies and adds a ninth to emphasize international collaboration in AI research.

Prioritizes investments in fundamental and responsible AI research, human-AI collaboration, and understanding ethical, legal, and societal implications.

Advances safety and security standards for AI systems, ensuring they are reliable and secure from vulnerabilities.

Develops shared public datasets and environments for AI training and testing to democratize access to AI resources.

Establishes benchmarks and standards for evaluating AI systems, including fairness, privacy, and bias considerations.

Addresses workforce needs by training and retraining a diverse AI-ready workforce.

Expands public-private partnerships to accelerate AI advances and facilitate global collaborations for responsible AI development.

Emphasizes the importance of AI governance and the development of international guidelines and standards for AI systems."
280,AB-331 Automated decision tools,California,False,True,"Defines an automated decision tool as any tool that uses artificial intelligence to make consequential decisions relating to employment, education, housing, utilities, healthcare and family planning, financial services, criminal justice, legal services, voting, or government benefits.

Bans the use of automated decision tools in ways that result in algorithmic discrimination on the basis of classes protected by state law. 

Requires any entity that develops or deploys an automated decision tool to perform an impact assessment on the tool, covering its purpose, outputs, use cases, inputted data, and potential discriminatory impacts, and the monitoring, safeguard measures, and testing conducted to mitigate adverse consequences. The impact assessment must be updated annually and after any significant update to the tool, and be provided to the state's Civil Rights Department. 

Requires any entity that deploys an automated decision tool to provide individuals affected by the tool's decisions with a notice that the tool was used and information on the tool's purpose. 

Grants all individuals subject to an automated decision tool's decisions the right to instead have those decisions be made by a human, if technically feasible. 

Requires automated decision tool developers to provide the tool's deployers with documentation of the tool's limitations, training data, and testing. 

Requires the developer or deployer of an automated decision tool to implement a program that governs the foreseeable risks of the tool's use, including designating an employee to monitor the tool and report concerns. 

Permits individuals and public attorneys to bring civil action against entities that violate this law, and makes violation of the law punishable by fines.

Exempts entities with fewer than 25 employees using automated decision tools that affect less than 1,000 people per year from some of this law's provisions. "
1125,Ethical Norms for the New Generation Artificial Intelligence,Chinese central government,False,True,"Outlines six general principles to guide ethical AI development in China, i.e. enhancing human well-being, fairness and justice, privacy and security, controllability, accountability, and improving ethical literacy.

Outlines 18 specific ethical requirements for AI development, which fall under categories of management and governance, R&D, supply, and usage."
1115,TTC Joint Roadmap on Evaluation and Measurement Tools for Trustworthy AI and Risk Management ,Other multinational,False,False,"Establishes a U.S.-EU Joint Roadmap to advance trustworthy AI and risk management, promoting shared democratic values and human rights.

Encourages risk-based approaches, aligning EU and U.S. methodologies, including the EU AI Act and the U.S. AI Bill of Rights.

Advances shared terminologies and taxonomies to foster interoperability and consistent application of AI risk management concepts.

Promotes leadership and cooperation in international technical standards, supporting transparency, inclusiveness, and innovation.

Develops a shared repository for metrics and methodologies to assess AI trustworthiness and risk management tools.

Analyzes existing tools to identify gaps and support AI standards development.

Implements mechanisms to monitor and measure existing and emerging AI risks, providing a tracker and interoperable tests.

Establishes expert working groups and consultation plans to advance short-term and long-term objectives in AI governance."
1373,"Artificial Intelligence Security Standardization White Paper, Section 5 (""Recommendations for AI security standardization work"")",Other authorities,False,False,"Launch AI security standardization work by coordinating a system of AI security standards, focusing on foundational and application-specific research.

Accelerate development of AI security standards in key areas, driven by urgent needs and safety incidents, to address security risks and ethical issues.

Promote the application of AI security standards through pilot mechanisms and collaboration between academia, industry, and research institutions.

Strengthen training for AI security standardization talent by establishing multi-level training programs and fostering collaboration among universities, research institutes, and enterprises.

Participate actively in international AI security standardization by aligning Chinese efforts with global achievements, enhancing China's influence, and facilitating international cooperation.

Establish an early warning mechanism for high-security-risk AI technologies and products, including a catalog of risks and management standards.

Improve AI security supervision by developing an index evaluation system, enhancing AI supply chain security management, and formulating supportive standards."
1377,Artificial Intelligence Law of the People’s Republic of China (Scholars' Draft),Other authorities,False,False,"Mandates the regulation of AI development and use activities within and outside China if they affect Chinese national interests.

Establishes principles of ethics, fairness, transparency, safety, and accountability in AI development and use.

Establishes aims and support measures for AI adoption, infrastructure development and supports data sharing, compute resources, and algorithmic innovation.

Protects intellectual property laws, user privacy rights and encourages applications of energy efficient AI products.

Implements a comprehensive oversight and coordination framework involving multiple government agencies. Mandate compliance with safety and security assessments, especially for critical AI systems.

Provides legal liability structures for violations, including administrative penalties, tort liability, and public interest litigation.

Promotes international cooperation in AI governance and allows for countermeasures against discriminatory foreign actions."
757,EU AI Act,European Union,False,False,"Classifies AI systems into unacceptable, high, limited, and minimal risk categories, defining specific regulatory requirements for each category. Requires strict monitoring and quality management for high-risk systems. 

Establishes transparency and cooperation requirements for general-purpose AI models. Imposes additional risk management and evaluation obligations for general-purpose models with systemic risks.

Applies to AI developers and deployers whose systems are used in the EU market, regardless of their physical location, with certain exceptions.

Defines regulatory exemptions for free and open-source AI systems, subject to transparency and licensing requirements.

Establishes the European Commission’s AI Office to lead implementation efforts and enforce compliance. Allows significant penalties for violations. Defines additional AI regulatory roles for advisory boards and national-level authorities."
50,"DoDD 3000.09 (""Autonomy in weapon systems"")",Department of Defense,True,False,"Establishes Department of Defense policy on the development and use of autonomous and semi-autonomous weapons systems, including armed platforms that are remotely operated or operated by onboard personnel. Those policies include:

Requires  testing and evaluation requirements that must be met before a weapons system is deployed, including testing designed to ensure that weapons systems operate as intended even when subject to actions from adversaries. Outlines requirements that humans be able to intervene should weapons systems begin to operate in unintended ways. Establishes guidelines for the use of autonomous weapons systems designed to mitigate the probability and consequences of weapons systems acting in unintended ways.

"
1137,Interim Measures for the Management of Generative Artificial Intelligence Services,Chinese central government,False,False,"Establishes legal framework for the use and governance of generative AI services in mainland China, promoting innovation while ensuring security and compliance with national values.

Applies to public generative AI services generating text, images, audio, video, but excludes non-public research and development.

Mandates adherence to laws, ethical standards, and the protection of intellectual property, personal information, and societal values.

Encourages independent innovation and international cooperation in AI technology, emphasizing lawful data handling and quality improvement.

Requires providers to ensure information security, sign service agreements with users, and prevent misuse by minors and illegal activities.

Obligates providers to label AI-generated content, maintain service stability, and establish complaint mechanisms.

Imposes oversight by relevant state departments, requiring security assessments for AI with social mobilization potential.

Specifies penalties for non-compliance, including warnings, service suspension, and legal action for serious violations.

Takes effect on August 15, 2023, with provisions for foreign investment compliance."
1144,Global AI Governance Initiative,Chinese central government,False,False,"Calls on countries to enhance information exchange and technological cooperation for AI governance, focusing on security, reliability, and equity.

Opposes using AI for manipulating public opinion, spreading disinformation, or interfering in other nations' affairs.

Urges adherence to international laws and prevention of AI misuse by malicious actors.

Emphasizes global collaboration to make AI technologies open-source and accessible, resisting technological monopolies.

Promotes testing and assessment systems for AI based on risk levels, ensuring AI remains under human control.

Advocates for laws ensuring privacy and data security, opposing illegal data practices.

Stresses fairness and non-discrimination in AI development processes.

Calls for ethical principles and accountability mechanisms, addressing ethical concerns timely.

Encourages wide participation and consensus-based decision-making in AI governance.

Seeks increased representation of developing countries in global AI governance.

Supports UN discussions for an international AI governing institution."
1074,Commission Decision Establishing the European AI Office,European Union,False,False,"Establishes the European Artificial Intelligence Office within the Directorate-General for Communication Networks, Content and Technology to oversee AI advancements and enforce the forthcoming Regulation on AI.

Mandates the Office to develop tools and methodologies for evaluating general-purpose AI models, monitor AI market evolution, and investigate potential regulation infringements.

Requires collaboration with stakeholders, including the scientific community and AI developers, to advance best practices and codes of conduct.

Coordinates with national authorities and EU bodies to ensure uniform application and enforcement of AI regulations.

Supports international cooperation and the promotion of the EU's approach to trustworthy AI.

Tasks the Office with assisting the Commission in preparing relevant decisions and facilitating the uniform application of AI regulations.

Finances the Office through redeployment of resources from the Directorate-General and the Digital Europe Programme. 

Enters into force on 21 February 2024."
1390,White Paper on Artificial Intelligence Standardization 2021,Other authorities,False,False,"Improve the working mechanism to promote AI standardization through the National Information Technology Standardization Technical Committee’s AI Technical Subcommittee.

Develop key AI standards based on principles such as “advantages first, maturity first,” focusing on performance benchmarks and hardware virtual interfaces.

Carry out pilot demonstrations to strengthen AI standardization promotion by selecting national innovation zones for standard application demonstrations.

Create de facto standards to enhance industry competitiveness by promoting AI standards through large-scale applications and integrating them into major projects and open-source communities.

Strengthen international exchanges by connecting with organizations like ISO/IEC JTC 1, participating in international AI standards formulation, and hosting AI-related conferences to promote Chinese contributions globally."
1088,Initial advice on Generative Artificial Intelligence in the public service (New Zealand),Government of New Zealand,False,False,"Prohibits the use of GenAI for data classified as SENSITIVE or higher, and personal information should not be input into external GenAI tools.

Recommends agencies avoid using GenAI for business-critical information, systems, or public-facing channels due to risks of inaccuracy and bias.

Advises against using GenAI as Shadow IT, emphasizing the need for robust governance and accountability in AI application.

Encourages agencies to develop GenAI policies, ensuring ethical use, and promoting transparency and accountability.

Emphasizes the importance of considering privacy risks, recommending privacy impact assessments and engagement with Māori communities regarding Māori data.

Warns of security risks, including insecure code generation and data spills, advising strong cybersecurity practices.

Urges agencies to remain transparent about GenAI usage, ensure human oversight, and validate AI outputs for accuracy.

Suggests using sandboxes for testing GenAI safely and advises on procurement principles to mitigate vendor-related risks. 

This guidance serves as an interim measure while longer-term AI regulatory frameworks are developed."
1127,Opinion on Strengthening Science and Technology Ethics Governance,Chinese central government,False,False,"Mandates embedding ethical requirements throughout scientific and technological activities, including AI, ensuring responsible innovation.

Requires adherence to rule of law in ethics governance, constructing a legal system for AI ethics.

Promotes agile governance for AI, dynamically adjusting to ethical challenges and risks.

Emphasizes the importance of openness and cooperation in global AI ethics governance.

Directs institutions to establish ethics committees for AI and sensitive areas, ensuring compliance with ethical standards.

Urges development of norms and guidelines for AI ethics, enhancing transparency and stakeholder participation.

Establishes the National Committee for Ethics in Science and Technology to guide AI ethics governance.

Mandates strict review and regulation of AI ethics, including risk assessment and compliance with international standards.

Calls for monitoring and early-warning systems for ethical risks in AI, ensuring rapid response to challenges.

Requires education and training on AI ethics for scientific personnel, raising awareness and ensuring adherence to ethical standards."
266,Internet Information Service Algorithmic Recommendation Management Provisions,Chinese central government,False,True,"Regulates algorithmic recommendation services and requires services to implement guidelines and provisions including:

Establish management systems and technical measures for algorithm examination, user registration, information dissemination, security monitoring, incident response, data protection, and fraud prevention;

Conduct regular assessments of algorithms, models, data and application outcomes; 

Strengthen information security management and identify unlawful/harmful information;

Implement tactics to avoid user harms and prohibit dissemination of misinformation; 

Ban false account registration, trading, manipulation and anti-competitive practices; 

Implement specific guidelines for services targeting minors, the elderly, workers and consumers; 

Implement transparent and efficient complaint handling processes; 

Establishes graded/categorized algorithm management system and filing procedures for relevant department authorities charged with oversight of algorithmic recommendation services;

Authorizes relevant departments to carry out security assessments and inspections and;  

Specifies legal liabilities and penalties for violations."
1394,"Digital Charter Implementation Act 2022, Part 3 (""Artificial Intelligence and Data Act"")",Government of Canada,False,False,"Regulates international and interprovincial trade in AI systems by establishing common requirements for design, development, and use.

Prohibits conduct related to AI systems that may cause serious harm to individuals or their interests.

Defines a ""high-impact system"" as an AI system meeting criteria established by regulations, requiring special assessments and risk mitigation measures.

Mandates responsible persons to assess AI systems, establish risk mitigation measures, and keep records, particularly for high-impact systems.

Requires publication of system descriptions and risk mitigation measures on publicly available websites for high-impact systems.

Obligates notification to the Minister if a high-impact system causes or likely causes material harm.

Empowers the Minister to order audits, require implementation of measures, and impose administrative penalties for non-compliance.

Prohibits possession or use of personal information for AI purposes if obtained unlawfully.

Imposes offenses for making AI systems available that cause harm or economic loss with severe penalties."
766,OpenAI Preparedness Framework (Beta),Private-sector companies,False,True,"Commits to continually evaluating and forecasting key areas of risk along several Tracked Risk Categories and indicating current pre- and post-mitigation risk in a Scorecard.

Commits to establishing safety baselines where only models with a post-mitigation score of ""medium"" or below can be deployed and only models with a post-mitigation score of ""high"" or below can be developed further.

Announces creation of a Safety Advisory Group to assist OpenAI leadership and Board of Directors with making safety decisions by overseeing risk assessments and handling emergency scenarios via fast-track process.

Tasks Preparedness team with conducting research, evaluations, and forecasting of risks, submitting regular reports to the Safety Advisory Group, coordinating with other OpenAI teams on recommended mitigations, and managing safety drills and third-party auditing.

"
1395,The Global Security Initiative Concept Paper,Chinese central government,False,False,"Strengthens international security governance on artificial intelligence (AI) and other emerging technologies, and prevents and manages potential security risks.

Issues position papers on regulating military applications and strengthening ethical governance of AI.

Stands ready to strengthen communication and exchange with the international community on AI security governance.

Promotes the establishment of an international mechanism for AI governance with broad participation.

Develops governance frameworks, standards, and norms for AI based on extensive consensus.

Encourages responsible bioscience research and adherence to biosecurity guidelines.

Deepens international cooperation in information security, including data security initiatives.

Enhances studies on the impact of emerging technologies on global counter-terrorism efforts.

Calls for the formulation of global rules on digital governance that reflect all parties' interests."
1126,Position Paper of the People’s Republic of China on Regulating Military Applications of Artificial Intelligence,Chinese central government,False,False,"Calls for countries to regulate military applications of AI to prevent strategic miscalculation and maintain global stability.

Urges countries to ensure military AI is not used to start wars or pursue dominance, respecting sovereignty and territorial security.

Emphasizes compliance with international humanitarian law, minimizing collateral damage, and preventing misuse of AI weapons.

Requires human control over AI weapon systems, ensuring data security, and restricting military use of AI data.

Recommends enhancing self-restraint in AI R&D, with accountability mechanisms and operator training.

Stresses the necessity of tiered regulation and risk management to prevent premature use of risky technologies.

Advocates for multilateral dialogue and cooperation to establish a universal governance regime for military AI.

Encourages developed countries to aid developing nations in governance capacity, opposing ideological divides and ensuring equitable technological advancement."
1129,Position Paper of the People's Republic of China on Strengthening Ethical Governance of AI,Chinese central government,False,False,"Calls for governments to prioritize AI ethics by establishing comprehensive rules, norms, and accountability mechanisms.

Emphasizes the need for AI ethical norms, laws, and policies to address potential risks and enhance AI security.

Urges governments to require R&D entities to integrate ethics throughout AI development, ensuring algorithm security, transparency, and data quality.

Prohibits the use of AI technologies that conflict with laws, regulations, and ethical standards; mandates quality monitoring and emergency measures for AI products.

Stresses safeguarding privacy and data security, advocating adherence to international norms for personal information handling.

Encourages public education on AI ethics and emphasizes the importance of public participation and awareness.

Promotes international cooperation to share AI benefits globally, participate in rule-making, and oppose exclusivity in technological development.

Advocates for international agreements on AI ethics, aiming to establish a widely accepted governance framework and standards respecting national practices."
1076,Israel's Policy on Artificial Intelligence: Regulations and Ethics,Government of Israel,False,False,"Establishes a governmental policy framework for AI regulation, emphasizing sector-specific regulation and consistency with international approaches.

Adopts a risk-based approach and promotes incremental development and regulatory experimentation.

Encourages the use of ""soft"" regulatory tools and multistakeholder cooperation.

Recommends adopting ethical AI principles based on the OECD AI Principles, focusing on growth, human-centric AI, equality, transparency, reliability, and accountability.

Proposes the creation of an AI Policy Coordination Center to advise regulators, promote inter-agency coordination, and lead international representation.

Mandates mapping AI uses and associated challenges in regulated sectors.

Calls for the establishment of forums for regulators and public participation to ensure coordination and open discussions.

Urges active involvement in international forums to develop AI regulation and standards.

Advocates developing tools for responsible AI, including a risk management framework."
1046,The Bletchley Declaration by Countries Attending the AI Safety Summit,Other multinational,False,False,"Affirms the need for AI to be developed and used safely, human-centrically, and responsibly.

Recognizes AI's transformative potential in public sectors like health and education while addressing risks such as disinformation and misuse.

Welcomes international cooperation to tackle AI risks, emphasizing transparency, fairness, accountability, and human rights protection.

Identifies particular risks with frontier AI, including potential catastrophic harm and manipulation of content.

Resolves to intensify cooperation on AI safety, especially regarding frontier AI, through international collaboration and future AI Safety Summits.

Encourages actors, including nations and companies, to ensure AI safety through testing and monitoring harmful capabilities.

Calls for building risk-based policies and enhancing AI capacity in developing countries.

Supports an international network of scientific research on AI safety and sustains a global dialogue to harness AI benefits responsibly.

Commits to further meetings and cooperation to address AI governance, involving countries like the US, EU, China, and others."
1151,Basic Safety Requirements for Generative Artificial Intelligence Services (Technical Documentation),Chinese central government,False,False,"Specifies safety requirements for generative AI services in China, focusing on corpus safety, model safety, and safety measures.

Applies to service providers conducting safety assessments and the main oversight department for evaluating generative AI services' safety levels.

Mandates safety assessments and reporting, adherence to cybersecurity, data security, and personal information protection laws.

Requires corpus source safety management, verification, and traceability, including avoiding illegal content and ensuring intellectual property rights compliance.

Demands annotators follow strict training and rule adherence for data annotation and review.

Stipulates model safety, including foundation model registration, content safety monitoring, and ensuring generated content accuracy and reliability.

Outlines safety measures for service transparency, user data collection, and complaint handling.

Imposes rigorous safety assessment procedures and compliance for corpus, generated content, and question refusal rates."
1128,Regulations for the Promotion of the Development of the AI Industry in Shanghai Municipality,Chinese provincial and local governments,False,False,"Promotes the high-quality development of the AI industry in the municipality by integrating AI with the economy, everyday life, and urban governance.

Defines AI as systems using computers to simulate and expand human intelligence and specifies the AI industry including software and hardware development and application.

Applies regulations to AI-related activities such as innovation, development, and governance within the municipality.

Mandates the Municipal People's Government to lead AI development and integrate AI plans into national economic plans.

Establishes a Municipal Artificial Intelligence Strategy Advisory Expert Committee for strategic advice on AI industry development.

Encourages innovation by citizens and organizations and explores a negative checklist for AI activities.

Supports international cooperation and participation in AI governance.

Encourages AI infrastructure development, including compute resources and big data centers.

Supports algorithm innovation and promotes the trading of algorithm models.

Strengthens AI talent cultivation and promotes AI technology standardization and intellectual property protection.

Implements regulatory measures for AI products, emphasizing ethics and security compliance."
1322,Fraudulent Misrepresentation of Campaign Authority,Federal Election Commission,False,False,"Clarifies that 52 U.S.C. 30124 and 11 CFR 110.16 apply to fraudulent misrepresentation in federal election campaigns, regardless of the technology used, including AI.

Emphasizes that the statute is technology neutral and covers AI-assisted media, forged signatures, and other means of fraudulent activity.

States that the legal focus is on whether individuals fraudulently represent themselves as acting for a candidate or political party.

Announces that this interpretation will guide the Commission's future actions concerning evolving technologies.

Specifies that this interpretive rule does not require notice and comment procedures, nor does it bind the Commission or public.

Excludes the applicability of the Regulatory Flexibility Act, as the interpretive rule does not involve binding agency action."
1385,National Security Memorandum on AI,Executive Office of the President,True,False,"Develop advanced AI computational infrastructure and adopt measures to attract top technical talent to work in the United States to ensure innovation and technological superiority in AI.

Instructs relevant agencies to protect AI intellectual property from foreign threats. 

Issue guidance on testing and evaluating frontier foundational AI systems to manage safety and security risks.

Directs national security institutions to harness AI to advance national security objectives through clear policies, strategies and coordination, while safeguarding human rights, civil liberties, and privacy.

Produce a strategy for the advancement of international AI governance norms in line with safe, secure, and trustworthy AI, and democratic values.

Requires covered agencies to appoint Chief AI Officer to managing risks and opportunities of AI

Requires the formation of an interagency National Security Coordination Group to harmonize polices related to AI in National Security 


"
1387,National Security Memorandum on AI: Governance and Risk Management Framework,Executive Office of the President,True,False,"Mandates agencies to identify prohibited and high-impact AI use cases, emphasizing risks to national security, human rights, and civil liberties. 

Restricts the use of AI whose output serves as the primary basis for decisions that could pose significant risks to human rights or national security, unless accompanied by human oversight.

Requires agencies to conduct risk assessments and implement minimum risk management practices for high-impact AI uses, ensuring human oversight and accountability.

Mandates annual inventories of high-impact AI use cases and establishes data management policies prioritizing AI systems.

Obligates agencies to appoint Chief AI Officers and establish AI Governance Boards to oversee AI activities and compliance. 

Stipulates standardized training for responsible AI use and development, ensuring accountability and documentation.

Allows waivers for certain risk management practices under strict conditions and oversight.

Ensures transparency and public trust through periodic reporting on AI oversight activities, with unclassified information made publicly available where possible."
1460,Wisconsin Act 2023-123 (AI Content Disclosure),Wisconsin,False,False,"Amends the title of statute 11.1303 to include synthetic media in political contexts.

Defines ""synthetic media"" as audio or video content substantially produced by generative AI.

Mandates disclosure in audio communications with synthetic media, stating ""Contains content generated by AI"" at the start and end.

Requires video communications with synthetic media to display readable notices throughout, indicating AI-generated content.

Authorizes the commission to implement rules, including possible exceptions to disclosure requirements.

Specifies that compliance does not exempt from other civil or criminal liabilities.

Establishes penalties up to $1,000 for intentional violations of disclosure requirements.

Exempts broadcasters from liability unless they are responsible committees.

Clarifies that the act does not alter the rights or obligations under 47 USC 230.

Applies disclosure requirements to communications created on or after the act's effective date."
1459,West Virginia HB 5690 (AI Task Force),West Virginia,False,False,"Establishes the West Virginia Task Force on Artificial Intelligence within the Office of the Governor. 

Specifies membership including representatives from government, industry, education, and health sectors, appointed by various authorities. 

Charges the Task Force with responsibilities such as recommending AI definitions for legislation, identifying relevant state agencies for AI policy oversight, and developing best practices for public sector AI use. 

Mandates recommendations on AI's impact on employment, protecting individual rights and data, and addressing AI use in education. 

Requires the Task Force to assess current AI use in state agencies and consider extending its mandate to keep pace with AI advancements. 

Obligates submission of a comprehensive report by July 1, 2025, after which the Task Force terminates. 

Requires initial appointments within 90 days and quarterly meetings, with administrative support provided by the Office of Technology."
1515,Michigan HB 2023-5144 (Election Law),Michigan,False,False,"Prohibits the distribution of materially deceptive media produced by artificial intelligence within 90 days of an election if intended to harm a candidate's reputation or alter voting behavior.

Exempts media with a clear disclaimer that it has been manipulated and includes a citation to the original source.

Classifies violations as a misdemeanor for the first offense and a felony for subsequent offenses within five years.

Allows the attorney general, affected individuals, candidates, or voter organizations to seek permanent injunctive relief in certain courts.

Requires that injunctive relief complaints be non-frivolous and supported by clear and convincing evidence.

Defines ""materially deceptive media"" as AI-generated content that falsely depicts individuals in misleading ways.

Conditions the act's effectiveness on the enactment of House Bill No. 5143."
1435,New Mexico HB 182 (Campaign Reporting Act),New Mexico,False,False,"Amends the Campaign Reporting Act to require disclaimers on advertisements containing materially deceptive media created through artificial intelligence (AI).

Defines ""materially deceptive media"" as content using AI to falsely depict individuals without consent.

Mandates disclaimers stating the content is AI-manipulated, specifying whether it is an image, video, or audio.

Prohibits the distribution of materially deceptive media within 90 days before an election if intended to mislead voters, unless accompanied by the required disclaimer.

Establishes penalties for violations: a misdemeanor for a first offense and a fourth-degree felony for subsequent offenses.

Allows enforcement and injunctive relief by the attorney general, district attorneys, affected individuals, candidates, or organizations representing voters' interests.

Excludes certain media types from disclaimer requirements and clarifies non-violation conditions for broadcasting stations and distribution platforms."
1517,Minnesota HF 1370 (Deepfake Accountability and Public Safety) ,Minnesota,False,False,"Establishes a cause of action for the nonconsensual dissemination of deep fake sexual images in Minnesota, allowing plaintiffs to seek damages, including financial losses and mental anguish.

Defines the crime of using deep fake technology to influence elections, with penalties including imprisonment and fines for violations committed within 90 days before an election.

Criminalizes the intentional dissemination of deep fake images depicting intimate parts or sexual acts without consent, with increased penalties for aggravating factors such as intent to profit or harass.

Allows for injunctions and restraining orders to prevent further harm and includes confidentiality measures for plaintiffs.

Provides exemptions for lawful purposes, such as criminal investigations, reporting unlawful conduct, or scientific research, while ensuring compliance with federal law.

Specifies that these provisions are effective from August 1, 2023, and outlines jurisdiction and venue rules for related legal actions."
1513,Michigan HB 5141 (Campaign Practices),Michigan,False,False,"Amends campaign finance law to require that political advertisements generated substantially by artificial intelligence include a clear and conspicuous statement indicating AI involvement.

Mandates that AI-generated political advertisements in graphic form display the statement in large text, while audio communications must audibly disclose AI use at the beginning or end.

Requires video advertisements to display the statement for at least four seconds and include an audible disclosure.

Imposes fines for violations, with $250 for the first offense and up to $1,000 for subsequent offenses.

Exempts bona fide news coverage and platforms with clear policies on AI content disclosure from these requirements.

Defines ""qualified political advertisement"" as including various advertising formats related to elections or ballot questions using AI-generated content.

Conditions the act’s effectiveness on the enactment of House Bill No. 5143."
1500,Idaho HB 664 (Freedom From AI-Rigged Elections Act),Idaho,False,False,"Enacts the ""Freedom From AI-Rigged (FAIR) Elections Act"" to regulate synthetic media in electioneering communications.

Defines ""synthetic media"" as altered audio or video intended to mislead about real events or speech through advanced digital techniques.

Allows candidates misrepresented by synthetic media to seek injunctive relief and damages against the creators or distributors.

Requires disclosures on synthetic media: a visible text or audible notice stating the media is manipulated.

Places the burden on plaintiffs to prove synthetic media use by clear and convincing evidence.

Holds information content providers liable, not the medium, unless disclosures are altered or removed.

Encourages courts to resolve cases swiftly.

Declares provisions severable to maintain the act's enforceability if parts are invalidated.

Implements the act immediately upon passage due to an emergency declaration."
1447,Utah HB 249 (Utah Legal Personhood Amendments),Utah,False,False,"Prohibits governmental entities in Utah from granting or recognizing legal personhood for artificial intelligence.

Restricts legal personhood to human beings and excludes inanimate objects, bodies of water, land, real property, atmospheric gases, astronomical objects, weather, plants, nonhuman animals, or any non-human taxonomic domain.

Applies these restrictions regardless of other legal provisions.

Enacts the bill with an effective date of May 1, 2024."
1399,Alabama HB 172 (Use of Materially Deceptive Media in Elections),Alabama,False,False,"Prohibits the distribution of materially deceptive media, produced by AI, within 90 days before an election if intended to harm a candidate's reputation or influence voting patterns.

Defines ""materially deceptive media"" as AI-generated content falsely depicting individuals in actions or speech they did not partake in.

Allows exceptions if disclaimers clearly state the media's manipulation and provide source citations for edited content.

Classifies violations as Class A misdemeanors, with repeat offenses within five years as Class D felonies.

Permits the Attorney General, depicted individuals, candidates, and voter-representing entities to seek permanent injunctive relief against violators.

Excludes distributors without knowledge of deception or intent to harm from violations, including media entities distributing content as part of legitimate news coverage.

Protects satire and parody, provided they don't rely on AI for impersonation.

Effective October 1, 2024."
1539,Washington S 5838 (Artificial Intelligence Task Force),Washington,False,False,"Establishes a task force in Washington State to assess current AI uses and trends and recommend guidelines and potential legislation for AI systems.

Composes the task force of an executive committee with appointed members from legislative bodies, the attorney general's office, technology experts, industry representatives, and community advocates.

Charges the task force with examining AI development and use, focusing on safety, privacy, and civil rights, and submitting recommendations to the legislature.

Mandates a literature review on AI public policy issues, analysis of existing legal protections, and proposals for ethical AI guidelines and high-risk AI use identification.

Tasks the office of the attorney general with administering the task force, retaining consultants, and supporting subcommittee formation.

Requires the task force to deliver reports to the governor and legislature, with a final report due by July 1, 2026.

Expires the task force on June 30, 2027."
1528,Oregon SB 1571 (AI in Campaign Ads),Oregon,False,False,"Mandates that campaign communications using synthetic media include a disclosure stating the manipulation of images, audio, or video.

Allows the Secretary of State and the Attorney General to initiate legal proceedings to prevent violations of the requirement for disclosure in campaign communications using synthetic media.

Imposes a civil penalty of up to $10,000 for violations, with penalties directed to the State Treasury's General Fund.

Excludes certain media providers, broadcasters, and publications from the disclosure requirement, provided they acknowledge potential authenticity issues or involve satire or parody.

Adds the new provisions to Oregon Revised Statutes chapter 260 and amends ORS 260.345 to incorporate enforcement mechanisms for violations involving synthetic media in campaign communications.

Permits the Secretary of State to establish rules to implement these provisions.

Declares an emergency for immediate enactment to preserve public peace, health, and safety."
1535,Utah SB 131 (Information Technology Act Amendments),Utah,False,False,"Enacts requirements for disclosure of synthetic media generated by AI in election-related communications, effective May 1, 2024. 

Mandates audio communications with synthetic audio to state, ""Contains content generated by AI,"" at both the beginning and end. 

Requires visual communications with synthetic media to display phrases such as ""This content generated by AI"" throughout the video or image. 

Imposes a requirement for creators and sponsors to include tamper-evident digital content provenance in online advertisements, detailing the creators, edits, and AI usage.

Allows civil penalties up to $1,000 per violation.

Considers the intentional use of AI as an aggravating factor in criminal sentencing, effective July 1, 2024. 

Permits judges and parole boards to regard AI-assisted crime as an aggravating factor during sentencing. 

Maintains judicial discretion in sentencing decisions despite AI-related aggravating factors."
1496,Florida SB 1680 (Advanced Technology),Florida,False,False,"Create the Government Technology Modernization Council within Florida's Department of Management Services to study and monitor new technologies, including artificial intelligence (AI).

Require the council to recommend legislative and administrative actions to promote data modernization and AI system deployment, and establish AI safety standards.

Mandate the council to assess AI's impact on legal rights and its use by governmental and private entities, focusing on potential exploitation by bad actors.

Direct the council to evaluate the need for digital literacy curricula and submit annual recommendations for government technology modernization.

Prohibit knowingly possessing, controlling, or intentionally viewing generated child pornography, with violations constituting a third-degree felony.

Forbid intentionally creating generated child pornography, imposing similar felony penalties.

Prohibit reproduction of generated child pornography in criminal proceedings, ensuring secure custody by law enforcement.

Specify the act's effective date as July 1, 2024."
1403,Colorado HB 1468 (Artificial Intelligence Impact Task Force),Colorado,False,False,"Establishes the Artificial Intelligence Impact Task Force in Colorado to propose recommendations for protecting consumers and workers from AI systems and automated decision systems.

Defines key terms, including ""artificial intelligence system,"" ""automated decision system,"" and ""algorithmic discrimination.""

Requires the task force to consider transparency, disclosure, and protection measures against algorithmic discrimination, and to recommend best practices for ethical and equitable AI usage.

Mandates the task force to include diverse representation and expertise in AI and related fields.

Obligates the task force to meet regularly, with an initial meeting by September 1, 2024, and to submit a report by February 1, 2025.

Permits the task force to continue meeting as needed until its repeal on September 1, 2027, subject to review.

Specifies that non-legislative task force members serve without compensation, but legislative members receive compensation."
1439,Oregon HB 4153 (AI Task Force),Oregon,False,False,"Establishes the Task Force on Artificial Intelligence in Oregon, comprising 14 members with diverse expertise.

Requires task force members to have proficiency in computer science, AI, technology industries, workforce development, or data privacy.

Mandates the task force to examine and define AI-related terms for potential legislation, aligning closely with federal definitions.

Requires the task force to gather input from a wide range of stakeholders, including academia, consumer groups, and businesses.

Directs the task force to report recommendations to an interim committee by December 1, 2024.

Provides that the Legislative Policy and Research Director offers staff support, and state agencies assist the task force.

Specifies that the task force ceases on January 1, 2025, with an emergency declared for the act's immediate implementation."
1464,Connecticut SB 1103 (AI Automated Decision Making),Connecticut,False,False,"Mandates the Department of Administrative Services to inventory AI systems used by state agencies and make this information publicly available by December 31, 2023, with annual updates.

Requires ongoing assessments of AI systems to prevent unlawful discrimination or disparate impacts, starting February 1, 2024.

Directs the Office of Policy and Management to establish AI policies and procedures for state agencies by February 1, 2024, addressing procurement, implementation, and assessment to avoid discrimination.

Prohibits state agencies from implementing AI systems without impact assessments ensuring non-discrimination.

Establishes a similar framework for the Judicial Department, including inventories, policy development, and assessments.

Prohibits state contracts with businesses unless they comply with specified statutory provisions, effective October 1, 2023.

Creates a working group to recommend ethical AI use in government, assess federal AI guidelines, and propose an AI bill of rights for Connecticut, reporting findings by February 1, 2024."
1485,Arizona SB 1359 (Deepfakes in Election Communications),Arizona,False,False,"Prohibits the creation and distribution of deceptive and fraudulent deepfakes of election candidates within ninety days before an election unless there is a clear disclosure that the content is generated by artificial intelligence.

Exempts satire, parody, and interactive computer services from this prohibition.

Imposes a civil penalty for each day a deceptive deepfake is distributed without the required disclosure.

Defines a ""creator"" as a person using AI or digital technology to generate synthetic media, excluding technology providers.

Clarifies ""deceptive and fraudulent deepfake"" as synthetic media intended to mislead people about a candidate's actions or statements.

Defines ""synthetic media"" as digitally manipulated images, audio, or video to create realistic but false impressions."
1432,New Hampshire HB 1688 (AI Use By State Agencies),New Hampshire,False,False,"Prohibits state agencies from using AI to classify individuals based on behavior, socio-economic status, or personal characteristics if it results in unlawful discrimination.

Bans real-time and remote biometric identification systems for public surveillance, except by law enforcement with a warrant.

Forbids the use of deepfakes for deceptive or malicious purposes.

Mandates human review of AI-generated, irreversible recommendations or decisions before implementation.

Requires disclosure for content generated by generative AI if not reviewed by a human.

Informs users when interacting with AI systems.

Obligates state agencies to review AI use for compliance within nine months and align procedures with the chapter and ethics code.

Demands removal of prohibited AI systems and ensures new AI deployments comply with regulations.

Directs the Department of Information Technology to report annually on AI systems used by state agencies, noting compliance and changes.

Specifies the act's effective date as July 1, 2024."
1444,South Dakota SB 79 (Child Pornography),South Dakota,False,False,"Defines ""computer-generated child pornography"" to include AI-generated depictions indistinguishable from actual minors engaged in prohibited sexual acts.

Criminalizes possession, distribution, and manufacture of child pornography, including AI-generated content, with varying felony classes and mandatory minimum sentences for first and subsequent offenses.

Prohibits defenses based on consent or mistaken age, but allows an affirmative defense if the depiction is solely of the person charged.

Mandates court assessments for convicted individuals and allows sentence mitigation in specific circumstances.

Requires prior out-of-state convictions for similar offenses to be considered in determining repeat offenses.

Specifies that certain materials with serious value are exempt from these prohibitions.

Incorporates offenses involving child pornography into the definitions of sex crimes, impacting registration and sentencing.

Addresses juvenile sexting, deeming it a misdemeanor if minors distribute or possess nude images or participate in prohibited acts using digital media."
1507,Indiana HB 1133 (Digitally Altered Media in Elections),Indiana,False,False,"Amends the Indiana Code to add regulations on the use of digitally altered media in elections.

Defines ""campaign communication"" to include media advocating for or against a candidate, with fabricated media depicting candidates requiring specific disclaimers.

Requires disclaimers for campaign communications containing fabricated media to state that elements have been digitally altered or artificially generated.

Mandates disclaimers in printed, audio, and video formats to meet specific visibility, audibility, and frequency standards.

Allows candidates depicted in fabricated media without the required disclaimer to sue the person who financed, sponsored, or disseminated the communication.

Entitles prevailing plaintiffs to recover actual damages, injunctive relief, and associated legal costs.

Places the burden of proof on the plaintiff to demonstrate depiction in fabricated media by clear and convincing evidence.

Expedites court hearings for related civil actions.

Declares an emergency for the immediate enactment of this regulation."
1468,Maryland HB 622 (Industry 4.0 Technology Grant Program),Maryland,False,False,"Establishes the Industry 4.0 Technology Grant Program in Maryland's Department of Commerce to support small and medium-sized manufacturers in implementing advanced technologies, including artificial intelligence, to improve productivity and competitiveness.

Creates a special, nonlapsing Industry 4.0 Technology Grant Fund to provide financial support, with grants ranging from $25,000 to $500,000, requiring matching funds based on company size.

Reserves 20% of funds for manufacturers with 50 or fewer employees, allowing unused reserves to be reallocated to larger companies.

Requires grant recipients to report on fund usage within one year and mandates potential repayment if conditions are unmet.

Mandates the Governor to allocate $1,000,000 annually from 2024 to 2028 to the Fund.

Directs the Secretary to establish regulations for program implementation and commence the Act on October 1, 2023."
1411,Hawaii SB 2284 (Relating To A Wildfire Forecast System For Hawaii),Hawaii,False,False,"Mandates the University of Hawaii to establish a two-year program for developing a wildfire forecast system using artificial intelligence.

Requires the system to forecast wildfire risks statewide to enhance public safety and improve preparedness and risk mitigation measures.

Obligates the University of Hawaii to report on the program's effectiveness and provide findings, recommendations, and any proposed legislation to the legislature before the 2026 regular session.

Appropriates $1,000,000 from the state's general revenues for fiscal year 2024-2025 to fund the development of the wildfire forecast system.

Specifies that the Act will take effect on July 1, 2024."
1484,Arizona HB 2394 (Digital Impersonation of Candidate for Public Office),Arizona,False,False,"Amends Arizona Revised Statutes to prohibit digital impersonation using AI techniques.

Allows candidates or citizens to take legal action against digital impersonation within two years of awareness.

Mandates proof of unauthorized publication and lack of clear indication of impersonation to prevail in court.

Restricts legal action to originators of paid advertisements containing impersonations.

Exempts interactive computer service providers from liability for third-party content.

Permits filing for preliminary declaratory relief in superior court with expedited ruling requirements.

Specifies conditions for granting preliminary relief, such as immediate elections or significant harm.

Allows further injunctive relief and damages for impersonations involving sexual or criminal content.

Sets standards of proof as clear and convincing evidence for relief actions.

Defines ""digital impersonation"" as AI-manipulated media designed to deceive, excluding parody or artistic expression.

Operates as an emergency measure effective immediately to protect public peace and safety."
1117,The position paper submitted by the Chinese delegation to CCW 5th Review Conference,Chinese central government,False,False,"Urges extensive discussion on defining and scoping Lethal Autonomous Weapon Systems (LAWS), focusing on autonomy levels, human involvement, and distinctions between civilian and military uses.

Advocates for LAWS to be governed by international humanitarian laws, highlighting uncertainties in distinction, proportionality, and accountability with current systems.

Supports developing a legally binding protocol on LAWS, akin to the Protocol on Blinding Laser Weapons, to address legal gaps.

Warns that LAWS increase war's ease and frequency by lowering thresholds and costs, posing risks of indiscriminate harm to civilians.

Calls for caution in using LAWS, particularly to prevent indiscriminate civilian targeting.

Welcomes progress in LAWS discussions within the Convention on Certain Conventional Weapons (CCW) framework and supports continued expert meetings."
1431,New Hampshire HB 1432 (Deepfakes),New Hampshire,False,False,"Prohibits the creation, distribution, or presentation of deepfakes intended to embarrass, harass, entrap, defame, extort, or harm reputations or finances, categorizing such acts as a class B felony.

Establishes an additional offense and liability for legal expenses if the deepfake results in an individual's arrest.

Exempts interactive services, media entities engaged in bona fide news reporting, election communications with appropriate disclaimers, and satire or parody from these prohibitions.

Allows individuals to sue those who knowingly create harmful deepfakes for damages.

Mandates that the secretary of state reject lobbyist registrations from entities convicted of deepfake-related offenses.

Specifies that provisions are severable, ensuring unaffected provisions remain enforceable if any part is invalidated.

Sets the act's effective date as January 1, 2025, following its approval on July 19, 2024."
1510,Louisiana SB 6 (Unlawful Dissemination of AI Images),Louisiana,False,False,"Enacts R.S. 14:73.14 to criminalize the unlawful dissemination or sale of AI-generated images depicting nudity without authorization, with intent to coerce, harass, or intimidate.

Defines the crime as involving images where the distributor knows they lack the authority to distribute or sell the images.

Exempts interactive computer services and providers of telecommunications or information services from liability if their systems are used for such acts by others.

Defines ""another person"" as someone whose recognizable image is used in creating AI-generated content meant to depict a real individual."
1406,Delaware  H 333  (Artificial Intelligence Commission ),Delaware,False,False,"Establishes the Delaware Artificial Intelligence (AI) Commission to make legislative and executive recommendations on AI.

Mandates the development of statewide AI processes, principles, and guidelines for government agencies.

Encourages the use of AI in agencies to improve service delivery and ensures AI usage does not violate individual rights.

Requires an inventory of Generative AI use within state agencies to identify high-risk areas.

Comprises a 19-member commission, with appointments from state officials, academia, and the private sector.

Requires the commission to submit an annual report on activities, goals, and policy recommendations.

Places the commission within the Department of Technology and Information, with staffing support from the Chief Information Officer.

Sets an expiration of the Act 10 years after enactment unless extended by the General Assembly."
1445,Tennessee Artificial Intelligence Advisory Council Act,Tennessee,False,False,"Establishes the Tennessee Artificial Intelligence Advisory Council to guide AI awareness, education, and usage in state government.

Requires the council to submit an action plan to the governor for leveraging AI to improve government service efficiency and capture economic benefits.

Mandates the council to report annually on AI's impact on the labor market, propose legal and policy changes, and recommend workforce development strategies.

Directs the council to submit a final report by December 31, 2028, outlining AI governance frameworks, risk analyses, and recommendations for AI deployment in government.

Requires all state departments to cooperate with the council and allows the council to consult with AI experts.

Specifies that the council members will not receive compensation but will be reimbursed for travel expenses.

Repeals the act on December 31, 2028, and takes effect upon becoming law."
1715,"Mississippi S 3000 (Eight Universities Fund), Section 42",Mississippi,False,False,"Reappropriates $53,478,000 from the Education Enhancement Fund for fiscal year 2023-2024 to Institutions of Higher Learning, maintaining original funding purposes.

Allocates $15,000,000 to the University of Mississippi for expenses in Data Science and Artificial Intelligence, Healthcare Innovation, and related infrastructure.

Limits expenditure to the unexpended balance of funds as of June 30, 2023, and maintains the original purpose of the funds.

Allocates additional funds to Delta State University for flight simulators, Mississippi State University for computing infrastructure, and Alcorn State University for STEM programs, among other specified projects.

Ensures funds support technology transfer and entrepreneurial programs potentially linked to the Department of Defense and related federal research in Mississippi.

Requires consistency with the original authorization in Senate Bill 3002 from the 2022 Regular Session."
1454,Virginia SB 487 (Use of Artificial Intelligence by Public Bodies),Virginia,False,False,"Mandates the Joint Commission on Technology and Science (JCOTS) to conduct an analysis of artificial intelligence use by public bodies in Virginia.

Requires examination of policies for AI procurement, implementation, and assessment to prevent unlawful discrimination or disparate impact.

Requires public bodies to assess and continually review the impact of AI systems to avoid unlawful outcomes.

Mandates consideration of establishing a Commission on Artificial Intelligence to advise the General Assembly on AI-related issues.

Requires JCOTS to evaluate the composition and duties of this commission based on specified criteria.

Obligates JCOTS to report findings and recommendations to relevant House and Senate committees by December 1, 2024."
1714,"Iowa S 2435 (Appropriations to the Education System), Division III, Section 6. (""GENERAL FUND APPROPRIATIONS"")",Iowa,False,False,"Allocate $2.8 million to Iowa State University of Science and Technology to address workforce needs in science, technology, engineering, and mathematics (STEM) by expanding degree and certificate programs in artificial intelligence, cybersecurity, computer science, and related fields.

Promote innovation in areas such as digital agriculture, manufacturing, water quality, vaccine delivery technologies, and biosciences with the allocated funds.

Ensure that the state board of regents and the institutions of higher learning governed by them do not reduce budgeted funds for their police departments for the fiscal year 2024-2025.

Require the state board of regents to submit a quarterly financial report to the general assembly, including details on five-year graduation rates for the regents universities in the report for the quarter ending December 31, 2024."
1521,New Hampshire HB 1596 (AI Usage in Political Advertising),New Hampshire,False,False,"Prohibits the distribution of deepfake content created using artificial intelligence or generative AI within 90 days of an election if it involves candidates, election officials, or parties.

Exempts from the prohibition any media that includes a clear disclosure indicating manipulation by AI, specifying whether it is an image, video, or audio.

Allows affected candidates or election officials to seek legal action for injunctive relief or damages.

Excludes liability for platforms providing content from third parties, individuals unaware of deepfake nature, and bona fide news reports questioning the authenticity of materials.

Excludes satire or parody content that doesn't rely on AI.

Requires disclosures to be easily readable or audible based on the media type.

Specifies the act takes effect on August 1, 2024, with severability of provisions if any are found invalid."
1497,Hawaii SB 2687 (Deceptive Media),Hawaii,False,False,"Prohibits the reckless distribution of materially deceptive media, including deepfake and generative AI content, during election periods, to protect candidates' reputations and electoral prospects.

Establishes criminal penalties for violations, including petty misdemeanors, misdemeanors for repeat offenses, and class C felonies for intent to cause violence or harm.

Allows exceptions for broadcasters and online services that did not create the deceptive media, or if disclaimers indicate manipulation.

Mandates that disclaimers must be clearly visible and in the same language as the media, with specific requirements for video, image, and audio content.

Provides civil remedies for individuals or organizations harmed by deceptive media, including damages, attorney's fees, and injunctive relief.

Empowers the attorney general, campaign spending commission, and other authorities to enforce these provisions and seek injunctions.

Defines ""artificial intelligence"" and ""materially deceptive media"" for clarity and enforcement purposes."
1402,Colorado HB 1147 (Candidate Election Deepfake Disclosures),Colorado,False,False,"Prohibits the distribution of deepfakes concerning candidates for elective office without a clear disclosure, within 60 days before a primary or 90 days before a general election.

Requires a disclosure stating the content has been falsified if a deepfake is distributed.

Mandates that disclosures in visual and audio communications meet specific size and clarity standards.

Allows candidates affected by deepfakes to seek injunctive relief, damages, and other remedies against violators.

Exempts bona fide news, satire, and parody from the prohibition, as well as certain media and technology providers.

Obligates the Secretary of State to promulgate rules to enforce these provisions.

Permits civil penalties and administrative complaints for violations.

Establishes the act's effective date as July 1, 2024, with applicability to communications distributed thereafter."
1446,Tennessee SB 1711 (Use of AI Technology by Students),Tennessee,False,False,"Mandates the board of trustees of the University of Tennessee, the board of regents, and local governing boards of state universities to adopt AI usage policies for students, faculty, and staff by July 1, 2025.

Encourages public higher education institutions to collaborate on policy development and implementation for AI use.

Requires these boards to post policies online and submit them to respective education committees by July 1, 2025, with noncompliance leading to mandatory reporting to the joint government operations committee.

Obliges the adoption of AI policies for students, teachers, and staff in schools by the 2024-2025 school year, with annual compliance reports due to the Department of Education starting July 1, 2024.

Instructs public charter schools to implement AI policies by the 2024-2025 school year, with annual compliance reporting to the Department of Education beginning July 1, 2024.

Takes effect immediately upon becoming law, citing public welfare."
1420,Maryland  H 1128  (Talent Innovation Program and Fund ),Maryland,False,False,"Establishes the Talent Innovation Program in the Maryland Department of Labor to increase access to high-quality job training, with a focus on industries such as artificial intelligence.

Creates the Talent Innovation Fund as a special, nonlapsing fund to support the program, including job training and talent financing mechanisms.

Requires the program to conduct pilots, research, and stakeholder engagement to develop sustainable talent financing approaches.

Mandates an initial pilot program focused on the cybersecurity sector to expand regional cyber ranges for job training.

Authorizes the Department to provide grants and funding to various entities and individuals for training and support services.

Directs the State Treasurer to invest the fund's money, with interest earnings credited to the fund.

Compels the Department to adopt regulations and report annually on program activities and fund utilization to state leadership."
1538,Washington SB 5152 (Synthetic Media),Washington,False,False,"Defines ""synthetic media"" as manipulated images, audio, or video that create a false impression of a real individual's appearance, speech, or conduct.

Allows candidates to seek injunctive relief or damages if their appearance, speech, or conduct is altered using synthetic media in electioneering communications.

Requires disclosure for synthetic media, stating, ""This (image/video/audio) has been manipulated,"" with specific guidelines for visibility and audibility.

Places the burden of proof on plaintiffs to demonstrate synthetic media use by clear and convincing evidence.

Encourages courts to expedite proceedings related to synthetic media disputes.

Holds sponsors, but not mediums, liable unless mediums alter content or remove required disclosures.

Exempts interactive computer services from being treated as publishers of third-party content, except under specific conditions.

Mandates the public disclosure commission to adopt rules supporting this chapter without constituting violations under existing campaign finance laws."
1716,"Nebraska L 1284 (Teacher Incentive Programs), Sec. 2.",Nebraska,False,False,"Create the Dyslexia Research Grant Program, administered by the State Department of Education, to support research on AI-based writing assistance for individuals with dyslexia.

Allow privately owned businesses in Nebraska researching AI writing tools for dyslexia to apply for grants, using a prescribed form.

Limit the total grant awards to $500,000, intended to be funded by the Education Future Fund.

Require all grant funds to be used specifically for researching AI tools that use aggregate writing analytics to help develop literacy plans for dyslexic students.

Mandate notification of the Attorney General if grant funds are misused, prompting a civil action to recover funds, which are then credited back to the Education Future Fund.

Authorize the State Board of Education to adopt rules and regulations to implement the program."
1721,"Idaho HB 2472 (Managed Care Reform and Patient Rights Act), Sec. 30",Idaho,False,False,"Amends the Managed Care Reform and Patient Rights Act to require utilization review programs using algorithmic automated processes to ensure that only clinical peers make adverse determinations based on medical necessity.

Mandates these programs to register with the Department of Insurance every two years and provide proof of compliance with Health Utilization Management Standards or equivalent standards.

Requires licensed physicians with relevant board certifications to establish criteria for these automated processes and verify their accuracy.

Obliges health care plans to have appeals procedures, allowing appeals to be filed orally or in writing, with decisions rendered within specified timeframes.

Ensures confidentiality of patient-specific information obtained during utilization reviews, restricting access to authorized individuals.

Permits adverse determination appeals to an external independent review, with potential further appeals to the Department if found arbitrary or capricious.

Authorizes the Department to issue corrective actions or cease and desist orders for non-compliance."
1525,New York SB 1042 (Unlawful Dissemination of Intimate Images),New York,False,False,"Amends the penal law to include the unlawful dissemination or publication of intimate images created or altered by digitization.

Defines ""digitization"" as altering an image realistically using other persons' images or computer-generated images.

Requires intent to cause harm to the emotional, financial, or physical welfare of another person for the offense to occur.

Mandates that the actor knew or should have known that the person depicted did not consent to the dissemination or publication.

Repeals subdivision 2-a of section 245.15 of the penal law.

Specifies that the act takes effect on the sixtieth day after becoming law."
1526,New York SB 9678 (Materially Deceptive Media in Political Communications),New York,False,False,"Amends the election law to require disclosure for political communications using materially deceptive media.

Mandates visual disclosures to be legibly printed, stating ""This (image, video, or audio) has been manipulated.""

Requires audio disclosures to be stated clearly at the beginning, end, and periodically for messages longer than two minutes.

Exempts satire, bona fide news reporting with clear disclosures, stations with consistent disclaimer requirements, and platforms disseminating third-party content in good faith.

Permits candidates depicted in deceptive media to seek legal relief, including court costs, attorney fees, and injunctions against unauthorized dissemination.

Grants courts authority to provide preliminary relief to plaintiffs likely to succeed in proving violations in upcoming elections.

Places the burden of proof on plaintiffs to establish use of deceptive media by clear and convincing evidence.

Clarifies that federal law takes precedence over state requirements for media labeling in political communications."
276,Bill limiting use of AI in elections,Arizona,True,False,"Bans the use of artificial intelligence in the hardware or software used to (a) count, process, or adjudicate ballots, or (b) verify voters' affidavits, in Arizona. "
1152,"UNGA Resolution A/78/L.49 (""Seizing the opportunities of safe, secure and trustworthy artificial intelligence systems for sustainable development""",United Nations,False,False,"Resolves to bridge AI and digital divides globally and promote safe, secure, and trustworthy AI systems to achieve Sustainable Development Goals.

Encourages Member States and stakeholders to support regulatory frameworks for responsible AI, fostering innovation and equitable access to benefits.

Calls for cooperation to assist developing countries in accessing AI benefits through capacity building, digital literacy, and infrastructure.

Emphasizes the protection of human rights throughout AI systems' life cycles and urges cessation of AI use that violates international human rights law.

Promotes inclusive governance of AI, addressing global challenges while considering developing countries' needs.

Recognizes data's importance in AI development and urges fair data governance to harness AI potential for sustainable development.

Encourages continued international cooperation, research, and mapping of AI impacts to inform effective governance.

Calls upon UN entities to assess AI challenges and assist developing countries in capacity building for achieving Sustainable Development Goals."
281,Stop Discrimination by Algorithms Act of 2023,District of Columbia,False,True,"Prohibits entities in Washington D.C. from determining eligibility for, or access to information about, ""important life opportunities"" (e.g., housing or employment) on the basis of race, color, religion, national origin, sex, gender identity or expression, sexual orientation, familial status, source of income, or disability in a discriminatory manner.

Requires entities to provide a public notice describing any algorithmic tools they use to determine eligibility for, or access to information about, important life opportunities. The notice must be sent to any individual about whom such a determination is made.

Requires the notice described above to cover the data collected by algorithmic tools and how that data is shared externally, how that data informs the tool's decisions, and the rights provided under this act.

Requires entities to provide notice, to any individual against whom they take any adverse action (e.g., firing) on the basis of an algorithmic determination, that the individual may access and submit corrections to any personal information considered by the algorithm. A human must then redo the decision based on the corrected information.  

Requires entities to audit their algorithmic decision-making tools before deployment and annually thereafter to analyze discriminatory effects and other impacts, and then implement reasonable measures to address findings of unlawful disparate impact. Entities must submit a report on the audit to the DC government.

Permits affected individuals or the DC Attorney General to file a civil action in response to violations of this law, with fines up to $10,000 per violation."
1531,Tennessee HB 2163 (Sexual Exploitation of Children),Tennessee,False,False,"Amends Tennessee Code to include computer-generated images created, adapted, or modified by artificial intelligence under the definition of materials related to the sexual exploitation of children.

Defines ""artificial intelligence"" as a machine-based system capable of making predictions, recommendations, or decisions, influencing environments, or learning autonomously, developed in any context, including software or hardware, and solving tasks requiring human-like abilities.

Includes ""generative artificial intelligence"" as a system capable of creating new content or data, such as text, images, audio, or video when prompted.

Takes effect on July 1, 2024, for the purpose of public welfare."
1504,Illinois HB 4875 (Publicity Act),Illinois,False,False,"Amends the Right of Publicity Act in Illinois to define ""artificial intelligence"" as systems that generate outputs influencing environments, including generative AI.

Defines ""digital replica"" as an electronic representation of an individual created using AI without their actual participation.

Prohibits the use of an individual's identity or digital replica for commercial purposes without consent during their lifetime and for 50 years posthumously.

Restricts the distribution of works containing unauthorized digital replicas without consent.

Exempts certain uses, such as in news, political campaigns, or works of public interest, unless they falsely create the impression of authenticity.

Incorporates elements from federal law to exempt certain service providers from liability if they act to remove unauthorized replicas upon gaining knowledge.

Applies to acts occurring after January 1, 2025, excluding ongoing or prior legal actions."
1726,"Utah SB 149, Chapter 70 (Artificial Intelligence Policy Act)",Utah,False,False,"Establishes the Office of Artificial Intelligence Policy to oversee the AI Learning Laboratory Program, which analyzes AI technologies' risks, benefits, and regulatory implications.

Mandates the creation of regulatory mitigation agreements, allowing participants to operate under modified regulations while testing AI technologies.

Sets eligibility requirements for regulatory mitigation, including technical expertise, financial resources, and risk management plans.

Requires participants to report consumer harm, privacy breaches, or unauthorized data usage, with potential removal from the program for violations.

Allows an initial 12-month regulatory mitigation period, with a possible 12-month extension.

Defines using generative AI to commit offenses as a punishable act.

Specifies the program's repeal on May 1, 2025.

Takes effect on May 1, 2024."
1725,"Utah SB 149, Section 13-2-12 (Impact of generative AI on liability for violation of consumer protection law)",Utah,False,False,"Establishes that using generative artificial intelligence (AI) is not a defense against violations of consumer protection laws.

Mandates disclosure when generative AI interacts with a person, requiring clear communication that the interaction is with AI, not a human.

Requires providers of regulated occupations to disclose when generative AI is used in service provision.

Prohibits service provision of regulated occupations via generative AI without meeting legal requirements.

Stipulates that disclosures be made verbally at the start of oral interactions and electronically before written exchanges.

Empowers the Division of Consumer Protection to enforce these provisions, including imposing fines up to $2,500 per violation.

Allows the division to seek court actions, which may result in injunctions, disgorgement of funds, or additional fines.

Permits civil penalties up to $5,000 for violating administrative or court orders, enforceable by the attorney general."
1728,"Utah S 84 (Governor’s Office of Economic Opportunity), Part 13. Innovation in Artificial Intelligence Grant Pilot Program",Utah,False,False,"Create the Innovation in Artificial Intelligence Grant Pilot Program to award grants to business entities.

Require the development of AI courses and curricula for K-12 students, emphasizing practical training and career preparation.

Mandate business entities to partner with public or private schools when awarded grants.

Specify application requirements, including program details, school partnerships, and other collaborations.

Evaluate applications based on their potential to achieve program goals and overall viability.

Obligate business entities to enter a written agreement with the office detailing grant specifics before receiving funds.

Authorize the office to establish rules for application procedures, grant awarding, and post-award reporting.

Include an annual written update on the program in the report outlined in Section 63N-1a-306."
1481,West Virginia H 3214 (Road Optimization Assessment Data Pilot Program),West Virginia,False,False,"Creates the ""Road Optimization and Assessment Data Road Pilot Program"" to study alternative methods for assessing and financing road maintenance. 

Mandates the use of Machine Learning (ML) and Artificial Intelligence (AI) to evaluate road conditions in Monongalia and Preston Counties.

Requires the Commissioner of Highways to promulgate rules for legislative approval concerning data collection and road assessment.

Instructs the Division of Highways employees to drive all roads in the pilot counties for data capture.

Utilizes GPS, geotagged positioning, and laser measuring systems to assess road geometry and conditions.

Employs video documentation and reflectometer systems for comprehensive road condition analysis.

Requires biannual data capture and processing over three years to track road condition changes and provide predictive maintenance analysis."
1729,"Massachusetts H 4885 (Firearm Laws), Section 148",Massachusetts,False,False,"Establishes a special legislative commission to study emerging firearm technology, including personalized and microstamp technologies.

Requires the commission to evaluate the risks associated with using digital firearm manufacturing codes for machine learning and artificial intelligence.

Mandates the investigation of the accuracy, effectiveness, and utility of personalized firearm and microstamp technologies.

Instructs the commission to review any legal or constitutional issues relating to these technologies.

Tasks the commission with evaluating the commercial availability of these technologies for new and existing firearms.

Directs the commission to assess the feasibility and utility of a tax incentive program for personalized firearm technology.

Obliges the commission to submit its study and recommendations, including legislative suggestions, by March 1, 2025."
1730,"Connecticut H 5524 (General Government And School Building Projects), Sec. 143-144",Connecticut,False,False,"Administers an artificial intelligence education tool pilot program by the Department of Education for the fiscal year ending June 30, 2025.

Awards a grant by the Commissioner of Education for implementing an AI tool in classrooms, involving five selected school districts.

Requires the inclusion of at least one rural, suburban, and urban district, reflecting state diversity.

Mandates compliance of the AI tool with laws on AI use and student data privacy, including the Family Educational Rights and Privacy Act.

Defines ""artificial intelligence"" as technology using data to train algorithms for tasks usually associated with human intelligence.

Provides professional development for educators in the pilot program, covering AI tool utilization and privacy laws.

Trains educators on AI benefits for instruction, student learning, academic achievement, and workforce development."
1532,Utah HB 148 (Artificial Pornographic Images Amendments),Utah,False,False,"Amends definitions related to child and vulnerable adult sexual abuse material, including depictions created or modified using computer-generated images.

Defines ""distribute"" and ""produce"" in the context of such materials, emphasizing the inclusion of electronic and computer-generated methods.

Criminalizes the distribution of intimate images without consent, outlining penalties, including misdemeanors and felonies for repeat offenses.

Exempts certain entities like law enforcement, legal proceedings, and internet service providers from liability if they incidentally transmit or store such images without intentional engagement.

Addresses sexual extortion, detailing offenses involving coercion through threats to distribute intimate images, with enhanced penalties for aggravated offenses involving children or vulnerable adults.

Prohibits unlawful distribution of counterfeit intimate images, specifying penalties and exemptions for certain entities and situations.

Specifies that the act takes effect on May 1, 2024, providing ample time for stakeholders to comply with the new regulations."
1501,Illinois HB 2123 (Digital Forgeries Act),Illinois,False,False,"Amends the Civil Remedies for Nonconsensual Dissemination of Private Sexual Images Act to define terms such as ""depicted individual,"" ""consent,"" and ""dissemination.""

Establishes a cause of action for depicted individuals against those who intentionally disseminate or threaten to disseminate private sexual images without consent, knowing or disregarding the individual's lack of consent and identifiability.

Clarifies that consent to creation or previous disclosure of an image does not imply consent to further dissemination.

Specifies exceptions to liability, including good faith actions by law enforcement, legal proceedings, and medical contexts, and outlines conditions under which parents or guardians are not liable.

Allows prevailing plaintiffs to recover damages, attorney's fees, and seek injunctive relief, while considering factors like age and dissemination scope.

States that disclosure of digitally altered images is not a defense and does not impose liability on interactive computer services for third-party content."
1519,Mississippi SB 2577 (Wrongful Dissemination of Digitizations),Mississippi,False,False,"Establishes criminal penalties for wrongful dissemination of deepfakes, defined as realistic digital alterations of images or audio using AI or other technologies, particularly if used to influence elections.

Criminalizes dissemination within 90 days of an election without consent and with intent to harm a candidate or election outcome.

Imposes penalties of up to five years imprisonment or $10,000 fines for violations intended to incite violence or deter voting, with lesser penalties for other cases.

Allows injunctive relief actions by various parties, including the Attorney General and affected candidates, to prevent violations and remove disseminated deepfakes.

Exempts certain broadcasters and publishers, including those involved in bona fide news reporting or satire, from liability.

Requires clear labeling of deepfakes as a defense to prosecution.

Takes effect on July 1, 2024."
1416,Indiana HB 1047 (Sexual Offenses),Indiana,False,False,"Amends Indiana law to define ""computer generated image"" as images created or modified through artificial intelligence or software.

Prohibits distribution of intimate images without consent, including AI-generated images, categorizing such distribution as a Class A misdemeanor or Level 6 felony for repeat offenders.

Criminalizes voyeurism involving AI or cameras, with enhanced penalties for repeat offenses or distribution of recorded images.

Establishes that using unmanned aerial vehicles to capture private images without consent constitutes remote aerial voyeurism, punishable as a Class A misdemeanor or Level 6 felony for repeat offenses or distribution.

Exempts certain distributions of images for criminal investigations or under court orders.

Requires commencement of actions for child sexual abuse before certain deadlines or conditions, with exceptions for specific bankruptcy proceedings.

Declares an emergency for the enactment of these provisions."
1537,Washington HB 1999 (Fabricated Sexually Explicit Images),Washington,False,False,"Amends Washington state law to address the creation, possession, and dissemination of fabricated intimate or sexually explicit images using digitization, including artificial intelligence.

Defines ""fabricated depiction"" as images altered to show minors or adults engaging in sexual conduct that did not occur.

Criminalizes disclosing fabricated intimate images without consent, establishing it as a gross misdemeanor or a class C felony for repeat offenders.

Specifies exemptions for disclosures made in the public interest, such as legal, law enforcement, or medical contexts.

Clarifies that interactive computer services and telecommunications providers are not liable for third-party content.

Establishes civil remedies for victims of unauthorized disclosures, including economic, noneconomic, and punitive damages.

Mandates that fabricated depictions remain in law enforcement custody and are not duplicated during legal proceedings.

Specifies timelines for filing civil actions related to unauthorized disclosures, especially for minors."
1505,Illinois SB 382 (Civil Remedies for Nonconsensual Dissemination of Sexual Images),Illinois,False,False,"Amends the Civil Remedies for Nonconsensual Dissemination of Private Sexual Images Act to include ""digitally altered sexual image"" as a defined term, expanding the scope of protection to cover images that are substantially altered to falsely appear authentic.

Specifies that exceptions to liability apply to both private sexual images and digitally altered sexual images, maintaining exceptions for good faith actions by law enforcement, legal proceedings, medical education, and reports of unlawful or unwelcome conduct.

Clarifies that the dissemination of a private or digitally altered sexual image is not a matter of public concern solely because it involves a public figure or is accompanied by a political message.

Retains provisions that a parent or guardian is not liable for dissemination unless done for prohibited purposes, such as sexual gratification or commercial gain. 

Establishes that the Act takes effect upon becoming law, without acceleration or delay from previous or other legislative changes."
1194,Consensus Statement on AI Safety as a Global Public Good (IDAIS),Other multinational,True,False,"Recognizes AI safety as a global public good, urging global governance to mitigate risks from advanced AI systems.

Encourages states and AI developers to commit to foundational principles for responsible AI development, fostering cooperation at intergovernmental summits.

Calls for states to establish and resource AI Safety Institutes to advance testing, research, and standards-setting.

Urges development of domestic authorities to detect and respond to AI incidents, coordinating globally for contingency planning.

Proposes Emergency Preparedness Agreements and Institutions for model registration, incident reporting, and contingency plans.

Establishes a Safety Assurance Framework requiring developers to demonstrate AI safety before deployment.

Calls for post-deployment monitoring and independent audits to ensure AI systems' safety.

Calls for independent global AI safety and verification research, funded by a diverse range of stakeholders.

Encourages international collaboration to develop verification methods, enabling credible safety claims and fostering trust."
1195,Consensus Statement on Red Lines in Artificial Intelligence (IDAIS),Other multinational,True,False,"Proposes red lines in AI development and governance development as an international coordination mechanism to prevent catastrophic risks.

Prohibits AI systems from self-replication or improvement without human approval.

Restricts AI from taking actions to increase its power or influence unduly.

Forbids AI systems from aiding in the development of weapons of mass destruction.

Prohibits AI from autonomously executing cyberattacks causing significant harm.

Prevents AI from deceiving designers or regulators about its capabilities.

Calls for comprehensive governance regimes to prevent crossing of red lines.

Requires domestic registration of advanced AI models for government oversight.

Conditions global market access on compliance with internationally aligned regulations.

Encourages multilateral institutions to govern AGI development safely.

Mandates developers demonstrate adherence to red lines through evaluations and proofs.

Urges international collaboration on AI safety research and funding. 

Emphasizes decisive action combining technical research and governance to mitigate risks."
1196,IDAIS-Oxford Statement (2023),Other multinational,True,False,"Encourages governments worldwide to develop measures to prevent worst-case AI outcomes from malicious or careless actors and manage AI safety risks.

Recommends mandatory registration for creating, selling, or using AI models above a certain capability threshold to enhance government visibility into emerging risks.

Encourages governments to implement requirements to monitor large-scale data centers, track AI incidents, and mandate independent third-party audits for AI developers concerning information security and model safety.

Proposes defining clear red lines that, if crossed, mandate immediate termination of an AI system through rapid and safe shut-down procedures.

Urges international cooperation to establish and maintain the capacity to shut down AI systems crossing red lines.

Calls for AI developers to demonstrate to regulators that their systems will not cross defined red lines before deployment.

Advocates for substantial research progress to ensure advanced AI alignment with designers' intent and robustness against malicious actors.

Encourages a global network of AI safety research and governance institutions, with leading developers committing significant resources to AI safety."
