ID,TEXT,TYPE,doc_index,AGORA ID
0,Department of Commerce,ACTOR,001,2425
1,Secretary of Commerce,ACTOR,001,2425
2,AI,TECHNOLOGY,001,2425
3,automation technologies,TECHNOLOGY,001,2425
4,cybersecurity,RISK,001,2425
5,state and local governments,ACTOR,001,2425
6,federally mandated,REQUIREMENT,001,2425
7,California's Government Operations Agency,ACTOR,002,2052
8,Governor,ACTOR,002,2052
9,Generative AI,TECHNOLOGY,002,2052
10,GenAI,TECHNOLOGY,002,2052
11,California Cybersecurity Integration Center,ACTOR,002,2052
12,energy infrastructure,DOMAIN,002,2052
13,UC Berkeley,ACTOR,002,2052
14,Stanford,ACTOR,002,2052
15,civil society,ACTOR,002,2052
16,academia,ACTOR,002,2052
17,industry experts,ACTOR,002,2052
18,pilot project infrastructure,REQUIREMENT,002,2052
19,training guidelines,LEGAL_SOURCE,002,2052
20,Superintendent of Public Instruction,ACTOR,003,1554
21,artificial intelligence,TECHNOLOGY,003,1554
22,public schools,DOMAIN,003,1554
23,model policy,LEGAL_SOURCE,003,1554
24,education,DOMAIN,003,1554
25,stakeholders,ACTOR,003,1554
26,public school teachers,ACTOR,003,1554
27,schoolsite administrators,ACTOR,003,1554
28,Legislature,ACTOR,003,1554
29,communities of practice,REQUIREMENT,003,1554
30,public transit employers,OTHER,004,1562
31,California,OTHER,004,1562
32,autonomous transit vehicle technology,TECHNOLOGY,004,1562
33,exclusive employee representative,ACTOR,004,1562
34,collective bargaining,LEGAL_SOURCE,004,1562
35,Public Employment Relations Board,ACTOR,004,1562
36,unfair practice charges,OTHER,004,1562
37,emergency regulations,LEGAL_SOURCE,004,1562
38,President,ACTOR,005,385
39,Congress,ACTOR,005,385
40,Artificial Intelligence Advisory Committee,REQUIREMENT,005,385
41,artificial intelligence policy,LEGAL_SOURCE,005,385
42,federal government,ACTOR,005,385
43,employment,OTHER,005,385
44,ethical standards,REQUIREMENT,005,385
45,AI development,TECHNOLOGY,005,385
46,California,OTHER,005,385
47,regulatory response,LEGAL_SOURCE,005,385
48,child sexual assault material,RISK,006,1543
49,CSAM,RISK,006,1543
50,artificial intelligence,TECHNOLOGY,006,1543
51,California,OTHER,006,1543
52,Penal Code,LEGAL_SOURCE,006,1543
53,AI-generated CSAM,TECHNOLOGY,006,1543
54,felony,OTHER,006,1543
55,fines,OTHER,006,1543
56,law enforcement,DOMAIN,006,1543
57,medical,DOMAIN,006,1543
58,educational,DOMAIN,006,1543
59,scientific,LIFECYCLE_STAGE,006,1543
60,Senate Bill 1381,LEGAL_SOURCE,006,1543
61,artificial intelligence,TECHNOLOGY,007,1555
62,AI-generated depictions,TECHNOLOGY,007,1555
63,city,OTHER,007,1555
64,county,OTHER,007,1555
65,state officials,ACTOR,007,1555
66,law enforcement,DOMAIN,007,1555
67,medical,DOMAIN,007,1555
68,educational,DOMAIN,007,1555
69,scientific,LIFECYCLE_STAGE,007,1555
70,AB 1831,LEGAL_SOURCE,007,1555
71,AI-generated content,TECHNOLOGY,008,1549
72,deepfakes,TECHNOLOGY,008,1549
73,California,OTHER,008,1549
74,disclosures,OTHER,008,1549
75,elections,ACTOR,008,1549
76,candidates,ACTOR,008,1549
77,election officials,ACTOR,008,1549
78,injunctive relief,OTHER,008,1549
79,broadcasting stations,ACTOR,008,1549
80,federal laws,LEGAL_SOURCE,008,1549
81,urgency clause,LEGAL_SOURCE,008,1549
82,California Legislature,ACTOR,009,2151
83,President Biden,ACTOR,009,2151
84,Blueprint for an AI Bill of Rights,LEGAL_SOURCE,009,2151
85,Safe and Effective Systems,RISK,009,2151
86,Algorithmic Discrimination Protections,RISK,009,2151
87,Data Privacy,RISK,009,2151
88,Notice and Explanation,OTHER,009,2151
89,Human Alternatives,RISK,009,2151
90,Secretary of the Senate,ACTOR,009,2151
91,California Department of Technology,ACTOR,010,1551
92,high-risk automated decision systems,TECHNOLOGY,010,1551
93,state agencies,ACTOR,010,1551
94,artificial intelligence,TECHNOLOGY,010,1551
95,housing,DOMAIN,010,1551
96,employment,OTHER,010,1551
97,deepfake technologies,TECHNOLOGY,010,1551
98,economic development subsidies,REQUIREMENT,010,1551
99,warehouse distribution centers,DOMAIN,010,1551
100,job effects,OTHER,010,1551
101,public access,OTHER,010,1551
102,automation,TECHNOLOGY,010,1551
103,Government Code,LEGAL_SOURCE,011,1734
104,Section 230 of Title 47 of the U.S. Code,LEGAL_SOURCE,011,1734
105,Commission,ACTOR,011,1734
106,artificial intelligence,TECHNOLOGY,011,1734
107,interactive service providers,ACTOR,011,1734
108,disclosure,OTHER,011,1734
109,injunctive relief,OTHER,011,1734
110,administrative or civil remedies,OTHER,011,1734
111,California Civil Code,LEGAL_SOURCE,012,1544
112,AI-generated digital replicas,TECHNOLOGY,012,1544
113,Secretary of State,ACTOR,012,1544
114,posthumous rights,LEGAL_SOURCE,012,1544
115,public records,LEGAL_SOURCE,012,1544
116,unauthorized use,REQUIREMENT,012,1544
117,Generative AI,TECHNOLOGY,013,1719
118,Executive Order N-12-23,LEGAL_SOURCE,013,1719
119,GenAI pilot projects,REQUIREMENT,013,1719
120,Civil Code Section 1798.3,LEGAL_SOURCE,013,1719
121,personal information,RISK,013,1719
122,sensitive personal information,OTHER,013,1719
123,educational records,OTHER,013,1719
124,medical information,OTHER,013,1719
125,California's GenAI Guidelines,LEGAL_SOURCE,013,1719
126,de-identified data,TECHNOLOGY,013,1719
127,California AI Transparency Act,LEGAL_SOURCE,014,1558
128,generative AI systems,TECHNOLOGY,014,1558
129,AI detection tools,TECHNOLOGY,014,1558
130,system provenance data,OTHER,014,1558
131,personal provenance data,RISK,014,1558
132,personal information,RISK,014,1558
133,AI-generated content,TECHNOLOGY,014,1558
134,GenAI systems,TECHNOLOGY,014,1558
135,civil penalties,OTHER,014,1558
136,entertainment products,DOMAIN,014,1558
137,health care service plans,DOMAIN,015,1553
138,disability insurers,DOMAIN,015,1553
139,AI tools,TECHNOLOGY,015,1553
140,clinical data,OTHER,015,1553
141,licensed professionals,ACTOR,015,1553
142,state and federal laws,LEGAL_SOURCE,015,1553
143,audits,OTHER,015,1553
144,privacy laws,RISK,015,1553
145,AI usage policies,LEGAL_SOURCE,015,1553
146,commission,ACTOR,016,1550
147,AI literacy,DOMAIN,016,1550
148,"mathematics, science, and history-social science curriculum frameworks",LEGAL_SOURCE,016,1550
149,state board,ACTOR,016,1550
150,media literacy,DOMAIN,016,1550
151,English language arts and English language development,DOMAIN,016,1550
152,Communications Act of 1934,LEGAL_SOURCE,017,1998
153,AI,TECHNOLOGY,017,1998
154,Federal Trade Commission,ACTOR,017,1998
155,law enforcement,DOMAIN,017,1998
156,restitution,OTHER,017,1998
157,forfeiture,OTHER,017,1998
158,digital forgeries,TECHNOLOGY,017,1998
159,user-generated content,DOMAIN,017,1998
160,TAKE IT DOWN Act,LEGAL_SOURCE,018,1988
161,artificial intelligence,TECHNOLOGY,018,1988
162,digital forgeries,TECHNOLOGY,018,1988
163,Federal Trade Commission,ACTOR,018,1988
164,user-generated content,DOMAIN,018,1988
165,public websites or applications,DOMAIN,018,1988
166,lawful or investigative purposes,DOMAIN,018,1988
167,nonconsensual intimate visual depictions,RISK,018,1988
168,artificial intelligence,TECHNOLOGY,019,1545
169,developer,ACTOR,019,1545
170,generative artificial intelligence,TECHNOLOGY,019,1545
171,synthetic data generation,TECHNOLOGY,019,1545
172,training data documentation,LEGAL_SOURCE,019,1545
173,personal information,RISK,019,1545
174,intellectual property,LEGAL_SOURCE,019,1545
175,security,RISK,019,1545
176,national airspace,OTHER,019,1545
177,national security and defense,DOMAIN,019,1545
178,federal entities,ACTOR,019,1545
179,Public Utilities Code,LEGAL_SOURCE,020,1560
180,automatic dialing-announcing devices,TECHNOLOGY,020,1560
181,artificial voice,TECHNOLOGY,020,1560
182,artificial intelligence,TECHNOLOGY,020,1560
183,organization,ACTOR,020,1560
184,generative AI,TECHNOLOGY,021,1552
185,artificial intelligence,TECHNOLOGY,021,1552
186,licensed health care provider,DOMAIN,021,1552
187,National Defense Authorization Act for Fiscal Year 2020,LEGAL_SOURCE,022,1757
188,AI,TECHNOLOGY,022,1757
189,machine learning,TECHNOLOGY,022,1757
190,Chief Digital and Artificial Intelligence Officer,ACTOR,022,1757
191,Department of Defense,ACTOR,022,1757
192,Under Secretary of Defense for Personnel and Readiness,ACTOR,022,1757
193,Armed Forces,DOMAIN,022,1757
194,National Defense Authorization Act for Fiscal Year 2025,LEGAL_SOURCE,022,1757
195,Secretary of Defense,ACTOR,022,1757
196,congressional defense committees,ACTOR,022,1757
197,Secretary of Defense,ACTOR,023,1747
198,congressional defense committees,ACTOR,023,1747
199,lethal autonomous weapon systems,TECHNOLOGY,023,1747
200,International Emergency Economic Powers Act,LEGAL_SOURCE,024,2387
201,Chinese entities,ACTOR,024,2387
202,U.S.,OTHER,024,2387
203,Commerce,ACTOR,024,2387
204,Treasury,ACTOR,024,2387
205,President,ACTOR,024,2387
206,China,OTHER,024,2387
207,Non-SDN Chinese Military-Industrial Complex Companies List,LEGAL_SOURCE,024,2387
208,national security,DOMAIN,024,2387
209,Assistant Secretary of Commerce,ACTOR,025,2297
210,Supply Chain Resilience Working Group,ACTOR,025,2297
211,AI,TECHNOLOGY,025,2297
212,Freedom of Information Act,LEGAL_SOURCE,025,2297
213,Congress,ACTOR,025,2297
214,Assistant Secretary of Commerce,ACTOR,026,2396
215,artificial intelligence,TECHNOLOGY,026,2396
216,Supply Chain Resilience Working Group,ACTOR,026,2396
217,Freedom of Information Act,LEGAL_SOURCE,026,2396
218,Congress,ACTOR,026,2396
219,AI,TECHNOLOGY,026,2396
220,AI-driven advancements,TECHNOLOGY,027,2402
221,machine learning,TECHNOLOGY,027,2402
222,Department of Energy,ACTOR,027,2402
223,National Pipeline Modernization Center,ACTOR,027,2402
224,National Institute of Standards and Technology,ACTOR,027,2402
225,AI-assisted pipeline technologies,TECHNOLOGY,027,2402
226,AI,TECHNOLOGY,027,2402
227,pipeline safety,RISK,027,2402
228,Director of the National Institute of Standards and Technology,ACTOR,028,2401
229,National Institute of Standards and Technology,ACTOR,028,2401
230,Secretary of State,ACTOR,028,2401
231,Congress,ACTOR,028,2401
232,AI standards,REQUIREMENT,028,2401
233,U.S. industry,ACTOR,028,2401
234,federal agencies,ACTOR,028,2401
235,LEAD for Kids Standards Board,ACTOR,029,2415
236,AI systems,TECHNOLOGY,029,2415
237,California,OTHER,029,2415
238,Attorney General,ACTOR,029,2415
239,LEAD for Kids AI Fund,DOMAIN,029,2415
240,AI developers,ACTOR,029,2415
241,AI,TECHNOLOGY,029,2415
242,children's health,DOMAIN,029,2415
243,privacy,RISK,029,2415
244,biometric data,OTHER,029,2415
245,National Quantum Initiative Act,LEGAL_SOURCE,030,2420
246,Secretary of Energy,ACTOR,030,2420
247,National Quantum Information Science Research Centers,ACTOR,030,2420
248,AI,TECHNOLOGY,030,2420
249,quantum computing,TECHNOLOGY,030,2420
250,quantum information science,TECHNOLOGY,030,2420
251,communications,TECHNOLOGY,030,2420
252,security,RISK,030,2420
253,Confucius Institute,ACTOR,030,2420
254,federal agencies,ACTOR,030,2420
255,National Oceanic and Atmospheric Administration,ACTOR,031,2407
256,NOAA,ACTOR,031,2407
257,artificial intelligence,TECHNOLOGY,031,2407
258,AI,TECHNOLOGY,031,2407
259,Act,LEGAL_SOURCE,031,2407
260,environmental forecasting,REQUIREMENT,031,2407
261,national security,RISK,031,2407
262,intellectual property,LEGAL_SOURCE,031,2407
263,New York,OTHER,032,2426
264,Responsible AI Safety and Education (RAISE) Act,LEGAL_SOURCE,032,2426
265,Attorney General,ACTOR,032,2426
266,Homeland Security,ACTOR,032,2426
267,AI frontier models,TECHNOLOGY,032,2426
268,frontier AI models,TECHNOLOGY,032,2426
269,New York State,OTHER,032,2426
270,civil actions,REQUIREMENT,032,2426
271,penalties up to $30 million,OTHER,032,2426
272,written safety and security protocol,REQUIREMENT,032,2426
273,transparency requirements,OTHER,032,2426
274,National Institute of Standards and Technology,ACTOR,033,2403
275,NIST,ACTOR,033,2403
276,Director of NIST,ACTOR,033,2403
277,artificial intelligence,TECHNOLOGY,033,2403
278,AI workforce frameworks,REQUIREMENT,033,2403
279,quantum information science,TECHNOLOGY,033,2403
280,Congress,ACTOR,033,2403
281,industry,ACTOR,033,2403
282,educational institutions,ACTOR,033,2403
283,Air Force,ACTOR,034,2362
284,Secretary of the Air Force,ACTOR,034,2362
285,Congress,ACTOR,034,2362
286,Air National Guard,ACTOR,034,2362
287,F–16 Block 70,TECHNOLOGY,034,2362
288,fighter aircraft,TECHNOLOGY,034,2362
289,U.S. Code,LEGAL_SOURCE,034,2362
290,2030,REQUIREMENT,034,2362
291,Secretary of Homeland Security,ACTOR,035,2345
292,U.S. land ports of entry,OTHER,035,2345
293,nonintrusive inspection technology,TECHNOLOGY,035,2345
294,artificial intelligence,TECHNOLOGY,035,2345
295,machine learning,TECHNOLOGY,035,2345
296,privacy,RISK,035,2345
297,civil liberties,RISK,035,2345
298,cost-effectiveness,REQUIREMENT,035,2345
299,data anonymization,RISK,035,2345
300,White House Task Force on Artificial Intelligence Education,REQUIREMENT,036,2417
301,Office of Science and Technology Policy,ACTOR,036,2417
302,Director of the Office of Science and Technology Policy,ACTOR,036,2417
303,Presidential Artificial Intelligence Challenge,REQUIREMENT,036,2417
304,Secretary of Education,ACTOR,036,2417
305,Secretary of Labor,ACTOR,036,2417
306,Workforce Innovation and Opportunity Act,LEGAL_SOURCE,036,2417
307,AI literacy,DOMAIN,036,2417
308,K-12 AI education resources,DOMAIN,036,2417
309,AI skill development,DOMAIN,036,2417
310,public-private partnerships,REQUIREMENT,036,2417
311,federal agencies,ACTOR,037,2406
312,artificial intelligence,TECHNOLOGY,037,2406
313,AI,TECHNOLOGY,037,2406
314,Congress,ACTOR,037,2406
315,Under Secretary,ACTOR,037,2406
316,environmental forecasting,REQUIREMENT,037,2406
317,national security,RISK,037,2406
318,intellectual property,LEGAL_SOURCE,037,2406
319,fiscal years 2026 to 2030,REQUIREMENT,037,2406
320,Federal Trade Commission,ACTOR,038,2359
321,FTC,ACTOR,038,2359
322,Attorney General,ACTOR,038,2359
323,Sherman Act,LEGAL_SOURCE,038,2359
324,antitrust laws,LEGAL_SOURCE,038,2359
325,civil actions,REQUIREMENT,038,2359
326,arbitration agreements,LEGAL_SOURCE,038,2359
327,joint action waivers,LEGAL_SOURCE,038,2359
328,food producers,ACTOR,038,2359
329,algorithmic systems,TECHNOLOGY,038,2359
330,state attorneys general,ACTOR,038,2359
331,National Advisory Committee on Autonomous Maritime Systems,REQUIREMENT,039,2419
332,Secretary,ACTOR,039,2419
333,National Oceanic and Atmospheric Administration,ACTOR,039,2419
334,Automated and Autonomous Vessel Policy Council,ACTOR,039,2419
335,Coast Guard,ACTOR,039,2419
336,AI,TECHNOLOGY,039,2419
337,machine learning,TECHNOLOGY,039,2419
338,U.S. territorial waters,OTHER,039,2419
339,counter-uncrewed system,TECHNOLOGY,039,2419
340,small uncrewed maritime systems,TECHNOLOGY,039,2419
341,uncrewed systems capabilities office,REQUIREMENT,039,2419
342,Secretaries of Agriculture and Interior,ACTOR,040,2414
343,AI,TECHNOLOGY,040,2414
344,quantum sensing,TECHNOLOGY,040,2414
345,augmented reality,TECHNOLOGY,040,2414
346,wildfire prevention and mitigation,REQUIREMENT,040,2414
347,pilot program,REQUIREMENT,040,2414
348,covered agencies,ACTOR,040,2414
349,appropriate committees,ACTOR,040,2414
350,technology testing and demonstration,REQUIREMENT,040,2414
351,Internal Revenue Code,LEGAL_SOURCE,041,2349
352,AI,TECHNOLOGY,041,2349
353,machine learning,TECHNOLOGY,041,2349
354,robotics,TECHNOLOGY,041,2349
355,sensors,TECHNOLOGY,041,2349
356,precision agriculture,TECHNOLOGY,041,2349
357,controlled environment agriculture,TECHNOLOGY,041,2349
358,tax credit,LEGAL_SOURCE,041,2349
359,Secretary of Homeland Security,ACTOR,042,2346
360,TSA,ACTOR,042,2346
361,CISA,ACTOR,042,2346
362,DHS,ACTOR,042,2346
363,Congress,ACTOR,042,2346
364,vehicular terrorism,RISK,042,2346
365,connected and autonomous vehicles,TECHNOLOGY,042,2346
366,ADAS technologies,TECHNOLOGY,042,2346
367,AI-driven cybersecurity vulnerabilities,RISK,042,2346
368,AI-enabled predictive analytics,TECHNOLOGY,042,2346
369,vehicle immobilization technologies,TECHNOLOGY,042,2346
370,privacy,RISK,042,2346
371,civil liberties,RISK,042,2346
372,Director of the Office of Management and Budget,ACTOR,043,2390
373,National Institute of Standards and Technology,ACTOR,043,2390
374,AI system,TECHNOLOGY,043,2390
375,Title 5 of the United States Code,LEGAL_SOURCE,043,2390
376,transparency,OTHER,043,2390
377,accountability,OTHER,043,2390
378,national security,RISK,043,2390
379,Secretary of Agriculture,ACTOR,044,2325
380,National Institute of Standards and Technology,ACTOR,044,2325
381,Federal Communications Commission,ACTOR,044,2325
382,Comptroller General,ACTOR,044,2325
383,Senate,ACTOR,044,2325
384,House,ACTOR,044,2325
385,precision agriculture,TECHNOLOGY,044,2325
386,AI,TECHNOLOGY,044,2325
387,advanced wireless technology,TECHNOLOGY,044,2325
388,cybersecurity,RISK,044,2325
389,voluntary interconnectivity standards,REQUIREMENT,044,2325
390,U.S. Customs and Border Protection,ACTOR,045,2534
391,AI,TECHNOLOGY,045,2534
392,machine learning,TECHNOLOGY,045,2534
393,autonomous,TECHNOLOGY,045,2534
394,sensors,TECHNOLOGY,045,2534
395,U.S. borders,OTHER,045,2534
396,surveillance towers,TECHNOLOGY,045,2534
397,Social Security Act,LEGAL_SOURCE,046,2408
398,Secretary of Health and Human Services,ACTOR,046,2408
399,Medicare,REQUIREMENT,046,2408
400,FDA,ACTOR,046,2408
401,AI,TECHNOLOGY,046,2408
402,machine learning,TECHNOLOGY,046,2408
403,software,TECHNOLOGY,046,2408
404,2022 Medicare rule,LEGAL_SOURCE,046,2408
405,healthcare services,DOMAIN,046,2408
406,Public Health Service Act,LEGAL_SOURCE,047,2321
407,Secretary of Health and Human Services,ACTOR,047,2321
408,Medicare part B,REQUIREMENT,047,2321
409,Medicare part D,REQUIREMENT,047,2321
410,artificial intelligence,TECHNOLOGY,047,2321
411,machine learning,TECHNOLOGY,047,2321
412,biosimilar drugs,DOMAIN,047,2321
413,generic drugs,DOMAIN,047,2321
414,AI training,LIFECYCLE_STAGE,048,2421
415,Extended Collective Licensing,LEGAL_SOURCE,048,2421
416,Department of Justice,ACTOR,048,2421
417,antitrust,LEGAL_SOURCE,048,2421
418,Congress,ACTOR,048,2421
419,AI law,LEGAL_SOURCE,048,2421
420,collective licensing,REQUIREMENT,048,2421
421,Congress,ACTOR,049,2422
422,First Amendment,LEGAL_SOURCE,049,2422
423,Copyright Office,ACTOR,049,2422
424,AI governance,OTHER,049,2422
425,digital replicas,RISK,049,2422
426,state rights of publicity,LEGAL_SOURCE,049,2422
427,monetary damages,OTHER,049,2422
428,injunctive relief,OTHER,049,2422
429,secondary liability,OTHER,049,2422
430,safe harbor,LEGAL_SOURCE,049,2422
431,US Coast Guard,ACTOR,050,2535
432,United States Code,LEGAL_SOURCE,050,2535
433,autonomous maritime systems,TECHNOLOGY,050,2535
434,unmanned aircraft systems,TECHNOLOGY,050,2535
435,maritime domain awareness equipment,TECHNOLOGY,050,2535
436,Congress,ACTOR,050,2535
437,reporting requirements,REQUIREMENT,050,2535
438,expenditure plan,LEGAL_SOURCE,050,2535
439,Secretary of Homeland Security,ACTOR,051,2312
440,AI,TECHNOLOGY,051,2312
441,machine learning,TECHNOLOGY,051,2312
442,border security,REQUIREMENT,051,2312
443,privacy impacts,RISK,051,2312
444,CBP Innovation Teams,REQUIREMENT,051,2312
445,CBP,ACTOR,051,2312
446,Innovation Teams,REQUIREMENT,051,2312
447,technology acquisition and integration,TECHNOLOGY,051,2312
448,radio communications systems,TECHNOLOGY,052,2413
449,wildland fire,REQUIREMENT,052,2413
450,prescribed fire operations,REQUIREMENT,052,2413
451,real-time or near-real-time situational awareness tools,TECHNOLOGY,052,2413
452,remote sensing,TECHNOLOGY,052,2413
453,mapping capabilities,TECHNOLOGY,052,2413
454,wildland fire predictive modeling,TECHNOLOGY,052,2413
455,artificial intelligence,TECHNOLOGY,052,2413
456,Act,LEGAL_SOURCE,052,2413
457,"Federal Food, Drug, and Cosmetic Act",LEGAL_SOURCE,053,2276
458,artificial intelligence,TECHNOLOGY,053,2276
459,machine learning,TECHNOLOGY,053,2276
460,Food and Drug Administration,ACTOR,053,2276
461,state statutes,LEGAL_SOURCE,053,2276
462,Homeland Security Act of 2002,LEGAL_SOURCE,054,2351
463,artificial intelligence,TECHNOLOGY,054,2351
464,AI,TECHNOLOGY,054,2351
465,Secretary of Homeland Security,ACTOR,054,2351
466,James M. Inhofe National Defense Authorization Act for Fiscal Year 2023,LEGAL_SOURCE,054,2351
467,unmanned aerial systems,TECHNOLOGY,055,2530
468,AI,TECHNOLOGY,055,2530
469,Department of Defense Credit Program,REQUIREMENT,055,2530
470,Department of Defense,ACTOR,055,2530
471,defense,DOMAIN,055,2530
472,hypersonic strike programs,TECHNOLOGY,055,2530
473,supply chains,REQUIREMENT,055,2530
474,critical mineral industries,REQUIREMENT,055,2530
475,Test Resource Management Center,ACTOR,056,2531
476,AI,TECHNOLOGY,056,2531
477,Cyber Command,ACTOR,056,2531
478,digital test environment,TECHNOLOGY,056,2531
479,Defense Innovation Unit,ACTOR,056,2531
480,Quantum Benchmarking Initiative,REQUIREMENT,056,2531
481,autonomous military capabilities,TECHNOLOGY,056,2531
482,AI projects,TECHNOLOGY,056,2531
483,defense,DOMAIN,056,2531
484,artificial intelligence,TECHNOLOGY,057,2528
485,Medicare Parts A and B,REQUIREMENT,057,2528
486,Secretary,ACTOR,057,2528
487,AI vendors,ACTOR,057,2528
488,data scientists,ACTOR,057,2528
489,Congress,ACTOR,057,2528
490,Federal Hospital Insurance Trust Fund,REQUIREMENT,057,2528
491,Federal Supplementary Medical Insurance Trust Fund,REQUIREMENT,057,2528
492,AI tools,TECHNOLOGY,057,2528
493,healthcare,DOMAIN,057,2528
494,Director of the Office of Management and Budget,ACTOR,058,2412
495,Secretary of Energy,ACTOR,058,2412
496,Director of the National Science Foundation,ACTOR,058,2412
497,Director of the National Institute of Standards and Technology,ACTOR,058,2412
498,AI,TECHNOLOGY,058,2412
499,Federal grant applications,LEGAL_SOURCE,058,2412
500,grant application process,REQUIREMENT,058,2412
501,"waste, fraud, and abuse",OTHER,058,2412
502,covered entities,ACTOR,059,2273
503,patient care decision support tools,TECHNOLOGY,059,2273
504,health programs or activities,DOMAIN,059,2273
505,"discriminating based on race, color, national origin, sex, age, or disability",RISK,059,2273
506,discrimination risks,RISK,059,2273
507,United States,OTHER,060,2418
508,Israel,OTHER,060,2418
509,artificial intelligence,TECHNOLOGY,060,2418
510,cybersecurity,TECHNOLOGY,060,2418
511,robotics,TECHNOLOGY,060,2418
512,quantum,TECHNOLOGY,060,2418
513,automation,TECHNOLOGY,060,2418
514,Secretary of Defense,ACTOR,060,2418
515,Secretary of State,ACTOR,060,2418
516,Director of National Intelligence,ACTOR,060,2418
517,national security,RISK,060,2418
518,Irregular Warfare Technology Support Directorate,ACTOR,060,2418
519,Congress,ACTOR,060,2418
520,defense,DOMAIN,060,2418
521,autonomy,TECHNOLOGY,061,2529
522,artificial intelligence,TECHNOLOGY,061,2529
523,naval shipbuilding,DOMAIN,061,2529
524,unmanned surface vessel,TECHNOLOGY,061,2529
525,unmanned underwater vehicle,TECHNOLOGY,061,2529
526,maritime robotic autonomous systems,TECHNOLOGY,061,2529
527,Test Resource Management Center,ACTOR,061,2529
528,robotic autonomous systems proving ground,REQUIREMENT,061,2529
529,wave-powered unmanned underwater vehicles,TECHNOLOGY,061,2529
530,Air National Guard Director,ACTOR,062,2411
531,Air Force,ACTOR,062,2411
532,fighter aircraft,TECHNOLOGY,062,2411
533,unmanned or autonomous capabilities,TECHNOLOGY,062,2411
534,F-16,TECHNOLOGY,062,2411
535,combatant commanders,ACTOR,062,2411
536,congressional defense committees,ACTOR,062,2411
537,autonomous agents,TECHNOLOGY,063,2315
538,cruise missiles,TECHNOLOGY,063,2315
539,drones,TECHNOLOGY,063,2315
540,United States,OTHER,063,2315
541,automation,TECHNOLOGY,064,2533
542,artificial intelligence,TECHNOLOGY,064,2533
543,Department of Defense,ACTOR,064,2533
544,financial statements,LEGAL_SOURCE,064,2533
545,chapter 9A,LEGAL_SOURCE,064,2533
546,"section 2222 of title 10, United States Code",LEGAL_SOURCE,064,2533
547,United States,OTHER,064,2533
548,artificial intelligence,TECHNOLOGY,065,1740
549,machine learning,TECHNOLOGY,065,1740
550,U.S. policy,LEGAL_SOURCE,065,1740
551,AI use,LEGAL_SOURCE,065,1740
552,nuclear safeguards,RISK,065,1740
553,weapon system functionality,RISK,065,1740
554,command communications,TECHNOLOGY,065,1740
555,President,ACTOR,065,1740
556,Secretaries of Defense,ACTOR,066,1750
557,Army,ACTOR,066,1750
558,Navy,ACTOR,066,1750
559,Air Force,ACTOR,066,1750
560,AI,TECHNOLOGY,066,1750
561,machine learning,TECHNOLOGY,066,1750
562,Department of Defense,ACTOR,066,1750
563,Director of the Chief Digital and Artificial Intelligence Office,ACTOR,066,1750
564,Under Secretary of Defense for Research and Engineering,ACTOR,066,1750
565,Inspector General,ACTOR,066,1750
566,financial management,REQUIREMENT,066,1750
567,enterprise business operations,REQUIREMENT,066,1750
568,Texas,OTHER,067,2097
569,Texas Responsible Artificial Intelligence Governance Act,LEGAL_SOURCE,067,2097
570,AI systems,TECHNOLOGY,067,2097
571,Artificial Intelligence Council,ACTOR,067,2097
572,regulatory sandbox program,REQUIREMENT,067,2097
573,attorney general,ACTOR,067,2097
574,data privacy,RISK,067,2097
575,consumer protections,LEGAL_SOURCE,067,2097
576,social scoring,RISK,067,2097
577,biometric identifiers,RISK,067,2097
578,rights,RISK,067,2097
579,digital data,TECHNOLOGY,068,1754
580,aircraft,TECHNOLOGY,068,1754
581,ships,TECHNOLOGY,068,1754
582,ground vehicles,TECHNOLOGY,068,1754
583,data infrastructure,TECHNOLOGY,068,1754
584,AI,TECHNOLOGY,068,1754
585,automated systems,TECHNOLOGY,068,1754
586,open data,TECHNOLOGY,068,1754
587,data transmission,TECHNOLOGY,068,1754
588,high-speed technologies,TECHNOLOGY,068,1754
589,secure methods,RISK,068,1754
590,user interfaces,TECHNOLOGY,068,1754
591,tagging systems,REQUIREMENT,068,1754
592,classification policies,LEGAL_SOURCE,068,1754
593,unauthorized access,RISK,068,1754
594,Senate and House Armed Services Committees,ACTOR,068,1754
595,pilot program,REQUIREMENT,069,1751
596,AI-enabled software,TECHNOLOGY,069,1751
597,Department of Defense,ACTOR,069,1751
598,depots,ACTOR,069,1751
599,shipyards,ACTOR,069,1751
600,software platforms,TECHNOLOGY,069,1751
601,enterprise data sources,TECHNOLOGY,069,1751
602,Under Secretary of Defense for Acquisition and Sustainment,ACTOR,069,1751
603,"Secretaries of the Army, Navy, and Air Force",ACTOR,069,1751
604,Director of the National Security Agency,ACTOR,070,1739
605,Artificial Intelligence Security Center,ACTOR,070,1739
606,Cybersecurity Collaboration Center,ACTOR,070,1739
607,NSA,ACTOR,070,1739
608,Act,LEGAL_SOURCE,070,1739
609,counter-artificial intelligence techniques,RISK,070,1739
610,artificial intelligence adoption practices,LEGAL_SOURCE,070,1739
611,national security systems,DOMAIN,070,1739
612,defense industrial base,ACTOR,070,1739
613,Secretary of Defense,ACTOR,071,1746
614,biodefense posture reviews,LEGAL_SOURCE,071,1746
615,biodefense strategies,LEGAL_SOURCE,071,1746
616,Department of Defense,ACTOR,071,1746
617,artificial intelligence,TECHNOLOGY,071,1746
618,cyber capabilities,TECHNOLOGY,071,1746
619,biological attacks,RISK,071,1746
620,congressional defense committees,ACTOR,071,1746
621,Secretary of the Navy,ACTOR,072,1748
622,unmanned underwater vehicles,TECHNOLOGY,072,1748
623,mission autonomy planning,TECHNOLOGY,072,1748
624,Navy,ACTOR,072,1748
625,United States Indo-Pacific Command,ACTOR,072,1748
626,congressional defense committees,ACTOR,072,1748
627,underwater vehicle requirements,REQUIREMENT,072,1748
628,modular payload integration,TECHNOLOGY,072,1748
629,Secretary of Defense,ACTOR,073,1755
630,Digital On-Demand Program,REQUIREMENT,073,1755
631,Department of Defense,ACTOR,073,1755
632,Senate and House Armed Services Committees,ACTOR,073,1755
633,Chief Digital and Artificial Intelligence Officer,ACTOR,073,1755
634,AI,TECHNOLOGY,073,1755
635,emerging technologies,TECHNOLOGY,073,1755
636,data literacy,DOMAIN,073,1755
637,digital platform,TECHNOLOGY,073,1755
638,Secretary of Defense,ACTOR,074,1742
639,Department of Defense,ACTOR,074,1742
640,cybersecurity,RISK,074,1742
641,mobile devices,TECHNOLOGY,074,1742
642,anonymizing-enabling technologies,TECHNOLOGY,074,1742
643,network-enabled content inspection,TECHNOLOGY,074,1742
644,on-device VPNs,TECHNOLOGY,074,1742
645,AI-based protection,TECHNOLOGY,074,1742
646,smishing,RISK,074,1742
647,phishing,RISK,074,1742
648,cybersecurity architecture,REQUIREMENT,074,1742
649,congressional defense committees,ACTOR,074,1742
650,AI systems,TECHNOLOGY,075,1379
651,human rights,RISK,075,1379
652,democracy,RISK,075,1379
653,rule of law,LEGAL_SOURCE,075,1379
654,transparency,OTHER,075,1379
655,accountability,OTHER,075,1379
656,non-discrimination,RISK,075,1379
657,privacy,RISK,075,1379
658,human dignity,RISK,075,1379
659,democratic processes,ACTOR,075,1379
660,risk assessment,OTHER,075,1379
661,mitigation strategies,LEGAL_SOURCE,075,1379
662,international cooperation,REQUIREMENT,075,1379
663,compliance monitoring,LIFECYCLE_STAGE,075,1379
664,accessible remedies,OTHER,075,1379
665,public consultation,REQUIREMENT,075,1379
666,digital literacy,DOMAIN,075,1379
667,procedural safeguards,LEGAL_SOURCE,075,1379
668,oversight mechanisms,OTHER,075,1379
669,national security interests,DOMAIN,075,1379
670,international human rights law,LEGAL_SOURCE,075,1379
671,Conference of the Parties,ACTOR,075,1379
672,facial recognition technology,TECHNOLOGY,076,2244
673,China,OTHER,076,2244
674,research and development,LIFECYCLE_STAGE,076,2244
675,algorithm training,LIFECYCLE_STAGE,076,2244
676,personal information,OTHER,076,2244
677,transparently,OTHER,076,2244
678,consent,RISK,076,2244
679,minors,ACTOR,076,2244
680,personal information protection impact assessments,OTHER,076,2244
681,cyberspace administrations,ACTOR,076,2244
682,public security authorities,ACTOR,076,2244
683,facial information,OTHER,076,2244
684,ethical standards,REQUIREMENT,076,2244
685,Illinois Future of Work Task Force,ACTOR,077,389
686,emerging technologies,TECHNOLOGY,077,389
687,automation,TECHNOLOGY,077,389
688,AI,TECHNOLOGY,077,389
689,employment,OTHER,077,389
690,job standards,REQUIREMENT,077,389
691,working conditions,REQUIREMENT,077,389
692,workforce development and training programs,REQUIREMENT,077,389
693,Governor,ACTOR,077,389
694,General Assembly,ACTOR,077,389
695,Illinois,OTHER,077,389
696,bias audit,OTHER,078,2002
697,Automated Employment Decision Tools,TECHNOLOGY,078,2002
698,AEDTs,TECHNOLOGY,078,2002
699,sex,OTHER,078,2002
700,race/ethnicity,OTHER,078,2002
701,bias audit summaries,LEGAL_SOURCE,078,2002
702,data retention policies,LEGAL_SOURCE,078,2002
703,employment agencies,ACTOR,078,2002
704,employers,ACTOR,078,2002
705,candidates,ACTOR,078,2002
706,employees,ACTOR,078,2002
707,generative AI services,TECHNOLOGY,079,1723
708,training data,TECHNOLOGY,079,1723
709,model safety,RISK,079,1723
710,intellectual property rights,LEGAL_SOURCE,079,1723
711,personal information consent,RISK,079,1723
712,security audits,LIFECYCLE_STAGE,079,1723
713,malicious attacks,RISK,079,1723
714,content accuracy,OTHER,079,1723
715,personal data usage,OTHER,079,1723
716,complaints,OTHER,079,1723
717,service continuity,RISK,079,1723
718,parental controls,LEGAL_SOURCE,079,1723
719,transparency,OTHER,079,1723
720,user consent,RISK,079,1723
721,banks of unsafe key words,REQUIREMENT,079,1723
722,Ministry of Defence,ACTOR,080,1808
723,Responsible Officers,ACTOR,080,1808
724,AI,TECHNOLOGY,080,1808
725,Defence,DOMAIN,080,1808
726,JSP,LEGAL_SOURCE,080,1808
727,AI Ethical Principles,LEGAL_SOURCE,080,1808
728,Governance,OTHER,080,1808
729,UK National AI Strategy,LEGAL_SOURCE,080,1808
730,security risks,RISK,080,1808
731,ethical risks,RISK,080,1808
732,AI legal considerations,LEGAL_SOURCE,080,1808
733,AI-specific requirements,REQUIREMENT,080,1808
734,Data Center Validated End User,REQUIREMENT,081,1820
735,DC VEU,REQUIREMENT,081,1820
736,AI models,TECHNOLOGY,081,1820
737,AI chips,TECHNOLOGY,081,1820
738,cybersecurity,RISK,081,1820
739,cloud computing,TECHNOLOGY,081,1820
740,export controls,LEGAL_SOURCE,081,1820
741,licensing requirements,REQUIREMENT,081,1820
742,reporting requirements,REQUIREMENT,081,1820
743,New Jersey Law Against Discrimination,LEGAL_SOURCE,082,1816
744,LAD,LEGAL_SOURCE,082,1816
745,algorithmic discrimination,RISK,082,1816
746,automated decision-making tools,TECHNOLOGY,082,1816
747,reasonable accommodations,REQUIREMENT,082,1816
748,developers,ACTOR,082,1816
749,vendors,ACTOR,082,1816
750,bias,RISK,082,1816
751,Intelligence Community,ACTOR,083,1806
752,foundation AI models,TECHNOLOGY,083,1806
753,U.S. person information,OTHER,083,1806
754,oversight mechanisms,OTHER,083,1806
755,interim guidance,LEGAL_SOURCE,083,1806
756,Administrator,ACTOR,084,838
757,AI,TECHNOLOGY,084,838
758,machine learning,TECHNOLOGY,084,838
759,airport efficiency,DOMAIN,084,838
760,safety,RISK,084,838
761,air traffic control operations,DOMAIN,084,838
762,report to Congress,LEGAL_SOURCE,084,838
763,Administrator,ACTOR,085,839
764,research program,REQUIREMENT,085,839
765,AI,TECHNOLOGY,085,839
766,FAA,ACTOR,085,839
767,air traffic controllers,ACTOR,085,839
768,labor organizations,ACTOR,085,839
769,stakeholders,ACTOR,085,839
770,report findings to Congress,LEGAL_SOURCE,085,839
771,Federal Election Campaign Act of 1971,LEGAL_SOURCE,086,447
772,Federal Election Commission,ACTOR,086,447
773,FEC,ACTOR,086,447
774,artificial intelligence,TECHNOLOGY,086,447
775,generative AI,TECHNOLOGY,086,447
776,political advertisement,LEGAL_SOURCE,086,447
777,disclaimer requirement,REQUIREMENT,086,447
778,transparency,OTHER,086,447
779,accountability,OTHER,086,447
780,Algorithmic Impact Assessments,LEGAL_SOURCE,087,1054
781,automated decision system,TECHNOLOGY,087,1054
782,transparency,OTHER,087,1054
783,automated systems,TECHNOLOGY,087,1054
784,testing,LIFECYCLE_STAGE,087,1054
785,monitoring,LIFECYCLE_STAGE,087,1054
786,biases,RISK,087,1054
787,data governance,OTHER,087,1054
788,Gender-based Analysis Plus,RISK,087,1054
789,human intervention,RISK,087,1054
790,Financial Administration Act,LEGAL_SOURCE,087,1054
791,Chief Information Officer,ACTOR,087,1054
792,Secretary of the Navy,ACTOR,088,1736
793,autonomous surface and underwater vehicles,TECHNOLOGY,088,1736
794,program element,REQUIREMENT,088,1736
795,Navy,ACTOR,088,1736
796,AI industry,TECHNOLOGY,089,1064
797,Shenzhen,OTHER,089,1064
798,Shenzhen Municipal Government,ACTOR,089,1064
799,AI infrastructure,TECHNOLOGY,089,1064
800,data centers,TECHNOLOGY,089,1064
801,public data platforms,TECHNOLOGY,089,1064
802,open-source systems,TECHNOLOGY,089,1064
803,healthcare,DOMAIN,089,1064
804,education,DOMAIN,089,1064
805,AI ethics committee,OTHER,089,1064
806,ethical norms,RISK,089,1064
807,safety standards,RISK,089,1064
808,consumer protection,RISK,089,1064
809,privacy safeguards,RISK,089,1064
810,international collaboration,REQUIREMENT,089,1064
811,National Artificial Intelligence Research Resource,REQUIREMENT,090,444
812,NAIRR,REQUIREMENT,090,444
813,Office of Science and Technology Policy,ACTOR,090,444
814,National Science Foundation,ACTOR,090,444
815,Program Management Office,REQUIREMENT,090,444
816,Operating Entity,REQUIREMENT,090,444
817,AI research,LIFECYCLE_STAGE,090,444
818,data repositories,TECHNOLOGY,090,444
819,AI testbeds,TECHNOLOGY,090,444
820,privacy,RISK,090,444
821,ethics,RISK,090,444
822,civil rights,RISK,090,444
823,security,RISK,090,444
824,national security policies,LEGAL_SOURCE,090,444
825,scientific integrity standards,REQUIREMENT,090,444
826,Virginia,OTHER,091,1828
827,justice system,DOMAIN,091,1828
828,education,DOMAIN,091,1828
829,employment,OTHER,091,1828
830,financial services,DOMAIN,091,1828
831,algorithmic discrimination,RISK,091,1828
832,Attorney General,ACTOR,091,1828
833,civil penalties,OTHER,091,1828
834,Washington State Transportation Commission,ACTOR,092,1658
835,autonomous vehicle,TECHNOLOGY,092,1658
836,executive branch,ACTOR,092,1658
837,state departments,ACTOR,092,1658
838,federal,ACTOR,092,1658
839,state regulatory frameworks,LEGAL_SOURCE,092,1658
840,governor,ACTOR,092,1658
841,legislature,ACTOR,092,1658
842,cybersecurity,RISK,092,1658
843,labor,OTHER,092,1658
844,Washington State,OTHER,093,1588
845,autonomous vehicles,TECHNOLOGY,093,1588
846,Department of Licensing,ACTOR,093,1588
847,self-certification testing program,REQUIREMENT,093,1588
848,Society of Automotive Engineers,ACTOR,093,1588
849,standards J3016,REQUIREMENT,093,1588
850,law enforcement agencies,ACTOR,093,1588
851,Florida,OTHER,094,1407
852,generative artificial intelligence,TECHNOLOGY,094,1407
853,AI-generated content,TECHNOLOGY,094,1407
854,Florida Elections Commission,ACTOR,094,1407
855,first-degree misdemeanor penalties,OTHER,094,1407
856,facial recognition,TECHNOLOGY,095,637
857,law enforcement,DOMAIN,095,637
858,prosecutors,ACTOR,095,637
859,courts,ACTOR,095,637
860,body cameras,TECHNOLOGY,095,637
861,immigration enforcement,DOMAIN,095,637
862,accuracy and bias testing,RISK,095,637
863,independent entities,ACTOR,095,637
864,audits,OTHER,095,637
865,online information service providers,ACTOR,096,2096
866,AI-generated synthetic content,TECHNOLOGY,096,2096
867,digital file metadata,TECHNOLOGY,096,2096
868,content transmission platforms,ACTOR,096,2096
869,application distribution platforms,ACTOR,096,2096
870,generative AI services,TECHNOLOGY,096,2096
871,regulatory authorities,ACTOR,096,2096
872,penalties,OTHER,096,2096
873,Responsible Deployment of AI Systems Act,LEGAL_SOURCE,097,1996
874,Oklahoma,OTHER,097,1996
875,Unacceptable Risk AI systems,TECHNOLOGY,097,1996
876,social scoring,TECHNOLOGY,097,1996
877,AI-driven misinformation,RISK,097,1996
878,AI Council,ACTOR,097,1996
879,AI Regulatory Sandbox Program,REQUIREMENT,097,1996
880,Workforce Development Program,REQUIREMENT,097,1996
881,AI Workforce Development Program,REQUIREMENT,097,1996
882,AI literacy,DOMAIN,097,1996
883,penalties,OTHER,097,1996
884,fundamental rights,RISK,097,1996
885,safety,RISK,097,1996
886,civil liberties,RISK,097,1996
887,transparency,OTHER,097,1996
888,Executive Branch,ACTOR,098,2267
889,AI,TECHNOLOGY,098,2267
890,Chief AI Officer,ACTOR,098,2267
891,public accountability,OTHER,098,2267
892,risk management practices,REQUIREMENT,098,2267
893,AI impact assessments,LEGAL_SOURCE,098,2267
894,human oversight,OTHER,098,2267
895,public consultation,OTHER,098,2267
896,national security systems,DOMAIN,098,2267
897,Executive Order 13960,LEGAL_SOURCE,099,2268
898,OMB Memorandum M-25-21,LEGAL_SOURCE,099,2268
899,privacy,RISK,099,2268
900,intellectual property,REQUIREMENT,099,2268
901,federal law,LEGAL_SOURCE,099,2268
902,GSA,ACTOR,099,2268
903,AI acquisition guides,LEGAL_SOURCE,099,2268
904,shared repository,TECHNOLOGY,099,2268
905,national security systems,DOMAIN,099,2268
906,National Artificial Intelligence Research Resource,REQUIREMENT,100,2393
907,NAIRR,REQUIREMENT,100,2393
908,Director of the National Science Foundation,ACTOR,100,2393
909,National Science Foundation,ACTOR,100,2393
910,NAIRR Steering Subcommittee,ACTOR,100,2393
911,Program Management Office,ACTOR,100,2393
912,Operating Entity,ACTOR,100,2393
913,privacy,RISK,100,2393
914,ethics,OTHER,100,2393
915,scientific integrity,REQUIREMENT,100,2393
916,system security,RISK,100,2393
917,research security compliance,REQUIREMENT,100,2393
918,national security guidelines,LEGAL_SOURCE,100,2393
919,research integrity,OTHER,100,2393
920,United States,OTHER,101,2301
921,China,OTHER,101,2301
922,AI technology,TECHNOLOGY,101,2301
923,Secretary of Commerce,ACTOR,101,2301
924,federal contracts,REQUIREMENT,101,2301
925,President,ACTOR,101,2301
926,emergency economic powers,REQUIREMENT,101,2301
927,military,DOMAIN,101,2301
928,surveillance,RISK,101,2301
929,penalties,OTHER,101,2301
930,federal benefits forfeiture,OTHER,101,2301
931,federal financial assistance,DOMAIN,101,2301
932,National Center for Alternatives to Animals in Research and Testing,ACTOR,102,2336
933,artificial intelligence,TECHNOLOGY,102,2336
934,National Institutes of Health,ACTOR,102,2336
935,NIH,ACTOR,102,2336
936,Director of the National Center,ACTOR,102,2336
937,federally funded researchers,ACTOR,102,2336
938,biannually,REQUIREMENT,102,2336
939,animal usage,LEGAL_SOURCE,102,2336
940,research or testing,LIFECYCLE_STAGE,102,2336
941,Secretary of Agriculture,ACTOR,103,2367
942,Director of the National Institute of Standards and Technology,ACTOR,103,2367
943,Federal Communications Commission,ACTOR,103,2367
944,interconnectivity standards,REQUIREMENT,103,2367
945,precision agriculture,TECHNOLOGY,103,2367
946,cybersecurity,RISK,103,2367
947,AI,TECHNOLOGY,103,2367
948,Comptroller General of the United States,ACTOR,103,2367
949,Senate and House Committees,ACTOR,103,2367
950,Secretary of Homeland Security,ACTOR,104,2347
951,Director of National Intelligence,ACTOR,104,2347
952,generative AI applications,TECHNOLOGY,104,2347
953,terrorist organizations,ACTOR,104,2347
954,DHS,ACTOR,104,2347
955,privacy,RISK,104,2347
956,civil liberties,RISK,104,2347
957,fusion centers,ACTOR,104,2347
958,terrorism threat information,LEGAL_SOURCE,104,2347
959,Congressional committees,ACTOR,104,2347
960,United States Code,LEGAL_SOURCE,105,2399
961,machine learning,TECHNOLOGY,105,2399
962,artificial intelligence,TECHNOLOGY,105,2399
963,communications service providers,ACTOR,105,2399
964,law enforcement,DOMAIN,105,2399
965,medical applications,DOMAIN,105,2399
966,legal proceedings,DOMAIN,105,2399
967,U.S. national,OTHER,105,2399
968,Section 2252A(c),LEGAL_SOURCE,105,2399
969,Secretary of State,ACTOR,106,2320
970,Secretary of Commerce,ACTOR,106,2320
971,International Emergency Economic Powers Act,LEGAL_SOURCE,106,2320
972,President,ACTOR,106,2320
973,United States Trade Representative,ACTOR,106,2320
974,AI,TECHNOLOGY,106,2320
975,China,OTHER,106,2320
976,national security,DOMAIN,106,2320
977,human rights violations,RISK,106,2320
978,Made in China 2025,LEGAL_SOURCE,106,2320
979,Secretary of the Treasury,ACTOR,107,2381
980,Secretary of Homeland Security,ACTOR,107,2381
981,Secretary of Commerce,ACTOR,107,2381
982,Congress,ACTOR,107,2381
983,financial crime risks,DOMAIN,107,2381
984,AI,TECHNOLOGY,107,2381
985,fraud,RISK,107,2381
986,misinformation,RISK,107,2381
987,U.S. Trade Representative,ACTOR,107,2381
988,Attorney General,ACTOR,107,2381
989,Federal Reserve Chairman,ACTOR,107,2381
990,NIST Director,ACTOR,107,2381
991,Undersecretary of Commerce for Industry and Security,ACTOR,107,2381
992,SEC Chairman,ACTOR,107,2381
993,Congress,ACTOR,107,2381
994,legislative suggestions,LEGAL_SOURCE,107,2381
995,Small Business Administration,ACTOR,108,2304
996,artificial intelligence,TECHNOLOGY,108,2304
997,cloud computing services,TECHNOLOGY,108,2304
998,Small Business Act,LEGAL_SOURCE,108,2304
999,human resources,OTHER,108,2304
1000,business software,TECHNOLOGY,108,2304
1001,payroll expenses,DOMAIN,108,2304
1002,United States Code,LEGAL_SOURCE,109,2334
1003,artificial intelligence,TECHNOLOGY,109,2334
1004,AI-generated child pornography,RISK,109,2334
1005,Section 2252A(c),LEGAL_SOURCE,109,2334
1006,Section 2256(2)(B),LEGAL_SOURCE,109,2334
1007,sexually explicit conduct,REQUIREMENT,109,2334
1008,artificial intelligence,TECHNOLOGY,110,2410
1009,quantum computing,TECHNOLOGY,110,2410
1010,National Science Foundation,ACTOR,110,2410
1011,National Oceanic and Atmospheric Administration,ACTOR,110,2410
1012,data analysis tools,TECHNOLOGY,110,2410
1013,federal agencies,ACTOR,110,2410
1014,transboundary hydrocarbon reservoirs,DOMAIN,110,2410
1015,geophysical,TECHNOLOGY,110,2410
1016,geological,TECHNOLOGY,110,2410
1017,geotechnical data,TECHNOLOGY,110,2410
1018,Comptroller General of the United States,ACTOR,111,2409
1019,Congress,ACTOR,111,2409
1020,wearable medical devices,TECHNOLOGY,111,2409
1021,artificial intelligence,TECHNOLOGY,111,2409
1022,clinical decision-making,DOMAIN,111,2409
1023,policy options,LEGAL_SOURCE,111,2409
1024,San José,OTHER,112,2047
1025,City,ACTOR,112,2047
1026,Chief Information Officer,ACTOR,112,2047
1027,CIO,ACTOR,112,2047
1028,City Information Security Officer,ACTOR,112,2047
1029,CISO,ACTOR,112,2047
1030,City Digital Privacy Officer,ACTOR,112,2047
1031,CDPO,ACTOR,112,2047
1032,AI Handbook,LEGAL_SOURCE,112,2047
1033,governance framework,LEGAL_SOURCE,112,2047
1034,biometric identification,TECHNOLOGY,112,2047
1035,emotion analysis,TECHNOLOGY,112,2047
1036,social scoring,TECHNOLOGY,112,2047
1037,cognitive manipulation,TECHNOLOGY,112,2047
1038,transparency policies,LEGAL_SOURCE,112,2047
1039,privacy,RISK,112,2047
1040,security,RISK,112,2047
1041,accountability,OTHER,112,2047
1042,transparency,OTHER,112,2047
1043,equity,RISK,112,2047
1044,California,OTHER,113,1974
1045,civil rights,RISK,113,1974
1046,California Consumer Privacy Act,LEGAL_SOURCE,113,1974
1047,AI legislation,LEGAL_SOURCE,113,1974
1048,consumer protection,LEGAL_SOURCE,113,1974
1049,competition,LEGAL_SOURCE,113,1974
1050,data privacy,RISK,113,1974
1051,antitrust violations,LEGAL_SOURCE,113,1974
1052,accountability,OTHER,113,1974
1053,transparency,OTHER,113,1974
1054,deepfake technologies,TECHNOLOGY,113,1974
1055,AI-generated content,TECHNOLOGY,113,1974
1056,child pornography,DOMAIN,113,1974
1057,licensed physicians,ACTOR,113,1974
1058,healthcare,DOMAIN,113,1974
1059,Frontier AI Framework,LEGAL_SOURCE,114,1970
1060,Meta,ACTOR,114,1970
1061,AI,TECHNOLOGY,114,1970
1062,transparency,OTHER,114,1970
1063,cybersecurity,RISK,114,1970
1064,chemical/biological risks,RISK,114,1970
1065,post-release monitoring,LIFECYCLE_STAGE,114,1970
1066,AI communities,ACTOR,114,1970
1067,risk mitigation measures,REQUIREMENT,114,1970
1068,15 CFR part 702,LEGAL_SOURCE,115,1678
1069,Department,ACTOR,115,1678
1070,BIS,ACTOR,115,1678
1071,AI red-teaming,TECHNOLOGY,115,1678
1072,dual-use foundation models,TECHNOLOGY,115,1678
1073,computing clusters,TECHNOLOGY,115,1678
1074,security measures,RISK,115,1678
1075,model performance,OTHER,115,1678
1076,AI red-team testing,LIFECYCLE_STAGE,115,1678
1077,notification deadlines,REQUIREMENT,115,1678
1078,Preventing Algorithmic Discrimination Act,LEGAL_SOURCE,116,1991
1079,Illinois,OTHER,116,1991
1080,algorithmic discrimination,RISK,116,1991
1081,AI tool,TECHNOLOGY,116,1991
1082,Attorney General,ACTOR,116,1991
1083,Consumer Fraud and Deceptive Business Practices Act,LEGAL_SOURCE,116,1991
1084,impact assessments,LEGAL_SOURCE,116,1991
1085,governance programs,LEGAL_SOURCE,116,1991
1086,technical safeguards,RISK,116,1991
1087,civil actions,OTHER,116,1991
1088,National Institute of Standards and Technology,ACTOR,117,1203
1089,NIST,ACTOR,117,1203
1090,National Vulnerability Database,LEGAL_SOURCE,117,1203
1091,AI security vulnerabilities,RISK,117,1203
1092,standards,REQUIREMENT,117,1203
1093,multi-stakeholder process,REQUIREMENT,117,1203
1094,AI incident reporting,OTHER,117,1203
1095,AI incident tracking,LIFECYCLE_STAGE,117,1203
1096,Congress,ACTOR,117,1203
1097,Digital Equity Act of 2021,LEGAL_SOURCE,118,406
1098,artificial intelligence literacy,DOMAIN,118,406
1099,AI literacy,DOMAIN,118,406
1100,AI learning labs,REQUIREMENT,118,406
1101,virtual platforms,TECHNOLOGY,118,406
1102,educational tools,TECHNOLOGY,118,406
1103,community anchor institutions,ACTOR,118,406
1104,AI education and training programs,REQUIREMENT,118,406
1105,Congress,ACTOR,118,406
1106,Federal Election Campaign Act of 1971,LEGAL_SOURCE,119,904
1107,Federal Election Commission,ACTOR,119,904
1108,FEC,ACTOR,119,904
1109,AI,TECHNOLOGY,119,904
1110,disclaimers,REQUIREMENT,119,904
1111,political advertisements,LEGAL_SOURCE,119,904
1112,disclosure statement,REQUIREMENT,119,904
1113,AI-generated content,TECHNOLOGY,119,904
1114,Congress,ACTOR,119,904
1115,Commissioner of Insurance,ACTOR,120,2125
1116,insurers,ACTOR,120,2125
1117,predictive models,TECHNOLOGY,120,2125
1118,algorithms,TECHNOLOGY,120,2125
1119,consumer data,OTHER,120,2125
1120,rule adoption,LEGAL_SOURCE,120,2125
1121,risk management frameworks,LEGAL_SOURCE,120,2125
1122,title insurance,DOMAIN,120,2125
1123,high-premium commercial insurance policies,DOMAIN,120,2125
1124,unfair discrimination,RISK,120,2125
1125,Secretary of State,ACTOR,121,2120
1126,Office of the Chief Information Officer,ACTOR,122,2245
1127,automated decision systems,TECHNOLOGY,122,2245
1128,AI-enabled profiling,TECHNOLOGY,122,2245
1129,fairness,RISK,122,2245
1130,transparency,OTHER,122,2245
1131,non-discrimination,RISK,122,2245
1132,cloud technology,TECHNOLOGY,122,2245
1133,Microsoft 365,TECHNOLOGY,122,2245
1134,cybersecurity,RISK,122,2245
1135,Health Care Authority,ACTOR,122,2245
1136,health and human services enterprise coalition,REQUIREMENT,122,2245
1137,geospatial data portal,TECHNOLOGY,122,2245
1138,natural hazards,OTHER,122,2245
1139,Generative AI Governing Board,ACTOR,123,2252
1140,Generative Artificial Intelligence,TECHNOLOGY,123,2252
1141,Commonwealth of Pennsylvania,OTHER,123,2252
1142,Office of Administration,ACTOR,123,2252
1143,privacy,RISK,123,2252
1144,safety,RISK,123,2252
1145,security,RISK,123,2252
1146,transparency,OTHER,123,2252
1147,Generative AI tools,TECHNOLOGY,123,2252
1148,AI experts,ACTOR,123,2252
1149,stakeholders,ACTOR,123,2252
1150,District of Columbia,OTHER,124,2248
1151,AI Advisory Group,ACTOR,124,2248
1152,AI Taskforce,ACTOR,124,2248
1153,Mayor,ACTOR,124,2248
1154,Office of the Chief Technology Officer,ACTOR,124,2248
1155,Department of Human Resources,ACTOR,124,2248
1156,cybersecurity,RISK,124,2248
1157,privacy,RISK,124,2248
1158,AI strategic plans,LEGAL_SOURCE,124,2248
1159,stakeholder engagement,ACTOR,124,2248
1160,AI tools,TECHNOLOGY,124,2248
1161,"New York State Artificial Intelligence, Robotics and Automation Commission",ACTOR,125,2112
1162,AI,TECHNOLOGY,125,2112
1163,robotics,TECHNOLOGY,125,2112
1164,automation,TECHNOLOGY,125,2112
1165,AI weaponry,TECHNOLOGY,125,2112
1166,employment,OTHER,125,2112
1167,confidentiality,RISK,125,2112
1168,state leadership,ACTOR,125,2112
1169,assessment mechanism,TECHNOLOGY,126,2146
1170,eye assessments,DOMAIN,126,2146
1171,department of health,ACTOR,126,2146
1172,civil penalties,OTHER,126,2146
1173,patient records,RISK,126,2146
1174,rules and regulations,LEGAL_SOURCE,126,2146
1175,Deep Technology Talent Initiative,REQUIREMENT,127,2121
1176,deep technology,TECHNOLOGY,127,2121
1177,artificial intelligence,TECHNOLOGY,127,2121
1178,institutions of higher education,ACTOR,127,2121
1179,Deep Technology Talent Advisory Council,ACTOR,127,2121
1180,Workforce Development Restricted Account,REQUIREMENT,127,2121
1181,legislative committees,ACTOR,127,2121
1182,high technology manufacturing businesses,ACTOR,128,2262
1183,artificial intelligence,TECHNOLOGY,128,2262
1184,autonomous vehicles,TECHNOLOGY,128,2262
1185,drones,TECHNOLOGY,128,2262
1186,commissioner,ACTOR,128,2262
1187,tax credit,LEGAL_SOURCE,128,2262
1188,state taxes,LEGAL_SOURCE,128,2262
1189,Office of Regulatory Management,ACTOR,129,2250
1190,Chief Information Officer,ACTOR,129,2250
1191,Virginia,OTHER,129,2250
1192,AI usage standards,REQUIREMENT,129,2250
1193,privacy laws,LEGAL_SOURCE,129,2250
1194,intellectual property laws,LEGAL_SOURCE,129,2250
1195,AI standards,REQUIREMENT,129,2250
1196,educational institutions,ACTOR,129,2250
1197,AI curricula,DOMAIN,129,2250
1198,Virginia Department of Energy,ACTOR,129,2250
1199,state government,ACTOR,129,2250
1200,AI,TECHNOLOGY,129,2250
1201,WaTech,ACTOR,130,2249
1202,DES,ACTOR,130,2249
1203,generative AI,TECHNOLOGY,130,2249
1204,AI procurement,REQUIREMENT,130,2249
1205,safety,RISK,130,2249
1206,equity,RISK,130,2249
1207,privacy,RISK,130,2249
1208,Office of Equity,ACTOR,130,2249
1209,accountability framework,OTHER,130,2249
1210,risk assessment guidance,REQUIREMENT,130,2249
1211,high-risk AI systems,TECHNOLOGY,130,2249
1212,State Human Resources Division,ACTOR,130,2249
1213,Workforce Training Board,ACTOR,130,2249
1214,AI education,DOMAIN,130,2249
1215,AI research,LIFECYCLE_STAGE,130,2249
1216,AI devices,TECHNOLOGY,131,2145
1217,patient,RISK,131,2145
1218,department of health,ACTOR,131,2145
1219,attorney general,ACTOR,131,2145
1220,civil penalty,OTHER,131,2145
1221,rules and regulations,LEGAL_SOURCE,131,2145
1222,artificial intelligence,TECHNOLOGY,132,2210
1223,generative AI,TECHNOLOGY,132,2210
1224,deepfake,TECHNOLOGY,132,2210
1225,state agency,ACTOR,132,2210
1226,state agencies,ACTOR,132,2210
1227,department of information technology,ACTOR,132,2210
1228,AI-generated content,TECHNOLOGY,132,2210
1229,AI interactions,TECHNOLOGY,132,2210
1230,AI system compliance,OTHER,132,2210
1231,discrimination,RISK,132,2210
1232,surveillance,RISK,132,2210
1233,automated decision systems,TECHNOLOGY,133,2089
1234,Division of Artificial Intelligence,ACTOR,133,2089
1235,Agency of Digital Services,ACTOR,133,2089
1236,inventory,LEGAL_SOURCE,133,2089
1237,AI,TECHNOLOGY,133,2089
1238,outcome monitoring,OTHER,133,2089
1239,bias testing,RISK,133,2089
1240,generative AI,TECHNOLOGY,134,2247
1241,Executive Branch Cabinet and Non-Cabinet Agencies,ACTOR,134,2247
1242,Kansas,OTHER,134,2247
1243,privacy,RISK,134,2247
1244,security,RISK,134,2247
1245,AI-generated content,TECHNOLOGY,134,2247
1246,Restricted Use Information,RISK,134,2247
1247,Office of Information Technology Services,ACTOR,134,2247
1248,policy maintenance,LEGAL_SOURCE,134,2247
1249,pretrial risk scoring instruments,TECHNOLOGY,135,2117
1250,Pretrial Services Program Grant Fund,REQUIREMENT,135,2117
1251,Executive Director,ACTOR,135,2117
1252,Governor’s Office of Crime Control and Prevention,ACTOR,135,2117
1253,Criminal Procedure Article,LEGAL_SOURCE,135,2117
1254,Maryland Rules,LEGAL_SOURCE,135,2117
1255,risk scoring instruments,TECHNOLOGY,135,2117
1256,race-neutral,RISK,135,2117
1257,commission,ACTOR,136,2270
1258,automation,TECHNOLOGY,136,2270
1259,artificial intelligence,TECHNOLOGY,136,2270
1260,executive office of labor and workforce development,ACTOR,136,2270
1261,healthcare,DOMAIN,136,2270
1262,report,LEGAL_SOURCE,136,2270
1263,workplace safety standards,RISK,136,2270
1264,workforce training,DOMAIN,136,2270
1265,deepfake,TECHNOLOGY,137,2212
1266,cheapfake,TECHNOLOGY,137,2212
1267,generative AI platforms,TECHNOLOGY,137,2212
1268,social media,ACTOR,137,2212
1269,content-sharing forums,ACTOR,137,2212
1270,AI accountability,OTHER,137,2212
1271,transparency standards,OTHER,137,2212
1272,federal government,ACTOR,137,2212
1273,New Jersey,OTHER,137,2212
1274,media technology,TECHNOLOGY,137,2212
1275,Joint Legislative Committee on Technology and Cybersecurity,ACTOR,138,2159
1276,artificial intelligence,TECHNOLOGY,138,2159
1277,Louisiana,OTHER,138,2159
1278,House Committee on Commerce,ACTOR,138,2159
1279,"Senate Committee on Commerce, Consumer Protection and International Affairs",ACTOR,138,2159
1280,Department of Economic Development,ACTOR,138,2159
1281,office of technology services,ACTOR,138,2159
1282,Division of Administration,ACTOR,138,2159
1283,Department of Justice,ACTOR,138,2159
1284,consumers,ACTOR,138,2159
1285,Joint Legislative Committee on Technology and Cybersecurity,ACTOR,139,2198
1286,artificial intelligence,TECHNOLOGY,139,2198
1287,education,DOMAIN,139,2198
1288,criminal justice,DOMAIN,139,2198
1289,finance,DOMAIN,139,2198
1290,health,DOMAIN,139,2198
1291,Louisiana,OTHER,139,2198
1292,policy recommendations,LEGAL_SOURCE,139,2198
1293,misuse,RISK,139,2198
1294,Department of Administration,ACTOR,140,2171
1295,RI Division of Information Technology,ACTOR,140,2171
1296,State of Rhode Island,OTHER,140,2171
1297,algorithmic decision-making,TECHNOLOGY,140,2171
1298,automated decision systems,TECHNOLOGY,140,2171
1299,House of Representatives,ACTOR,140,2171
1300,"House Committee on Innovation, Internet, and Technology",ACTOR,140,2171
1301,Secretary of State,ACTOR,140,2171
1302,data protection laws,LEGAL_SOURCE,140,2171
1303,AI technologies,TECHNOLOGY,140,2171
1304,racial and gender biases,RISK,140,2171
1305,Delaware State Agencies,ACTOR,141,2111
1306,Delaware,OTHER,141,2111
1307,AI,TECHNOLOGY,141,2111
1308,automation,TECHNOLOGY,141,2111
1309,robotics,TECHNOLOGY,141,2111
1310,government branches,ACTOR,141,2111
1311,employment,OTHER,141,2111
1312,autonomy,RISK,141,2111
1313,New York City,OTHER,142,2269
1314,mayor’s office of operations,ACTOR,142,2269
1315,mayor’s office,ACTOR,142,2269
1316,algorithmic tools,TECHNOLOGY,142,2269
1317,AI,TECHNOLOGY,142,2269
1318,machine learning,TECHNOLOGY,142,2269
1319,predictive analytics,TECHNOLOGY,142,2269
1320,data types,TECHNOLOGY,142,2269
1321,laws,LEGAL_SOURCE,142,2269
1322,safety,RISK,142,2269
1323,Department of Administration,ACTOR,143,2243
1324,AI systems,TECHNOLOGY,143,2243
1325,state agencies,ACTOR,143,2243
1326,impact assessments,LEGAL_SOURCE,143,2243
1327,biometric identification,TECHNOLOGY,143,2243
1328,emotion recognition,TECHNOLOGY,143,2243
1329,social scoring,TECHNOLOGY,143,2243
1330,multi-factor authentication,REQUIREMENT,143,2243
1331,AI system governance,LEGAL_SOURCE,143,2243
1332,anti-discrimination measures,RISK,143,2243
1333,Illinois,OTHER,144,2107
1334,artificial intelligence,TECHNOLOGY,144,2107
1335,AI analysis,TECHNOLOGY,144,2107
1336,employers,ACTOR,144,2107
1337,job applicants,RISK,144,2107
1338,consent,RISK,144,2107
1339,video interviews,LEGAL_SOURCE,144,2107
1340,deepfake,TECHNOLOGY,145,2242
1341,candidate,RISK,145,2242
1342,political party,ACTOR,145,2242
1343,voters,ACTOR,145,2242
1344,artificial intelligence,TECHNOLOGY,145,2242
1345,disclosure statement,REQUIREMENT,145,2242
1346,audio communications,LEGAL_SOURCE,145,2242
1347,video communications,LEGAL_SOURCE,145,2242
1348,digital communications,LEGAL_SOURCE,145,2242
1349,Artificial Intelligence Video Interview Act,LEGAL_SOURCE,146,2127
1350,Department of Commerce and Economic Opportunity,ACTOR,146,2127
1351,AI,TECHNOLOGY,146,2127
1352,race and ethnicity data,OTHER,146,2127
1353,Governor,ACTOR,146,2127
1354,General Assembly,ACTOR,146,2127
1355,racial bias,RISK,146,2127
1356,Select Committee on Artificial Intelligence,REQUIREMENT,147,2239
1357,West Virginia House of Delegates,ACTOR,147,2239
1358,Speaker of the House,ACTOR,147,2239
1359,Standing Committees,ACTOR,147,2239
1360,AI,TECHNOLOGY,147,2239
1361,Department of Health,ACTOR,148,2189
1362,Stakeholder Working Group,REQUIREMENT,148,2189
1363,health care,DOMAIN,148,2189
1364,artificial intelligence,TECHNOLOGY,148,2189
1365,limited English proficiency (LEP) populations,ACTOR,148,2189
1366,language services,REQUIREMENT,148,2189
1367,AI-based solutions,TECHNOLOGY,148,2189
1368,insurers,ACTOR,148,2189
1369,community-based organizations,ACTOR,148,2189
1370,language service providers,ACTOR,148,2189
1371,Legislature,ACTOR,148,2189
1372,State Department of Education,ACTOR,149,2264
1373,K-12 computer science curriculum,REQUIREMENT,149,2264
1374,2018 standards,REQUIREMENT,149,2264
1375,artificial intelligence,TECHNOLOGY,149,2264
1376,machine learning,TECHNOLOGY,149,2264
1377,Center for Cyber Education,ACTOR,149,2264
1378,Mississippi State University,ACTOR,149,2264
1379,school districts,ACTOR,149,2264
1380,charter schools,ACTOR,149,2264
1381,high schools,ACTOR,149,2264
1382,elementary schools,ACTOR,149,2264
1383,computer science courses,DOMAIN,149,2264
1384,Artificial Intelligence Task Force,REQUIREMENT,150,2265
1385,Senate Committee on Government Operations,ACTOR,150,2265
1386,House Committee on Energy and Technology,ACTOR,150,2265
1387,AI,TECHNOLOGY,150,2265
1388,Task Force,REQUIREMENT,150,2265
1389,final report,LEGAL_SOURCE,150,2265
1390,Centre for Data Ethics and Innovation,ACTOR,151,1809
1391,AI Ethics Advisory Panel,REQUIREMENT,151,1809
1392,International Humanitarian Law,LEGAL_SOURCE,151,1809
1393,algorithmic bias,RISK,151,1809
1394,safety,RISK,151,1809
1395,accountability,OTHER,151,1809
1396,human oversight,OTHER,151,1809
1397,autonomous weapon systems,TECHNOLOGY,151,1809
1398,lethal autonomous weapons systems,TECHNOLOGY,151,1809
1399,AI-enabled weapons systems,TECHNOLOGY,151,1809
1400,defense,DOMAIN,151,1809
1401,AI-empowered defense systems,TECHNOLOGY,151,1809
1402,stakeholder,ACTOR,151,1809
1403,Department of Agriculture,ACTOR,152,660
1404,Commodity Credit Corporation,ACTOR,152,660
1405,research and extension grant program,REQUIREMENT,152,660
1406,mechanization and automation,TECHNOLOGY,152,660
1407,autonomy,TECHNOLOGY,152,660
1408,resource management,TECHNOLOGY,152,660
1409,specialty crops committee,ACTOR,152,660
1410,scientific peer review,REQUIREMENT,152,660
1411,National Science Foundation,ACTOR,153,1301
1412,Secretary of State,ACTOR,153,1301
1413,export control regulations,LEGAL_SOURCE,153,1301
1414,AI research partnerships,REQUIREMENT,153,1301
1415,AI research collaborations,REQUIREMENT,153,1301
1416,AI leadership,REQUIREMENT,153,1301
1417,workforce development,OTHER,153,1301
1418,national security,RISK,153,1301
1419,foreign policy,ACTOR,153,1301
1420,congressional committees,ACTOR,153,1301
1421,National AI Initiative Act,LEGAL_SOURCE,154,1228
1422,National Science Foundation,ACTOR,154,1228
1423,AI research,TECHNOLOGY,154,1228
1424,education,DOMAIN,154,1228
1425,workforce development,OTHER,154,1228
1426,AI research institutes,ACTOR,154,1228
1427,ethical AI education,LEGAL_SOURCE,154,1228
1428,stakeholders,ACTOR,154,1228
1429,diversity,RISK,154,1228
1430,Artificial Intelligence and Data Act,LEGAL_SOURCE,155,1052
1431,AIDA,LEGAL_SOURCE,155,1052
1432,"Minister of Innovation, Science, and Industry",ACTOR,155,1052
1433,AI and Data Commissioner,ACTOR,155,1052
1434,EU AI Act,LEGAL_SOURCE,155,1052
1435,Canada,OTHER,155,1052
1436,transparency,OTHER,155,1052
1437,fairness,RISK,155,1052
1438,safety,RISK,155,1052
1439,accountability,OTHER,155,1052
1440,criminal law,LEGAL_SOURCE,155,1052
1441,biometric identification,TECHNOLOGY,155,1052
1442,stakeholders,ACTOR,155,1052
1443,health and safety,DOMAIN,155,1052
1444,Chapter 93M,LEGAL_SOURCE,156,1829
1445,Massachusetts,OTHER,156,1829
1446,Attorney General,ACTOR,156,1829
1447,algorithmic discrimination,RISK,156,1829
1448,consumer protection,LEGAL_SOURCE,156,1829
1449,consumer targeting,DOMAIN,156,1829
1450,behavior influence,DOMAIN,156,1829
1451,transparency,OTHER,156,1829
1452,AI consumer rights,LEGAL_SOURCE,156,1829
1453,risk management programs,REQUIREMENT,156,1829
1454,public education campaign,REQUIREMENT,156,1829
1455,unfair trade practices,LEGAL_SOURCE,156,1829
1456,City Administrator’s Office,ACTOR,157,2021
1457,Office of Cybersecurity,ACTOR,157,2021
1458,AI-generated content,TECHNOLOGY,157,2021
1459,Generative AI tools,TECHNOLOGY,157,2021
1460,IT leaders,ACTOR,157,2021
1461,AI tools,TECHNOLOGY,157,2021
1462,transparency,OTHER,157,2021
1463,human review,OTHER,157,2021
1464,vendors,ACTOR,157,2021
1465,guidelines,LEGAL_SOURCE,157,2021
1466,AI risks,RISK,157,2021
1467,data,OTHER,157,2021
1468,legislative frameworks,LEGAL_SOURCE,157,2021
1469,Ohio,OTHER,158,2074
1470,AI Council,ACTOR,158,2074
1471,Ohio Department of Administrative Services,ACTOR,158,2074
1472,Chief Data Officer Council,ACTOR,158,2074
1473,state agencies,ACTOR,158,2074
1474,generative AI,TECHNOLOGY,158,2074
1475,privacy,RISK,158,2074
1476,security,RISK,158,2074
1477,ethical considerations,LEGAL_SOURCE,158,2074
1478,data governance,LEGAL_SOURCE,158,2074
1479,data protection,RISK,158,2074
1480,bias,RISK,158,2074
1481,AI Subcabinet,ACTOR,159,2062
1482,Maryland,OTHER,159,2062
1483,NIST’s AI Risk Management Framework,REQUIREMENT,159,2062
1484,Department of Information Technology,ACTOR,159,2062
1485,Department of General Services,ACTOR,159,2062
1486,AI Action Plan,LEGAL_SOURCE,159,2062
1487,Governor,ACTOR,159,2062
1488,legislature,ACTOR,159,2062
1489,transparency,OTHER,159,2062
1490,privacy,RISK,159,2062
1491,safety,RISK,159,2062
1492,fairness,RISK,159,2062
1493,Georgia,OTHER,160,2058
1494,Georgia Technology Authority,ACTOR,160,2058
1495,GTA,ACTOR,160,2058
1496,NIST,ACTOR,160,2058
1497,Enterprise's Data Protection Policies,LEGAL_SOURCE,160,2058
1498,State CIO,ACTOR,160,2058
1499,GTA OIS,ACTOR,160,2058
1500,AI misuse,RISK,160,2058
1501,AI development,LIFECYCLE_STAGE,160,2058
1502,testing and monitoring,LIFECYCLE_STAGE,160,2058
1503,transparency,OTHER,160,2058
1504,accountability,OTHER,160,2058
1505,ethics,LEGAL_SOURCE,160,2058
1506,data protection,RISK,160,2058
1507,safety,RISK,160,2058
1508,Governor’s Task Force on Generative Artificial Intelligence,REQUIREMENT,161,2050
1509,GenAI,TECHNOLOGY,161,2050
1510,Alabama,OTHER,161,2050
1511,Office of Information Technology,ACTOR,161,2050
1512,secure cloud infrastructure,TECHNOLOGY,161,2050
1513,state government,ACTOR,161,2050
1514,state executive-branch agencies,ACTOR,161,2050
1515,governance framework,LEGAL_SOURCE,161,2050
1516,North Dakota,OTHER,162,2068
1517,AI technologies,TECHNOLOGY,162,2068
1518,NDIT,ACTOR,162,2068
1519,Security Risk Management Program,REQUIREMENT,162,2068
1520,AI/ML services,TECHNOLOGY,162,2068
1521,AI technology inventory,LEGAL_SOURCE,162,2068
1522,data protection laws,LEGAL_SOURCE,162,2068
1523,ethical AI use,LEGAL_SOURCE,162,2068
1524,fairness,RISK,162,2068
1525,legal standards,REQUIREMENT,162,2068
1526,copyright,LEGAL_SOURCE,162,2068
1527,licensing agreements,LEGAL_SOURCE,162,2068
1528,North Carolina,OTHER,163,2067
1529,State Government Responsible Use of Artificial Intelligence Framework,LEGAL_SOURCE,163,2067
1530,AI,TECHNOLOGY,163,2067
1531,NIST AI RMF,REQUIREMENT,163,2067
1532,state offices,ACTOR,163,2067
1533,data privacy controls,RISK,163,2067
1534,AI inventory,LEGAL_SOURCE,163,2067
1535,risk assessments,OTHER,163,2067
1536,ethical AI application,LEGAL_SOURCE,163,2067
1537,AI systems,TECHNOLOGY,163,2067
1538,human-centered AI,LEGAL_SOURCE,163,2067
1539,security measures,RISK,163,2067
1540,monitoring,LIFECYCLE_STAGE,163,2067
1541,New Hampshire,OTHER,164,2069
1542,Personal Identifying Information,OTHER,164,2069
1543,PII,OTHER,164,2069
1544,Statewide Information Security Manual,LEGAL_SOURCE,164,2069
1545,NIST-800-53,REQUIREMENT,164,2069
1546,AI,TECHNOLOGY,164,2069
1547,AI ethics code,LEGAL_SOURCE,164,2069
1548,cybersecurity measures,RISK,164,2069
1549,deepfakes,TECHNOLOGY,164,2069
1550,Agency heads,ACTOR,164,2069
1551,Business Relationship Management Division,ACTOR,164,2069
1552,Artificial Intelligence Task Force,REQUIREMENT,165,2070
1553,Chief Technology Officer,ACTOR,165,2070
1554,Chief Innovation Officer,ACTOR,165,2070
1555,Chief Executive Officer,ACTOR,165,2070
1556,Economic Development Authority,ACTOR,165,2070
1557,Governor,ACTOR,165,2070
1558,Legislature,ACTOR,165,2070
1559,executive branch,ACTOR,165,2070
1560,Rhode Island,OTHER,166,2081
1561,Department of Administration,ACTOR,166,2081
1562,Chief Data Officer,ACTOR,166,2081
1563,Data Center of Excellence,ACTOR,166,2081
1564,AI Center of Excellence,ACTOR,166,2081
1565,AI policies and ethics,LEGAL_SOURCE,166,2081
1566,AI Task Force,REQUIREMENT,166,2081
1567,Department of Labor and Training,ACTOR,166,2081
1568,Rhode Island Department of Education,ACTOR,166,2081
1569,Office of Post Secondary Commissioner,ACTOR,166,2081
1570,AI training programs,REQUIREMENT,166,2081
1571,federated data platform,TECHNOLOGY,166,2081
1572,Mississippi,OTHER,167,2066
1573,Artificial Intelligence in Education Task Force,REQUIREMENT,167,2066
1574,State Superintendent of Education,ACTOR,167,2066
1575,Department of Education,ACTOR,167,2066
1576,Governor,ACTOR,167,2066
1577,Lieutenant Governor,ACTOR,167,2066
1578,Speaker of the House,ACTOR,167,2066
1579,data privacy,RISK,167,2066
1580,policy recommendations,LEGAL_SOURCE,167,2066
1581,education,DOMAIN,167,2066
1582,final report,LEGAL_SOURCE,167,2066
1583,California,OTHER,168,1972
1584,healthcare entities,DOMAIN,168,1972
1585,AI,TECHNOLOGY,168,1972
1586,health insurance claims,DOMAIN,168,1972
1587,reproductive and genetic data,OTHER,168,1972
1588,Unfair Competition Law,LEGAL_SOURCE,168,1972
1589,Unruh Civil Rights Act,LEGAL_SOURCE,168,1972
1590,Confidentiality of Medical Information Act,LEGAL_SOURCE,168,1972
1591,informed consent,REQUIREMENT,168,1972
1592,discriminate against patients,RISK,168,1972
1593,transparency,OTHER,168,1972
1594,auditing,OTHER,168,1972
1595,data privacy,RISK,168,1972
1596,training data,TECHNOLOGY,168,1972
1597,New York,OTHER,169,1826
1598,Artificial Intelligence Consumer Protection Act,LEGAL_SOURCE,169,1826
1599,AI decision systems,TECHNOLOGY,169,1826
1600,algorithmic discrimination,RISK,169,1826
1601,risk assessments,OTHER,169,1826
1602,risk management program,REQUIREMENT,169,1826
1603,attorney general,ACTOR,169,1826
1604,federal law,LEGAL_SOURCE,169,1826
1605,trade secrets,RISK,169,1826
1606,Chief AI Officer,ACTOR,170,1032
1607,CAIO,ACTOR,170,1032
1608,AI governance,LEGAL_SOURCE,170,1032
1609,AI,TECHNOLOGY,170,1032
1610,federal agencies,ACTOR,170,1032
1611,AI strategies,LEGAL_SOURCE,170,1032
1612,AI models,TECHNOLOGY,170,1032
1613,AI-related risks,OTHER,170,1032
1614,risk management practices,LEGAL_SOURCE,170,1032
1615,public rights and safety,RISK,170,1032
1616,IT infrastructure,TECHNOLOGY,170,1032
1617,federal policies,LEGAL_SOURCE,170,1032
1618,federal agencies,ACTOR,171,1356
1619,Intelligence Community,ACTOR,171,1356
1620,National Security Systems,TECHNOLOGY,171,1356
1621,risk management,REQUIREMENT,171,1356
1622,privacy,RISK,171,1356
1623,security,RISK,171,1356
1624,discrimination,RISK,171,1356
1625,interoperability,REQUIREMENT,171,1356
1626,transparency,OTHER,171,1356
1627,generative AI,TECHNOLOGY,171,1356
1628,safety and security protocol,REQUIREMENT,172,1997
1629,risk assessment reports,LEGAL_SOURCE,172,1997
1630,foundation models,TECHNOLOGY,172,1997
1631,third-party audit,REQUIREMENT,172,1997
1632,Attorney General,ACTOR,172,1997
1633,civil penalties,OTHER,172,1997
1634,whistleblower protections,LEGAL_SOURCE,172,1997
1635,public safety,RISK,172,1997
1636,Act,LEGAL_SOURCE,172,1997
1637,National Science and Technology Ethics Commission,ACTOR,173,2261
1638,Ministry of Science and Technology,ACTOR,173,2261
1639,S&T ethics review committees,REQUIREMENT,173,2261
1640,stakeholders,ACTOR,173,2261
1641,China,OTHER,173,2261
1642,14th Five-Year Plan,LEGAL_SOURCE,173,2261
1643,AI Strategic Task Force,REQUIREMENT,174,2257
1644,Office of the Governor of Massachusetts,ACTOR,174,2257
1645,Governor,ACTOR,174,2257
1646,Massachusetts,OTHER,174,2257
1647,AI research and development,LIFECYCLE_STAGE,174,2257
1648,healthcare,DOMAIN,174,2257
1649,finance,DOMAIN,174,2257
1650,policies,LEGAL_SOURCE,174,2257
1651,bias,RISK,174,2257
1652,privacy,RISK,174,2257
1653,security,RISK,174,2257
1654,report,LEGAL_SOURCE,174,2257
1655,AI actors,ACTOR,175,1396
1656,human rights,RISK,175,1396
1657,transparency,OTHER,175,1396
1658,robustness,RISK,175,1396
1659,accountability,OTHER,175,1396
1660,governments,ACTOR,175,1396
1661,AI research and development,LIFECYCLE_STAGE,175,1396
1662,ethics,RISK,175,1396
1663,privacy,RISK,175,1396
1664,bias,RISK,175,1396
1665,governance environments,LEGAL_SOURCE,175,1396
1666,skills training,DOMAIN,175,1396
1667,labor market,OTHER,175,1396
1668,Digital Policy Committee,ACTOR,175,1396
1669,AI governance,LEGAL_SOURCE,175,1396
1670,federal government,ACTOR,176,1801
1671,frontier AI models,TECHNOLOGY,176,1801
1672,national security,RISK,176,1801
1673,AI companies,ACTOR,176,1801
1674,public safety,RISK,176,1801
1675,AI Economic Zones,REQUIREMENT,176,1801
1676,AI education strategy,LEGAL_SOURCE,176,1801
1677,Compact for AI,LEGAL_SOURCE,176,1801
1678,Chinese-backed infrastructure projects,REQUIREMENT,176,1801
1679,training programs,DOMAIN,176,1801
1680,S&T ethics reviews,REQUIREMENT,177,2263
1681,China,OTHER,177,2263
1682,MOST,ACTOR,177,2263
1683,data security,RISK,177,2263
1684,personal information,RISK,177,2263
1685,algorithms,TECHNOLOGY,177,2263
1686,automated decision-making systems,TECHNOLOGY,177,2263
1687,penalties,OTHER,177,2263
1688,"December 1, 2023",LEGAL_SOURCE,177,2263
1689,National Artificial Intelligence Initiative Act of 2020,LEGAL_SOURCE,178,1243
1690,National Science Foundation,ACTOR,178,1243
1691,AI fellowships,REQUIREMENT,178,1243
1692,STEM fields,DOMAIN,178,1243
1693,National Institute of Standards and Technology,ACTOR,178,1243
1694,AI governance workforce,OTHER,178,1243
1695,technical standards,REQUIREMENT,178,1243
1696,AI risk management,LEGAL_SOURCE,178,1243
1697,Artificial Intelligence Act,LEGAL_SOURCE,179,1830
1698,New Mexico,OTHER,179,1830
1699,AI systems,TECHNOLOGY,179,1830
1700,algorithmic discrimination,RISK,179,1830
1701,state department of justice,ACTOR,179,1830
1702,consumer civil actions,OTHER,179,1830
1703,rulemaking,LEGAL_SOURCE,179,1830
1704,Artificial Intelligence,TECHNOLOGY,180,2031
1705,human review,OTHER,180,2031
1706,discrimination,RISK,180,2031
1707,AI or related technologies,TECHNOLOGY,180,2031
1708,Mississippi Department of Information Technology Services,ACTOR,181,1781
1709,Executive Order,LEGAL_SOURCE,181,1781
1710,AI technologies,TECHNOLOGY,181,1781
1711,AI processes,TECHNOLOGY,181,1781
1712,fairness,RISK,181,1781
1713,privacy,RISK,181,1781
1714,security,RISK,181,1781
1715,transparency,OTHER,181,1781
1716,accountability,OTHER,181,1781
1717,government stakeholders,ACTOR,181,1781
1718,Frontier Safety Framework,LEGAL_SOURCE,182,2040
1719,Critical Capability Levels,OTHER,182,2040
1720,CCLs,OTHER,182,2040
1721,misuse,RISK,182,2040
1722,deceptive alignment,RISK,182,2040
1723,"chemical, biological, radiological, nuclear attacks",RISK,182,2040
1724,CBRN,RISK,182,2040
1725,cyber threats,RISK,182,2040
1726,machine learning,TECHNOLOGY,182,2040
1727,deployment mitigations,REQUIREMENT,182,2040
1728,early warning evaluations,OTHER,182,2040
1729,frontier AI models,TECHNOLOGY,182,2040
1730,Google DeepMind AGI Safety Council,ACTOR,182,2040
1731,governance protocols,OTHER,182,2040
1732,risk modeling,OTHER,182,2040
1733,capability assessments,OTHER,182,2040
1734,TechVisa Program,REQUIREMENT,183,2039
1735,Turkey,OTHER,183,2039
1736,AI,TECHNOLOGY,183,2039
1737,AI certification training programs,REQUIREMENT,183,2039
1738,national occupational standards,REQUIREMENT,183,2039
1739,generative AI models,TECHNOLOGY,183,2039
1740,Turkish large language model,TECHNOLOGY,183,2039
1741,Legal Assessment Guide for AI Applications,LEGAL_SOURCE,183,2039
1742,AI education model,REQUIREMENT,183,2039
1743,Artificial Intelligence Task Force,REQUIREMENT,184,1417
1744,Indiana,OTHER,184,1417
1745,AI technologies,TECHNOLOGY,184,1417
1746,privacy,RISK,184,1417
1747,civil rights,RISK,184,1417
1748,legal protections,RISK,184,1417
1749,policies,LEGAL_SOURCE,184,1417
1750,legislation,LEGAL_SOURCE,184,1417
1751,state agencies,ACTOR,184,1417
1752,data security,RISK,184,1417
1753,AI,TECHNOLOGY,185,1383
1754,AI systems,TECHNOLOGY,185,1383
1755,AI lifecycle,REQUIREMENT,185,1383
1756,traceability,OTHER,185,1383
1757,stakeholders,ACTOR,185,1383
1758,transparency,OTHER,185,1383
1759,AI governance,OTHER,185,1383
1760,risk management policies,LEGAL_SOURCE,185,1383
1761,security controls,RISK,185,1383
1762,cybersecurity,RISK,185,1383
1763,content authentication mechanisms,TECHNOLOGY,185,1383
1764,technical standards,REQUIREMENT,185,1383
1765,artificial intelligence,TECHNOLOGY,186,1382
1766,AI lifecycle,REQUIREMENT,186,1382
1767,security controls,RISK,186,1382
1768,AI systems,TECHNOLOGY,186,1382
1769,stakeholders,ACTOR,186,1382
1770,content authentication and provenance mechanisms,TECHNOLOGY,186,1382
1771,UN SDG goals,LEGAL_SOURCE,186,1382
1772,technical standards,REQUIREMENT,186,1382
1773,personal data privacy,RISK,186,1382
1774,IP protection,RISK,186,1382
1775,military AI,TECHNOLOGY,187,1380
1776,international law,LEGAL_SOURCE,187,1380
1777,international humanitarian law,LEGAL_SOURCE,187,1380
1778,human command chain,OTHER,187,1380
1779,civilian protection,RISK,187,1380
1780,senior officials,ACTOR,187,1380
1781,bias,RISK,187,1380
1782,transparent,OTHER,187,1380
1783,auditable methodologies,OTHER,187,1380
1784,documentation,OTHER,187,1380
1785,training,DOMAIN,187,1380
1786,AI capabilities,TECHNOLOGY,187,1380
1787,safety,RISK,187,1380
1788,standards,REQUIREMENT,187,1380
1789,Personal Rights Protection Act of 1984,LEGAL_SOURCE,188,1378
1790,"Ensuring Likeness, Voice, and Image Security Act of 2024",LEGAL_SOURCE,188,1378
1791,property rights,RISK,188,1378
1792,First Amendment,LEGAL_SOURCE,188,1378
1793,civil liability,OTHER,188,1378
1794,unauthorized commercial use,RISK,188,1378
1795,technology,TECHNOLOGY,188,1378
1796,advertisement,DOMAIN,188,1378
1797,Chief Digital and Artificial Intelligence Officer,ACTOR,189,1753
1798,Department of Defense,ACTOR,189,1753
1799,automated target recognition algorithms,TECHNOLOGY,189,1753
1800,Replicator initiative,REQUIREMENT,189,1753
1801,Secretary of Defense,ACTOR,189,1753
1802,Senate Armed Services Committee,ACTOR,189,1753
1803,House Armed Services Committee,ACTOR,189,1753
1804,Act,LEGAL_SOURCE,189,1753
1805,Chief Data and Artificial Intelligence Officer,ACTOR,190,1741
1806,combatant command warfighter forum on AI,REQUIREMENT,190,1741
1807,AI,TECHNOLOGY,190,1741
1808,Secretary of Defense,ACTOR,190,1741
1809,congressional defense committees,ACTOR,190,1741
1810,policies,LEGAL_SOURCE,190,1741
1811,Department of Defense,ACTOR,191,1737
1812,Department of Energy,ACTOR,191,1737
1813,Secretary of Defense,ACTOR,191,1737
1814,Congress,ACTOR,191,1737
1815,centers of excellence,REQUIREMENT,191,1737
1816,AI-enabled weapon systems,TECHNOLOGY,191,1737
1817,AI capabilities,TECHNOLOGY,191,1737
1818,high-performance computing infrastructure,TECHNOLOGY,191,1737
1819,security standards,REQUIREMENT,191,1737
1820,Act,LEGAL_SOURCE,191,1737
1821,data procurement,REQUIREMENT,191,1737
1822,data protection,RISK,191,1737
1823,Chief Digital Engineering Recruitment and Management Officer,ACTOR,192,1758
1824,Department of Defense,ACTOR,192,1758
1825,AI workforce policy,LEGAL_SOURCE,192,1758
1826,AI workforce,REQUIREMENT,192,1758
1827,Human Capital Operating Plan,LEGAL_SOURCE,192,1758
1828,AI terminology,REQUIREMENT,192,1758
1829,congressional defense committees,ACTOR,192,1758
1830,Secretary of Defense,ACTOR,193,1744
1831,Department of Defense,ACTOR,193,1744
1832,U.S.,OTHER,193,1744
1833,AI initiatives,REQUIREMENT,193,1744
1834,AI strategies,LEGAL_SOURCE,193,1744
1835,intelligence sharing,REQUIREMENT,193,1744
1836,defense operations,REQUIREMENT,193,1744
1837,AI data security,RISK,193,1744
1838,export laws,LEGAL_SOURCE,193,1744
1839,national security,RISK,193,1744
1840,Secretary of Defense,ACTOR,194,1752
1841,Department of Defense,ACTOR,194,1752
1842,pilot program,REQUIREMENT,194,1752
1843,artificial intelligence,TECHNOLOGY,194,1752
1844,biotechnology,DOMAIN,194,1752
1845,public-private partnerships,REQUIREMENT,194,1752
1846,computing infrastructure,TECHNOLOGY,194,1752
1847,AI model validation,TECHNOLOGY,194,1752
1848,cybersecurity measures,RISK,194,1752
1849,transition plan,LEGAL_SOURCE,194,1752
1850,ecosystem analysis,LEGAL_SOURCE,194,1752
1851,John S. McCain National Defense Authorization Act,LEGAL_SOURCE,195,1756
1852,Chief Digital and Artificial Intelligence Officer Governing Council,ACTOR,195,1756
1853,Chief Digital and Artificial Intelligence Officer,ACTOR,195,1756
1854,AI models,TECHNOLOGY,195,1756
1855,AI technologies,TECHNOLOGY,195,1756
1856,national security,RISK,195,1756
1857,adversarial countries,OTHER,195,1756
1858,section 5306,LEGAL_SOURCE,196,1738
1859,intelligence community,ACTOR,196,1738
1860,Director of National Intelligence,ACTOR,196,1738
1861,exchange program,REQUIREMENT,196,1738
1862,artificial intelligence,TECHNOLOGY,196,1738
1863,trade secrets,RISK,196,1738
1864,proprietary information,RISK,196,1738
1865,conflicts of interest,OTHER,196,1738
1866,annual reports,LEGAL_SOURCE,196,1738
1867,Congress,ACTOR,196,1738
1868,Secretary of Defense,ACTOR,197,1743
1869,multi-cloud management,TECHNOLOGY,197,1743
1870,cybersecurity strategy,LEGAL_SOURCE,197,1743
1871,AI adoption,REQUIREMENT,197,1743
1872,multi-cloud environments,TECHNOLOGY,197,1743
1873,government data protection,RISK,197,1743
1874,AI training,LIFECYCLE_STAGE,197,1743
1875,congressional defense committees,ACTOR,197,1743
1876,Secretary of Defense,ACTOR,198,1745
1877,Department of Defense,ACTOR,198,1745
1878,unmanned ground vehicle systems,TECHNOLOGY,198,1745
1879,Defense Innovation Unit,ACTOR,198,1745
1880,U.S.,OTHER,198,1745
1881,national security,RISK,198,1745
1882,cybersecurity risks,RISK,198,1745
1883,technological vulnerabilities,RISK,198,1745
1884,China,OTHER,198,1745
1885,Russia,OTHER,198,1745
1886,Iran,OTHER,198,1745
1887,North Korea,OTHER,198,1745
1888,covered foreign countries,REQUIREMENT,198,1745
1889,Secretary of the Navy,ACTOR,199,1749
1890,modular open systems architecture,REQUIREMENT,199,1749
1891,maritime unmanned systems,TECHNOLOGY,199,1749
1892,Government,ACTOR,199,1749
1893,standards,REQUIREMENT,199,1749
1894,Navy program,REQUIREMENT,199,1749
1895,contract,REQUIREMENT,199,1749
1896,industry practices,REQUIREMENT,199,1749
1897,federal agencies,ACTOR,200,1763
1898,AI data centers,TECHNOLOGY,200,1763
1899,clean energy projects,REQUIREMENT,200,1763
1900,Secretary of Energy,ACTOR,200,1763
1901,executive order,LEGAL_SOURCE,200,1763
1902,cybersecurity,RISK,200,1763
1903,model evaluation,OTHER,200,1763
1904,supply-chain protection,RISK,200,1763
1905,AI infrastructure,TECHNOLOGY,200,1763
1906,permit processing,REQUIREMENT,200,1763
1907,federal sites,OTHER,200,1763
1908,global AI infrastructure development,REQUIREMENT,200,1763
1909,international supply chains,REQUIREMENT,200,1763
1910,national security,RISK,200,1763
1911,Executive Order 14110,LEGAL_SOURCE,201,1780
1912,Office of Management and Budget,ACTOR,201,1780
1913,OMB,ACTOR,201,1780
1914,U.S.,OTHER,201,1780
1915,American innovation,LEGAL_SOURCE,201,1780
1916,New York AI Act,LEGAL_SOURCE,202,1782
1917,New York State,OTHER,202,1782
1918,Attorney General,ACTOR,202,1782
1919,algorithmic discrimination,RISK,202,1782
1920,social scoring AI systems,TECHNOLOGY,202,1782
1921,private right of action,REQUIREMENT,202,1782
1922,frontier models,TECHNOLOGY,203,1783
1923,oversight entity,ACTOR,203,1783
1924,cybersecurity standards,REQUIREMENT,203,1783
1925,interagency body,ACTOR,203,1783
1926,federal agencies,ACTOR,203,1783
1927,biological,RISK,203,1783
1928,chemical,RISK,203,1783
1929,cyber,RISK,203,1783
1930,nuclear threats,RISK,203,1783
1931,AI safety,RISK,204,1831
1932,data security,RISK,204,1831
1933,penetration tests,RISK,204,1831
1934,incident response protocols,RISK,204,1831
1935,transparency,OTHER,204,1831
1936,Alibaba,ACTOR,204,1831
1937,Baidu,ACTOR,204,1831
1938,Huawei,ACTOR,204,1831
1939,Tencent,ACTOR,204,1831
1940,Chinese tech companies,ACTOR,204,1831
1941,AI safety governance,LEGAL_SOURCE,205,1802
1942,stakeholders,ACTOR,205,1802
1943,international cooperation,REQUIREMENT,205,1802
1944,data protection,RISK,205,1802
1945,risk assessment,OTHER,205,1802
1946,data security,RISK,205,1802
1947,human control,OTHER,205,1802
1948,sensitive data,OTHER,205,1802
1949,AI products,TECHNOLOGY,205,1802
1950,AI systems,TECHNOLOGY,205,1802
1951,risk assessment,OTHER,206,1804
1952,Sustainable Development Goals,REQUIREMENT,206,1804
1953,multistakeholder,ACTOR,206,1804
1954,industry,ACTOR,206,1804
1955,academia,ACTOR,206,1804
1956,civil society,ACTOR,206,1804
1957,government,ACTOR,206,1804
1958,post-deployment monitoring,LIFECYCLE_STAGE,206,1804
1959,AI advancements,TECHNOLOGY,206,1804
1960,Texas Responsible Artificial Intelligence Governance Act,LEGAL_SOURCE,207,1815
1961,Artificial Intelligence Council,ACTOR,207,1815
1962,AI Regulatory Sandbox Program,REQUIREMENT,207,1815
1963,Attorney General,ACTOR,207,1815
1964,civil penalties,OTHER,207,1815
1965,AI workforce development grants,REQUIREMENT,207,1815
1966,algorithmic discrimination,RISK,207,1815
1967,biometric identifiers,OTHER,207,1815
1968,"September 1, 2025",REQUIREMENT,207,1815
1969,AI security,RISK,208,1962
1970,cyber security training,REQUIREMENT,208,1962
1971,threat modeling,RISK,208,1962
1972,risk management,OTHER,208,1962
1973,human oversight,OTHER,208,1962
1974,access control,RISK,208,1962
1975,vulnerability disclosure policies,OTHER,208,1962
1976,secure supply chain,RISK,208,1962
1977,End-users,ACTOR,208,1962
1978,decommissioning processes,LIFECYCLE_STAGE,208,1962
1979,Freedom Online Coalition,ACTOR,209,1803
1980,FOC,ACTOR,209,1803
1981,Universal Declaration of Human Rights,LEGAL_SOURCE,209,1803
1982,human rights,RISK,209,1803
1983,Attorney General,ACTOR,209,1803
1984,healthcare,DOMAIN,209,1803
1985,law enforcement and justice,DOMAIN,209,1803
1986,public benefits,ACTOR,209,1803
1987,transparency,OTHER,209,1803
1988,AI systems,TECHNOLOGY,209,1803
1989,Chapter 93M,LEGAL_SOURCE,210,1993
1990,Attorney General,ACTOR,210,1993
1991,education,DOMAIN,210,1993
1992,employment,OTHER,210,1993
1993,healthcare,DOMAIN,210,1993
1994,algorithmic discrimination,RISK,210,1993
1995,risk management policies,REQUIREMENT,210,1993
1996,impact assessments,OTHER,210,1993
1997,national standards,REQUIREMENT,210,1993
1998,unfair trade practices,OTHER,210,1993
1999,artificial intelligence,TECHNOLOGY,211,1989
2000,AI,TECHNOLOGY,211,1989
2001,automated decision-making technology,TECHNOLOGY,211,1989
2002,consumer data,OTHER,211,1989
2003,financial,DOMAIN,211,1989
2004,employment,OTHER,211,1989
2005,educational,DOMAIN,211,1989
2006,Pre-use Notices,OTHER,211,1989
2007,human review,OTHER,211,1989
2008,protected classes,RISK,211,1989
2009,consumer privacy,RISK,211,1989
2010,Executive Order 14105,LEGAL_SOURCE,212,1805
2011,Department of the Treasury,ACTOR,212,1805
2012,U.S. persons,ACTOR,212,1805
2013,national security technologies,TECHNOLOGY,212,1805
2014,countries of concern,OTHER,212,1805
2015,AI systems,TECHNOLOGY,212,1805
2016,military,DOMAIN,212,1805
2017,intelligence,DOMAIN,212,1805
2018,surveillance,RISK,212,1805
2019,Secretary of the Treasury,ACTOR,212,1805
2020,Attorney General,ACTOR,212,1805
2021,AI technologies,TECHNOLOGY,213,2038
2022,personal data,OTHER,213,2038
2023,privacy rights,RISK,213,2038
2024,stakeholders,ACTOR,213,2038
2025,AI systems,TECHNOLOGY,213,2038
2026,safety,RISK,213,2038
2027,transparency,OTHER,213,2038
2028,fairness,RISK,213,2038
2029,accountability,OTHER,213,2038
2030,Law,LEGAL_SOURCE,213,2038
2031,supervisory authorities,ACTOR,213,2038
2032,President,ACTOR,213,2038
2033,CalCompute,TECHNOLOGY,214,2041
2034,public cloud computing framework,TECHNOLOGY,214,2041
2035,whistleblower protections,LEGAL_SOURCE,214,2041
2036,AI risks,RISK,214,2041
2037,misinformation,RISK,214,2041
2038,attorney’s fees,OTHER,214,2041
2039,injunctive relief,OTHER,214,2041
2040,developers,ACTOR,214,2041
2041,employee protections,OTHER,214,2041
2042,ethics committees,ACTOR,215,2099
2043,S&T activities,REQUIREMENT,215,2099
2044,AI,TECHNOLOGY,215,2099
2045,fairness,RISK,215,2099
2046,controllability,RISK,215,2099
2047,transparency,OTHER,215,2099
2048,reliability,RISK,215,2099
2049,national data security,RISK,215,2099
2050,penalties,OTHER,215,2099
2051,national ethics management registry,LEGAL_SOURCE,215,2099
2052,Ministry of Science and Technology,ACTOR,215,2099
2053,governance of AI research,OTHER,215,2099
2054,National Science and Technology Ethics Commission,ACTOR,216,2098
2055,Ministry of Science and Technology,ACTOR,216,2098
2056,S&T ethics,LEGAL_SOURCE,216,2098
2057,AI,TECHNOLOGY,216,2098
2058,life sciences,DOMAIN,216,2098
2059,medicine,DOMAIN,216,2098
2060,local governments,ACTOR,216,2098
2061,legislative development,LEGAL_SOURCE,216,2098
2062,accountability,OTHER,216,2098
2063,S&T personnel,ACTOR,216,2098
2064,educational initiatives,DOMAIN,216,2098
2065,public,ACTOR,216,2098
2066,punitive measures,OTHER,216,2098
2067,government-funded activities,REQUIREMENT,216,2098
2068,IT Department,ACTOR,217,2019
2069,AI products,TECHNOLOGY,217,2019
2070,AI technologies,TECHNOLOGY,217,2019
2071,AI-generated content,TECHNOLOGY,217,2019
2072,public communications,LEGAL_SOURCE,217,2019
2073,transparency,OTHER,217,2019
2074,sensitive or private information,OTHER,217,2019
2075,Information Technology department,ACTOR,217,2019
2076,public services,ACTOR,217,2019
2077,federal agency,ACTOR,218,579
2078,Senior Executive Service,ACTOR,218,579
2079,emerging technology lead,ACTOR,218,579
2080,emerging technologies,TECHNOLOGY,218,579
2081,artificial intelligence,TECHNOLOGY,218,579
2082,President,ACTOR,218,579
2083,Congress,ACTOR,218,579
2084,National Oceanic and Atmospheric Administration,ACTOR,219,511
2085,NOAA,ACTOR,219,511
2086,Earth System Models,TECHNOLOGY,219,511
2087,high performance computing,TECHNOLOGY,219,511
2088,machine learning,TECHNOLOGY,219,511
2089,artificial intelligence,TECHNOLOGY,219,511
2090,Federal,ACTOR,219,511
2091,State,ACTOR,219,511
2092,local,ACTOR,219,511
2093,Tribal,ACTOR,219,511
2094,academic,DOMAIN,219,511
2095,program,REQUIREMENT,219,511
2096,AI Grand Challenges Program,REQUIREMENT,220,1223
2097,AI research,LIFECYCLE_STAGE,220,1223
2098,Director of the National Science Foundation,ACTOR,220,1223
2099,National Science Foundation,ACTOR,220,1223
2100,AI-enabled cancer breakthroughs,DOMAIN,220,1223
2101,U.S.-based,OTHER,220,1223
2102,U.S. citizens,ACTOR,220,1223
2103,permanent residents,ACTOR,220,1223
2104,Congress,ACTOR,220,1223
2105,Secretary of Homeland Security,ACTOR,221,1264
2106,FEMA,ACTOR,221,1264
2107,Department of Homeland Security,ACTOR,221,1264
2108,Office of Artificial Intelligence Incident Reporting,ACTOR,221,1264
2109,DHS,ACTOR,221,1264
2110,Congress,ACTOR,221,1264
2111,privacy,RISK,221,1264
2112,transparency,OTHER,221,1264
2113,accountability,OTHER,221,1264
2114,individual rights,RISK,221,1264
2115,personal data,OTHER,221,1264
2116,Singapore,OTHER,222,1099
2117,AI Centers of Excellence,REQUIREMENT,222,1099
2118,regulatory frameworks,LEGAL_SOURCE,222,1099
2119,security measures,RISK,222,1099
2120,privacy technologies,RISK,222,1099
2121,public sector,ACTOR,222,1099
2122,Public Good,RISK,222,1099
2123,Federal Aviation Administration,ACTOR,223,840
2124,big data analytics,TECHNOLOGY,223,840
2125,machine learning,TECHNOLOGY,223,840
2126,"section 107.200 of title 14, Code of Federal Regulations",LEGAL_SOURCE,223,840
2127,CFR,LEGAL_SOURCE,223,840
2128,FAA website,LEGAL_SOURCE,223,840
2129,safety,RISK,223,840
2130,code of practice for generative AI systems,LEGAL_SOURCE,224,1053
2131,Canada,OTHER,224,1053
2132,safety,RISK,224,1053
2133,security,RISK,224,1053
2134,trust,OTHER,224,1053
2135,fairness,RISK,224,1053
2136,watermarking AI-generated content,TECHNOLOGY,224,1053
2137,human oversight,OTHER,224,1053
2138,monitoring,LIFECYCLE_STAGE,224,1053
2139,governance,OTHER,224,1053
2140,Secretary of Defense,ACTOR,225,405
2141,Five Eyes Strategic Artificial Intelligence Working Group,REQUIREMENT,225,405
2142,Five Eyes countries,OTHER,225,405
2143,Five Eyes Intelligence Oversight and Review Council,ACTOR,225,405
2144,AI systems,TECHNOLOGY,225,405
2145,AI model redundancy,TECHNOLOGY,225,405
2146,congressional committees,ACTOR,225,405
2147,Governor’s Task Force on Workforce and Artificial Intelligence,REQUIREMENT,226,2092
2148,Secretary of the Department of Workforce Development,ACTOR,226,2092
2149,Department of Workforce Development,ACTOR,226,2092
2150,Governor,ACTOR,226,2092
2151,Wisconsin,OTHER,226,2092
2152,education,DOMAIN,226,2092
2153,workforce development,OTHER,226,2092
2154,equity,RISK,226,2092
2155,economic opportunity,RISK,226,2092
2156,Commission on Artificial Intelligence Development,REQUIREMENT,227,2025
2157,City and County,OTHER,227,2025
2158,Mayor,ACTOR,227,2025
2159,City-County Council,ACTOR,227,2025
2160,Marion County,OTHER,227,2025
2161,City’s website,LEGAL_SOURCE,227,2025
2162,Councillors,ACTOR,227,2025
2163,IT directors,ACTOR,227,2025
2164,Department of Labor,ACTOR,228,374
2165,Department of Civil Service,ACTOR,228,374
2166,Office of Information Technology Services,ACTOR,228,374
2167,privacy,RISK,228,374
2168,security,RISK,228,374
2169,state departments,ACTOR,228,374
2170,governmental entities,ACTOR,228,374
2171,facial recognition technology,TECHNOLOGY,229,380
2172,biometric recognition programs,TECHNOLOGY,229,380
2173,algorithmic programs,TECHNOLOGY,229,380
2174,artificial intelligence,TECHNOLOGY,229,380
2175,automated decision systems,TECHNOLOGY,229,380
2176,Rhode Island,OTHER,229,380
2177,sports betting applications,DOMAIN,229,380
2178,vendors of gambling products,DOMAIN,229,380
2179,standardized rewards programs,REQUIREMENT,229,380
2180,Joint State Government Commission,ACTOR,230,377
2181,Pennsylvania,OTHER,230,377
2182,students' academic performance,DOMAIN,230,377
2183,AI-driven disinformation,RISK,230,377
2184,AI automation,TECHNOLOGY,230,377
2185,organized labor,OTHER,230,377
2186,ethical and responsible AI development,LEGAL_SOURCE,230,377
2187,state agencies,ACTOR,230,377
2188,social media platforms,ACTOR,231,481
2189,age verification technologies,TECHNOLOGY,231,481
2190,Pilot Program,REQUIREMENT,231,481
2191,Secretary of Commerce,ACTOR,231,481
2192,Federal Trade Commission,ACTOR,231,481
2193,FTC,ACTOR,231,481
2194,state attorneys general,ACTOR,231,481
2195,United States,OTHER,231,481
2196,Director of the Office of Management and Budget,ACTOR,232,571
2197,Office of Management and Budget,ACTOR,232,571
2198,automated governance,TECHNOLOGY,232,571
2199,privacy,RISK,232,571
2200,civil rights,RISK,232,571
2201,civil liberties,RISK,232,571
2202,AI-augmented processes,TECHNOLOGY,232,571
2203,Comptroller General,ACTOR,232,571
2204,Department of Energy,ACTOR,233,435
2205,DOE,ACTOR,233,435
2206,National Oceanic and Atmospheric Administration,ACTOR,233,435
2207,NOAA,ACTOR,233,435
2208,AI,TECHNOLOGY,233,435
2209,high-performance computing,TECHNOLOGY,233,435
2210,climate models,TECHNOLOGY,233,435
2211,weather prediction,TECHNOLOGY,233,435
2212,machine learning,TECHNOLOGY,233,435
2213,data assimilation,TECHNOLOGY,233,435
2214,predictive analysis techniques,TECHNOLOGY,233,435
2215,Secretary of Energy,ACTOR,233,435
2216,NOAA Administrator,ACTOR,233,435
2217,National Laboratories,ACTOR,233,435
2218,CHIPS Act of 2022,LEGAL_SOURCE,233,435
2219,Department of Defense,ACTOR,234,523
2220,Defense Information School,ACTOR,234,523
2221,digital content provenance,TECHNOLOGY,234,523
2222,DoD,ACTOR,234,523
2223,industry-open technical standards,REQUIREMENT,234,523
2224,secure digital content documentation,TECHNOLOGY,234,523
2225,pilot program,REQUIREMENT,234,523
2226,New Zealand,OTHER,235,1087
2227,AI tools,TECHNOLOGY,235,1087
2228,Privacy Act 2020,LEGAL_SOURCE,235,1087
2229,Information Privacy Principles,RISK,235,1087
2230,privacy impact assessment,RISK,235,1087
2231,PIA,RISK,235,1087
2232,Māori,ACTOR,235,1087
2233,training data provenance,TECHNOLOGY,235,1087
2234,privacy policies,LEGAL_SOURCE,235,1087
2235,personal information,OTHER,235,1087
2236,U.S. Infrastructure as a Service,TECHNOLOGY,236,1018
2237,IaaS,TECHNOLOGY,236,1018
2238,Customer Identification Program,REQUIREMENT,236,1018
2239,CIP,REQUIREMENT,236,1018
2240,Secretary of Commerce,ACTOR,236,1018
2241,Department of Commerce,ACTOR,236,1018
2242,AI models,TECHNOLOGY,236,1018
2243,foreign jurisdictions,OTHER,236,1018
2244,cyber activities,RISK,236,1018
2245,ICTS,TECHNOLOGY,237,1955
2246,Executive Order 13873,LEGAL_SOURCE,237,1955
2247,Secretary of Commerce,ACTOR,237,1955
2248,Secretary of Defense,ACTOR,237,1955
2249,Director of National Intelligence,ACTOR,237,1955
2250,national security,RISK,237,1955
2251,City Entity,ACTOR,238,2035
2252,St. Louis,OTHER,238,2035
2253,Board of Aldermen,ACTOR,238,2035
2254,surveillance technology,TECHNOLOGY,238,2035
2255,AI surveillance tools,TECHNOLOGY,238,2035
2256,Surveillance Use Plan,LEGAL_SOURCE,238,2035
2257,SUP,LEGAL_SOURCE,238,2035
2258,whistleblowers,ACTOR,238,2035
2259,ordinance,LEGAL_SOURCE,238,2035
2260,transparency,OTHER,238,2035
2261,civil rights,RISK,238,2035
2262,discriminatory impacts,RISK,238,2035
2263,City of San José,OTHER,239,2010
2264,Generative AI,TECHNOLOGY,239,2010
2265,privacy,RISK,239,2010
2266,accuracy,REQUIREMENT,239,2010
2267,transparency,OTHER,239,2010
2268,equity,RISK,239,2010
2269,accountability,OTHER,239,2010
2270,AI governance,LEGAL_SOURCE,239,2010
2271,public records laws,LEGAL_SOURCE,239,2010
2272,copyright compliance,LEGAL_SOURCE,239,2010
2273,AI workgroups,REQUIREMENT,239,2010
2274,risk assessment criteria,OTHER,239,2010
2275,AI tools,TECHNOLOGY,240,2042
2276,City Employees,ACTOR,240,2042
2277,IT Professionals,ACTOR,240,2042
2278,cybersecurity,RISK,240,2042
2279,data privacy,RISK,240,2042
2280,ethical,RISK,240,2042
2281,data transparency,OTHER,240,2042
2282,training,REQUIREMENT,240,2042
2283,AI implementation,LIFECYCLE_STAGE,240,2042
2284,City,ACTOR,240,2042
2285,City agencies and departments of Boston,ACTOR,241,2012
2286,Boston Public Schools,ACTOR,241,2012
2287,Department of Innovation and Technology,ACTOR,241,2012
2288,transparency,OTHER,241,2012
2289,accountability,OTHER,241,2012
2290,privacy,RISK,241,2012
2291,generative AI,TECHNOLOGY,241,2012
2292,AI-generated content,TECHNOLOGY,241,2012
2293,stakeholders,ACTOR,241,2012
2294,Miami-Dade County,OTHER,242,2045
2295,Human Resources Department,ACTOR,242,2045
2296,Information Technology Department,ACTOR,242,2045
2297,IT Department,ACTOR,242,2045
2298,AI,TECHNOLOGY,242,2045
2299,privacy,RISK,242,2045
2300,data governance,LEGAL_SOURCE,242,2045
2301,encryption,TECHNOLOGY,242,2045
2302,risk assessments,REQUIREMENT,242,2045
2303,community engagement,ACTOR,242,2045
2304,National Quantum Initiative Act,LEGAL_SOURCE,243,2046
2305,Secretary of Energy,ACTOR,243,2046
2306,Department of Energy,ACTOR,243,2046
2307,National Quantum Information Science Research Centers,REQUIREMENT,243,2046
2308,National Laboratories,ACTOR,243,2046
2309,quantum technology industry,TECHNOLOGY,243,2046
2310,high-performance computing systems,TECHNOLOGY,243,2046
2311,quantum supply chain,REQUIREMENT,243,2046
2312,university-led traineeship program,REQUIREMENT,243,2046
2313,foreign countries of concern,OTHER,243,2046
2314,Open Translation Center,ACTOR,244,867
2315,OTC,ACTOR,244,867
2316,U.S. Government,ACTOR,244,867
2317,Secretary of State,ACTOR,244,867
2318,CIA,ACTOR,244,867
2319,federal agencies,ACTOR,244,867
2320,foreign governments,OTHER,244,867
2321,governing board,ACTOR,244,867
2322,City departments,ACTOR,245,2009
2323,Seattle IT,ACTOR,245,2009
2324,Racial Equity Toolkit,RISK,245,2009
2325,Chief Technology Officer,ACTOR,245,2009
2326,Director of DPAC,ACTOR,245,2009
2327,Chief Privacy Officer,ACTOR,245,2009
2328,confidential City data,OTHER,245,2009
2329,AI systems,TECHNOLOGY,245,2009
2330,AI-generated content,TECHNOLOGY,245,2009
2331,generative AI,TECHNOLOGY,245,2009
2332,City of Tempe,OTHER,246,2014
2333,Technology and Innovation Steering Committee,ACTOR,246,2014
2334,Information Technology,ACTOR,246,2014
2335,predictive analytics,TECHNOLOGY,246,2014
2336,machine learning,TECHNOLOGY,246,2014
2337,automated decision-making,TECHNOLOGY,246,2014
2338,data privacy,RISK,246,2014
2339,ethical AI frameworks,LEGAL_SOURCE,246,2014
2340,stakeholder engagement,ACTOR,246,2014
2341,policy reviews,LEGAL_SOURCE,246,2014
2342,County of Santa Cruz,OTHER,247,2013
2343,HIPAA,LEGAL_SOURCE,247,2013
2344,CCPA,LEGAL_SOURCE,247,2013
2345,Google Bard,TECHNOLOGY,247,2013
2346,OpenAI's ChatGPT,TECHNOLOGY,247,2013
2347,Anthropic's Claude,TECHNOLOGY,247,2013
2348,Scribe,TECHNOLOGY,247,2013
2349,personally identifiable information,OTHER,247,2013
2350,AI policies,LEGAL_SOURCE,247,2013
2351,bias,RISK,247,2013
2352,Kendall County,OTHER,248,2044
2353,ChatGPT,TECHNOLOGY,248,2044
2354,Bard,TECHNOLOGY,248,2044
2355,Executives,ACTOR,248,2044
2356,Human Resources,ACTOR,248,2044
2357,"Information, Communication and Technology Department",ACTOR,248,2044
2358,Technology and Record Retention Policies,LEGAL_SOURCE,248,2044
2359,policy violations,REQUIREMENT,248,2044
2360,Municipal Criminal Court,ACTOR,249,2043
2361,ChatGPT,TECHNOLOGY,249,2043
2362,Bing AI,TECHNOLOGY,249,2043
2363,Google Bard,TECHNOLOGY,249,2043
2364,12 O.S. §2011,LEGAL_SOURCE,249,2043
2365,Information Technology Acceptable Use Policy,LEGAL_SOURCE,250,2037
2366,ITSA,ACTOR,250,2037
2367,Sunshine Law,LEGAL_SOURCE,250,2037
2368,Mayor’s Office,ACTOR,250,2037
2369,generative AI tools,TECHNOLOGY,250,2037
2370,AI-related technology,TECHNOLOGY,250,2037
2371,sensitive or confidential information,OTHER,250,2037
2372,malware threats,RISK,250,2037
2373,copyright-protected,LEGAL_SOURCE,250,2037
2374,AI Authority,ACTOR,251,1109
2375,AI,TECHNOLOGY,251,1109
2376,safety,RISK,251,1109
2377,transparency,OTHER,251,1109
2378,fairness,RISK,251,1109
2379,accountability,OTHER,251,1109
2380,regulatory sandboxes,REQUIREMENT,251,1109
2381,consumer protections,RISK,251,1109
2382,AI responsible officers,ACTOR,251,1109
2383,public engagement programs,REQUIREMENT,251,1109
2384,Federal Election Commission,ACTOR,252,456
2385,AI-generated audio,TECHNOLOGY,252,456
2386,political communications,REQUIREMENT,252,456
2387,criminal penalties,OTHER,252,456
2388,regulations,LEGAL_SOURCE,252,456
2389,compliance reports,LEGAL_SOURCE,252,456
2390,Congress,ACTOR,252,456
2391,general election,REQUIREMENT,252,456
2392,primary,REQUIREMENT,252,456
2393,radio or television stations,ACTOR,252,456
2394,Department of Homeland Security,ACTOR,253,520
2395,United States,OTHER,253,520
2396,artificial intelligence,TECHNOLOGY,253,520
2397,machine learning,TECHNOLOGY,253,520
2398,automation,TECHNOLOGY,253,520
2399,fiber-optic sensing,TECHNOLOGY,253,520
2400,nanotechnology,TECHNOLOGY,253,520
2401,optical and cognitive radar,TECHNOLOGY,253,520
2402,modeling and simulation technology,TECHNOLOGY,253,520
2403,hyperspectral and LIDAR sensors,TECHNOLOGY,253,520
2404,U.S. Customs and Border Protection,ACTOR,253,520
2405,Science and Technology Directorate,ACTOR,253,520
2406,Secretary,ACTOR,254,2000
2407,Congress,ACTOR,254,2000
2408,prohibited technology,TECHNOLOGY,254,2000
2409,U.S. national security,OTHER,254,2000
2410,China,OTHER,254,2000
2411,civil penalties,OTHER,254,2000
2412,divestment requirements,REQUIREMENT,254,2000
2413,enforcement actions,OTHER,254,2000
2414,international cooperation,REQUIREMENT,254,2000
2415,Assistant Secretary of Commerce,ACTOR,255,2001
2416,Supply Chain Resilience Working Group,REQUIREMENT,255,2001
2417,Congress,ACTOR,255,2001
2418,AI technologies,TECHNOLOGY,255,2001
2419,AI-related supply chains,TECHNOLOGY,255,2001
2420,countries identified as risks to national security,OTHER,255,2001
2421,privacy concerns,RISK,255,2001
2422,Secretary of Health and Human Services,ACTOR,256,1903
2423,algorithms,TECHNOLOGY,256,1903
2424,automated insulin delivery systems,TECHNOLOGY,256,1903
2425,Medicare,REQUIREMENT,256,1903
2426,Medicare Part B,REQUIREMENT,256,1903
2427,Comptroller General,ACTOR,256,1903
2428,Federal healthcare programs,REQUIREMENT,256,1903
2429,diabetes technologies,TECHNOLOGY,256,1903
2430,insulin pumps,TECHNOLOGY,256,1903
2431,billing and reimbursement transparency,OTHER,256,1903
2432,legal and policy issues,LEGAL_SOURCE,256,1903
2433,St. Louis Metropolitan Police Department,ACTOR,257,2034
2434,SLMPD,ACTOR,257,2034
2435,surveillance technology,TECHNOLOGY,257,2034
2436,artificial intelligence,TECHNOLOGY,257,2034
2437,public safety,RISK,257,2034
2438,transparency reports,LEGAL_SOURCE,257,2034
2439,data privacy,RISK,257,2034
2440,City’s Information Technology Services,ACTOR,257,2034
2441,28 C.F.R. Part 23,LEGAL_SOURCE,257,2034
2442,law enforcement agencies,ACTOR,257,2034
2443,federal and state laws,LEGAL_SOURCE,257,2034
2444,right to know,OTHER,257,2034
2445,need to know,OTHER,257,2034
2446,Secretary of Homeland Security,ACTOR,258,1919
2447,artificial intelligence,TECHNOLOGY,258,1919
2448,privacy,RISK,258,1919
2449,civil rights,RISK,258,1919
2450,civil liberties,RISK,258,1919
2451,CBP Innovation Teams,REQUIREMENT,258,1919
2452,DHS policies,LEGAL_SOURCE,258,1919
2453,cost-benefit analysis,OTHER,258,1919
2454,security effectiveness,RISK,258,1919
2455,private sector,ACTOR,258,1919
2456,government entities,ACTOR,258,1919
2457,stakeholders,ACTOR,258,1919
2458,Comptroller General,ACTOR,259,1999
2459,wearable medical devices,TECHNOLOGY,259,1999
2460,Congress,ACTOR,259,1999
2461,artificial intelligence,TECHNOLOGY,259,1999
2462,clinical decision-making,DOMAIN,259,1999
2463,policy options,LEGAL_SOURCE,259,1999
2464,Frontier Safety Framework,REQUIREMENT,260,987
2465,Critical Capability Levels,REQUIREMENT,260,987
2466,foundation models,TECHNOLOGY,260,987
2467,Autonomy,TECHNOLOGY,260,987
2468,Biosecurity,RISK,260,987
2469,Cybersecurity,RISK,260,987
2470,Machine Learning R&D,TECHNOLOGY,260,987
2471,security mitigations,RISK,260,987
2472,deployment mitigations,RISK,260,987
2473,model weight exfiltration,RISK,260,987
2474,misuse,RISK,260,987
2475,law enforcement,DOMAIN,261,207
2476,crime victims notification system,TECHNOLOGY,261,207
2477,artificial intelligence,TECHNOLOGY,261,207
2478,citizens,ACTOR,261,207
2479,Commandant of the Coast Guard,ACTOR,262,15
2480,Coast Guard,ACTOR,262,15
2481,AI technology,TECHNOLOGY,262,15
2482,strategic plan,LEGAL_SOURCE,262,15
2483,Secretary of Defense,ACTOR,263,2
2484,Department of Defense,ACTOR,263,2
2485,artificial intelligence,TECHNOLOGY,263,2
2486,Congress,ACTOR,263,2
2487,Secretary of Defense,ACTOR,264,3
2488,Joint Common Foundation Program,REQUIREMENT,264,3
2489,Department of Defense,ACTOR,264,3
2490,AI companies,ACTOR,264,3
2491,cybersecurity processes,RISK,264,3
2492,Commander of the United States Cyber Command,ACTOR,265,7
2493,Chief Information Officer of the Department of Defense,ACTOR,265,7
2494,Department of Defense,ACTOR,265,7
2495,artificial intelligence systems,TECHNOLOGY,265,7
2496,cybersecurity,RISK,265,7
2497,cyber operations,TECHNOLOGY,265,7
2498,AI system operator,ACTOR,265,7
2499,AI-based attacks,RISK,265,7
2500,maturity model,REQUIREMENT,265,7
2501,Secretary of Defense,ACTOR,266,1
2502,AI-related information technology infrastructure,TECHNOLOGY,266,1
2503,plan working group,REQUIREMENT,266,1
2504,DOD,ACTOR,266,1
2505,AI application domains,TECHNOLOGY,266,1
2506,Director of National Intelligence,ACTOR,267,11
2507,intelligence community,ACTOR,267,11
2508,emerging technologies,TECHNOLOGY,267,11
2509,artificial intelligence,TECHNOLOGY,267,11
2510,"education, recruitment, and retention programs",REQUIREMENT,267,11
2511,skills-based training,REQUIREMENT,267,11
2512,educational programs,REQUIREMENT,267,11
2513,automated employment decision tools,TECHNOLOGY,268,72
2514,employment decision making,OTHER,268,72
2515,AI,TECHNOLOGY,268,72
2516,machine learning,TECHNOLOGY,268,72
2517,New York City,OTHER,268,72
2518,bias audits,RISK,268,72
2519,independent auditors,ACTOR,268,72
2520,job candidates,ACTOR,268,72
2521,civil penalties,OTHER,268,72
2522,law,LEGAL_SOURCE,268,72
2523,city corporation counsel,ACTOR,268,72
2524,Deputy Secretary of Defense,ACTOR,269,6
2525,artificial intelligence,TECHNOLOGY,269,6
2526,DOD,ACTOR,269,6
2527,AI applications,TECHNOLOGY,269,6
2528,government operational environments,ACTOR,269,6
2529,AI expertise,TECHNOLOGY,269,6
2530,Section 41001(6)(A),LEGAL_SOURCE,270,26
2531,FAST Act,LEGAL_SOURCE,270,26
2532,semiconductors,TECHNOLOGY,270,26
2533,artificial intelligence,TECHNOLOGY,270,26
2534,machine learning,TECHNOLOGY,270,26
2535,cybersecurity,RISK,270,26
2536,FAST Act permitting program,REQUIREMENT,270,26
2537,Commandant of the Coast Guard,ACTOR,271,16
2538,Coast Guard,ACTOR,271,16
2539,artificial intelligence,TECHNOLOGY,271,16
2540,Congress,ACTOR,271,16
2541,military personnel,RISK,271,16
2542,administrator of general services,ACTOR,272,70
2543,Information Technology Modernization Centers of Excellence Program,REQUIREMENT,272,70
2544,executive agencies,ACTOR,272,70
2545,Artificial Intelligence,TECHNOLOGY,272,70
2546,cybersecurity,TECHNOLOGY,272,70
2547,cloud computing,TECHNOLOGY,272,70
2548,Information Technology,TECHNOLOGY,272,70
2549,consumer interactions,DOMAIN,272,70
2550,President,ACTOR,273,78
2551,Office of Science and Technology Policy,ACTOR,273,78
2552,artificial intelligence tools,TECHNOLOGY,273,78
2553,engineering biology,DOMAIN,273,78
2554,omics data,OTHER,273,78
2555,genomics,OTHER,273,78
2556,Director of the National Science Foundation,ACTOR,274,60
2557,National Science Foundation,ACTOR,274,60
2558,Director of the National Institute of Standards and Technology,ACTOR,274,60
2559,National Institute of Standards and Technology,ACTOR,274,60
2560,measurements and standards,REQUIREMENT,274,60
2561,generative adversarial networks,TECHNOLOGY,274,60
2562,Congress,ACTOR,274,60
2563,policy recommendations,LEGAL_SOURCE,274,60
2564,Hydrologic Research Fellowship Program,REQUIREMENT,275,34
2565,NOAA,ACTOR,275,34
2566,AI,TECHNOLOGY,275,34
2567,machine-learning,TECHNOLOGY,275,34
2568,hydrologic modeling,TECHNOLOGY,275,34
2569,gastrointestinal lesion software detection systems,TECHNOLOGY,276,73
2570,clinical and non-clinical performance tests,REQUIREMENT,276,73
2571,reliability,RISK,276,73
2572,safety,RISK,276,73
2573,use instructions,REQUIREMENT,276,73
2574,warnings,REQUIREMENT,276,73
2575,summaries of testing,LEGAL_SOURCE,276,73
2576,Secretary of Energy,ACTOR,277,66
2577,smart manufacturing,TECHNOLOGY,277,66
2578,AI technologies,TECHNOLOGY,277,66
2579,Department,ACTOR,277,66
2580,performance standards,REQUIREMENT,277,66
2581,cybersecurity,RISK,277,66
2582,manufacturing jobs,OTHER,277,66
2583,Secretary of Defense,ACTOR,278,4
2584,Department of Defense,ACTOR,278,4
2585,AI development,TECHNOLOGY,278,4
2586,software,TECHNOLOGY,278,4
2587,AI technology development,TECHNOLOGY,278,4
2588,DoD procurement,ACTOR,278,4
2589,repositories,LEGAL_SOURCE,278,4
2590,Congress,ACTOR,278,4
2591,federal government,ACTOR,279,307
2592,AI systems,TECHNOLOGY,279,307
2593,safety,RISK,279,307
2594,security,RISK,279,307
2595,biological risks,RISK,279,307
2596,cybersecurity risks,RISK,279,307
2597,deceptive content risks,RISK,279,307
2598,National Security Memorandum,LEGAL_SOURCE,279,307
2599,privacy-preserving research,RISK,279,307
2600,commercially available information,TECHNOLOGY,279,307
2601,algorithmic discrimination,RISK,279,307
2602,fairness,RISK,279,307
2603,healthcare,DOMAIN,279,307
2604,transportation,DOMAIN,279,307
2605,education,DOMAIN,279,307
2606,communications networks,TECHNOLOGY,279,307
2607,labor-market impacts,RISK,279,307
2608,workers,OTHER,279,307
2609,immigration of AI talent,ACTOR,279,307
2610,National AI Research Resource,REQUIREMENT,279,307
2611,small businesses,DOMAIN,279,307
2612,U.S.,OTHER,279,307
2613,international standards,REQUIREMENT,279,307
2614,critical infrastructure,RISK,279,307
2615,agency use of AI,ACTOR,279,307
2616,AI professionals,OTHER,279,307
2617,employers,OTHER,280,314
2618,AI,TECHNOLOGY,280,314
2619,video interviews,TECHNOLOGY,280,314
2620,Illinois Department of Commerce and Economic Opportunity,ACTOR,280,314
2621,Governor,ACTOR,280,314
2622,General Assembly,ACTOR,280,314
2623,racial bias,RISK,280,314
2624,Department of Administrative Services,ACTOR,281,244
2625,Office of Policy and Management,ACTOR,281,244
2626,Judicial Department,ACTOR,281,244
2627,Connecticut,OTHER,281,244
2628,White House Office of Science and Technology Policy,ACTOR,281,244
2629,Blueprint for an AI Bill of Rights,LEGAL_SOURCE,281,244
2630,artificial intelligence bill of rights,LEGAL_SOURCE,281,244
2631,AI systems,TECHNOLOGY,281,244
2632,impact assessment,LEGAL_SOURCE,281,244
2633,state agencies,ACTOR,281,244
2634,working group,REQUIREMENT,281,244
2635,California Department of Technology,ACTOR,282,208
2636,California Legislature,ACTOR,282,208
2637,automated decision systems,TECHNOLOGY,282,208
2638,personal information,RISK,282,208
2639,annual report,LEGAL_SOURCE,282,208
2640,artificial intelligence,TECHNOLOGY,283,168
2641,U.S. copyright protection,LEGAL_SOURCE,283,168
2642,copyright applicants,RISK,283,168
2643,artificial intelligence,TECHNOLOGY,284,210
2644,North Dakota state law,LEGAL_SOURCE,284,210
2645,North Dakota,OTHER,284,210
2646,employers,ACTOR,285,304
2647,AI,TECHNOLOGY,285,304
2648,Illinois,OTHER,285,304
2649,applicant,ACTOR,285,304
2650,video interviews,LEGAL_SOURCE,285,304
2651,consent,RISK,285,304
2652,Department of Defense,ACTOR,286,142
2653,artificial intelligence,TECHNOLOGY,286,142
2654,data science,TECHNOLOGY,286,142
2655,software development,TECHNOLOGY,286,142
2656,United States Code,LEGAL_SOURCE,286,142
2657,Human Resources manager,ACTOR,286,142
2658,Secretary of Defense,ACTOR,286,142
2659,congressional defense committee,ACTOR,286,142
2660,electronic portfolios,TECHNOLOGY,286,142
2661,program,REQUIREMENT,286,142
2662,Secretary of Commerce,ACTOR,287,161
2663,national cybersecurity challenges,REQUIREMENT,287,161
2664,cyber systems,TECHNOLOGY,287,161
2665,digital literacy,DOMAIN,287,161
2666,emerging technologies,TECHNOLOGY,287,161
2667,advisory council,REQUIREMENT,287,161
2668,Assistant Secretary of Commerce for Communications and Information,ACTOR,288,148
2669,National Telecommunications and Information Administration,ACTOR,288,148
2670,NTIA,ACTOR,288,148
2671,Federal spectrum,REQUIREMENT,288,148
2672,Comptroller General of the United States,ACTOR,288,148
2673,Department of Defense,ACTOR,288,148
2674,Congress,ACTOR,288,148
2675,Policy and Plans Steering Group,ACTOR,288,148
2676,information technology systems,TECHNOLOGY,288,148
2677,data model,TECHNOLOGY,288,148
2678,workflow automation,TECHNOLOGY,288,148
2679,report,LEGAL_SOURCE,288,148
2680,Secretary of Defense,ACTOR,289,139
2681,Department of Defense,ACTOR,289,139
2682,Director of the joint Artificial Intelligence center,ACTOR,289,139
2683,Joint Artificial Intelligence Center,ACTOR,289,139
2684,board of advisors,REQUIREMENT,289,139
2685,United States military,ACTOR,289,139
2686,artificial intelligence technologies,TECHNOLOGY,289,139
2687,ethically and responsibly developed artificial intelligence,RISK,289,139
2688,steering committee on emerging technology and national security threats,REQUIREMENT,289,139
2689,emerging technologies,TECHNOLOGY,289,139
2690,strategy,LEGAL_SOURCE,289,139
2691,Secretary of the Navy,ACTOR,290,157
2692,congressional defense committees,ACTOR,290,157
2693,unmanned surface vessels or vehicles,TECHNOLOGY,290,157
2694,offensive weapons systems,TECHNOLOGY,290,157
2695,analysis of alternatives,LEGAL_SOURCE,290,157
2696,Department of Defense,ACTOR,291,220
2697,Secretary of Defense,ACTOR,291,220
2698,Under Secretary of Defense for Acquisition and Sustainment,ACTOR,291,220
2699,Under Secretary of Defense for Research and Engineering,ACTOR,291,220
2700,Chief Information Officer,ACTOR,291,220
2701,acquisition programs,REQUIREMENT,291,220
2702,artificial intelligence,TECHNOLOGY,291,220
2703,cybersecurity,RISK,291,220
2704,defense industrial base,ACTOR,291,220
2705,congressional defense committees,ACTOR,291,220
2706,Secretary of Defense,ACTOR,292,143
2707,Department of Defense,ACTOR,292,143
2708,Armed Forces,ACTOR,292,143
2709,pilot program,REQUIREMENT,292,143
2710,online courses,REQUIREMENT,292,143
2711,advanced technologies,TECHNOLOGY,292,143
2712,Secretary of Defense,ACTOR,293,144
2713,Defense science and technology employment opportunities,REQUIREMENT,293,144
2714,higher education institutions,ACTOR,293,144
2715,artificial intelligence,TECHNOLOGY,293,144
2716,machine learning,TECHNOLOGY,293,144
2717,Congress,ACTOR,293,144
2718,Secretary of the Navy,ACTOR,294,159
2719,Coast Guard,ACTOR,294,159
2720,Secretary of Commerce,ACTOR,294,159
2721,autonomous vehicles,TECHNOLOGY,294,159
2722,commercial solutions,TECHNOLOGY,294,159
2723,congressional Committees,ACTOR,294,159
2724,Secretary of Defense,ACTOR,295,140
2725,Commander of the US Strategic Command,ACTOR,295,140
2726,electromagnetic spectrum operations,REQUIREMENT,295,140
2727,machine learning,TECHNOLOGY,295,140
2728,artificial intelligence,TECHNOLOGY,295,140
2729,electronic warfare capabilities,TECHNOLOGY,295,140
2730,Director of the National Institute of Standards and Technology,ACTOR,296,151
2731,PRC,OTHER,296,151
2732,emerging technology international standards,REQUIREMENT,296,151
2733,international standards-setting bodies,REQUIREMENT,296,151
2734,artificial intelligence,TECHNOLOGY,296,151
2735,quantum information science,TECHNOLOGY,296,151
2736,"Committees on Science, Space, and Technology",ACTOR,296,151
2737,Committee on Foreign Affairs,ACTOR,296,151
2738,"Committee on Commerce, Science, and Transportation",ACTOR,296,151
2739,Committee on Foreign Relations,ACTOR,296,151
2740,Secretary of Education,ACTOR,297,145
2741,STEM education programs,REQUIREMENT,297,145
2742,Junior Reserve Corps,REQUIREMENT,297,145
2743,National Science Foundation,ACTOR,297,145
2744,Secretary of Defense,ACTOR,297,145
2745,computer science,DOMAIN,297,145
2746,science,DOMAIN,297,145
2747,technology,DOMAIN,297,145
2748,engineering,DOMAIN,297,145
2749,mathematics,DOMAIN,297,145
2750,Comptroller General of the United States,ACTOR,298,147
2751,law enforcement,DOMAIN,298,147
2752,financial institutions,ACTOR,298,147
2753,data and technology companies,ACTOR,298,147
2754,transnational criminal organizations,ACTOR,298,147
2755,artificial intelligence,TECHNOLOGY,298,147
2756,digital identity technologies,TECHNOLOGY,298,147
2757,distributed ledger technologies,TECHNOLOGY,298,147
2758,virtual assets,TECHNOLOGY,298,147
2759,online marketplaces,TECHNOLOGY,298,147
2760,Congress,ACTOR,298,147
2761,Secretary of the Treasury,ACTOR,299,221
2762,Financial Crimes Enforcement Network,ACTOR,299,221
2763,Treasury Department,ACTOR,299,221
2764,"Committee on Banking, Housing, and Urban Affairs",ACTOR,299,221
2765,Committee on Financial Services,ACTOR,299,221
2766,Senate,ACTOR,299,221
2767,House of Representatives,ACTOR,299,221
2768,artificial intelligence,TECHNOLOGY,299,221
2769,emerging technologies,TECHNOLOGY,299,221
2770,policy recommendations,LEGAL_SOURCE,299,221
2771,financial crimes,DOMAIN,299,221
2772,Department of Homeland Security,ACTOR,300,149
2773,Congress,ACTOR,300,149
2774,digital content forgery technology,TECHNOLOGY,300,149
2775,deep learning,TECHNOLOGY,300,149
2776,civil rights,RISK,300,149
2777,national security,RISK,300,149
2778,technological countermeasures,TECHNOLOGY,300,149
2779,Commandant,ACTOR,301,160
2780,Blue Technology Center of Expertise,ACTOR,301,160
2781,unmanned maritime systems,TECHNOLOGY,301,160
2782,satellite vessel tracking technologies,TECHNOLOGY,301,160
2783,Coast Guard,ACTOR,301,160
2784,Congress,ACTOR,301,160
2785,report,LEGAL_SOURCE,301,160
2786,mission requirements,REQUIREMENT,301,160
2787,Secretary of the Navy,ACTOR,302,155
2788,Navy program executive officer,ACTOR,302,155
2789,acquisition executive agent for autonomy,ACTOR,302,155
2790,autonomous technology,TECHNOLOGY,302,155
2791,Secretary of Defense,ACTOR,303,23
2792,Director of the Joint Artificial Intelligence Center,ACTOR,303,23
2793,artificial intelligence,TECHNOLOGY,303,23
2794,acquisition programs,REQUIREMENT,303,23
2795,congressional defense committees,ACTOR,303,23
2796,implementation plan,LEGAL_SOURCE,303,23
2797,acquisition executive,ACTOR,303,23
2798,acquisition workforce,ACTOR,303,23
2799,infrastructure,REQUIREMENT,303,23
2800,Secretary of Defense,ACTOR,304,146
2801,Department of Defence,ACTOR,304,146
2802,Research and Engineering,ACTOR,304,146
2803,Chief Information Officer,ACTOR,304,146
2804,Armed Force,ACTOR,304,146
2805,Senate,ACTOR,304,146
2806,House Armed Services Committees,ACTOR,304,146
2807,Public-Private Exchange programmes,REQUIREMENT,304,146
2808,Artificial Intelligence,TECHNOLOGY,304,146
2809,conflict of interest requirements,REQUIREMENT,304,146
2810,Director of the Space Development Agency,ACTOR,305,158
2811,Department of Defense,ACTOR,305,158
2812,Space Development Agency,ACTOR,305,158
2813,"military space-based sensing, tracking, and data transport architecture",TECHNOLOGY,305,158
2814,autonomous battle features,TECHNOLOGY,305,158
2815,Space Force,ACTOR,305,158
2816,Office of the Secretary of Defense,ACTOR,305,158
2817,low-Earth orbit,TECHNOLOGY,305,158
2818,Secretary of Defense,ACTOR,306,141
2819,Department of Defense,ACTOR,306,141
2820,AI-related education,DOMAIN,306,141
2821,software development,TECHNOLOGY,306,141
2822,architecture certification programmes,REQUIREMENT,306,141
2823,DOD coding language proficiency,REQUIREMENT,306,141
2824,AI competency tests,REQUIREMENT,306,141
2825,artificial intelligence competency tests,REQUIREMENT,306,141
2826,foreign language competency system,REQUIREMENT,306,141
2827,intelligence agencies,ACTOR,306,141
2828,computer or digital programming language,TECHNOLOGY,306,141
2829,Secretary of Defense,ACTOR,307,24
2830,AI professionals,ACTOR,307,24
2831,software and data science personnel,ACTOR,307,24
2832,HR,ACTOR,307,24
2833,direct hiring authorities,REQUIREMENT,307,24
2834,subject matter experts,ACTOR,307,24
2835,ePortfolio reviews,REQUIREMENT,307,24
2836,referral bonuses,REQUIREMENT,307,24
2837,Congress,ACTOR,307,24
2838,report,LEGAL_SOURCE,307,24
2839,Secretary of Defense,ACTOR,308,152
2840,machine learning,TECHNOLOGY,308,152
2841,Armed Forces,ACTOR,308,152
2842,cyberexploitation,RISK,308,152
2843,policy recommendations,LEGAL_SOURCE,308,152
2844,information warfare,DOMAIN,308,152
2845,Executive Agent of the Joint Counter Small Unmanned Aircraft Systems Office,ACTOR,309,153
2846,unmanned aircraft system,TECHNOLOGY,309,153
2847,autonomous and semi-autonomous systems,TECHNOLOGY,309,153
2848,military,DOMAIN,309,153
2849,operational requirements,REQUIREMENT,309,153
2850,plan,LEGAL_SOURCE,309,153
2851,Director of National Intelligence,ACTOR,310,199
2852,congressional appropriations and intelligence committees,ACTOR,310,199
2853,intelligence community directives,LEGAL_SOURCE,310,199
2854,AI,TECHNOLOGY,310,199
2855,machine learning,TECHNOLOGY,310,199
2856,intelligence,DOMAIN,310,199
2857,plan and timeline,LEGAL_SOURCE,310,199
2858,Director of National Intelligence,ACTOR,311,201
2859,Director of the Office of Management and Budget,ACTOR,311,201
2860,intelligence community,ACTOR,311,201
2861,AI,TECHNOLOGY,311,201
2862,machine learning,TECHNOLOGY,311,201
2863,privacy evaluations,RISK,311,201
2864,training data,TECHNOLOGY,311,201
2865,third-party-trained models,TECHNOLOGY,311,201
2866,AI capability monitoring,LIFECYCLE_STAGE,311,201
2867,model auditing,OTHER,311,201
2868,vulnerability testing,LIFECYCLE_STAGE,311,201
2869,Under Secretary of Defense for Acquisition and Sustainment,ACTOR,312,189
2870,pilot program,REQUIREMENT,312,189
2871,supply chains,RISK,312,189
2872,artificial intelligence,TECHNOLOGY,312,189
2873,machine learning,TECHNOLOGY,312,189
2874,weapons platforms,TECHNOLOGY,312,189
2875,Secretary of Defense,ACTOR,313,188
2876,Department of Defense,ACTOR,313,188
2877,Vice Chairman of the Joint Chiefs of Staff,ACTOR,313,188
2878,Congress,ACTOR,313,188
2879,Department of Defense Architecture Framework,REQUIREMENT,313,188
2880,application program interfaces,TECHNOLOGY,313,188
2881,enterprise architectures,TECHNOLOGY,313,188
2882,government and commercial standards,REQUIREMENT,313,188
2883,software,TECHNOLOGY,313,188
2884,artificial intelligence,TECHNOLOGY,313,188
2885,data,TECHNOLOGY,313,188
2886,science and technology reinvention laboratories,ACTOR,313,188
2887,Department of Defense,ACTOR,314,191
2888,Principal Cyber Advisor to the Secretary of Defense,ACTOR,314,191
2889,Chief Information Officer of the Department of Defense,ACTOR,314,191
2890,Director of Operational Test and Evaluation,ACTOR,314,191
2891,Commander of the United States Cyber Command,ACTOR,314,191
2892,Congress,ACTOR,314,191
2893,cyber red teams,REQUIREMENT,314,191
2894,artificial intelligence systems,TECHNOLOGY,314,191
2895,Director of National Intelligence,ACTOR,315,198
2896,Director of the Intelligence Advanced Research Projects Activity,ACTOR,315,198
2897,Secretary of Commerce,ACTOR,315,198
2898,Intelligence Advanced Research Projects Activity,ACTOR,315,198
2899,program,REQUIREMENT,315,198
2900,microelectronics research,LIFECYCLE_STAGE,315,198
2901,artificial intelligence,TECHNOLOGY,315,198
2902,advanced computing,TECHNOLOGY,315,198
2903,optical communication networks,TECHNOLOGY,315,198
2904,quantum technologies,TECHNOLOGY,315,198
2905,emerging technologies,TECHNOLOGY,315,198
2906,Congress,ACTOR,315,198
2907,Next Generation Air Dominance,REQUIREMENT,316,240
2908,Collaborative Combat Aircraft,REQUIREMENT,316,240
2909,Comptroller General,ACTOR,316,240
2910,President,ACTOR,316,240
2911,Secretary,ACTOR,316,240
2912,air vehicles,TECHNOLOGY,316,240
2913,mission systems,TECHNOLOGY,316,240
2914,system test and evaluation,LIFECYCLE_STAGE,316,240
2915,training systems,DOMAIN,316,240
2916,cost KPPs,OTHER,316,240
2917,congressional defense committees,ACTOR,316,240
2918,Secretary of Commerce,ACTOR,317,241
2919,National Oceanic and Atmospheric Administration,ACTOR,317,241
2920,53rd Weather Reconnaissance Squadron,ACTOR,317,241
2921,Air Force Reserve Command,ACTOR,317,241
2922,Administrator of the National Oceanic and Atmospheric Administration,ACTOR,317,241
2923,autonomous platform,TECHNOLOGY,317,241
2924,weather forecasting,TECHNOLOGY,317,241
2925,water management,ACTOR,317,241
2926,flood forecasting,TECHNOLOGY,317,241
2927,Secretary of the Air Force,ACTOR,317,241
2928,Secretary of Defense,ACTOR,318,204
2929,Department of Defense Directive 300.09,LEGAL_SOURCE,318,204
2930,autonomy in weapons systems,TECHNOLOGY,318,204
2931,congressional defense committees,ACTOR,318,204
2932,Army,ACTOR,319,195
2933,Navy,ACTOR,319,195
2934,Air Force,ACTOR,319,195
2935,Marine Corps,ACTOR,319,195
2936,Space Operations,ACTOR,319,195
2937,electromagnetic spectrum operations,TECHNOLOGY,319,195
2938,AI-assisted operations,TECHNOLOGY,319,195
2939,Office of Strategic Capital,ACTOR,320,205
2940,Department of Defense,ACTOR,320,205
2941,autonomous robots,TECHNOLOGY,320,205
2942,pilot program,REQUIREMENT,320,205
2943,defense industrial base,ACTOR,320,205
2944,Secretary of Defense,ACTOR,320,205
2945,congressional defense committees,ACTOR,320,205
2946,Secretary of Defense,ACTOR,321,202
2947,Department of Defense,ACTOR,321,202
2948,data science,TECHNOLOGY,321,202
2949,machine learning,TECHNOLOGY,321,202
2950,congressional defense committees,ACTOR,321,202
2951,Director of National Intelligence,ACTOR,322,200
2952,congressional intelligence committees,ACTOR,322,200
2953,People's Republic of China,OTHER,322,200
2954,artificial intelligence,TECHNOLOGY,322,200
2955,AI,TECHNOLOGY,322,200
2956,supply chain,RISK,322,200
2957,Director of National Intelligence,ACTOR,323,197
2958,intelligence community,ACTOR,323,197
2959,Commercial Cloud Enterprise,REQUIREMENT,323,197
2960,Director of the Central Intelligence Agency,ACTOR,323,197
2961,cloud computing,TECHNOLOGY,323,197
2962,artificial intelligence systems,TECHNOLOGY,323,197
2963,congressional intelligence and appropriations committees,ACTOR,323,197
2964,Secretary of the Navy,ACTOR,324,187
2965,Shipyard Infrastructure Optimization Program,REQUIREMENT,324,187
2966,Department of the Navy,ACTOR,324,187
2967,artificial intelligence,TECHNOLOGY,324,187
2968,U.S. Navy shipyards,OTHER,324,187
2969,congressional defense committees,ACTOR,324,187
2970,Chief Digital and Artificial Intelligence Officer,ACTOR,325,192
2971,Department of Defense,ACTOR,325,192
2972,Secretary of Defense,ACTOR,325,192
2973,Chief Digital and Artificial Intelligence Officer Governing Council,ACTOR,325,192
2974,AI,TECHNOLOGY,325,192
2975,Congress,ACTOR,325,192
2976,Secretary of the Army,ACTOR,326,203
2977,Congress,ACTOR,326,203
2978,Army,ACTOR,326,203
2979,Department of Defense,ACTOR,326,203
2980,autonomous vehicles,TECHNOLOGY,326,203
2981,tactical wheeled vehicles,TECHNOLOGY,326,203
2982,national security strategy,LEGAL_SOURCE,326,203
2983,congressional defense committees,ACTOR,326,203
2984,Chief Artificial Intelligence Officer,ACTOR,327,196
2985,AI,TECHNOLOGY,327,196
2986,machine learning,TECHNOLOGY,327,196
2987,Secretary of State,ACTOR,327,196
2988,Chief Information Officer,ACTOR,327,196
2989,diplomacy,ACTOR,327,196
2990,DoD,ACTOR,328,194
2991,AI,TECHNOLOGY,328,194
2992,ML,TECHNOLOGY,328,194
2993,Secretary of Defense,ACTOR,328,194
2994,bug bounty program,REQUIREMENT,328,194
2995,generative AI,TECHNOLOGY,328,194
2996,Congress,ACTOR,328,194
2997,bias mitigation,RISK,328,194
2998,cybersecurity,RISK,328,194
2999,training programs,DOMAIN,328,194
3000,intellectual property,LEGAL_SOURCE,328,194
3001,autonomous systems,TECHNOLOGY,328,194
3002,decision support systems,TECHNOLOGY,328,194
3003,military applications,DOMAIN,328,194
3004,security risks,RISK,328,194
3005,Secretary of State,ACTOR,329,190
3006,Secretary of Defense,ACTOR,329,190
3007,AUKUS partnership,REQUIREMENT,329,190
3008,Congress,ACTOR,329,190
3009,artificial intelligence,TECHNOLOGY,329,190
3010,AUKUS partners,ACTOR,329,190
3011,defense technologies,TECHNOLOGY,329,190
3012,Secretary of Defense,ACTOR,330,193
3013,Chief Digital and Artificial Intelligence Officer Governing Council,ACTOR,330,193
3014,Department of Defense,ACTOR,330,193
3015,Chief Digital and AI Officer,ACTOR,330,193
3016,AI,TECHNOLOGY,330,193
3017,Defense Information School,ACTOR,330,193
3018,Director of the Defense Media Activity,ACTOR,330,193
3019,pilot program,REQUIREMENT,330,193
3020,digital content provenance,REQUIREMENT,330,193
3021,official photographs and videos,LEGAL_SOURCE,330,193
3022,US persons,ACTOR,330,193
3023,Department of Defense,ACTOR,331,186
3024,Air Force,ACTOR,331,186
3025,pilot program,REQUIREMENT,331,186
3026,artificial intelligence,TECHNOLOGY,331,186
3027,advanced digital technologies,TECHNOLOGY,331,186
3028,Chief Digital and Artificial Intelligence Officer,ACTOR,331,186
3029,Commander of the United States Transportation Command,ACTOR,331,186
3030,United States Transportation Command,ACTOR,331,186
3031,Commander of the United States Indo-Pacific Command,ACTOR,331,186
3032,United States Indo-Pacific Command,ACTOR,331,186
3033,Department of Defense,ACTOR,331,186
3034,cybersecurity,RISK,331,186
3035,Chief Digital and Artificial Intelligence Officer,ACTOR,331,186
3036,report,LEGAL_SOURCE,331,186
3037,Committees on Armed Services,ACTOR,331,186
3038,House of Representatives,ACTOR,331,186
3039,Senate,ACTOR,331,186
3040,intelligent personal assistants,TECHNOLOGY,332,392
3041,Health Insurance Portability and Accountability Act,LEGAL_SOURCE,332,392
3042,HIPAA,LEGAL_SOURCE,332,392
3043,health information,RISK,332,392
3044,intelligent personal assistant,TECHNOLOGY,332,392
3045,natural language processing,TECHNOLOGY,332,392
3046,artificial intelligence,TECHNOLOGY,332,392
3047,digital assistants,TECHNOLOGY,332,392
3048,virtual assistants,TECHNOLOGY,332,392
3049,Department of Innovation and Technology Act,LEGAL_SOURCE,333,371
3050,Generative AI and Natural Language Processing Task Force,ACTOR,333,371
3051,Task Force,ACTOR,333,371
3052,generative AI,TECHNOLOGY,333,371
3053,natural language processing software,TECHNOLOGY,333,371
3054,Illinois,OTHER,333,371
3055,consumer information protection,RISK,333,371
3056,model policies,LEGAL_SOURCE,333,371
3057,civil rights,RISK,333,371
3058,employment,OTHER,333,371
3059,cybersecurity,RISK,333,371
3060,Governor,ACTOR,333,371
3061,General Assembly,ACTOR,333,371
3062,Alabama Council on Advanced Technology and Artificial Intelligence,ACTOR,334,381
3063,Governor,ACTOR,334,381
3064,Legislature,ACTOR,334,381
3065,Lieutenant Governor,ACTOR,334,381
3066,Speaker of the House,ACTOR,334,381
3067,Senate President Pro Tempore,ACTOR,334,381
3068,AI,TECHNOLOGY,334,381
3069,privacy,RISK,334,381
3070,computer science,TECHNOLOGY,334,381
3071,annual report,LEGAL_SOURCE,334,381
3072,diversity,RISK,334,381
3073,information technology modernization and improvement plan,LEGAL_SOURCE,335,390
3074,Chief Technology Officer,ACTOR,335,390
3075,Chief Innovation Officer,ACTOR,335,390
3076,data analytics,TECHNOLOGY,335,390
3077,cloud computing,TECHNOLOGY,335,390
3078,electronic forms,TECHNOLOGY,335,390
3079,digitized workflows,TECHNOLOGY,335,390
3080,AI,TECHNOLOGY,335,390
3081,machine learning,TECHNOLOGY,335,390
3082,cloud services,TECHNOLOGY,335,390
3083,metrics,OTHER,335,390
3084,Data-Sharing and Data-Driven Decision-Making Task Force,ACTOR,336,384
3085,Senate,ACTOR,336,384
3086,House of Representatives,ACTOR,336,384
3087,statewide data-sharing system,TECHNOLOGY,336,384
3088,external consultants,ACTOR,336,384
3089,report,LEGAL_SOURCE,336,384
3090,Governor,ACTOR,336,384
3091,Director of National Intelligence,ACTOR,337,12
3092,feasibility report,LEGAL_SOURCE,337,12
3093,cadre of experts in emerging technologies,REQUIREMENT,337,12
3094,emerging technologies,TECHNOLOGY,337,12
3095,software development,TECHNOLOGY,337,12
3096,acquisition professionals,ACTOR,337,12
3097,plan for implementation,LEGAL_SOURCE,337,12
3098,Secretary of Defense,ACTOR,338,227
3099,strategic management dashboard,TECHNOLOGY,338,227
3100,Department of Defense,ACTOR,338,227
3101,DoD,ACTOR,338,227
3102,artificial intelligence,TECHNOLOGY,338,227
3103,machine learning,TECHNOLOGY,338,227
3104,data analytic capabilities,TECHNOLOGY,338,227
3105,commercial best practices,REQUIREMENT,338,227
3106,data science,TECHNOLOGY,338,227
3107,artificial intelligence,TECHNOLOGY,339,5
3108,Secretary of Defense,ACTOR,340,223
3109,Professional Military Education,ACTOR,340,223
3110,PME,ACTOR,340,223
3111,AI,TECHNOLOGY,340,223
3112,Congress,ACTOR,340,223
3113,Department of Defense,ACTOR,341,226
3114,Secretary of Defense,ACTOR,341,226
3115,AI tools,TECHNOLOGY,341,226
3116,Secretary of Defense,ACTOR,342,225
3117,U.S.,OTHER,342,225
3118,AI,TECHNOLOGY,342,225
3119,machine learning,TECHNOLOGY,342,225
3120,Defense Acquisition University,ACTOR,343,224
3121,President,ACTOR,343,224
3122,software,TECHNOLOGY,343,224
3123,cybersecurity,RISK,343,224
3124,hardware acquisition,TECHNOLOGY,343,224
3125,AI,TECHNOLOGY,343,224
3126,machine learning,TECHNOLOGY,343,224
3127,Secretary of Defense,ACTOR,343,224
3128,Congress,ACTOR,343,224
3129,Director of National Intelligence,ACTOR,344,237
3130,intelligence community,ACTOR,344,237
3131,Iran-origin unmanned aircraft systems,TECHNOLOGY,344,237
3132,Congress,ACTOR,344,237
3133,United States,OTHER,344,237
3134,Five Eyes Partnership,ACTOR,344,237
3135,Israel,OTHER,344,237
3136,AI-related programs,REQUIREMENT,345,14
3137,Federal Government,ACTOR,345,14
3138,artificial intelligence system,TECHNOLOGY,345,14
3139,Secretary of Homeland Security,ACTOR,345,14
3140,Chief Procurement Officer,ACTOR,345,14
3141,Chief Information Officer,ACTOR,345,14
3142,Chief Privacy Officer,ACTOR,345,14
3143,Officer for Civil Rights and Civil Liberties,ACTOR,345,14
3144,Department,ACTOR,345,14
3145,Inspector General,ACTOR,345,14
3146,Office of the Inspector General,ACTOR,345,14
3147,Director of the Office of Management and Budget,ACTOR,345,14
3148,Office of Management and Budget,ACTOR,345,14
3149,congressional committees,ACTOR,345,14
3150,Secretary of a military department,ACTOR,346,236
3151,private sector,ACTOR,346,236
3152,autonomous systems,TECHNOLOGY,346,236
3153,military applications,DOMAIN,346,236
3154,Service Chief,ACTOR,346,236
3155,military department,ACTOR,346,236
3156,Department of Defense,ACTOR,346,236
3157,U.S. Coast Guard,ACTOR,347,239
3158,unmanned vehicles,TECHNOLOGY,347,239
3159,Commandant of the Coast Guard,ACTOR,347,239
3160,sensors,TECHNOLOGY,347,239
3161,communication systems,TECHNOLOGY,347,239
3162,computer vision systems,TECHNOLOGY,347,239
3163,autonomous control technology,TECHNOLOGY,347,239
3164,unmanned search and rescue,REQUIREMENT,347,239
3165,surveillance,REQUIREMENT,347,239
3166,interdiction missions,REQUIREMENT,347,239
3167,Congress,ACTOR,347,239
3168,Coast Guard,ACTOR,347,239
3169,Department of Homeland Security,ACTOR,348,235
3170,pilot program,REQUIREMENT,348,235
3171,autonomous,TECHNOLOGY,348,235
3172,remotely controlled,TECHNOLOGY,348,235
3173,Coast Guard vessels,TECHNOLOGY,348,235
3174,Secretary,ACTOR,348,235
3175,unmanned spaceflight vessels,TECHNOLOGY,348,235
3176,"Committee on Commerce, Science, and Transportation of the Senate",ACTOR,348,235
3177,Committee on Transportation and Infrastructure,ACTOR,348,235
3178,"Committee on Science, Space, and Technology of the House of Representatives",ACTOR,348,235
3179,Comptroller General of the United States,ACTOR,348,235
3180,Senate,ACTOR,348,235
3181,House of Representatives,ACTOR,348,235
3182,Secretary of Defense,ACTOR,349,229
3183,Department of Defense Cyber and Digital Service Academy,REQUIREMENT,349,229
3184,Department of Defense,ACTOR,349,229
3185,Congress,ACTOR,349,229
3186,federal departments and agencies,ACTOR,349,229
3187,institution of higher education,ACTOR,349,229
3188,Administrator of the National Oceanic and Atmospheric Administration,ACTOR,350,238
3189,National Oceanic and Atmospheric Administration,ACTOR,350,238
3190,emerging technologies,TECHNOLOGY,350,238
3191,sensors,TECHNOLOGY,350,238
3192,autonomous vehicles,TECHNOLOGY,350,238
3193,data collection,TECHNOLOGY,350,238
3194,marine science,LIFECYCLE_STAGE,350,238
3195,national ocean exploration program,REQUIREMENT,350,238
3196,data sharing practices,LEGAL_SOURCE,350,238
3197,Secretary of State,ACTOR,351,233
3198,Foreign Service,ACTOR,351,233
3199,artificial intelligence,TECHNOLOGY,351,233
3200,deep textual analysis,TECHNOLOGY,351,233
3201,Director of National Intelligence,ACTOR,352,230
3202,Congress,ACTOR,352,230
3203,Chinese AI businesses,ACTOR,352,230
3204,Xinjiang Uyghur Autonomous Region of China,OTHER,352,230
3205,intelligence community,ACTOR,352,230
3206,artificial intelligence,TECHNOLOGY,352,230
3207,Commission on the Future of the Navy,ACTOR,353,228
3208,Navy,ACTOR,353,228
3209,Shipyard Infrastructure Optimization Program,REQUIREMENT,353,228
3210,artificial intelligence,TECHNOLOGY,353,228
3211,congressional armed services committees,ACTOR,353,228
3212,Director of National Intelligence,ACTOR,354,9
3213,intelligence community,ACTOR,354,9
3214,AI systems,TECHNOLOGY,354,9
3215,emerging technology software products,TECHNOLOGY,354,9
3216,AI and emerging technology product,TECHNOLOGY,354,9
3217,policy,LEGAL_SOURCE,354,9
3218,user adoption metrics,OTHER,354,9
3219,intelligence community,ACTOR,355,13
3220,code-free artificial intelligence enablement tools,TECHNOLOGY,355,13
3221,policy,LEGAL_SOURCE,355,13
3222,official,ACTOR,355,13
3223,Secretary of State,ACTOR,356,234
3224,Bureau of Global Talent Management,ACTOR,356,234
3225,Department,ACTOR,356,234
3226,cybersecurity,RISK,356,234
3227,engineering,TECHNOLOGY,356,234
3228,data science,TECHNOLOGY,356,234
3229,application development,TECHNOLOGY,356,234
3230,artificial intelligence,TECHNOLOGY,356,234
3231,critical and emerging technology,TECHNOLOGY,356,234
3232,technology and digital policy,LEGAL_SOURCE,356,234
3233,Recruitment Language Program,REQUIREMENT,356,234
3234,language incentive pay,DOMAIN,356,234
3235,information technology,TECHNOLOGY,357,1161
3236,software systems,TECHNOLOGY,357,1161
3237,artificial intelligence,TECHNOLOGY,357,1161
3238,intelligence community,ACTOR,357,1161
3239,training programs,DOMAIN,357,1161
3240,Director of National Intelligence,ACTOR,358,231
3241,China,OTHER,358,231
3242,semiconductors,TECHNOLOGY,358,231
3243,federal agencies,ACTOR,358,231
3244,artificial intelligence,TECHNOLOGY,358,231
3245,cloud computing,TECHNOLOGY,358,231
3246,autonomous vehicles,TECHNOLOGY,358,231
3247,electronic design automation technology,TECHNOLOGY,358,231
3248,semiconductor manufacturing equipment,TECHNOLOGY,358,231
3249,Chinese semiconductor manufacturers,ACTOR,358,231
3250,Director of National Intelligence,ACTOR,359,8
3251,intelligence community,ACTOR,359,8
3252,Office of the Director of National Intelligence,ACTOR,359,8
3253,National Intelligence Program,REQUIREMENT,359,8
3254,artificial intelligence,TECHNOLOGY,359,8
3255,AI-related policies,LEGAL_SOURCE,359,8
3256,AI-related development activities,LIFECYCLE_STAGE,359,8
3257,artificial intelligence,TECHNOLOGY,360,10
3258,education and training,DOMAIN,360,10
3259,intelligence community,ACTOR,360,10
3260,AI adoption,LIFECYCLE_STAGE,360,10
3261,AI workforce,OTHER,360,10
3262,foreign adversaries,ACTOR,360,10
3263,AI products,TECHNOLOGY,360,10
3264,emerging tech companies,ACTOR,360,10
3265,Director of National Intelligence,ACTOR,361,232
3266,Congress,ACTOR,361,232
3267,Intelligence Advanced Research Projects Activity,ACTOR,361,232
3268,artificial intelligence,TECHNOLOGY,361,232
3269,quantum computing,TECHNOLOGY,361,232
3270,machine learning,TECHNOLOGY,361,232
3271,synthetic biology,TECHNOLOGY,361,232
3272,engineering,TECHNOLOGY,361,232
3273,computer sciences,TECHNOLOGY,361,232
3274,Secretary of Defense,ACTOR,362,17
3275,Defense Department,ACTOR,362,17
3276,unmanned aerial system swarms,TECHNOLOGY,362,17
3277,autonomous intelligence,TECHNOLOGY,362,17
3278,machine learning,TECHNOLOGY,362,17
3279,Armed Forces,DOMAIN,362,17
3280,Defense Department,ACTOR,362,17
3281,unmanned aerial systems,TECHNOLOGY,362,17
3282,Alabama Commission on Artificial Intelligence,ACTOR,363,302
3283,AI,TECHNOLOGY,363,302
3284,Governor,ACTOR,363,302
3285,Lieutenant Governor,ACTOR,363,302
3286,House Speaker,ACTOR,363,302
3287,Senate President Pro Tempore,ACTOR,363,302
3288,healthcare,DOMAIN,363,302
3289,education,DOMAIN,363,302
3290,transportation,DOMAIN,363,302
3291,Office of the Governor,ACTOR,363,302
3292,privacy,RISK,363,302
3293,FY 2021 National Defense Authorization Act,LEGAL_SOURCE,364,212
3294,Director of National Intelligence,ACTOR,364,212
3295,Secretary of Defense,ACTOR,364,212
3296,Principal Deputy Director of National Intelligence,ACTOR,364,212
3297,Vice Chairman of the Joint Chiefs of Staff,ACTOR,364,212
3298,Deputy Secretary of Defense,ACTOR,364,212
3299,National Defense Strategy,LEGAL_SOURCE,364,212
3300,National Intelligence Strategy,LEGAL_SOURCE,364,212
3301,National Security Strategy,LEGAL_SOURCE,364,212
3302,National Intelligence Program,REQUIREMENT,364,212
3303,Department of Defense,ACTOR,364,212
3304,intelligence community,ACTOR,364,212
3305,National Security Act of 1947,LEGAL_SOURCE,364,212
3306,cybersecurity,RISK,365,216
3307,Department,ACTOR,365,216
3308,artificial intelligence,TECHNOLOGY,365,216
3309,machine learning algorithms,TECHNOLOGY,365,216
3310,software,TECHNOLOGY,365,216
3311,government departments,ACTOR,365,216
3312,U.S. Naval Community College,ACTOR,366,213
3313,artificial intelligence,TECHNOLOGY,366,213
3314,digital technologies,TECHNOLOGY,366,213
3315,college's educational programs,DOMAIN,366,213
3316,Secretary of Defense,ACTOR,367,214
3317,chief digital recruiting officer,ACTOR,367,214
3318,Department of Defense,ACTOR,367,214
3319,artificial intelligence,TECHNOLOGY,367,214
3320,distributed ledger technologies,TECHNOLOGY,367,214
3321,cybersecurity,RISK,367,214
3322,digital technology,TECHNOLOGY,367,214
3323,congressional defense committees,ACTOR,367,214
3324,Secretary of Defense,ACTOR,368,211
3325,National Security Commission on AI,ACTOR,368,211
3326,Department of Defense,ACTOR,368,211
3327,congressional defense committees,ACTOR,368,211
3328,Commander of Cyber Command,ACTOR,369,215
3329,Under Secretary of Defense for Intelligence,ACTOR,369,215
3330,U.S. military,DOMAIN,369,215
3331,AI,TECHNOLOGY,369,215
3332,congressional defense committees,ACTOR,369,215
3333,Secretary of the Navy,ACTOR,370,217
3334,congressional defense committees,ACTOR,370,217
3335,Navy,ACTOR,370,217
3336,Next Generation Jammer,TECHNOLOGY,370,217
3337,EA-18G aircraft,TECHNOLOGY,370,217
3338,E-2D aircraft,TECHNOLOGY,370,217
3339,Secretary of Defense,ACTOR,371,218
3340,congressional defense committees,ACTOR,371,218
3341,Department of Defense,ACTOR,371,218
3342,GPS,TECHNOLOGY,371,218
3343,autonomy software,TECHNOLOGY,371,218
3344,artificial intelligence,TECHNOLOGY,371,218
3345,safety and security,RISK,371,218
3346,Department policies,LEGAL_SOURCE,371,218
3347,"testing, evaluation, verification, and validation",REQUIREMENT,371,218
3348,artificial intelligence,TECHNOLOGY,372,247
3349,advanced technology,TECHNOLOGY,372,247
3350,traditional standards of in-person care,REQUIREMENT,372,247
3351,medical professional,ACTOR,372,247
3352,automated system,TECHNOLOGY,372,247
3353,medical record,LEGAL_SOURCE,372,247
3354,medical information,OTHER,372,247
3355,Director of the Office of Management and Budget,ACTOR,373,27
3356,Office of Management and Budget,ACTOR,373,27
3357,artificial intelligence training program,REQUIREMENT,373,27
3358,AI,TECHNOLOGY,373,27
3359,risks mitigation,RISK,373,27
3360,trustworthy AI,RISK,373,27
3361,homeland and national security,DOMAIN,373,27
3362,Director of the AI program,ACTOR,373,27
3363,interactive learning portfolio,LEGAL_SOURCE,373,27
3364,technologists,ACTOR,373,27
3365,scholars,ACTOR,373,27
3366,experts,ACTOR,373,27
3367,"private, public and non profit sectors",ACTOR,373,27
3368,evaluation system,REQUIREMENT,373,27
3369,Director of National Intelligence,ACTOR,374,52
3370,intelligence community,ACTOR,374,52
3371,Congress,ACTOR,374,52
3372,Act,LEGAL_SOURCE,374,52
3373,artificial intelligence applications,TECHNOLOGY,374,52
3374,common interfaces,TECHNOLOGY,374,52
3375,authentication,TECHNOLOGY,374,52
3376,software,TECHNOLOGY,374,52
3377,governance structure,OTHER,374,52
3378,federal standards,REQUIREMENT,374,52
3379,community standards,REQUIREMENT,374,52
3380,President,ACTOR,375,25
3381,National Artificial Intelligence Initiative,REQUIREMENT,375,25
3382,interagency coordinating committee,ACTOR,375,25
3383,external advisory committee,ACTOR,375,25
3384,task force,ACTOR,375,25
3385,National AI Research Resource,REQUIREMENT,375,25
3386,strategic plan,LEGAL_SOURCE,375,25
3387,National Academies,ACTOR,375,25
3388,Director of the National Science Foundation,ACTOR,375,25
3389,National Science Foundation,ACTOR,375,25
3390,AI research institutes,REQUIREMENT,375,25
3391,National Institute of Standards and Technology Act,LEGAL_SOURCE,375,25
3392,NIST,ACTOR,375,25
3393,Administrator of the National Oceanic and Atmospheric Administration,ACTOR,375,25
3394,National Oceanic and Atmospheric Administration,ACTOR,375,25
3395,Center for Artificial Intelligence,REQUIREMENT,375,25
3396,Secretary of Energy,ACTOR,375,25
3397,AI research and development program,REQUIREMENT,375,25
3398,trustworthy AI,RISK,375,25
3399,department of Homeland security,ACTOR,376,28
3400,center for countering human trafficking,REQUIREMENT,376,28
3401,Science and Technology Directorate Office of Science and Engineering,ACTOR,376,28
3402,CCHT Director,ACTOR,376,28
3403,analytics,TECHNOLOGY,376,28
3404,artificial intelligence,TECHNOLOGY,376,28
3405,machine learning,TECHNOLOGY,376,28
3406,reliability,RISK,376,28
3407,verifiability,OTHER,376,28
3408,comparability,OTHER,376,28
3409,Secretary of Commerce,ACTOR,377,69
3410,Federal Trade Commission,ACTOR,377,69
3411,US economy,OTHER,377,69
3412,third parties,ACTOR,377,69
3413,bias,RISK,377,69
3414,privacy,RISK,377,69
3415,security,RISK,377,69
3416,Commission,ACTOR,377,69
3417,online harms,RISK,377,69
3418,harmful content,RISK,377,69
3419,disinformation,RISK,377,69
3420,crime,RISK,377,69
3421,Secretary of Commerce,ACTOR,378,55
3422,Information Officer of the Department of Commerce,ACTOR,378,55
3423,Department of Commerce,ACTOR,378,55
3424,manufacturing.gov website,TECHNOLOGY,378,55
3425,manufacturing.gov hub,TECHNOLOGY,378,55
3426,machine learning,TECHNOLOGY,378,55
3427,the public,ACTOR,378,55
3428,Secretary of Health and Human Services,ACTOR,379,54
3429,technology,TECHNOLOGY,379,54
3430,Congress,ACTOR,379,54
3431,research agendas,REQUIREMENT,379,54
3432,programs,REQUIREMENT,379,54
3433,infants,ACTOR,379,54
3434,children,ACTOR,379,54
3435,adolescents,ACTOR,379,54
3436,mental health,DOMAIN,379,54
3437,physical health,DOMAIN,379,54
3438,Artificial Intelligence,TECHNOLOGY,380,61
3439,AI Center of Excellence,REQUIREMENT,380,61
3440,Federal Government,ACTOR,380,61
3441,artificial intelligence,TECHNOLOGY,380,61
3442,Federal policies,LEGAL_SOURCE,380,61
3443,Department of Defense,ACTOR,380,61
3444,Department of Commerce,ACTOR,380,61
3445,Department of Energy,ACTOR,380,61
3446,Department of Homeland Security,ACTOR,380,61
3447,Office of Management and Budget,ACTOR,380,61
3448,Office of the Director of National Intelligence,ACTOR,380,61
3449,National Science Foundation,ACTOR,380,61
3450,Director of the CoE,ACTOR,380,61
3451,Director of the AI CoE,ACTOR,380,61
3452,civil rights,RISK,380,61
3453,economic and national security,RISK,380,61
3454,economic and national security,RISK,380,61
3455,discriminatory impact,RISK,380,61
3456,bias,RISK,380,61
3457,Federal nondiscrimination laws,LEGAL_SOURCE,380,61
3458,Committee on Homeland Security and Governmental Affairs,ACTOR,380,61
3459,Committee on Oversight and Reform,ACTOR,380,61
3460,artificial intelligence advisory council,ACTOR,381,277
3461,Texas state agencies,ACTOR,381,277
3462,AI systems,TECHNOLOGY,381,277
3463,AI code of ethics,LEGAL_SOURCE,381,277
3464,state government,ACTOR,381,277
3465,automated decision systems,TECHNOLOGY,381,277
3466,inventory reports,LEGAL_SOURCE,381,277
3467,legislature,ACTOR,381,277
3468,data management practices,REQUIREMENT,381,277
3469,bias testing,RISK,381,277
3470,data inputted,TECHNOLOGY,381,277
3471,Secretary of Energy,ACTOR,382,68
3472,AI,TECHNOLOGY,382,68
3473,high-performance computing,TECHNOLOGY,382,68
3474,veteran healthcare provisions,DOMAIN,382,68
3475,data enclaves,TECHNOLOGY,382,68
3476,analytical methods,REQUIREMENT,382,68
3477,algorithms,TECHNOLOGY,382,68
3478,biomedical data sets,OTHER,382,68
3479,Federal agencies,ACTOR,382,68
3480,institutions of higher education,ACTOR,382,68
3481,nonprofit research organizations,ACTOR,382,68
3482,industry,ACTOR,382,68
3483,Congress,ACTOR,383,63
3484,Director of National Intelligence,ACTOR,383,63
3485,AI technology,TECHNOLOGY,383,63
3486,microelectronics research,REQUIREMENT,383,63
3487,advanced engineering,REQUIREMENT,383,63
3488,applied research,LIFECYCLE_STAGE,383,63
3489,machine learning,TECHNOLOGY,383,63
3490,computing technology,TECHNOLOGY,383,63
3491,Director of the National Science Foundation,ACTOR,384,77
3492,National Science Foundation,ACTOR,384,77
3493,US government,ACTOR,384,77
3494,Federal AI scholarship-for-service program,REQUIREMENT,384,77
3495,Federal Cyber Scholarship-for-Service Program,REQUIREMENT,384,77
3496,AI professionals,ACTOR,384,77
3497,AI education,DOMAIN,384,77
3498,executive agencies,ACTOR,384,77
3499,technology ethics,LEGAL_SOURCE,384,77
3500,AI mission,REQUIREMENT,384,77
3501,risk assessment,REQUIREMENT,384,77
3502,AI,TECHNOLOGY,384,77
3503,America COMPETES Reauthorization Act of 2010,LEGAL_SOURCE,384,77
3504,information technologies for manufacturing,TECHNOLOGY,384,77
3505,critical minerals mining strategies,REQUIREMENT,384,77
3506,AI research capacity,LIFECYCLE_STAGE,384,77
3507,Office of Management and Budget,ACTOR,384,77
3508,National AI Initiative Act of 2020,LEGAL_SOURCE,384,77
3509,government-wide data linkage and access infrastructure,REQUIREMENT,384,77
3510,"AI, machine learning, autonomy",TECHNOLOGY,384,77
3511,Energy Independence and Security Act of 2007,LEGAL_SOURCE,385,65
3512,Secretary of Energy,ACTOR,385,65
3513,artificial intelligence,TECHNOLOGY,385,65
3514,advanced computing,TECHNOLOGY,385,65
3515,data science tools,TECHNOLOGY,385,65
3516,geothermal energy,TECHNOLOGY,385,65
3517,Office of Science,ACTOR,385,65
3518,DOE National Laboratories,ACTOR,385,65
3519,institutes of higher education,ACTOR,385,65
3520,private sector,ACTOR,385,65
3521,U.S. Department of Energy,ACTOR,386,80
3522,Office of Environmental Management,ACTOR,386,80
3523,artificial intelligence,TECHNOLOGY,386,80
3524,Secretary of Transportation,ACTOR,387,164
3525,smart city infrastructure projects,REQUIREMENT,387,164
3526,transportation efficiency,DOMAIN,387,164
3527,safety,RISK,387,164
3528,automated transportation,TECHNOLOGY,387,164
3529,autonomous vehicles,TECHNOLOGY,387,164
3530,sensor-based infrastructure,TECHNOLOGY,387,164
3531,implementation report,LEGAL_SOURCE,387,164
3532,data,TECHNOLOGY,387,164
3533,Artificial Intelligence-enabled cybersecurity,TECHNOLOGY,388,76
3534,Artificial Intelligence defense systems,TECHNOLOGY,388,76
3535,network architectures,TECHNOLOGY,388,76
3536,network security,RISK,388,76
3537,advanced communications technologies,TECHNOLOGY,388,76
3538,internet of things networks,TECHNOLOGY,388,76
3539,immersive technology,TECHNOLOGY,388,76
3540,technical standards,REQUIREMENT,388,76
3541,Artificial Intelligence systems,TECHNOLOGY,388,76
3542,accuracy,OTHER,388,76
3543,privacy,RISK,388,76
3544,reliability,RISK,388,76
3545,robustness,RISK,388,76
3546,security,RISK,388,76
3547,harmful bias,RISK,388,76
3548,framework for managing risks,OTHER,388,76
3549,cybersecurity tools,TECHNOLOGY,388,76
3550,encryption methods,TECHNOLOGY,388,76
3551,Artificial Intelligence and data science,TECHNOLOGY,388,76
3552,testbeds,REQUIREMENT,388,76
3553,machine learning systems,TECHNOLOGY,388,76
3554,biometric identification technologies,TECHNOLOGY,388,76
3555,Secretary of Transportation,ACTOR,389,162
3556,alternative-fuel vehicles,TECHNOLOGY,389,162
3557,autonomous vehicles,TECHNOLOGY,389,162
3558,infrastructure instillation,REQUIREMENT,389,162
3559,artificial intelligence,TECHNOLOGY,390,56
3560,geological exploration,REQUIREMENT,390,56
3561,critical minerals,REQUIREMENT,390,56
3562,machine learning,TECHNOLOGY,390,56
3563,data sets,TECHNOLOGY,390,56
3564,AI-related research and development activities,LIFECYCLE_STAGE,390,56
3565,smart manufacturing,TECHNOLOGY,391,58
3566,artificial intelligence,TECHNOLOGY,391,58
3567,Secretary of Energy,ACTOR,391,58
3568,National Laboratories,ACTOR,391,58
3569,Congress,ACTOR,391,58
3570,United States,OTHER,391,58
3571,Secretary of Transportation,ACTOR,392,165
3572,university transportation centers,REQUIREMENT,392,165
3573,nonprofit institutions of higher education,ACTOR,392,165
3574,cybersecurity,RISK,392,165
3575,autonomous vehicles,DOMAIN,392,165
3576,connected vehicles,DOMAIN,392,165
3577,connected infrastructure,DOMAIN,392,165
3578,Secretary of Transportation,ACTOR,393,163
3579,emerging technology research pilot program,REQUIREMENT,393,163
3580,additive manufacturing technologies,TECHNOLOGY,393,163
3581,automated driving,DOMAIN,393,163
3582,advanced driver-assistance systems,DOMAIN,393,163
3583,transportation infrastructure,DOMAIN,393,163
3584,Secretary of Energy,ACTOR,394,79
3585,Office of Science,ACTOR,394,79
3586,Microelectronic Science Research Centers,ACTOR,394,79
3587,AI,TECHNOLOGY,394,79
3588,DOE,ACTOR,394,79
3589,Federal agencies,ACTOR,394,79
3590,private sector,ACTOR,394,79
3591,Director of National Intelligence,ACTOR,395,64
3592,artificial intelligence enabled technologies,TECHNOLOGY,395,64
3593,US,OTHER,395,64
3594,partner countries,OTHER,395,64
3595,computing power,TECHNOLOGY,395,64
3596,artificial intelligence,TECHNOLOGY,395,64
3597,Secretary of the Advanced Computing Program,ACTOR,396,75
3598,Department,ACTOR,396,75
3599,National Laboratories,ACTOR,396,75
3600,Director,ACTOR,396,75
3601,artificial intelligence,TECHNOLOGY,396,75
3602,machine learning,TECHNOLOGY,396,75
3603,biometric identification technologies,TECHNOLOGY,396,75
3604,cybersecurity,RISK,396,75
3605,technical standards,REQUIREMENT,396,75
3606,artificial intelligence systems,TECHNOLOGY,396,75
3607,testbeds,REQUIREMENT,396,75
3608,fellowships,REQUIREMENT,396,75
3609,scholarships,REQUIREMENT,396,75
3610,"Federal, State, local, and Tribal governments",ACTOR,396,75
3611,higher education,DOMAIN,396,75
3612,Secretary of Energy,ACTOR,397,67
3613,artificial intelligence,TECHNOLOGY,397,67
3614,electrical grid,TECHNOLOGY,397,67
3615,computational tools,TECHNOLOGY,397,67
3616,cyber events,RISK,397,67
3617,digital climate solutions,TECHNOLOGY,398,57
3618,artificial intelligence,TECHNOLOGY,398,57
3619,blockchain technologies,TECHNOLOGY,398,57
3620,Internet of Things,TECHNOLOGY,398,57
3621,Secretary of Energy,ACTOR,398,57
3622,private sector,ACTOR,398,57
3623,AI advisory committee,ACTOR,399,303
3624,Hawaii,OTHER,399,303
3625,AI,TECHNOLOGY,399,303
3626,government,ACTOR,399,303
3627,universities,ACTOR,399,303
3628,private sector,ACTOR,399,303
3629,Legislature,ACTOR,399,303
3630,manufacturers,ACTOR,400,179
3631,photoplethysmograph analysis software,TECHNOLOGY,400,179
3632,detection algorithms,TECHNOLOGY,400,179
3633,clinical performance testing,LIFECYCLE_STAGE,400,179
3634,verification,LIFECYCLE_STAGE,400,179
3635,validation,LIFECYCLE_STAGE,400,179
3636,hazard analysis,LIFECYCLE_STAGE,400,179
3637,technical specs,LEGAL_SOURCE,400,179
3638,radiological computer-assisted diagnostic software,TECHNOLOGY,401,182
3639,image analysis algorithms,TECHNOLOGY,401,182
3640,performance testing protocols,REQUIREMENT,401,182
3641,software documentation,LEGAL_SOURCE,401,182
3642,cybersecurity features,RISK,401,182
3643,hazard analysis,RISK,401,182
3644,software design specs,LEGAL_SOURCE,401,182
3645,traceability analysis,OTHER,401,182
3646,imaging hardware,TECHNOLOGY,401,182
3647,imaging protocols,REQUIREMENT,401,182
3648,reading protocol,REQUIREMENT,401,182
3649,predictive cardiovascular indicators,TECHNOLOGY,402,178
3650,risk assessment,REQUIREMENT,402,178
3651,algorithm calculations,TECHNOLOGY,402,178
3652,independent data set,REQUIREMENT,402,178
3653,human factors and usability engineering assessment,RISK,402,178
3654,clinical data assessment,LEGAL_SOURCE,402,178
3655,U.S.,OTHER,402,178
3656,software algorithm device,TECHNOLOGY,403,169
3657,digital pathology,DOMAIN,403,169
3658,Food and Drug Administration,ACTOR,403,169
3659,risk management plan,LEGAL_SOURCE,403,169
3660,cybersecurity risks,RISK,403,169
3661,product labeling,LEGAL_SOURCE,403,169
3662,performance assessments,REQUIREMENT,403,169
3663,electrocardiograph software devices,TECHNOLOGY,404,180
3664,detection algorithms,TECHNOLOGY,404,180
3665,hazard analysis,RISK,404,180
3666,clinical performance testing,LIFECYCLE_STAGE,404,180
3667,previously adjudicated data set,REQUIREMENT,404,180
3668,human factors and usability testing,RISK,404,180
3669,hemodynamic indicator with decision point,TECHNOLOGY,405,174
3670,Food & Drug Administration,ACTOR,405,174
3671,risk assessment,REQUIREMENT,405,174
3672,cybersecurity,RISK,405,174
3673,clinical data,LEGAL_SOURCE,405,174
3674,independent dataset,REQUIREMENT,405,174
3675,usability assessment,RISK,405,174
3676,Consumer Financial Protection Act of 2010,LEGAL_SOURCE,406,175
3677,digital marketing providers,ACTOR,406,175
3678,algorithmic models,TECHNOLOGY,406,175
3679,analytics,TECHNOLOGY,406,175
3680,service provider,ACTOR,406,175
3681,CFPA,LEGAL_SOURCE,406,175
3682,advertisements,DOMAIN,406,175
3683,content strategy,LEGAL_SOURCE,406,175
3684,data,OTHER,406,175
3685,Cognoa ASD Diagnosis Aid,TECHNOLOGY,407,173
3686,machine-learning software program,TECHNOLOGY,407,173
3687,Autism Spectrum Disorder,DOMAIN,407,173
3688,Food and Drug Administration,ACTOR,407,173
3689,clinical performance testing,LIFECYCLE_STAGE,407,173
3690,hazard analysis,RISK,407,173
3691,cybersecurity assessment,RISK,407,173
3692,usability assessment,RISK,407,173
3693,product labeling,LEGAL_SOURCE,407,173
3694,algorithms,TECHNOLOGY,408,177
3695,coronary artery disease risk indicators,DOMAIN,408,177
3696,algorithm calculations,TECHNOLOGY,408,177
3697,independent data set,REQUIREMENT,408,177
3698,image analysis algorithms,TECHNOLOGY,409,183
3699,medical image analyzers,TECHNOLOGY,409,183
3700,performance testing,LIFECYCLE_STAGE,409,183
3701,cybersecurity,RISK,409,183
3702,hazard analysis,RISK,409,183
3703,software specs,LEGAL_SOURCE,409,183
3704,traceability analysis,OTHER,409,183
3705,Oxehealth Vital Signs device,TECHNOLOGY,410,170
3706,Food and Drug Administration,ACTOR,410,170
3707,cybersecurity vulnerability and management process,RISK,410,170
3708,hazard analysis,RISK,410,170
3709,risk assessment,REQUIREMENT,410,170
3710,clinical data,LEGAL_SOURCE,410,170
3711,human factors and usability engineering assessment,RISK,410,170
3712,product labeling,LEGAL_SOURCE,410,170
3713,Saranas Early Bird Bleed Monitoring System,TECHNOLOGY,411,176
3714,U.S. Food and Drug Administration,ACTOR,411,176
3715,algorithm,TECHNOLOGY,411,176
3716,performance testing,LIFECYCLE_STAGE,411,176
3717,safety,RISK,411,176
3718,software verification,LIFECYCLE_STAGE,411,176
3719,validation,LIFECYCLE_STAGE,411,176
3720,hazard analysis,RISK,411,176
3721,product labeling,LEGAL_SOURCE,411,176
3722,Secretary of Commerce,ACTOR,412,181
3723,information and communications technology or service,TECHNOLOGY,412,181
3724,ICTS,TECHNOLOGY,412,181
3725,autonomous systems,TECHNOLOGY,412,181
3726,artificial intelligence,TECHNOLOGY,412,181
3727,machine learning software,TECHNOLOGY,412,181
3728,cybersecurity risks,RISK,412,181
3729,penalties,OTHER,412,181
3730,LIFT AI Act,LEGAL_SOURCE,413,1244
3731,Director of the National Science Foundation,ACTOR,413,1244
3732,National Science Foundation,ACTOR,413,1244
3733,AI literacy curricula,DOMAIN,413,1244
3734,AI literacy education,DOMAIN,413,1244
3735,AI literacy evaluation tools,DOMAIN,413,1244
3736,professional development courses,DOMAIN,413,1244
3737,AI technologies,TECHNOLOGY,413,1244
3738,Executive Director,ACTOR,414,1234
3739,Under Secretary of Commerce,ACTOR,414,1234
3740,Federal Acquisition Security Council,ACTOR,414,1234
3741,Department of Defense,ACTOR,414,1234
3742,AI products or services,TECHNOLOGY,414,1234
3743,intelligence activities,ACTOR,414,1234
3744,defense intelligence,DOMAIN,414,1234
3745,adversarial AI research,LIFECYCLE_STAGE,414,1234
3746,China,OTHER,414,1234
3747,Russia,OTHER,414,1234
3748,Iran,OTHER,414,1234
3749,explicit synthetic media,TECHNOLOGY,415,1499
3750,AI-altered images,TECHNOLOGY,415,1499
3751,AI-altered videos,TECHNOLOGY,415,1499
3752,interactive computer services,ACTOR,415,1499
3753,telecommunications providers,ACTOR,415,1499
3754,"July 1, 2024",REQUIREMENT,415,1499
3755,Chief Digital and Artificial Intelligence Officer Governing Council,ACTOR,416,403
3756,Department of Defense,ACTOR,416,403
3757,AI ethics,RISK,416,403
3758,AI governance coordination,OTHER,416,403
3759,bias in AI systems,RISK,416,403
3760,Secretary of Defense,ACTOR,416,403
3761,congressional defense committees,ACTOR,416,403
3762,Federal Digital Platform Commission,ACTOR,417,473
3763,Code Council,ACTOR,417,473
3764,digital platforms,TECHNOLOGY,417,473
3765,social media,TECHNOLOGY,417,473
3766,algorithmic processes,TECHNOLOGY,417,473
3767,AI,TECHNOLOGY,417,473
3768,fairness,RISK,417,473
3769,transparency,OTHER,417,473
3770,safety,RISK,417,473
3771,recommendation systems,TECHNOLOGY,417,473
3772,risk assessments,OTHER,417,473
3773,Drug Enforcement Administration,ACTOR,418,576
3774,DEA,ACTOR,418,576
3775,Attorney General,ACTOR,418,576
3776,electronic communication service providers,ACTOR,418,576
3777,remote computing services,ACTOR,418,576
3778,law enforcement agencies,ACTOR,418,576
3779,broadband internet access service providers,ACTOR,418,576
3780,data minimization,RISK,418,576
3781,criminal and civil penalties,OTHER,418,576
3782,annual reports,LEGAL_SOURCE,418,576
3783,Federal Election Campaign Act of 1971,LEGAL_SOURCE,419,1208
3784,artificial intelligence,TECHNOLOGY,419,1208
3785,AI-generated content,TECHNOLOGY,419,1208
3786,fraudulent misrepresentation,OTHER,419,1208
3787,political campaigns,ACTOR,419,1208
3788,fraudulent solicitation,OTHER,419,1208
3789,Five AIs Strategic Artificial Intelligence Working Group,ACTOR,420,851
3790,Five Eyes countries,ACTOR,420,851
3791,Australia,OTHER,420,851
3792,Canada,OTHER,420,851
3793,New Zealand,OTHER,420,851
3794,UK,OTHER,420,851
3795,US,OTHER,420,851
3796,Secretary of Defense,ACTOR,420,851
3797,Director of National Intelligence,ACTOR,420,851
3798,AI interoperability,REQUIREMENT,420,851
3799,ethical frameworks,LEGAL_SOURCE,420,851
3800,AI systems,TECHNOLOGY,420,851
3801,intelligence sharing,ACTOR,420,851
3802,battlespace awareness,DOMAIN,420,851
3803,commercial AI technologies,TECHNOLOGY,420,851
3804,export laws,LEGAL_SOURCE,420,851
3805,national security interests,RISK,420,851
3806,China,OTHER,421,1891
3807,prohibited technologies,TECHNOLOGY,421,1891
3808,national security,RISK,421,1891
3809,Secretary of the Treasury,ACTOR,421,1891
3810,Congress,ACTOR,421,1891
3811,U.S. allies,ACTOR,421,1891
3812,prohibited technology development/acquisition,TECHNOLOGY,421,1891
3813,public database,TECHNOLOGY,421,1891
3814,foreign persons,ACTOR,421,1891
3815,civil penalties,OTHER,421,1891
3816,national interest,LEGAL_SOURCE,421,1891
3817,Artificial Intelligence Safety Review Office,ACTOR,422,1887
3818,national security,RISK,422,1887
3819,AI,TECHNOLOGY,422,1887
3820,cyber threats,RISK,422,1887
3821,Under Secretary of Commerce for AI Safety,ACTOR,422,1887
3822,Attorney General,ACTOR,422,1887
3823,red-teaming,REQUIREMENT,422,1887
3824,cybersecurity practices,RISK,422,1887
3825,standards,REQUIREMENT,422,1887
3826,know-your-customer protocols,LEGAL_SOURCE,422,1887
3827,civil fines,OTHER,422,1887
3828,financial regulators,ACTOR,423,1921
3829,AI,TECHNOLOGY,423,1921
3830,banking regulators,ACTOR,423,1921
3831,fraud detection,RISK,423,1921
3832,cybersecurity,RISK,423,1921
3833,Securities and Exchange Commission,ACTOR,423,1921
3834,market research,LIFECYCLE_STAGE,423,1921
3835,portfolio management,TECHNOLOGY,423,1921
3836,housing and mortgage regulators,ACTOR,423,1921
3837,Treasury Department,ACTOR,423,1921
3838,Bank Secrecy Act,LEGAL_SOURCE,423,1921
3839,public consultation,REQUIREMENT,423,1921
3840,self-regulatory organizations,ACTOR,423,1921
3841,Director of the National Institute of Standards and Technology,ACTOR,424,1900
3842,AI,TECHNOLOGY,424,1900
3843,guidelines,REQUIREMENT,424,1900
3844,Federal law,LEGAL_SOURCE,424,1900
3845,Federal agencies,ACTOR,424,1900
3846,Chief AI Officer,ACTOR,424,1900
3847,Congress,ACTOR,424,1900
3848,developers,ACTOR,424,1900
3849,stakeholders,ACTOR,424,1900
3850,AI lifecycle,TECHNOLOGY,424,1900
3851,China,OTHER,425,1896
3852,defense,DOMAIN,425,1896
3853,military-civil fusion,REQUIREMENT,425,1896
3854,surveillance technology,TECHNOLOGY,425,1896
3855,President,ACTOR,425,1896
3856,Secretary of the Treasury,ACTOR,425,1896
3857,Congress,ACTOR,425,1896
3858,AI,TECHNOLOGY,425,1896
3859,quantum tech,TECHNOLOGY,425,1896
3860,robotics,TECHNOLOGY,425,1896
3861,International Emergency Economic Powers Act,LEGAL_SOURCE,425,1896
3862,intelligence,DOMAIN,425,1896
3863,law enforcement,DOMAIN,425,1896
3864,humanitarian activities,RISK,425,1896
3865,Workforce Innovation and Opportunity Act,LEGAL_SOURCE,426,1923
3866,workforce data quality initiative,REQUIREMENT,426,1923
3867,statewide longitudinal data systems,TECHNOLOGY,426,1923
3868,Secretary,ACTOR,426,1923
3869,state agencies,ACTOR,426,1923
3870,education and workforce systems,ACTOR,426,1923
3871,privacy measures,RISK,426,1923
3872,emerging technologies,TECHNOLOGY,426,1923
3873,AI,TECHNOLOGY,426,1923
3874,grants,REQUIREMENT,426,1923
3875,data-driven decision-making,REQUIREMENT,426,1923
3876,artificial intelligence,TECHNOLOGY,427,1981
3877,specialty crop production,DOMAIN,427,1981
3878,"Food, Agriculture, Conservation, and Trade Act of 1990",LEGAL_SOURCE,427,1981
3879,research projects,LIFECYCLE_STAGE,427,1981
3880,technologies,TECHNOLOGY,427,1981
3881,Department of Agriculture,ACTOR,428,1980
3882,Department of Energy,ACTOR,428,1980
3883,National Science Foundation,ACTOR,428,1980
3884,R&D activities,LIFECYCLE_STAGE,428,1980
3885,AI,TECHNOLOGY,428,1980
3886,machine learning,TECHNOLOGY,428,1980
3887,large-scale data analytics,TECHNOLOGY,428,1980
3888,predictive analysis,TECHNOLOGY,428,1980
3889,agricultural and rural energy systems,TECHNOLOGY,428,1980
3890,Federal agencies,ACTOR,428,1980
3891,labs,ACTOR,428,1980
3892,educational and nonprofit institutions,ACTOR,428,1980
3893,industry,ACTOR,428,1980
3894,Federal regulations,LEGAL_SOURCE,428,1980
3895,research security regulations,LEGAL_SOURCE,428,1980
3896,pilot program,REQUIREMENT,429,1901
3897,critical and emerging technologies,TECHNOLOGY,429,1901
3898,AI,TECHNOLOGY,429,1901
3899,microelectronics,TECHNOLOGY,429,1901
3900,quantum information science,TECHNOLOGY,429,1901
3901,United States Patent and Trademark Office,ACTOR,429,1901
3902,patent,LEGAL_SOURCE,429,1901
3903,Paperwork Reduction Act,LEGAL_SOURCE,429,1901
3904,Congress,ACTOR,429,1901
3905,atmospheric river forecast improvement program,REQUIREMENT,430,1927
3906,machine learning,TECHNOLOGY,430,1927
3907,data assimilation,TECHNOLOGY,430,1927
3908,AI,TECHNOLOGY,430,1927
3909,dynamic modeling systems,TECHNOLOGY,430,1927
3910,U.S. West Coast,OTHER,430,1927
3911,observatories,ACTOR,430,1927
3912,program plan,LEGAL_SOURCE,430,1927
3913,Secretary of Defense,ACTOR,431,1913
3914,Department of Defense,ACTOR,431,1913
3915,Defense Federal Acquisition Regulation Supplement,LEGAL_SOURCE,431,1913
3916,AI development,LIFECYCLE_STAGE,431,1913
3917,national security,DOMAIN,431,1913
3918,AI industry,TECHNOLOGY,431,1913
3919,Chairman of the Joint Chiefs of Staff,ACTOR,431,1913
3920,fines,OTHER,431,1913
3921,contract termination,OTHER,431,1913
3922,Transparency and Responsibility for Artificial Intelligence Networks Act,LEGAL_SOURCE,432,1924
3923,TRAIN Act,LEGAL_SOURCE,432,1924
3924,United States district court clerk,ACTOR,432,1924
3925,AI model developers,ACTOR,432,1924
3926,AI model deployers,ACTOR,432,1924
3927,AI models,TECHNOLOGY,432,1924
3928,generative AI models,TECHNOLOGY,432,1924
3929,AI training data,TECHNOLOGY,432,1924
3930,Federal Rules of Civil Procedure,LEGAL_SOURCE,432,1924
3931,automated driving system,TECHNOLOGY,433,1621
3932,driverless-capable vehicle,TECHNOLOGY,433,1621
3933,public highways,OTHER,433,1621
3934,safety and compliance standards,REQUIREMENT,433,1621
3935,law enforcement,DOMAIN,433,1621
3936,vehicle owners,ACTOR,433,1621
3937,on-demand driverless-capable vehicle networks,REQUIREMENT,433,1621
3938,state department,ACTOR,433,1621
3939,United States,OTHER,434,1929
3940,Coordinator for Digital Freedom,ACTOR,434,1929
3941,Bureau of Cyberspace and Digital Policy,ACTOR,434,1929
3942,artificial intelligence,TECHNOLOGY,434,1929
3943,AI Risk Management Profile,REQUIREMENT,434,1929
3944,digital authoritarianism,RISK,434,1929
3945,human rights,RISK,434,1929
3946,cyberspace,OTHER,434,1929
3947,Office of Management and Budget,ACTOR,435,1926
3948,OMB,ACTOR,435,1926
3949,Congress,ACTOR,435,1926
3950,artificial intelligence,TECHNOLOGY,435,1926
3951,executive agencies,ACTOR,435,1926
3952,federal grant awards,DOMAIN,435,1926
3953,electronic system,TECHNOLOGY,435,1926
3954,intelligence community,ACTOR,436,1912
3955,Director of National Intelligence,ACTOR,436,1912
3956,Congress,ACTOR,436,1912
3957,artificial intelligence,TECHNOLOGY,436,1912
3958,computing,TECHNOLOGY,436,1912
3959,cybersecurity,RISK,436,1912
3960,trade secrets,OTHER,436,1912
3961,organizational conflicts of interest,LEGAL_SOURCE,436,1912
3962,Responsible AI Disclosure Act of 2024,LEGAL_SOURCE,437,1920
3963,AI data categorization,TECHNOLOGY,437,1920
3964,AI model training practices,LIFECYCLE_STAGE,437,1920
3965,AI model design,TECHNOLOGY,437,1920
3966,anti-discrimination,RISK,437,1920
3967,consumer protection,LEGAL_SOURCE,437,1920
3968,Congress,ACTOR,437,1920
3969,credit unions,ACTOR,437,1920
3970,regulated entities,ACTOR,437,1920
3971,financial regulatory bodies,ACTOR,437,1920
3972,international affairs agencies,ACTOR,438,1961
3973,AI systems,TECHNOLOGY,438,1961
3974,AI training data,TECHNOLOGY,438,1961
3975,bias,RISK,438,1961
3976,Congress,ACTOR,438,1961
3977,Comptroller General,ACTOR,439,1886
3978,Congress,ACTOR,439,1886
3979,IRS,ACTOR,439,1886
3980,AI technologies,TECHNOLOGY,439,1886
3981,taxpayer services,ACTOR,439,1886
3982,data security,RISK,439,1886
3983,IT modernization projects,REQUIREMENT,439,1886
3984,Secretary of Defense,ACTOR,440,1894
3985,AI-related operations,TECHNOLOGY,440,1894
3986,China,OTHER,440,1894
3987,AI research,LIFECYCLE_STAGE,440,1894
3988,AI development,LIFECYCLE_STAGE,440,1894
3989,Chinese entities,ACTOR,440,1894
3990,U.S. government,ACTOR,440,1894
3991,software source codes,OTHER,440,1894
3992,military,DOMAIN,440,1894
3993,law enforcement,DOMAIN,440,1894
3994,data centers,TECHNOLOGY,440,1894
3995,national security,DOMAIN,440,1894
3996,Director of the Office of Science and Technology Policy,ACTOR,441,1975
3997,Director of the Office of National Drug Control Policy,ACTOR,441,1975
3998,AI,TECHNOLOGY,441,1975
3999,quantum computing,TECHNOLOGY,441,1975
4000,National Science Foundation,ACTOR,441,1975
4001,National Institute of Standards and Technology,ACTOR,441,1975
4002,congressional committees,ACTOR,441,1975
4003,Workforce Innovation and Opportunity Act,LEGAL_SOURCE,442,1986
4004,AI,TECHNOLOGY,442,1986
4005,automation,TECHNOLOGY,442,1986
4006,machine learning,TECHNOLOGY,442,1986
4007,workforce systems,OTHER,442,1986
4008,education systems,DOMAIN,442,1986
4009,Senate and House Committees,ACTOR,442,1986
4010,Secretary,ACTOR,442,1986
4011,Inspector General Act of 1978,LEGAL_SOURCE,443,1904
4012,internet service or content providers,ACTOR,443,1904
4013,content moderation,REQUIREMENT,443,1904
4014,data inputs,TECHNOLOGY,443,1904
4015,algorithms,TECHNOLOGY,443,1904
4016,modeling,TECHNOLOGY,443,1904
4017,simulation processes,TECHNOLOGY,443,1904
4018,analysis tools,TECHNOLOGY,443,1904
4019,transparency,OTHER,443,1904
4020,Federal Communications Commission,ACTOR,444,1922
4021,FCC,ACTOR,444,1922
4022,artificial intelligence-based tool,TECHNOLOGY,444,1922
4023,AI tool,TECHNOLOGY,444,1922
4024,National Artificial Intelligence Initiative Act of 2020,LEGAL_SOURCE,444,1922
4025,Workforce Innovation and Opportunity Act,LEGAL_SOURCE,445,1987
4026,machine learning,TECHNOLOGY,445,1987
4027,advanced analytics,TECHNOLOGY,445,1987
4028,data analysis techniques,TECHNOLOGY,445,1987
4029,Cybersecurity and Infrastructure Security Agency,ACTOR,446,850
4030,AI,TECHNOLOGY,446,850
4031,Task Force,REQUIREMENT,446,850
4032,privacy,RISK,446,850
4033,civil rights,RISK,446,850
4034,civil liberties,RISK,446,850
4035,Congress,ACTOR,446,850
4036,Internal Revenue Service,ACTOR,447,891
4037,IRS,ACTOR,447,891
4038,AI,TECHNOLOGY,447,891
4039,National Institute of Standards and Technology,ACTOR,447,891
4040,National Artificial Intelligence Initiative Act of 2020,LEGAL_SOURCE,447,891
4041,Comptroller General,ACTOR,447,891
4042,U.S. Code,LEGAL_SOURCE,447,891
4043,Secretary of Defense,ACTOR,448,1198
4044,Department of Defense,ACTOR,448,1198
4045,AI-enabled weapon,TECHNOLOGY,448,1198
4046,targeting,TECHNOLOGY,448,1198
4047,decision support systems,TECHNOLOGY,448,1198
4048,database,TECHNOLOGY,448,1198
4049,cybersecurity,RISK,448,1198
4050,privacy,RISK,448,1198
4051,civilian harm risk,RISK,448,1198
4052,AI model,TECHNOLOGY,448,1198
4053,weapons review,REQUIREMENT,448,1198
4054,Congress,ACTOR,448,1198
4055,Data Protection Agency,ACTOR,449,1690
4056,DPA,ACTOR,449,1690
4057,personal data,OTHER,449,1690
4058,automated decision systems,TECHNOLOGY,449,1690
4059,biometric information,OTHER,449,1690
4060,privacy law,LEGAL_SOURCE,449,1690
4061,Federal Trade Commission,ACTOR,449,1690
4062,state agencies,ACTOR,449,1690
4063,AI,TECHNOLOGY,450,1765
4064,digitization,TECHNOLOGY,450,1765
4065,civil rights laws,LEGAL_SOURCE,450,1765
4066,privacy,RISK,450,1765
4067,political communications,ACTOR,450,1765
4068,identity theft,OTHER,450,1765
4069,AI-fabricated media,TECHNOLOGY,450,1765
4070,criminal and election laws,LEGAL_SOURCE,450,1765
4071,injunctive relief,OTHER,450,1765
4072,AI,TECHNOLOGY,451,1437
4073,private images,OTHER,451,1437
4074,authorities,ACTOR,451,1437
4075,AI-generated images,TECHNOLOGY,451,1437
4076,sex offender registration guidelines,LEGAL_SOURCE,451,1437
4077,"December 1, 2024",REQUIREMENT,451,1437
4078,Model AI Governance Framework,LEGAL_SOURCE,452,1097
4079,Generative AI,TECHNOLOGY,452,1097
4080,accountability,OTHER,452,1097
4081,cloud shared responsibility models,LEGAL_SOURCE,452,1097
4082,personal data,OTHER,452,1097
4083,copyright material,OTHER,452,1097
4084,model training,LIFECYCLE_STAGE,452,1097
4085,transparency,OTHER,452,1097
4086,AI model safety measures,RISK,452,1097
4087,third-party testing frameworks,REQUIREMENT,452,1097
4088,security measures,RISK,452,1097
4089,research in AI safety and alignment,LIFECYCLE_STAGE,452,1097
4090,public services,ACTOR,452,1097
4091,Michigan Virtual University,ACTOR,453,1759
4092,AI,TECHNOLOGY,453,1759
4093,Michigan Virtual Learning Research Institute,ACTOR,453,1759
4094,virtual education delivery models,DOMAIN,453,1759
4095,AI-enhanced virtual learning,DOMAIN,453,1759
4096,districts,ACTOR,453,1759
4097,AI-driven competency-based virtual learning models,DOMAIN,453,1759
4098,policy recommendations,LEGAL_SOURCE,453,1759
4099,governor,ACTOR,453,1759
4100,AI-related professional development programs,REQUIREMENT,453,1759
4101,educators,ACTOR,453,1759
4102,AI-integrated virtual learning,DOMAIN,453,1759
4103,Michigan,OTHER,453,1759
4104,Next New Jersey Program,REQUIREMENT,454,1434
4105,New Jersey,OTHER,454,1434
4106,AI sector,TECHNOLOGY,454,1434
4107,tax credits,REQUIREMENT,454,1434
4108,AI data centers,TECHNOLOGY,454,1434
4109,research entities,ACTOR,454,1434
4110,startups,ACTOR,454,1434
4111,environmental and labor standards,REQUIREMENT,454,1434
4112,New Jersey Economic Development Authority,ACTOR,454,1434
4113,"March 1, 2029",REQUIREMENT,454,1434
4114,University of Wyoming,ACTOR,455,1766
4115,AI expertise,TECHNOLOGY,455,1766
4116,non-public sources,ACTOR,455,1766
4117,AI-related funding,DOMAIN,455,1766
4118,partnerships,ACTOR,455,1766
4119,AI appropriation,DOMAIN,455,1766
4120,AI expertise funding,DOMAIN,455,1766
4121,"diversity, equity, and inclusion",RISK,455,1766
4122,AI expertise,TECHNOLOGY,455,1766
4123,deep technology,TECHNOLOGY,456,1774
4124,artificial intelligence,TECHNOLOGY,456,1774
4125,board,ACTOR,456,1774
4126,"May 1, 2024",REQUIREMENT,456,1774
4127,institutions of higher education,ACTOR,456,1774
4128,employers,ACTOR,456,1774
4129,advisory council,ACTOR,456,1774
4130,legislative appropriations,LEGAL_SOURCE,456,1774
4131,student enrollment,OTHER,456,1774
4132,employment metrics,OTHER,456,1774
4133,legislative committees,ACTOR,456,1774
4134,AGI sector,TECHNOLOGY,457,1135
4135,cloud service providers,ACTOR,457,1135
4136,Beijing AI Public Computing Power Center,ACTOR,457,1135
4137,multi-cloud computing management platform,TECHNOLOGY,457,1135
4138,training datasets,TECHNOLOGY,457,1135
4139,crowdsourcing service platform,TECHNOLOGY,457,1135
4140,dataset annotation,LIFECYCLE_STAGE,457,1135
4141,open-source technical ecosystem,TECHNOLOGY,457,1135
4142,data management,OTHER,457,1135
4143,AGI,TECHNOLOGY,457,1135
4144,government,ACTOR,457,1135
4145,medicine,DOMAIN,457,1135
4146,finance,DOMAIN,457,1135
4147,urban governance,ACTOR,457,1135
4148,regulatory policies,LEGAL_SOURCE,457,1135
4149,network and data security,RISK,457,1135
4150,child pornography,LEGAL_SOURCE,458,1536
4151,minors,ACTOR,458,1536
4152,jurisdiction,OTHER,458,1536
4153,prosecution,DOMAIN,458,1536
4154,adult and juvenile facilities,ACTOR,458,1536
4155,trustworthy AI,LEGAL_SOURCE,459,1771
4156,AI actors,ACTOR,459,1771
4157,rule of law,LEGAL_SOURCE,459,1771
4158,human rights,RISK,459,1771
4159,democratic values,RISK,459,1771
4160,transparency,OTHER,459,1771
4161,explainability,OTHER,459,1771
4162,accountability,OTHER,459,1771
4163,robustness,RISK,459,1771
4164,security,RISK,459,1771
4165,safety,RISK,459,1771
4166,AI systems,TECHNOLOGY,459,1771
4167,risk management,OTHER,459,1771
4168,governments,ACTOR,459,1771
4169,AI R&D,LIFECYCLE_STAGE,459,1771
4170,datasets,TECHNOLOGY,459,1771
4171,digital AI ecosystem,TECHNOLOGY,459,1771
4172,labor market transformation,OTHER,459,1771
4173,international cooperation,ACTOR,459,1771
4174,global technical standards,REQUIREMENT,459,1771
4175,multi-stakeholder collaboration,ACTOR,459,1771
4176,Deployers,ACTOR,460,1773
4177,Operators,ACTOR,460,1773
4178,autonomous and semi-autonomous systems,TECHNOLOGY,460,1773
4179,personal data processing principles,RISK,460,1773
4180,users,ACTOR,460,1773
4181,technology,TECHNOLOGY,460,1773
4182,audit and certification requirements,REQUIREMENT,460,1773
4183,human intervention algorithms,TECHNOLOGY,460,1773
4184,bias,RISK,460,1773
4185,ethics,RISK,460,1773
4186,transparency,OTHER,460,1773
4187,security,RISK,460,1773
4188,accountability,OTHER,460,1773
4189,Controllers,ACTOR,460,1773
4190,Processors,ACTOR,460,1773
4191,data subjects,ACTOR,460,1773
4192,Autonomous Systems Officer,ACTOR,460,1773
4193,pilot program,REQUIREMENT,461,1664
4194,autonomous vehicles,TECHNOLOGY,461,1664
4195,autonomous vehicle testers,ACTOR,461,1664
4196,Secretary of the Office of Policy and Management,ACTOR,461,1664
4197,public safety,RISK,461,1664
4198,task force,REQUIREMENT,461,1664
4199,General Assembly's transportation committee,ACTOR,461,1664
4200,Commissioner of Internal Revenue,ACTOR,462,795
4201,artificial intelligence,TECHNOLOGY,462,795
4202,neural machine learning,TECHNOLOGY,462,795
4203,National Research Program,REQUIREMENT,462,795
4204,tax gap projections,OTHER,462,795
4205,Internal Revenue Code,LEGAL_SOURCE,462,795
4206,IRS,ACTOR,462,795
4207,Congress,ACTOR,462,795
4208,artificial intelligence,TECHNOLOGY,463,1761
4209,ASK Academy Charter School,ACTOR,463,1761
4210,Sandoval County,OTHER,463,1761
4211,Oklahoma,OTHER,464,1527
4212,child pornography,DOMAIN,464,1527
4213,AI-generated images,TECHNOLOGY,464,1527
4214,computer-generated images,TECHNOLOGY,464,1527
4215,AI technology,TECHNOLOGY,464,1527
4216,sex offender registration,REQUIREMENT,464,1527
4217,"November 1, 2024",REQUIREMENT,464,1527
4218,Minnesota,OTHER,465,1762
4219,deep fakes,TECHNOLOGY,465,1762
4220,elections,ACTOR,465,1762
4221,federal law,LEGAL_SOURCE,465,1762
4222,public offices,ACTOR,465,1762
4223,"July 1, 2024",REQUIREMENT,465,1762
4224,superintendent,ACTOR,466,1764
4225,Minnesota Fusion Center,ACTOR,466,1764
4226,MNFC,ACTOR,466,1764
4227,AI,TECHNOLOGY,466,1764
4228,social media analysis tools,TECHNOLOGY,466,1764
4229,data analysis technologies,TECHNOLOGY,466,1764
4230,suspicious activity reports,LEGAL_SOURCE,466,1764
4231,SARs,LEGAL_SOURCE,466,1764
4232,requests for information,LEGAL_SOURCE,466,1764
4233,RFIs,LEGAL_SOURCE,466,1764
4234,federal agencies,ACTOR,466,1764
4235,Livermore Amador Valley Transit Authority,ACTOR,467,1663
4236,shared autonomous vehicle,TECHNOLOGY,467,1663
4237,SAV,TECHNOLOGY,467,1663
4238,City of Dublin,OTHER,467,1663
4239,California,OTHER,467,1663
4240,National Highway Traffic Safety Administration,ACTOR,467,1663
4241,law enforcement,ACTOR,467,1663
4242,Department of Motor Vehicles,ACTOR,467,1663
4243,DMV,ACTOR,467,1663
4244,personal data,OTHER,467,1663
4245,autonomous vehicle regulations,LEGAL_SOURCE,467,1663
4246,ethical principles,LEGAL_SOURCE,468,1138
4247,AI development,TECHNOLOGY,468,1138
4248,AI misuse,RISK,468,1138
4249,autonomous lethal technologies,TECHNOLOGY,468,1138
4250,risk control mechanisms,REQUIREMENT,468,1138
4251,accountability structures,OTHER,468,1138
4252,fairness,RISK,468,1138
4253,inclusiveness,RISK,468,1138
4254,United Nations,ACTOR,468,1138
4255,military,DOMAIN,468,1138
4256,China,OTHER,468,1138
4257,global framework for AI security governance,LEGAL_SOURCE,468,1138
4258,artificial intelligence,TECHNOLOGY,469,1470
4259,machine-based system,TECHNOLOGY,469,1470
4260,models,TECHNOLOGY,469,1470
4261,House Bill No. 5141,LEGAL_SOURCE,469,1470
4262,California,OTHER,470,1579
4263,partial driving automation features,TECHNOLOGY,470,1579
4264,Society of Automotive Engineers,ACTOR,470,1579
4265,Level 2 partial driving automation,REQUIREMENT,470,1579
4266,duty of care,LEGAL_SOURCE,470,1579
4267,civil liability,LEGAL_SOURCE,470,1579
4268,California's constitutional provisions,LEGAL_SOURCE,470,1579
4269,AI,TECHNOLOGY,471,769
4270,Google,ACTOR,471,769
4271,privacy,RISK,471,769
4272,security practices,RISK,471,769
4273,human control,RISK,471,769
4274,international law,LEGAL_SOURCE,471,769
4275,weapons,DOMAIN,471,769
4276,surveillance,RISK,471,769
4277,accountability,OTHER,471,769
4278,transparency,OTHER,471,769
4279,scientific excellence,LIFECYCLE_STAGE,471,769
4280,Interagency Commission on School Construction,ACTOR,472,1760
4281,General Assembly,ACTOR,472,1760
4282,artificial intelligence weapon detection systems,TECHNOLOGY,472,1760
4283,school construction funding,REQUIREMENT,472,1760
4284,Department of Innovation and Technology Act,LEGAL_SOURCE,473,1777
4285,Generative AI and Natural Language Processing Task Force,ACTOR,473,1777
4286,Task Force,ACTOR,473,1777
4287,generative AI,TECHNOLOGY,473,1777
4288,natural language processing software,TECHNOLOGY,473,1777
4289,Illinois,OTHER,473,1777
4290,Governor,ACTOR,473,1777
4291,General Assembly,ACTOR,473,1777
4292,cybersecurity experts,ACTOR,473,1777
4293,AI experts,ACTOR,473,1777
4294,business and labor association members,ACTOR,473,1777
4295,consumer information,RISK,473,1777
4296,model policies,LEGAL_SOURCE,473,1777
4297,civil rights,RISK,473,1777
4298,workforce,OTHER,473,1777
4299,cybersecurity,RISK,473,1777
4300,public services,ACTOR,473,1777
4301,New Jersey Advanced Autonomous Vehicle Task Force,ACTOR,474,1625
4302,autonomous vehicles,TECHNOLOGY,474,1625
4303,Governor,ACTOR,474,1625
4304,New Jersey Motor Vehicle Commission,ACTOR,474,1625
4305,Department of Transportation,ACTOR,474,1625
4306,Alan M. Voorhees Transportation Center,ACTOR,474,1625
4307,SAE J3016 standards,REQUIREMENT,474,1625
4308,state roads,OTHER,474,1625
4309,pilot programs,REQUIREMENT,474,1625
4310,minor,ACTOR,475,1508
4311,"class ""D"" felony",OTHER,475,1508
4312,"class ""C"" felony",OTHER,475,1508
4313,jurisdictions,OTHER,475,1508
4314,law,LEGAL_SOURCE,475,1508
4315,S.C. Code,LEGAL_SOURCE,476,1768
4316,artificial intelligence,TECHNOLOGY,476,1768
4317,machine learning,TECHNOLOGY,476,1768
4318,licensee,ACTOR,476,1768
4319,General Fund,DOMAIN,477,1769
4320,Higher Education Coordinating Commission,ACTOR,477,1769
4321,University of Oregon Labor Education and Research Center,ACTOR,477,1769
4322,automation,TECHNOLOGY,477,1769
4323,artificial intelligence,TECHNOLOGY,477,1769
4324,Oregon,OTHER,477,1769
4325,economic industries,DOMAIN,477,1769
4326,AI,TECHNOLOGY,478,1770
4327,MSMEs,ACTOR,478,1770
4328,G20 AI Principles,LEGAL_SOURCE,478,1770
4329,privacy,RISK,478,1770
4330,security,RISK,478,1770
4331,ethical issues,OTHER,478,1770
4332,labor market,OTHER,478,1770
4333,developing countries,OTHER,478,1770
4334,G20 Repository of Digital Policies,ACTOR,478,1770
4335,research,LIFECYCLE_STAGE,478,1770
4336,policy development,LEGAL_SOURCE,478,1770
4337,New Hanover County Schools,ACTOR,479,1778
4338,Davidson County Schools,ACTOR,479,1778
4339,AI School Safety Pilot Program,REQUIREMENT,479,1778
4340,AI technology,TECHNOLOGY,479,1778
4341,school safety systems,TECHNOLOGY,479,1778
4342,Joint Legislative Education Oversight Committee,ACTOR,479,1778
4343,public school units,ACTOR,479,1778
4344,AI system capabilities,TECHNOLOGY,479,1778
4345,safety outcomes,RISK,479,1778
4346,Center for Equitable Artificial Intelligence and Machine Learning Systems,ACTOR,480,1779
4347,Morgan State University,ACTOR,480,1779
4348,General Fund,DOMAIN,480,1779
4349,Artificial Intelligence,TECHNOLOGY,480,1779
4350,Machine Learning Systems,TECHNOLOGY,480,1779
4351,Maryland Department of Information Technology,ACTOR,481,1426
4352,artificial intelligence,TECHNOLOGY,481,1426
4353,AI,TECHNOLOGY,481,1426
4354,virtual 3-1-1 portal,TECHNOLOGY,481,1426
4355,government information and services,ACTOR,481,1426
4356,Governor,ACTOR,481,1426
4357,"July 1, 2024",REQUIREMENT,481,1426
4358,"May 9, 2024",REQUIREMENT,481,1426
4359,city of Seattle,OTHER,482,1775
4360,artificial intelligence,TECHNOLOGY,482,1775
4361,AI,TECHNOLOGY,482,1775
4362,technology business startups,REQUIREMENT,482,1775
4363,curricula,DOMAIN,482,1775
4364,workers,ACTOR,482,1775
4365,content provenance technologies,REQUIREMENT,483,826
4366,disclosures,OTHER,483,826
4367,"audiovisual, visual, and audio records",LEGAL_SOURCE,483,826
4368,criminal penalties,OTHER,483,826
4369,civil penalties,OTHER,483,826
4370,U.S. Attorney’s Office,ACTOR,483,826
4371,deepfake-related violations,TECHNOLOGY,483,826
4372,AI,TECHNOLOGY,484,534
4373,machine learning,TECHNOLOGY,484,534
4374,Federal Government,ACTOR,484,534
4375,Administrator of the Office of Electronic Government,ACTOR,484,534
4376,defense and intelligence agencies,ACTOR,484,534
4377,technology implementation,TECHNOLOGY,484,534
4378,report,LEGAL_SOURCE,484,534
4379,"chapter 35 of title 44, United States Code",LEGAL_SOURCE,485,906
4380,Federal AI system governance requirements,LEGAL_SOURCE,485,906
4381,AI,TECHNOLOGY,485,906
4382,civil rights,RISK,485,906
4383,privacy,RISK,485,906
4384,transparency,OTHER,485,906
4385,safety,RISK,485,906
4386,security,RISK,485,906
4387,AI System Inventory,LEGAL_SOURCE,485,906
4388,stakeholders,ACTOR,485,906
4389,Director of the National Institutes of Health,ACTOR,486,410
4390,National Institutes of Health,ACTOR,486,410
4391,generative AI,TECHNOLOGY,486,410
4392,health care,DOMAIN,486,410
4393,workforce development,OTHER,486,410
4394,higher education institutions,ACTOR,486,410
4395,nonprofit organizations,ACTOR,486,410
4396,governmental agencies,ACTOR,486,410
4397,AI Safety Level (ASL) Standards,REQUIREMENT,487,768
4398,Deployment and Security Standards,REQUIREMENT,487,768
4399,ASL-2 standards,REQUIREMENT,487,768
4400,ASL-3 standards,REQUIREMENT,487,768
4401,Capability Thresholds,OTHER,487,768
4402,Required Safeguards,LEGAL_SOURCE,487,768
4403,"Chemical, Biological, Radiological, and Nuclear (CBRN) capabilities",RISK,487,768
4404,Autonomous AI R&D,TECHNOLOGY,487,768
4405,Responsible Scaling Officer,ACTOR,487,768
4406,US Government,ACTOR,487,768
4407,Communications Act,LEGAL_SOURCE,488,1293
4408,pornography,RISK,488,1293
4409,covered platforms,TECHNOLOGY,488,1293
4410,Federal Trade Commission,ACTOR,488,1293
4411,deepfake,TECHNOLOGY,488,1293
4412,intimate visual depiction,TECHNOLOGY,488,1293
4413,frontier AI models,TECHNOLOGY,489,1163
4414,cybersecurity protections,RISK,489,1163
4415,Attorney General,ACTOR,489,1163
4416,Board of Frontier Models,ACTOR,489,1163
4417,CalCompute,REQUIREMENT,489,1163
4418,public cloud computing cluster,TECHNOLOGY,489,1163
4419,AI research and innovation,LIFECYCLE_STAGE,489,1163
4420,consortium,ACTOR,489,1163
4421,OpenAI,ACTOR,490,767
4422,AGI,TECHNOLOGY,490,767
4423,humanity,ACTOR,490,767
4424,safety-conscious AGI projects,TECHNOLOGY,490,767
4425,research and policy institutions,ACTOR,490,767
4426,multistakeholder cooperation,OTHER,490,767
4427,AI research publishing,LIFECYCLE_STAGE,490,767
4428,safety,RISK,490,767
4429,security,RISK,490,767
4430,China,OTHER,491,36
4431,deep synthesis systems,TECHNOLOGY,491,36
4432,biometric information,OTHER,491,36
4433,AI-generated content,TECHNOLOGY,491,36
4434,national security,RISK,491,36
4435,social order,ACTOR,491,36
4436,cybersecurity attributes,RISK,491,36
4437,relevant authorities,ACTOR,491,36
4438,People's Republic of China,OTHER,492,508
4439,People's Liberation Army,DOMAIN,492,508
4440,Taiwan,OTHER,492,508
4441,Chinese officials,ACTOR,492,508
4442,artificial intelligence,TECHNOLOGY,492,508
4443,International Emergency Economic Powers Act,LEGAL_SOURCE,492,508
4444,U.S. financial institutions,ACTOR,492,508
4445,President,ACTOR,492,508
4446,Chinese government-controlled entities,ACTOR,492,508
4447,AI,TECHNOLOGY,493,772
4448,trustworthy AI,LEGAL_SOURCE,493,772
4449,safety,RISK,493,772
4450,security,RISK,493,772
4451,accountability,OTHER,493,772
4452,explainability,OTHER,493,772
4453,privacy enhancement,RISK,493,772
4454,fairness,RISK,493,772
4455,AI risk management framework,LEGAL_SOURCE,493,772
4456,GOVERN,REQUIREMENT,493,772
4457,MAP,REQUIREMENT,493,772
4458,MEASURE,REQUIREMENT,493,772
4459,MANAGE,REQUIREMENT,493,772
4460,Chief Data and Artificial Intelligence Officer,ACTOR,494,394
4461,Department of Defense,ACTOR,494,394
4462,bug bounty program,REQUIREMENT,494,394
4463,cybersecurity,RISK,494,394
4464,AI products,TECHNOLOGY,494,394
4465,congressional defense committees,ACTOR,494,394
4466,AI-generated content,TECHNOLOGY,495,554
4467,Federal Trade Commission Act,LEGAL_SOURCE,495,554
4468,Federal Trade Commission,ACTOR,495,554
4469,working group,ACTOR,495,554
4470,AI-generated content detection standards,REQUIREMENT,495,554
4471,report to Congress,LEGAL_SOURCE,495,554
4472,framework,LEGAL_SOURCE,495,554
4473,Congress,ACTOR,495,554
4474,high-risk AI systems,TECHNOLOGY,496,1376
4475,training data,TECHNOLOGY,496,1376
4476,Colorado Attorney General,ACTOR,496,1376
4477,algorithmic discrimination,RISK,496,1376
4478,personal data,OTHER,496,1376
4479,Colorado AI Act,LEGAL_SOURCE,496,1376
4480,rulemaking,REQUIREMENT,496,1376
4481,Microsoft,ACTOR,497,771
4482,Impact Assessments,LEGAL_SOURCE,497,771
4483,AI systems,TECHNOLOGY,497,771
4484,"Privacy, Security, and Accessibility Standards",REQUIREMENT,497,771
4485,automation bias,RISK,497,771
4486,privacy,RISK,497,771
4487,reliability,RISK,497,771
4488,fairness,RISK,497,771
4489,Federal Trade Commission,ACTOR,498,418
4490,impact assessments,LEGAL_SOURCE,498,418
4491,automated decision systems,TECHNOLOGY,498,418
4492,employment,OTHER,498,418
4493,education,DOMAIN,498,418
4494,healthcare,DOMAIN,498,418
4495,privacy,RISK,498,418
4496,consumer protection,LEGAL_SOURCE,498,418
4497,Bureau of Technology,ACTOR,498,418
4498,FTC Act,LEGAL_SOURCE,498,418
4499,large online platforms,ACTOR,499,641
4500,content moderation,LEGAL_SOURCE,499,641
4501,Federal Trade Commission,ACTOR,499,641
4502,state attorneys general,ACTOR,499,641
4503,Advisory Group on Language-Sensitive Technologies,ACTOR,499,641
4504,language-based technology,TECHNOLOGY,499,641
4505,USAID,ACTOR,499,641
4506,misinformation,RISK,499,641
4507,Secretary of Agriculture,ACTOR,500,466
4508,National Institute of Standards and Technology,ACTOR,500,466
4509,Federal Communications Commission,ACTOR,500,466
4510,precision agriculture,TECHNOLOGY,500,466
4511,cybersecurity,RISK,500,466
4512,AI,TECHNOLOGY,500,466
4513,advanced wireless technology,TECHNOLOGY,500,466
4514,Comptroller General,ACTOR,500,466
4515,Congressional committees,ACTOR,500,466
4516,U.S. entities,ACTOR,501,499
4517,Chinese entities of concern,ACTOR,501,499
4518,AI,TECHNOLOGY,501,499
4519,military-civil fusion strategy,LEGAL_SOURCE,501,499
4520,Secretary of Defense,ACTOR,501,499
4521,federal agencies,ACTOR,501,499
4522,federal financial assistance,REQUIREMENT,501,499
4523,regulations,LEGAL_SOURCE,501,499
4524,autonomous commercial vehicles,DOMAIN,502,1613
4525,teleoperation systems,TECHNOLOGY,502,1613
4526,Alabama,OTHER,502,1613
4527,Department of Transportation,ACTOR,502,1613
4528,federal motor vehicle safety standards,REQUIREMENT,502,1613
4529,Governor,ACTOR,502,1613
4530,law enforcement,DOMAIN,502,1613
4531,automated driving systems,DOMAIN,502,1613
4532,Department of Energy,ACTOR,503,468
4533,Department of Agriculture,ACTOR,503,468
4534,artificial intelligence,TECHNOLOGY,503,468
4535,machine learning,TECHNOLOGY,503,468
4536,Federal regulations,LEGAL_SOURCE,503,468
4537,Federal agencies,ACTOR,503,468
4538,Congressional Committees,ACTOR,503,468
4539,U.S. Code,LEGAL_SOURCE,503,468
4540,Harmful Algal Blooms and Hypoxia Research and Control Act of 1998,LEGAL_SOURCE,504,832
4541,Under Secretary,ACTOR,504,832
4542,NCCOS,ACTOR,504,832
4543,IOOS,ACTOR,504,832
4544,NOAA,ACTOR,504,832
4545,artificial intelligence,TECHNOLOGY,504,832
4546,IOOS Program Office,ACTOR,504,832
4547,Harmful Algal Bloom Data Assembly Center,ACTOR,504,832
4548,ecological forecasting,TECHNOLOGY,504,832
4549,Title VII of the Communications Act of 1934,LEGAL_SOURCE,505,836
4550,Commission,ACTOR,505,836
4551,U.S. Access Board,ACTOR,505,836
4552,Congress,ACTOR,505,836
4553,emerging technologies,TECHNOLOGY,505,836
4554,AI,TECHNOLOGY,505,836
4555,augmented reality,TECHNOLOGY,505,836
4556,advanced computing,TECHNOLOGY,505,836
4557,disabilities,DOMAIN,505,836
4558,business advisory board,ACTOR,506,985
4559,Americas Partnership Secretariat,ACTOR,506,985
4560,private sector,ACTOR,506,985
4561,civil society,ACTOR,506,985
4562,labor organizations,ACTOR,506,985
4563,partner countries,OTHER,506,985
4564,emerging technologies,TECHNOLOGY,506,985
4565,artificial intelligence,TECHNOLOGY,506,985
4566,USMCA,LEGAL_SOURCE,506,985
4567,regulations,LEGAL_SOURCE,506,985
4568,annual report,LEGAL_SOURCE,506,985
4569,Medicare program,REQUIREMENT,507,504
4570,predictive risk-scoring algorithm,TECHNOLOGY,507,504
4571,AI Bill of Rights,LEGAL_SOURCE,507,504
4572,law enforcement,DOMAIN,507,504
4573,Medicare card,LEGAL_SOURCE,507,504
4574,industry representatives,ACTOR,507,504
4575,beneficiaries,ACTOR,507,504
4576,Secretary of Health and Human Services,ACTOR,508,828
4577,National Academies,ACTOR,508,828
4578,AI,TECHNOLOGY,508,828
4579,maternity care,DOMAIN,508,828
4580,patient monitoring devices,TECHNOLOGY,508,828
4581,racial or ethnic biases,RISK,508,828
4582,Congress,ACTOR,508,828
4583,privacy,RISK,508,828
4584,security,RISK,508,828
4585,information system,TECHNOLOGY,509,811
4586,"section 3502 of title 44, United States Code",LEGAL_SOURCE,509,811
4587,Director,ACTOR,509,811
4588,AI,TECHNOLOGY,509,811
4589,cybersecurity,RISK,509,811
4590,Comptroller General,ACTOR,509,811
4591,Congress,ACTOR,509,811
4592,automation,TECHNOLOGY,509,811
4593,federal government,ACTOR,509,811
4594,cybersecurity tools,TECHNOLOGY,509,811
4595,privacy,RISK,509,811
4596,Comptroller General,ACTOR,510,888
4597,fentanyl,DOMAIN,510,888
4598,methamphetamine,DOMAIN,510,888
4599,machine learning,TECHNOLOGY,510,888
4600,Federal Government,ACTOR,510,888
4601,law enforcement,DOMAIN,510,888
4602,Congress,ACTOR,510,888
4603,providers,ACTOR,510,888
4604,platforms,TECHNOLOGY,510,888
4605,Secretaries,ACTOR,511,824
4606,wildfire detection technologies,TECHNOLOGY,511,824
4607,artificial intelligence,TECHNOLOGY,511,824
4608,real-time imagery,TECHNOLOGY,511,824
4609,weather data,TECHNOLOGY,511,824
4610,Act,LEGAL_SOURCE,511,824
4611,congressional committees,ACTOR,511,824
4612,Institute,ACTOR,512,984
4613,e-governance systems,TECHNOLOGY,512,984
4614,section 102,LEGAL_SOURCE,512,984
4615,technical standards,REQUIREMENT,512,984
4616,reference implementations,REQUIREMENT,512,984
4617,emerging technologies,TECHNOLOGY,512,984
4618,AI,TECHNOLOGY,512,984
4619,Russia,OTHER,512,984
4620,China,OTHER,512,984
4621,privacy,RISK,512,984
4622,security,RISK,512,984
4623,Assistant Secretary for Preparedness and Response,ACTOR,513,315
4624,AI,TECHNOLOGY,513,315
4625,pathogens,DOMAIN,513,315
4626,viruses,DOMAIN,513,315
4627,bioweapons,DOMAIN,513,315
4628,chemical weapons,DOMAIN,513,315
4629,National Health Security Strategy,LEGAL_SOURCE,513,315
4630,Assistant Secretary of Commerce for Communications and Information,ACTOR,514,396
4631,accountability mechanisms,OTHER,514,396
4632,AI system,TECHNOLOGY,514,396
4633,trustworthy,RISK,514,396
4634,cybersecurity threats,RISK,514,396
4635,stakeholder,ACTOR,514,396
4636,Congress,ACTOR,514,396
4637,accountability measures,OTHER,514,396
4638,public meetings,REQUIREMENT,514,396
4639,disclosed,OTHER,514,396
4640,Under Secretary of Commerce,ACTOR,515,395
4641,online content verification,TECHNOLOGY,515,395
4642,AI outputs,TECHNOLOGY,515,395
4643,generative AI,TECHNOLOGY,515,395
4644,AI transparency reports,OTHER,515,395
4645,NIST,ACTOR,515,395
4646,AI oversight,OTHER,515,395
4647,risk assessments,RISK,515,395
4648,AI Certification Advisory Committee,ACTOR,515,395
4649,compliance,REQUIREMENT,515,395
4650,consumer education working group,REQUIREMENT,515,395
4651,Director of the National Institute of Standards and Technology,ACTOR,516,416
4652,National Institute of Standards and Technology,ACTOR,516,416
4653,Testing Standards,REQUIREMENT,516,416
4654,computational forensic software,TECHNOLOGY,516,416
4655,AI-enabled automated,TECHNOLOGY,516,416
4656,disparate impacts,RISK,516,416
4657,protected groups,ACTOR,516,416
4658,documentation,LEGAL_SOURCE,516,416
4659,validation processes,REQUIREMENT,516,416
4660,reports,LEGAL_SOURCE,516,416
4661,defendants,ACTOR,516,416
4662,Testing Program,REQUIREMENT,516,416
4663,algorithms,TECHNOLOGY,516,416
4664,sample data,TECHNOLOGY,516,416
4665,adversarial examples,LIFECYCLE_STAGE,516,416
4666,Federal law enforcement agencies,ACTOR,516,416
4667,source code,LEGAL_SOURCE,516,416
4668,Section 230,LEGAL_SOURCE,517,398
4669,Communications Act of 1934,LEGAL_SOURCE,517,398
4670,interactive computer service,TECHNOLOGY,517,398
4671,generative artificial intelligence,TECHNOLOGY,517,398
4672,Director of the National Institute of Standards and Technology,ACTOR,518,397
4673,Director of the Office of Management and Budget,ACTOR,518,397
4674,National Institute of Standards and Technology,ACTOR,518,397
4675,Office of Management and Budget,ACTOR,518,397
4676,federal agencies,ACTOR,518,397
4677,AI Risk Management Framework,LEGAL_SOURCE,518,397
4678,cybersecurity,RISK,518,397
4679,AI systems,TECHNOLOGY,518,397
4680,AI suppliers,ACTOR,518,397
4681,Comptroller General of the United States,ACTOR,518,397
4682,Congress,ACTOR,518,397
4683,national security systems,DOMAIN,518,397
4684,Federal Acquisition Regulatory Council,ACTOR,518,397
4685,AI procurement,REQUIREMENT,518,397
4686,AI expertise,DOMAIN,518,397
4687,interdisciplinary experts,ACTOR,518,397
4688,voluntary consensus standards,REQUIREMENT,518,397
4689,AI acquisitions,TECHNOLOGY,518,397
4690,evaluations,LIFECYCLE_STAGE,518,397
4691,Section 503(b),LEGAL_SOURCE,519,429
4692,"Federal Food, Drug and Cosmetic Act",LEGAL_SOURCE,519,429
4693,artificial intelligence,TECHNOLOGY,519,429
4694,machine learning,TECHNOLOGY,519,429
4695,Food and Drug Administration,ACTOR,519,429
4696,State,OTHER,519,429
4697,new device,TECHNOLOGY,519,429
4698,premarket notification,REQUIREMENT,519,429
4699,pricing algorithms,TECHNOLOGY,520,415
4700,Federal Trade Commission,ACTOR,520,415
4701,Attorney General,ACTOR,520,415
4702,Department of Justice,ACTOR,520,415
4703,National Institute of Standards and Technology,ACTOR,520,415
4704,civil penalties,OTHER,520,415
4705,antitrust cases,LEGAL_SOURCE,520,415
4706,pricing algorithms,TECHNOLOGY,520,415
4707,collusive behavior,RISK,520,415
4708,disclosure,OTHER,520,415
4709,price discrimination,RISK,520,415
4710,third-party algorithm developers,ACTOR,520,415
4711,FTC,ACTOR,520,415
4712,consumer harm,RISK,520,415
4713,Secretary of Health and Human Services,ACTOR,521,408
4714,artificial intelligence,TECHNOLOGY,521,408
4715,AI,TECHNOLOGY,521,408
4716,stakeholders,ACTOR,521,408
4717,Public Health Service Act,LEGAL_SOURCE,521,408
4718,biological weapons,RISK,521,408
4719,drug-resistant viruses and bacteria,RISK,521,408
4720,congressional committees,ACTOR,521,408
4721,artificial intelligence regulation,LEGAL_SOURCE,522,399
4722,financial services industry,DOMAIN,522,399
4723,artificial intelligence bug bounty programs,REQUIREMENT,522,399
4724,vulnerability analysis study,LIFECYCLE_STAGE,522,399
4725,artificial intelligence-enabled military applications,DOMAIN,522,399
4726,data sharing and coordination,OTHER,522,399
4727,covered algorithm,TECHNOLOGY,523,414
4728,civil rights,RISK,523,414
4729,bias,RISK,523,414
4730,discrimination,RISK,523,414
4731,algorithmic harms,RISK,523,414
4732,Congress,ACTOR,523,414
4733,Department of Justice,ACTOR,523,414
4734,Civil Rights Division,ACTOR,523,414
4735,interagency working group,REQUIREMENT,523,414
4736,Secretary of Commerce,ACTOR,524,401
4737,Export Control Classification Number 3A090,REQUIREMENT,524,401
4738,Export Control Classification Number 4A090,REQUIREMENT,524,401
4739,Export Administration Regulations,LEGAL_SOURCE,524,401
4740,People’s Republic of China,OTHER,524,401
4741,Macau,OTHER,524,401
4742,integrated circuits,TECHNOLOGY,524,401
4743,US persons,ACTOR,524,401
4744,Director of the National Institute of Standards and Technology,ACTOR,525,411
4745,National Institute of Standards and Technology,ACTOR,525,411
4746,NIST,ACTOR,525,411
4747,Congress,ACTOR,525,411
4748,AI,TECHNOLOGY,525,411
4749,emerging technology standards development,REQUIREMENT,525,411
4750,federal agencies,ACTOR,525,411
4751,U.S. industry,ACTOR,525,411
4752,international standards efforts,REQUIREMENT,525,411
4753,pilot program,REQUIREMENT,525,411
4754,grants,DOMAIN,525,411
4755,fiscal years 2024 through 2028,REQUIREMENT,525,411
4756,Financial Stability Act of 2010,LEGAL_SOURCE,526,449
4757,Financial Stability Oversight Council,ACTOR,526,449
4758,Office of Financial Research,ACTOR,526,449
4759,NSA,ACTOR,526,449
4760,Cybersecurity Information Sheet,LEGAL_SOURCE,526,449
4761,Federal securities laws,LEGAL_SOURCE,526,449
4762,machine-manipulated media,TECHNOLOGY,526,449
4763,AI model outcomes,TECHNOLOGY,526,449
4764,securities violations,DOMAIN,526,449
4765,financial institutions,DOMAIN,526,449
4766,third-party AI service providers,ACTOR,526,449
4767,malign actors,RISK,526,449
4768,market manipulation,RISK,526,449
4769,Secretary of Defense,ACTOR,527,422
4770,Department of Defense,ACTOR,527,422
4771,Chinese autonomous ground vehicles,TECHNOLOGY,527,422
4772,U.S. Government,ACTOR,527,422
4773,Chinese Communist Party,ACTOR,527,422
4774,People’s Liberation Army,ACTOR,527,422
4775,national security threats,RISK,527,422
4776,dual-use implications,RISK,527,422
4777,Department of Defense bases,OTHER,527,422
4778,sensitive U.S. Government facilities,OTHER,527,422
4779,National AI Commission,ACTOR,528,450
4780,legislative branch,ACTOR,528,450
4781,AI,TECHNOLOGY,528,450
4782,Federal Government,ACTOR,528,450
4783,Congress,ACTOR,528,450
4784,President,ACTOR,528,450
4785,general-purpose AI systems,TECHNOLOGY,528,450
4786,binding regulatory framework,LEGAL_SOURCE,528,450
4787,commissioners,ACTOR,528,450
4788,Democratic appointee,ACTOR,528,450
4789,Republican appointee,ACTOR,528,450
4790,First Amendment,LEGAL_SOURCE,529,439
4791,intellectual property,LEGAL_SOURCE,529,439
4792,personalized cloning services,TECHNOLOGY,529,439
4793,digital voice replicas,TECHNOLOGY,529,439
4794,digital depictions,TECHNOLOGY,529,439
4795,unauthorized distribution,RISK,529,439
4796,commercial use,RISK,529,439
4797,financial,RISK,529,439
4798,physical,RISK,529,439
4799,emotional distress,RISK,529,439
4800,attorney fees,DOMAIN,529,439
4801,civil actions,DOMAIN,529,439
4802,negligible harm,OTHER,529,439
4803,liability,OTHER,529,439
4804,Secretary of Defense,ACTOR,530,420
4805,Joint Autonomy Office,ACTOR,530,420
4806,Department of Defense,ACTOR,530,420
4807,autonomous systems,TECHNOLOGY,530,420
4808,autonomous capabilities,TECHNOLOGY,530,420
4809,datasets,TECHNOLOGY,530,420
4810,security protocols,RISK,530,420
4811,classification framework,LEGAL_SOURCE,530,420
4812,Congress,ACTOR,530,420
4813,training,LIFECYCLE_STAGE,530,420
4814,evaluation,LIFECYCLE_STAGE,530,420
4815,Federal Communications Commission,ACTOR,531,442
4816,FCC,ACTOR,531,442
4817,Federal Trade Commission,ACTOR,531,442
4818,FTC,ACTOR,531,442
4819,artificial intelligence products,TECHNOLOGY,531,442
4820,minors,ACTOR,531,442
4821,parental consent,RISK,531,442
4822,task force,ACTOR,532,433
4823,artificial intelligence,TECHNOLOGY,532,433
4824,financial services sector,DOMAIN,532,433
4825,Congress,ACTOR,532,433
4826,AI misuse,RISK,532,433
4827,AI fraud detection measures,TECHNOLOGY,532,433
4828,depository institutions,ACTOR,532,433
4829,credit unions,ACTOR,532,433
4830,third-party vendors,ACTOR,532,433
4831,AI experts,ACTOR,532,433
4832,AI leadership training program,REQUIREMENT,533,432
4833,executive agencies,ACTOR,533,432
4834,AI capabilities,TECHNOLOGY,533,432
4835,Federal Government,ACTOR,533,432
4836,AI procurement,TECHNOLOGY,533,432
4837,testing,LIFECYCLE_STAGE,533,432
4838,evaluation,LIFECYCLE_STAGE,533,432
4839,auditing,LIFECYCLE_STAGE,533,432
4840,AI system failures,RISK,533,432
4841,risk mitigation,RISK,533,432
4842,constitutional risks,LEGAL_SOURCE,533,432
4843,metrics,OTHER,533,432
4844,Congress,ACTOR,533,432
4845,Department of Energy,ACTOR,534,438
4846,DOE,ACTOR,534,438
4847,National Science Foundation,ACTOR,534,438
4848,NSF,ACTOR,534,438
4849,memorandum of understanding,LEGAL_SOURCE,534,438
4850,artificial intelligence,TECHNOLOGY,534,438
4851,machine learning,TECHNOLOGY,534,438
4852,data analytics,TECHNOLOGY,534,438
4853,quantum computing,TECHNOLOGY,534,438
4854,computational sciences,TECHNOLOGY,534,438
4855,Federal agencies,ACTOR,534,438
4856,National Laboratories,ACTOR,534,438
4857,STEM education,DOMAIN,534,438
4858,research security provisions,LEGAL_SOURCE,534,438
4859,law,LEGAL_SOURCE,534,438
4860,email service providers,ACTOR,535,441
4861,filtering algorithms,TECHNOLOGY,535,441
4862,political campaigns,ACTOR,535,441
4863,transparency reports,LEGAL_SOURCE,535,441
4864,Federal Trade Commission,ACTOR,535,441
4865,Federal Trade Commission Act,LEGAL_SOURCE,535,441
4866,filtering algorithm,TECHNOLOGY,535,441
4867,operator,ACTOR,535,441
4868,political campaign,ACTOR,535,441
4869,task force,ACTOR,536,440
4870,artificial intelligence,TECHNOLOGY,536,440
4871,privacy,RISK,536,440
4872,civil rights,RISK,536,440
4873,civil liberties,RISK,536,440
4874,federal antidiscrimination laws,LEGAL_SOURCE,536,440
4875,disparate impact standards,RISK,536,440
4876,AI validation,LIFECYCLE_STAGE,536,440
4877,auditing,LIFECYCLE_STAGE,536,440
4878,AI governance,OTHER,536,440
4879,oversight organization,ACTOR,536,440
4880,report,LEGAL_SOURCE,536,440
4881,generative artificial intelligence,TECHNOLOGY,537,448
4882,disclaimer,LEGAL_SOURCE,537,448
4883,Federal Trade Commission,ACTOR,537,448
4884,FTC,ACTOR,537,448
4885,Federal Trade Commission Act,LEGAL_SOURCE,537,448
4886,disclosure requirement,LEGAL_SOURCE,537,448
4887,penalties,OTHER,537,448
4888,FTC,ACTOR,538,451
4889,Telemarketing Sales Rule,LEGAL_SOURCE,538,451
4890,AI,TECHNOLOGY,538,451
4891,telemarketing,DOMAIN,538,451
4892,financial penalties,OTHER,538,451
4893,fraud,RISK,538,451
4894,Chief Artificial Intelligence Officers Council,ACTOR,539,437
4895,CAIO,ACTOR,539,437
4896,Chief Artificial Intelligence Officer,ACTOR,539,437
4897,Artificial Intelligence Governance Boards,ACTOR,539,437
4898,AI strategies,LEGAL_SOURCE,539,437
4899,Comptroller General,ACTOR,539,437
4900,Federal agencies,ACTOR,539,437
4901,AI,TECHNOLOGY,539,437
4902,laws,LEGAL_SOURCE,539,437
4903,standards,REQUIREMENT,539,437
4904,transparency,OTHER,539,437
4905,individual rights,RISK,539,437
4906,Federal Trade Commission,ACTOR,540,436
4907,FTC,ACTOR,540,436
4908,training data,TECHNOLOGY,540,436
4909,algorithms,TECHNOLOGY,540,436
4910,AI foundation models,TECHNOLOGY,540,436
4911,NIST,ACTOR,540,436
4912,OSTP,ACTOR,540,436
4913,Register of Copyrights,ACTOR,540,436
4914,FTC Act,LEGAL_SOURCE,540,436
4915,model performance evaluations,OTHER,540,436
4916,stakeholders,ACTOR,540,436
4917,U.S. Armed Forces,ACTOR,541,431
4918,Department of Defense Cyber Workforce Framework,REQUIREMENT,541,431
4919,Secretary,ACTOR,541,431
4920,military departments,ACTOR,541,431
4921,Department of Defense,ACTOR,541,431
4922,AI,TECHNOLOGY,541,431
4923,Environmental Protection Agency,ACTOR,542,443
4924,EPA,ACTOR,542,443
4925,Administrator,ACTOR,542,443
4926,Water Quality and Environmental Innovation Fund,REQUIREMENT,542,443
4927,Motor Vehicle and Engine Compliance Program,REQUIREMENT,542,443
4928,artificial intelligence,TECHNOLOGY,542,443
4929,quantum information science,TECHNOLOGY,542,443
4930,robotics,TECHNOLOGY,542,443
4931,Congress,ACTOR,542,443
4932,Secretary of Defense,ACTOR,543,428
4933,pilot program,REQUIREMENT,543,428
4934,Basic Allowance for Housing,OTHER,543,428
4935,machine learning,TECHNOLOGY,543,428
4936,artificial intelligence algorithms,TECHNOLOGY,543,428
4937,Senate,ACTOR,543,428
4938,House Armed Services Committees,ACTOR,543,428
4939,Director of the National Institute on Standards and Technology,ACTOR,544,462
4940,National Institute on Standards and Technology,ACTOR,544,462
4941,NIST,ACTOR,544,462
4942,trustworthy AI systems,TECHNOLOGY,544,462
4943,AI guardrails,LEGAL_SOURCE,544,462
4944,Secretary of Commerce,ACTOR,544,462
4945,Secretary of Energy,ACTOR,544,462
4946,Department of Energy,ACTOR,544,462
4947,memorandum of understanding,LEGAL_SOURCE,544,462
4948,Congress,ACTOR,545,453
4949,Communications Act of 1934,LEGAL_SOURCE,545,453
4950,artificial intelligence,TECHNOLOGY,545,453
4951,financial penalties,OTHER,545,453
4952,robocalls,TECHNOLOGY,545,453
4953,Secretary of Agriculture,ACTOR,546,460
4954,program,REQUIREMENT,546,460
4955,AI software,TECHNOLOGY,546,460
4956,National Institute of Standards and Technology,ACTOR,546,460
4957,Artificial Intelligence Risk Management Framework,REQUIREMENT,546,460
4958,Federal and State standards,REQUIREMENT,546,460
4959,licensure,REQUIREMENT,546,460
4960,certification,REQUIREMENT,546,460
4961,commercial driving,DOMAIN,546,460
4962,manure application,DOMAIN,546,460
4963,pesticide application,DOMAIN,546,460
4964,hazardous materials,RISK,546,460
4965,Secretary of Labor,ACTOR,547,452
4966,Director of the National Science Foundation,ACTOR,547,452
4967,National Science Foundation,ACTOR,547,452
4968,AI,TECHNOLOGY,547,452
4969,U.S. workforce,OTHER,547,452
4970,Congress,ACTOR,547,452
4971,educational institutions,ACTOR,547,452
4972,industry stakeholders,ACTOR,547,452
4973,federal agencies,ACTOR,547,452
4974,Department of Commerce,ACTOR,548,471
4975,Supply Chain Resiliency and Crisis Response Office,ACTOR,548,471
4976,grants,DOMAIN,548,471
4977,loans,DOMAIN,548,471
4978,loan guarantees,DOMAIN,548,471
4979,artificial intelligence,TECHNOLOGY,548,471
4980,machine learning,TECHNOLOGY,548,471
4981,quantum computing,TECHNOLOGY,548,471
4982,Inspector General,ACTOR,548,471
4983,DOC,ACTOR,548,471
4984,Office of Investment and Innovation,ACTOR,549,461
4985,broadband and emerging information technology coordinator,ACTOR,549,461
4986,SBA,ACTOR,549,461
4987,chief information officer,ACTOR,549,461
4988,chief technology officer,ACTOR,549,461
4989,federal agencies,ACTOR,549,461
4990,Chief Counsel for Advocacy,ACTOR,549,461
4991,Small Business Act,LEGAL_SOURCE,549,461
4992,broadband,TECHNOLOGY,549,461
4993,emerging technologies,TECHNOLOGY,549,461
4994,Artificial Intelligence Training for the Acquisition Workforce Act,LEGAL_SOURCE,550,467
4995,executive branch,ACTOR,550,467
4996,artificial intelligence,TECHNOLOGY,550,467
4997,training program,REQUIREMENT,550,467
4998,AI,TECHNOLOGY,550,467
4999,Secretary of Education,ACTOR,551,539
5000,Congress,ACTOR,551,539
5001,computer science education,DOMAIN,551,539
5002,STEAM education,DOMAIN,551,539
5003,FinCEN Modernization Act of 2023,LEGAL_SOURCE,552,497
5004,FinCEN,ACTOR,552,497
5005,Treasury,ACTOR,552,497
5006,machine learning,TECHNOLOGY,552,497
5007,data analytics,TECHNOLOGY,552,497
5008,financial systems,DOMAIN,552,497
5009,cryptocurrencies,TECHNOLOGY,552,497
5010,money laundering,DOMAIN,552,497
5011,cyber threats,RISK,552,497
5012,Congressional committees,ACTOR,552,497
5013,Environmental Protection Agency,ACTOR,553,400
5014,EPA,ACTOR,553,400
5015,Congress,ACTOR,553,400
5016,artificial intelligence,TECHNOLOGY,553,400
5017,AI models,TECHNOLOGY,553,400
5018,hardware,TECHNOLOGY,553,400
5019,data centers,TECHNOLOGY,553,400
5020,AI model design,TECHNOLOGY,553,400
5021,National Institute of Standards and Technology,ACTOR,553,400
5022,NIST,ACTOR,553,400
5023,Secretary of Energy,ACTOR,553,400
5024,AI systems,TECHNOLOGY,553,400
5025,Under Secretary of Commerce for Oceans and Atmosphere,ACTOR,554,540
5026,National Oceanic and Atmospheric Administration,ACTOR,554,540
5027,NOAA,ACTOR,554,540
5028,hazard risk communication office,ACTOR,554,540
5029,AI,TECHNOLOGY,554,540
5030,machine learning,TECHNOLOGY,554,540
5031,research program,REQUIREMENT,554,540
5032,pilot program,REQUIREMENT,554,540
5033,Department of Energy,ACTOR,555,486
5034,Department of Transportation,ACTOR,555,486
5035,National Institute of Standards and Technology,ACTOR,555,486
5036,National Pipeline Modernization Center,ACTOR,555,486
5037,pipeline technologies,TECHNOLOGY,555,486
5038,pipeline systems,TECHNOLOGY,555,486
5039,measurement research,LIFECYCLE_STAGE,555,486
5040,testing,LIFECYCLE_STAGE,555,486
5041,standardization programs,REQUIREMENT,555,486
5042,safety,RISK,555,486
5043,security,RISK,555,486
5044,Supply Chain Resiliency and Crisis Response Office,ACTOR,556,483
5045,Under Secretary,ACTOR,556,483
5046,federal agencies,ACTOR,556,483
5047,private sector,ACTOR,556,483
5048,labor organizations,ACTOR,556,483
5049,international partners,ACTOR,556,483
5050,supply chain,REQUIREMENT,556,483
5051,supply chain resilience,RISK,556,483
5052,security,RISK,556,483
5053,domestic manufacturing,REQUIREMENT,556,483
5054,Secretary of Energy,ACTOR,557,487
5055,NOAA Administrator,ACTOR,557,487
5056,AI,TECHNOLOGY,557,487
5057,advanced computing,TECHNOLOGY,557,487
5058,weather models,TECHNOLOGY,557,487
5059,memorandum of understanding,REQUIREMENT,557,487
5060,high-performance computing systems,TECHNOLOGY,557,487
5061,scientific computing infrastructure,TECHNOLOGY,557,487
5062,data sharing,LEGAL_SOURCE,557,487
5063,computing research initiative,REQUIREMENT,557,487
5064,National Laboratories,ACTOR,557,487
5065,AI-enabled computing systems,TECHNOLOGY,557,487
5066,Congress,ACTOR,557,487
5067,National Defense Authorization Act for Fiscal Year 2022,LEGAL_SOURCE,558,484
5068,Department of Defense,ACTOR,558,484
5069,cyber data products and services,TECHNOLOGY,558,484
5070,AI-driven endpoint security,TECHNOLOGY,558,484
5071,software supply chain security,RISK,558,484
5072,AI,TECHNOLOGY,558,484
5073,National Institute of Standards and Technology,ACTOR,559,489
5074,NIST,ACTOR,559,489
5075,Director of NIST,ACTOR,559,489
5076,artificial intelligence,TECHNOLOGY,559,489
5077,AI workforce framework,REQUIREMENT,559,489
5078,Congress,ACTOR,559,489
5079,National Initiative for Cybersecurity Education Workforce Framework for Cybersecurity,REQUIREMENT,559,489
5080,quantum information science,TECHNOLOGY,559,489
5081,AI-generated audio,TECHNOLOGY,560,517
5082,visual media,TECHNOLOGY,560,517
5083,Federal election,ACTOR,560,517
5084,injunctive relief,REQUIREMENT,560,517
5085,bona fide news,LEGAL_SOURCE,560,517
5086,satire,RISK,560,517
5087,attorney's fees,DOMAIN,560,517
5088,Secretary of Commerce,ACTOR,561,485
5089,information and communications technology,TECHNOLOGY,561,485
5090,ICT,TECHNOLOGY,561,485
5091,U.S.,OTHER,561,485
5092,foreign adversaries,OTHER,561,485
5093,President,ACTOR,561,485
5094,AI,TECHNOLOGY,561,485
5095,quantum computing,TECHNOLOGY,561,485
5096,telecommunications,TECHNOLOGY,561,485
5097,civil and criminal penalties,OTHER,561,485
5098,fines,OTHER,561,485
5099,imprisonment,OTHER,561,485
5100,forfeiture,OTHER,561,485
5101,Administrator,ACTOR,562,797
5102,air traffic control training,DOMAIN,562,797
5103,AI,TECHNOLOGY,562,797
5104,machine learning,TECHNOLOGY,562,797
5105,virtual/augmented reality,TECHNOLOGY,562,797
5106,labor organizations,ACTOR,562,797
5107,Congress,ACTOR,562,797
5108,Administrator,ACTOR,563,796
5109,AI,TECHNOLOGY,563,796
5110,machine learning,TECHNOLOGY,563,796
5111,airport efficiency and safety,DOMAIN,563,796
5112,jet bridges,DOMAIN,563,796
5113,airport service vehicles,DOMAIN,563,796
5114,aircraft taxiing,DOMAIN,563,796
5115,Congress,ACTOR,563,796
5116,China,OTHER,563,796
5117,Under Secretary,ACTOR,564,800
5118,weather enterprise,ACTOR,564,800
5119,National Oceanic and Atmospheric Administration,ACTOR,564,800
5120,NOAA,ACTOR,564,800
5121,Commercial Data Program,REQUIREMENT,564,800
5122,U.S.,OTHER,564,800
5123,AI,TECHNOLOGY,564,800
5124,machine learning,TECHNOLOGY,564,800
5125,university consortium,ACTOR,564,800
5126,federal agencies,ACTOR,564,800
5127,National Drone and Advanced Air Mobility Research Institutes,ACTOR,565,787
5128,Federal agencies,ACTOR,565,787
5129,AI,TECHNOLOGY,565,787
5130,machine learning,TECHNOLOGY,565,787
5131,advanced air mobility systems,DOMAIN,565,787
5132,testbeds,REQUIREMENT,565,787
5133,workforce development,DOMAIN,565,787
5134,unmanned aircraft systems,DOMAIN,565,787
5135,Section 606 of the Harmful Algal Bloom and Hypoxia Research and Control Act,LEGAL_SOURCE,566,799
5136,Under Secretary,ACTOR,566,799
5137,NCCOS,ACTOR,566,799
5138,IOOS,ACTOR,566,799
5139,Federal,ACTOR,566,799
5140,State,OTHER,566,799
5141,regional,OTHER,566,799
5142,local observing capabilities,REQUIREMENT,566,799
5143,artificial intelligence,TECHNOLOGY,566,799
5144,IOOS Program Office,ACTOR,566,799
5145,Harmful Algal Bloom Data Assembly Center,ACTOR,566,799
5146,ecological forecasting,TECHNOLOGY,566,799
5147,Secretary of Education,ACTOR,567,510
5148,data literacy education,DOMAIN,567,510
5149,STEM education,DOMAIN,567,510
5150,Congress,ACTOR,567,510
5151,industry,ACTOR,567,510
5152,educational institutions,ACTOR,567,510
5153,data literacy curricula,DOMAIN,567,510
5154,professional development,DOMAIN,567,510
5155,race,OTHER,567,510
5156,ethnicity,OTHER,567,510
5157,gender,OTHER,567,510
5158,Secretary of Energy,ACTOR,568,789
5159,Department of Energy,ACTOR,568,789
5160,Artificial Intelligence Technology Office,ACTOR,568,789
5161,AI,TECHNOLOGY,568,789
5162,machine learning,TECHNOLOGY,568,789
5163,UAS,DOMAIN,568,789
5164,high-performance computing infrastructure,TECHNOLOGY,568,789
5165,industry,ACTOR,568,789
5166,federal departments,ACTOR,568,789
5167,Secretary of Homeland Security,ACTOR,569,790
5168,Department of Homeland Security,ACTOR,569,790
5169,Cybersecurity and Infrastructure Security Agency,ACTOR,569,790
5170,U.S. Customs and Border Protection,ACTOR,569,790
5171,advanced air mobility,DOMAIN,569,790
5172,unmanned aircraft systems,DOMAIN,569,790
5173,counter-UAS systems,TECHNOLOGY,569,790
5174,Institutes,ACTOR,569,790
5175,Counter-UAS Center of Excellence,ACTOR,569,790
5176,AI,TECHNOLOGY,569,790
5177,machine learning,TECHNOLOGY,569,790
5178,education,DOMAIN,569,790
5179,training,DOMAIN,569,790
5180,privacy-protected data sets,RISK,569,790
5181,grants,REQUIREMENT,569,790
5182,Trade Act of 1974,LEGAL_SOURCE,570,791
5183,Chinese government,ACTOR,570,791
5184,Made in China 2025 policy,LEGAL_SOURCE,570,791
5185,United States Trade Representative,ACTOR,570,791
5186,U.S.,OTHER,570,791
5187,China,OTHER,570,791
5188,civil aircraft,DOMAIN,570,791
5189,motor vehicles,DOMAIN,570,791
5190,advanced medical equipment,DOMAIN,570,791
5191,agricultural machinery,TECHNOLOGY,570,791
5192,semiconductors,TECHNOLOGY,570,791
5193,lithium batteries,TECHNOLOGY,570,791
5194,artificial intelligence,TECHNOLOGY,570,791
5195,high-capacity computing,TECHNOLOGY,570,791
5196,quantum computing,TECHNOLOGY,570,791
5197,robotics,TECHNOLOGY,570,791
5198,biotechnology,DOMAIN,570,791
5199,Section 406 of the Weather Research and Forecasting Innovation Act of 2017,LEGAL_SOURCE,571,801
5200,Under Secretary,ACTOR,571,801
5201,NOAA,ACTOR,571,801
5202,AI,TECHNOLOGY,571,801
5203,machine learning,TECHNOLOGY,571,801
5204,Federal Government,ACTOR,571,801
5205,"federal, state, local, tribal, educational, and media partners",ACTOR,571,801
5206,Weather Research and Forecasting Innovation Act,LEGAL_SOURCE,572,798
5207,Under Secretary,ACTOR,572,798
5208,Secretary of Energy,ACTOR,572,798
5209,high-performance computing,TECHNOLOGY,572,798
5210,AI,TECHNOLOGY,572,798
5211,Federal agencies,ACTOR,572,798
5212,National Laboratories,ACTOR,572,798
5213,higher education institutions,ACTOR,572,798
5214,NOAA,ACTOR,572,798
5215,Congress,ACTOR,572,798
5216,centers of excellence for AI and machine learning,REQUIREMENT,572,798
5217,cloud computing systems,TECHNOLOGY,572,798
5218,National Integrated Drought Information System Act of 2006,LEGAL_SOURCE,573,802
5219,artificial intelligence,TECHNOLOGY,573,802
5220,machine learning,TECHNOLOGY,573,802
5221,cloud technologies,TECHNOLOGY,573,802
5222,Federal Government,ACTOR,573,802
5223,National Mesonet Program,REQUIREMENT,573,802
5224,probabilistic forecasts,TECHNOLOGY,573,802
5225,forecast modeling tools,TECHNOLOGY,573,802
5226,National Science Foundation,ACTOR,574,788
5227,NSF,ACTOR,574,788
5228,STEM education,DOMAIN,574,788
5229,advanced air mobility,DOMAIN,574,788
5230,unmanned aircraft systems,DOMAIN,574,788
5231,AI,TECHNOLOGY,574,788
5232,safety,RISK,574,788
5233,autonomous control,TECHNOLOGY,574,788
5234,communications systems,TECHNOLOGY,574,788
5235,weather prediction,TECHNOLOGY,574,788
5236,disaster response,ACTOR,574,788
5237,infrastructure monitoring,TECHNOLOGY,574,788
5238,data modeling,TECHNOLOGY,574,788
5239,validation,LIFECYCLE_STAGE,574,788
5240,security,RISK,574,788
5241,privacy,RISK,574,788
5242,ethical use,LEGAL_SOURCE,574,788
5243,middle and high school,DOMAIN,574,788
5244,undergraduate and graduate education,DOMAIN,574,788
5245,national centers,ACTOR,574,788
5246,community college programs,DOMAIN,574,788
5247,public-private partnerships,REQUIREMENT,574,788
5248,Federal Trade Commission,ACTOR,575,793
5249,opaque algorithms,TECHNOLOGY,575,793
5250,input-transparent algorithm,TECHNOLOGY,575,793
5251,Federal Trade Commission Act,LEGAL_SOURCE,575,793
5252,privacy,RISK,575,793
5253,discrimination,RISK,575,793
5254,small downstream providers,ACTOR,575,793
5255,non-profit organizations,ACTOR,575,793
5256,Secretary of Commerce,ACTOR,576,792
5257,People's Republic of China,OTHER,576,792
5258,intellectual property,TECHNOLOGY,576,792
5259,patents,LEGAL_SOURCE,576,792
5260,copyrights,LEGAL_SOURCE,576,792
5261,trademarks,LEGAL_SOURCE,576,792
5262,trade secrets,LEGAL_SOURCE,576,792
5263,Trade Act of 1974,LEGAL_SOURCE,576,792
5264,information systems,TECHNOLOGY,576,792
5265,internet-based services,TECHNOLOGY,576,792
5266,robotics,TECHNOLOGY,576,792
5267,artificial intelligence,TECHNOLOGY,576,792
5268,biotechnology,TECHNOLOGY,576,792
5269,computing,TECHNOLOGY,576,792
5270,U.S. economic security,RISK,576,792
5271,military,DOMAIN,576,792
5272,Office of Manufacturing Security and Resilience,ACTOR,577,500
5273,Department of Commerce,ACTOR,577,500
5274,Manufacturing Security and Resilience Program,REQUIREMENT,577,500
5275,Under Secretary,ACTOR,577,500
5276,critical goods,REQUIREMENT,577,500
5277,supply chains,TECHNOLOGY,577,500
5278,countries of concern,OTHER,577,500
5279,federal agencies,ACTOR,577,500
5280,Congress,ACTOR,577,500
5281,strategy reports,LEGAL_SOURCE,577,500
5282,program evaluations,LEGAL_SOURCE,577,500
5283,Independent Music Creator Owners,ACTOR,578,568
5284,Dominant Online Music Distribution Platforms,ACTOR,578,568
5285,generative AI,TECHNOLOGY,578,568
5286,Act,LEGAL_SOURCE,578,568
5287,antitrust liability,LEGAL_SOURCE,578,568
5288,music licensing,REQUIREMENT,578,568
5289,Independent Music Creator Owners,ACTOR,578,568
5290,Director of National Intelligence,ACTOR,579,581
5291,Secretary of Defense,ACTOR,579,581
5292,People's Liberation Army,ACTOR,579,581
5293,Military-Civil Fusion strategy,LEGAL_SOURCE,579,581
5294,Congress,ACTOR,579,581
5295,Department of Defense,ACTOR,579,581
5296,Secretary of State,ACTOR,579,581
5297,Department of Education,ACTOR,579,581
5298,K-12 schools,DOMAIN,579,581
5299,Taiwan,OTHER,579,581
5300,Mandarin language instruction,DOMAIN,579,581
5301,Chinese cultural programming,DOMAIN,579,581
5302,foreign gifts,DOMAIN,579,581
5303,institutions of higher education,ACTOR,579,581
5304,Secretary of State,ACTOR,580,805
5305,"Secretaries of Defense, Commerce, and Energy",ACTOR,580,805
5306,Department of State,ACTOR,580,805
5307,AUKUS partnership,REQUIREMENT,580,805
5308,Australia,OTHER,580,805
5309,U.S. defense objectives,DOMAIN,580,805
5310,Congress,ACTOR,580,805
5311,ITAR,LEGAL_SOURCE,580,805
5312,export control regimes,LEGAL_SOURCE,580,805
5313,AUKUS members,ACTOR,580,805
5314,Canada,OTHER,580,805
5315,AI,TECHNOLOGY,580,805
5316,quantum technologies,TECHNOLOGY,580,805
5317,cyber capabilities,TECHNOLOGY,580,805
5318,President,ACTOR,580,805
5319,National Institute of Standards and Technology,ACTOR,581,546
5320,Federal Trade Commission,ACTOR,581,546
5321,user interface,TECHNOLOGY,581,546
5322,user autonomy,RISK,581,546
5323,decision making,OTHER,581,546
5324,consent,RISK,581,546
5325,independent review boards,OTHER,581,546
5326,safe harbor,LEGAL_SOURCE,581,546
5327,FAA,ACTOR,582,804
5328,NEXTOR III,REQUIREMENT,582,804
5329,AI,TECHNOLOGY,582,804
5330,algorithms,TECHNOLOGY,582,804
5331,NASA's Aviation Safety Reporting System,ACTOR,582,804
5332,Consortium,ACTOR,582,804
5333,aviation industry partners,ACTOR,582,804
5334,aviation safety,RISK,582,804
5335,highly automated aircraft,TECHNOLOGY,582,804
5336,grants,DOMAIN,582,804
5337,Section 230 of the Communications Act of 1934,LEGAL_SOURCE,583,532
5338,interactive computer service providers,ACTOR,583,532
5339,content moderation,REQUIREMENT,583,532
5340,algorithmic amplification,TECHNOLOGY,583,532
5341,religious material,OTHER,583,532
5342,consumer choices,DOMAIN,583,532
5343,entrepreneurial activities,RISK,583,532
5344,Autonomous Vehicle Accessibility Act,LEGAL_SOURCE,584,529
5345,AV Accessibility Act,LEGAL_SOURCE,584,529
5346,Secretary of Transportation,ACTOR,584,529
5347,National Academies,ACTOR,584,529
5348,Level 4 or Level 5 ADS-equipped vehicles,TECHNOLOGY,584,529
5349,ADA,LEGAL_SOURCE,584,529
5350,public transportation infrastructure,DOMAIN,584,529
5351,individuals with disabilities,ACTOR,584,529
5352,"Consolidated Appropriations Act, 2022",LEGAL_SOURCE,585,531
5353,digital forgery,TECHNOLOGY,585,531
5354,AI,TECHNOLOGY,585,531
5355,civil action,LEGAL_SOURCE,585,531
5356,attorney's fees,DOMAIN,585,531
5357,injunctions,OTHER,585,531
5358,privacy,RISK,585,531
5359,statute of limitations,LEGAL_SOURCE,585,531
5360,Secretary of State,ACTOR,586,806
5361,Secretary of Defense,ACTOR,586,806
5362,Foreign Military Sales,REQUIREMENT,586,806
5363,Australia,OTHER,586,806
5364,Canada,OTHER,586,806
5365,UK,OTHER,586,806
5366,AI,TECHNOLOGY,586,806
5367,hypersonic missiles,TECHNOLOGY,586,806
5368,cyber capabilities,TECHNOLOGY,586,806
5369,quantum technologies,TECHNOLOGY,586,806
5370,interagency policies,LEGAL_SOURCE,586,806
5371,Director of National Intelligence,ACTOR,587,810
5372,congressional intelligence committees,ACTOR,587,810
5373,intelligence community,ACTOR,587,810
5374,AI,TECHNOLOGY,587,810
5375,machine learning,TECHNOLOGY,587,810
5376,Intelligence Community Directives 203 and 206,LEGAL_SOURCE,587,810
5377,Nuclear Regulatory Commission,ACTOR,588,823
5378,NRC,ACTOR,588,823
5379,Secretary of Energy,ACTOR,588,823
5380,National Laboratories,ACTOR,588,823
5381,nuclear energy industry,ACTOR,588,823
5382,AI,TECHNOLOGY,588,823
5383,machine learning,TECHNOLOGY,588,823
5384,COVID-19 emergency,DOMAIN,588,823
5385,"risk-informed, performance-based procedures",LEGAL_SOURCE,588,823
5386,U.S. Customs and Border Protection,ACTOR,589,652
5387,U.S. Immigration and Customs Enforcement,ACTOR,589,652
5388,Border Patrol Processing Coordinator,ACTOR,589,652
5389,non-intrusive inspection scanning systems,TECHNOLOGY,589,652
5390,anomaly detection algorithms,TECHNOLOGY,589,652
5391,fentanyl interdiction,RISK,589,652
5392,land borders,OTHER,589,652
5393,transnational criminal networks,ACTOR,589,652
5394,outbound inspections,REQUIREMENT,589,652
5395,imprisonment,OTHER,589,652
5396,fines,OTHER,589,652
5397,Forest and Rangeland Renewable Resources Research Act,LEGAL_SOURCE,590,607
5398,Secretary,ACTOR,590,607
5399,forest carbon,TECHNOLOGY,590,607
5400,Agriculture Improvement Act,LEGAL_SOURCE,590,607
5401,remote sensing,TECHNOLOGY,590,607
5402,machine learning,TECHNOLOGY,590,607
5403,data collection and modeling,LIFECYCLE_STAGE,590,607
5404,transparency,OTHER,590,607
5405,sensitive information,OTHER,590,607
5406,strategic plan,LEGAL_SOURCE,590,607
5407,Secretary of Health and Human Services,ACTOR,591,821
5408,"National Academies of Sciences, Engineering, and Medicine",ACTOR,591,821
5409,AI-related health security vulnerabilities,RISK,591,821
5410,HHS agencies,ACTOR,591,821
5411,Federal entities,ACTOR,591,821
5412,Senate and House committees,ACTOR,591,821
5413,National Academies,ACTOR,591,821
5414,microelectronics research,LIFECYCLE_STAGE,592,809
5415,Director of National Intelligence,ACTOR,592,809
5416,Intelligence Advanced Research Projects Activity,ACTOR,592,809
5417,artificial intelligence,TECHNOLOGY,592,809
5418,machine learning,TECHNOLOGY,592,809
5419,computing models,TECHNOLOGY,592,809
5420,photonic-based microprocessors,TECHNOLOGY,592,809
5421,optical networks,TECHNOLOGY,592,809
5422,AI safety,RISK,592,809
5423,intelligence community,ACTOR,592,809
5424,government agencies,ACTOR,592,809
5425,academic institutions,ACTOR,592,809
5426,private industry,ACTOR,592,809
5427,congressional intelligence committees,ACTOR,592,809
5428,Nuclear Regulatory Commission,ACTOR,593,525
5429,NRC,ACTOR,593,525
5430,COVID-19 emergency,DOMAIN,593,525
5431,licensing,LEGAL_SOURCE,593,525
5432,Secretary of Energy,ACTOR,593,525
5433,National Laboratories,ACTOR,593,525
5434,nuclear energy industry,ACTOR,593,525
5435,AI,TECHNOLOGY,593,525
5436,machine learning,TECHNOLOGY,593,525
5437,oversight and inspection programs,LEGAL_SOURCE,593,525
5438,training,DOMAIN,593,525
5439,safety,RISK,593,525
5440,AI-generated materials,TECHNOLOGY,594,590
5441,watermark,REQUIREMENT,594,590
5442,federal government,ACTOR,594,590
5443,AI-generating entity,ACTOR,594,590
5444,covered AI-generated material,TECHNOLOGY,594,590
5445,penalties,OTHER,594,590
5446,People's Republic of China,OTHER,595,614
5447,PRC,OTHER,595,614
5448,Communist Party of China,ACTOR,595,614
5449,CPC,ACTOR,595,614
5450,PRC government,ACTOR,595,614
5451,U.S. defense contracts,DOMAIN,595,614
5452,AI,TECHNOLOGY,595,614
5453,telecommunications,TECHNOLOGY,595,614
5454,semiconductors,TECHNOLOGY,595,614
5455,United States,OTHER,595,614
5456,ETFs,DOMAIN,595,614
5457,Israel,OTHER,596,593
5458,health technologies,TECHNOLOGY,596,593
5459,artificial intelligence,TECHNOLOGY,596,593
5460,telemedicine,DOMAIN,596,593
5461,Secretary of State,ACTOR,596,593
5462,2008 Science and Technology Cooperation Agreement,LEGAL_SOURCE,596,593
5463,Government of Israel,ACTOR,596,593
5464,President,ACTOR,597,817
5465,Australia,OTHER,597,817
5466,United Kingdom,OTHER,597,817
5467,AUKUS partnership,REQUIREMENT,597,817
5468,Taiwan,OTHER,597,817
5469,Ukraine,OTHER,597,817
5470,Secretary of Defense,ACTOR,597,817
5471,Canada,OTHER,597,817
5472,submarines,TECHNOLOGY,597,817
5473,combat systems,TECHNOLOGY,597,817
5474,hypersonic missiles,TECHNOLOGY,597,817
5475,cyber capabilities,TECHNOLOGY,597,817
5476,artificial intelligence,TECHNOLOGY,597,817
5477,quantum technologies,TECHNOLOGY,597,817
5478,interagency policies,LEGAL_SOURCE,597,817
5479,artificial intelligence,TECHNOLOGY,598,566
5480,Federal Communications Commission,ACTOR,598,566
5481,FCC,ACTOR,598,566
5482,robocalls,TECHNOLOGY,598,566
5483,Voice over Internet Protocol,TECHNOLOGY,598,566
5484,VoIP,TECHNOLOGY,598,566
5485,Federal Trade Commission,ACTOR,598,566
5486,FTC,ACTOR,598,566
5487,AI impersonation,RISK,598,566
5488,text messages,TECHNOLOGY,598,566
5489,robocall-blocking services,RISK,598,566
5490,Assistant Secretary of Commerce,ACTOR,599,557
5491,Department of Commerce,ACTOR,599,557
5492,artificial intelligence,TECHNOLOGY,599,557
5493,AI supply chains,TECHNOLOGY,599,557
5494,national security,RISK,599,557
5495,blockchain,TECHNOLOGY,599,557
5496,domestic manufacturing capacities,REQUIREMENT,599,557
5497,U.S.,OTHER,599,557
5498,Promoting Digital Privacy Technologies Act,LEGAL_SOURCE,600,533
5499,National Science Foundation,ACTOR,600,533
5500,privacy enhancing technologies,RISK,600,533
5501,Computer and Network Security Program,REQUIREMENT,600,533
5502,Cyber Security Research and Development Act,LEGAL_SOURCE,600,533
5503,Office of Science and Technology Policy,ACTOR,600,533
5504,National Institute of Standards and Technology,ACTOR,600,533
5505,Federal Trade Commission,ACTOR,600,533
5506,stakeholder input,ACTOR,600,533
5507,report,LEGAL_SOURCE,600,533
5508,President,ACTOR,601,556
5509,microreactors,TECHNOLOGY,601,556
5510,FEMA,ACTOR,601,556
5511,DOE,ACTOR,601,556
5512,National Guard,ACTOR,601,556
5513,Army Corps of Engineers,ACTOR,601,556
5514,Nuclear Regulatory Commission,ACTOR,601,556
5515,Congress,ACTOR,601,556
5516,Department of Defense,ACTOR,601,556
5517,AI,TECHNOLOGY,601,556
5518,predictive tools,TECHNOLOGY,601,556
5519,Countering AI-Enabled Disinformation Task Force,ACTOR,602,815
5520,AI-enabled disinformation,RISK,602,815
5521,private industry,ACTOR,602,815
5522,academia,ACTOR,602,815
5523,digital content provenance detection techniques,TECHNOLOGY,602,815
5524,Department,ACTOR,602,815
5525,standards and frameworks,REQUIREMENT,602,815
5526,Congress,ACTOR,602,815
5527,artificial intelligence,TECHNOLOGY,602,815
5528,digital content provenance,TECHNOLOGY,602,815
5529,NIH,ACTOR,603,583
5530,National Center for Alternatives to Animals in Research and Testing,ACTOR,603,583
5531,AI,TECHNOLOGY,603,583
5532,researchers,ACTOR,603,583
5533,research proposals,LEGAL_SOURCE,603,583
5534,nonanimal methods,TECHNOLOGY,603,583
5535,federally funded research entities,ACTOR,603,583
5536,"Tech Industry Diversity, Equity, Inclusion, and Accessibility Task Force",ACTOR,604,580
5537,Department of Commerce,ACTOR,604,580
5538,Congress,ACTOR,604,580
5539,stakeholders,ACTOR,604,580
5540,AI,TECHNOLOGY,604,580
5541,federal laws,LEGAL_SOURCE,604,580
5542,DEIA,LEGAL_SOURCE,604,580
5543,Secretary of Energy,ACTOR,605,530
5544,"research, development, and demonstration program",REQUIREMENT,605,530
5545,electric vehicle integration,TECHNOLOGY,605,530
5546,critical material recycling,TECHNOLOGY,605,530
5547,advanced batteries,TECHNOLOGY,605,530
5548,power electronics,TECHNOLOGY,605,530
5549,electric drive systems,TECHNOLOGY,605,530
5550,vehicle electrification technologies,TECHNOLOGY,605,530
5551,cybersecurity,RISK,605,530
5552,physical security,RISK,605,530
5553,electric grid,TECHNOLOGY,605,530
5554,Graduate Automotive Technology Education Centers of Research Excellence,ACTOR,605,530
5555,President,ACTOR,606,818
5556,AUKUS partnership,REQUIREMENT,606,818
5557,Congress,ACTOR,606,818
5558,Secretary,ACTOR,606,818
5559,Australia,OTHER,606,818
5560,Secretary of State,ACTOR,606,818
5561,AI,TECHNOLOGY,606,818
5562,autonomy,TECHNOLOGY,606,818
5563,advanced cyber capabilities,TECHNOLOGY,606,818
5564,hypersonic technologies,TECHNOLOGY,606,818
5565,electronic warfare,DOMAIN,606,818
5566,quantum technologies,TECHNOLOGY,606,818
5567,information sharing,REQUIREMENT,606,818
5568,food and agriculture cybersecurity clearinghouse,REQUIREMENT,607,657
5569,NTIA,ACTOR,607,657
5570,cybersecurity,RISK,607,657
5571,Assistant Secretary,ACTOR,607,657
5572,private sector,ACTOR,607,657
5573,federal agencies,ACTOR,607,657
5574,trade groups,ACTOR,607,657
5575,civil society organizations,ACTOR,607,657
5576,Comptroller General,ACTOR,607,657
5577,U.S. persons,ACTOR,608,601
5578,Secretary of the Treasury,ACTOR,608,601
5579,foreign investments,DOMAIN,608,601
5580,artificial intelligence,TECHNOLOGY,608,601
5581,countries of concern,OTHER,608,601
5582,transparency,OTHER,608,601
5583,stakeholder involvement,ACTOR,608,601
5584,Secretary of State,ACTOR,608,601
5585,Congress,ACTOR,608,601
5586,national security,RISK,608,601
5587,Medicare Advantage,ACTOR,609,830
5588,electronic prior authorization program,REQUIREMENT,609,830
5589,AI,TECHNOLOGY,609,830
5590,decision-support technologies,TECHNOLOGY,609,830
5591,GAO,ACTOR,609,830
5592,HHS,ACTOR,609,830
5593,Congress,ACTOR,609,830
5594,Secretary,ACTOR,609,830
5595,prior authorization data,LEGAL_SOURCE,609,830
5596,social media companies,ACTOR,610,573
5597,Attorney General,ACTOR,610,573
5598,artificial intelligence,TECHNOLOGY,610,573
5599,content moderation,REQUIREMENT,610,573
5600,civil penalty,OTHER,610,573
5601,Public Health Service Act,LEGAL_SOURCE,611,617
5602,health care entities,ACTOR,611,617
5603,Consumer Financial Protection Bureau,ACTOR,611,617
5604,public database,LEGAL_SOURCE,611,617
5605,medical debt collection,LEGAL_SOURCE,611,617
5606,assistance programs,REQUIREMENT,611,617
5607,penalties,OTHER,611,617
5608,language assistance services,REQUIREMENT,611,617
5609,patients,ACTOR,611,617
5610,White House Task Force on Workplace Surveillance and Technologies,ACTOR,612,541
5611,Congress,ACTOR,612,541
5612,workplace surveillance,TECHNOLOGY,612,541
5613,automated decision systems,TECHNOLOGY,612,541
5614,workers,ACTOR,612,541
5615,employers,ACTOR,612,541
5616,vulnerable populations,ACTOR,612,541
5617,report,LEGAL_SOURCE,612,541
5618,Department of Defense,ACTOR,613,597
5619,AI-powered products and services,TECHNOLOGY,613,597
5620,blacklist of national security threats,LEGAL_SOURCE,613,597
5621,contractors,ACTOR,613,597
5622,conflict of interest,LEGAL_SOURCE,613,597
5623,U.S. persons,ACTOR,614,615
5624,President,ACTOR,614,615
5625,critical technologies,TECHNOLOGY,614,615
5626,civil penalties,OTHER,614,615
5627,federal agencies,ACTOR,614,615
5628,national security threats,RISK,614,615
5629,congressional notification,OTHER,614,615
5630,Department of State,ACTOR,615,816
5631,Chief Artificial Intelligence Officer,ACTOR,615,816
5632,Chief Data Officer,ACTOR,615,816
5633,Senior Executive Service,ACTOR,615,816
5634,Secretary of State,ACTOR,615,816
5635,Chief Information Officer,ACTOR,615,816
5636,AI,TECHNOLOGY,615,816
5637,machine learning,TECHNOLOGY,615,816
5638,advanced analytics,TECHNOLOGY,615,816
5639,National Defense Authorization Act for Fiscal Year 2019,LEGAL_SOURCE,615,816
5640,diplomacy,ACTOR,615,816
5641,Federal Water Pollution Control Act,LEGAL_SOURCE,616,582
5642,Safe Drinking Water Act,LEGAL_SOURCE,616,582
5643,Environmental Protection Agency,ACTOR,616,582
5644,EPA,ACTOR,616,582
5645,smart water infrastructure technology,TECHNOLOGY,616,582
5646,intelligent wastewater treatment systems,TECHNOLOGY,616,582
5647,AI,TECHNOLOGY,616,582
5648,smart drinking water systems,TECHNOLOGY,616,582
5649,AI tools,TECHNOLOGY,616,582
5650,rural communities,OTHER,616,582
5651,Tribal communities,OTHER,616,582
5652,Congress,ACTOR,616,582
5653,National Academy of Sciences,ACTOR,617,592
5654,grant program,REQUIREMENT,617,592
5655,AI models,TECHNOLOGY,617,592
5656,AI research,LIFECYCLE_STAGE,617,592
5657,Director of the National Academy of Sciences,ACTOR,617,592
5658,Congressional committees,ACTOR,617,592
5659,budget,LEGAL_SOURCE,617,592
5660,appropriation request,LEGAL_SOURCE,617,592
5661,ethical considerations,LEGAL_SOURCE,617,592
5662,Department of Energy,ACTOR,618,515
5663,DOE,ACTOR,618,515
5664,NASA,ACTOR,618,515
5665,AI,TECHNOLOGY,618,515
5666,machine learning,TECHNOLOGY,618,515
5667,data analytics,TECHNOLOGY,618,515
5668,predictive analysis,TECHNOLOGY,618,515
5669,memoranda of understanding,LEGAL_SOURCE,618,515
5670,high-performance computing systems,TECHNOLOGY,618,515
5671,National Laboratories,ACTOR,618,515
5672,research security laws,LEGAL_SOURCE,618,515
5673,merit-review processes,REQUIREMENT,618,515
5674,report,LEGAL_SOURCE,618,515
5675,Commandant,ACTOR,619,820
5676,Coast Guard,ACTOR,619,820
5677,unmanned systems capabilities office,ACTOR,619,820
5678,Department of Homeland Security,ACTOR,619,820
5679,Department of Defense,ACTOR,619,820
5680,unmanned system technologies,TECHNOLOGY,619,820
5681,counter-unmanned system technologies,TECHNOLOGY,619,820
5682,AI,TECHNOLOGY,619,820
5683,machine learning,TECHNOLOGY,619,820
5684,information-sharing capabilities,TECHNOLOGY,619,820
5685,data ecosystem,TECHNOLOGY,619,820
5686,concept of operations,LEGAL_SOURCE,619,820
5687,cross-agency collaboration plan,LEGAL_SOURCE,619,820
5688,National Integrated Drought Information System,REQUIREMENT,620,519
5689,AI,TECHNOLOGY,620,519
5690,machine learning,TECHNOLOGY,620,519
5691,cloud technologies,TECHNOLOGY,620,519
5692,National Mesonet Program,REQUIREMENT,620,519
5693,Climate Prediction Center,ACTOR,620,519
5694,National Coordinated Soil Moisture Monitoring Network,REQUIREMENT,620,519
5695,user-friendly website,TECHNOLOGY,620,519
5696,citizen science community,ACTOR,620,519
5697,Administrator of the Office of Electronic Government,ACTOR,621,814
5698,machine learning,TECHNOLOGY,621,814
5699,artificial intelligence,TECHNOLOGY,621,814
5700,Secretary of Defense,ACTOR,621,814
5701,CIA Director,ACTOR,621,814
5702,Federal Government,ACTOR,621,814
5703,President,ACTOR,621,814
5704,Congress,ACTOR,621,814
5705,Assistant Secretary of Commerce for Communications and Information,ACTOR,622,572
5706,electromagnetic spectrum management,TECHNOLOGY,622,572
5707,radio frequency emissions,TECHNOLOGY,622,572
5708,artificial intelligence systems,TECHNOLOGY,622,572
5709,advanced antenna arrays,TECHNOLOGY,622,572
5710,dynamic spectrum access,TECHNOLOGY,622,572
5711,communications technologies,TECHNOLOGY,622,572
5712,optical and quantum communications,TECHNOLOGY,622,572
5713,National Telecommunications and Information Administration Organization Act,LEGAL_SOURCE,622,572
5714,Committee on National Critical Capabilities,ACTOR,623,522
5715,artificial intelligence,TECHNOLOGY,623,522
5716,U.S.,OTHER,623,522
5717,China,OTHER,623,522
5718,Russia,OTHER,623,522
5719,North Korea,OTHER,623,522
5720,civil penalties,OTHER,623,522
5721,Secretary of Health and Human Services,ACTOR,624,807
5722,"National Academies of Sciences, Engineering, and Medicine",ACTOR,624,807
5723,technology,TECHNOLOGY,624,807
5724,artificial intelligence,TECHNOLOGY,624,807
5725,maternity care,DOMAIN,624,807
5726,maternal health care,DOMAIN,624,807
5727,patient monitoring devices,TECHNOLOGY,624,807
5728,pulse oximeters,TECHNOLOGY,624,807
5729,racial or ethnic biases,RISK,624,807
5730,privacy,RISK,624,807
5731,security safeguards,RISK,624,807
5732,Congress,ACTOR,624,807
5733,wildfire technology testbed pilot program,REQUIREMENT,625,596
5734,Secretaries of Agriculture and the Interior,ACTOR,625,596
5735,interagency coordinating group on wildfires,ACTOR,625,596
5736,hazardous fuels reduction,RISK,625,596
5737,dispatch communications,TECHNOLOGY,625,596
5738,remote sensing,TECHNOLOGY,625,596
5739,safety equipment,RISK,625,596
5740,operational dashboards,TECHNOLOGY,625,596
5741,artificial intelligence,TECHNOLOGY,625,596
5742,quantum sensing,TECHNOLOGY,625,596
5743,augmented reality,TECHNOLOGY,625,596
5744,advanced communications,TECHNOLOGY,625,596
5745,Congress,ACTOR,625,596
5746,Federal Trade Commission,ACTOR,626,560
5747,FTC,ACTOR,626,560
5748,National Science Foundation,ACTOR,626,560
5749,privacy notices,OTHER,626,560
5750,data minimization,RISK,626,560
5751,opt-out,RISK,626,560
5752,affirmative consent,RISK,626,560
5753,privacy protection officers,ACTOR,626,560
5754,privacy policies,LEGAL_SOURCE,626,560
5755,civil penalties,OTHER,626,560
5756,personal data,OTHER,626,560
5757,data collection,TECHNOLOGY,626,560
5758,Value-Based Insurance Design Model,REQUIREMENT,627,819
5759,VBID,REQUIREMENT,627,819
5760,Medicare,ACTOR,627,819
5761,Medicare Advantage,ACTOR,627,819
5762,MA,ACTOR,627,819
5763,adaptive AI,TECHNOLOGY,627,819
5764,machine learning,TECHNOLOGY,627,819
5765,telehealth consultations,DOMAIN,627,819
5766,Medicaid programs,ACTOR,627,819
5767,grant program,REQUIREMENT,627,819
5768,National Quantum Initiative Act,LEGAL_SOURCE,628,808
5769,Secretary of Energy,ACTOR,628,808
5770,quantum information science,TECHNOLOGY,628,808
5771,engineering,TECHNOLOGY,628,808
5772,technology research program,REQUIREMENT,628,808
5773,National Quantum Information Science Research Centers,ACTOR,628,808
5774,National Laboratories,ACTOR,628,808
5775,AI,TECHNOLOGY,628,808
5776,machine learning,TECHNOLOGY,628,808
5777,quantum communications,TECHNOLOGY,628,808
5778,quantum high-performance computing,TECHNOLOGY,628,808
5779,Congress,ACTOR,628,808
5780,energy sector,ACTOR,628,808
5781,Under Secretary,ACTOR,629,822
5782,Commission,ACTOR,629,822
5783,Federal agencies,ACTOR,629,822
5784,spectrum management,TECHNOLOGY,629,822
5785,AI systems,TECHNOLOGY,629,822
5786,dynamic spectrum access,TECHNOLOGY,629,822
5787,Internet of Things networks,TECHNOLOGY,629,822
5788,communications technologies,TECHNOLOGY,629,822
5789,National Telecommunications and Information Administration Organization Act,LEGAL_SOURCE,629,822
5790,optical and quantum communications,TECHNOLOGY,629,822
5791,advanced communications technology prototyping,TECHNOLOGY,629,822
5792,People's Republic of China,OTHER,630,813
5793,AI,TECHNOLOGY,630,813
5794,biotechnology,TECHNOLOGY,630,813
5795,next-generation energy technologies,TECHNOLOGY,630,813
5796,Director of National Intelligence,ACTOR,630,813
5797,policies,LEGAL_SOURCE,630,813
5798,AI acquisition,TECHNOLOGY,630,813
5799,AI model performance,OTHER,630,813
5800,continuous monitoring,LIFECYCLE_STAGE,630,813
5801,synthetic data,TECHNOLOGY,630,813
5802,AI training,LIFECYCLE_STAGE,630,813
5803,President,ACTOR,630,813
5804,information security,RISK,630,813
5805,biosecurity risks,RISK,630,813
5806,foreign malign influence,RISK,630,813
5807,Federal agencies,ACTOR,630,813
5808,AI risks,RISK,630,813
5809,Elementary and Secondary Education Act of 1965,LEGAL_SOURCE,631,591
5810,artificial intelligence,TECHNOLOGY,631,591
5811,career counseling programs,REQUIREMENT,631,591
5812,training certification programs,REQUIREMENT,631,591
5813,one-stop centers,ACTOR,631,591
5814,workforce entities,ACTOR,631,591
5815,internships,REQUIREMENT,631,591
5816,apprenticeships,REQUIREMENT,631,591
5817,dual enrollment programs,REQUIREMENT,631,591
5818,National Mesonet Program,REQUIREMENT,632,655
5819,National Weather Service,ACTOR,632,655
5820,weather observation,TECHNOLOGY,632,655
5821,numerical weather prediction,TECHNOLOGY,632,655
5822,satellite constellations,TECHNOLOGY,632,655
5823,mesonet systems,TECHNOLOGY,632,655
5824,advisory committee,ACTOR,632,655
5825,Congressional committees,ACTOR,632,655
5826,Research Commissioner,ACTOR,633,829
5827,National Education Research Database,LEGAL_SOURCE,633,829
5828,educational technology,TECHNOLOGY,633,829
5829,artificial intelligence,TECHNOLOGY,633,829
5830,digital literacy,DOMAIN,633,829
5831,research-practice partnerships,REQUIREMENT,633,829
5832,Director of the Defense Media Activity,ACTOR,634,524
5833,Defense Media Activity,ACTOR,634,524
5834,Defense Information School,ACTOR,634,524
5835,digital content provenance,REQUIREMENT,634,524
5836,digital content forgery,TECHNOLOGY,634,524
5837,pilot program,REQUIREMENT,634,524
5838,Department,ACTOR,634,524
5839,Secretary of Homeland Security,ACTOR,635,678
5840,Department of Homeland Security,ACTOR,635,678
5841,Immigration and Nationality Act,LEGAL_SOURCE,635,678
5842,U.S. Border Patrol,ACTOR,635,678
5843,COVID-19,DOMAIN,635,678
5844,asylum officers,ACTOR,635,678
5845,immigration judges,ACTOR,635,678
5846,detention facilities,ACTOR,635,678
5847,border wall system,TECHNOLOGY,635,678
5848,Deputy Administrator of the Federal Aviation Administration,ACTOR,636,672
5849,Federal Aviation Administration,ACTOR,636,672
5850,FAA,ACTOR,636,672
5851,Office of Advanced Integration,ACTOR,636,672
5852,Advanced Aviation Coordination Unit,ACTOR,636,672
5853,unmanned aircraft systems,TECHNOLOGY,636,672
5854,advanced air mobility,TECHNOLOGY,636,672
5855,safety technology integration,RISK,636,672
5856,advanced aviation systems,TECHNOLOGY,636,672
5857,Secretary of Transportation,ACTOR,636,672
5858,Secretary of Homeland Security,ACTOR,637,666
5859,transnational criminal organizations,ACTOR,637,666
5860,National Strategy to Combat Illicit Recruitment Activity by Transnational Criminal Organizations on Social Media and Online Platforms,LEGAL_SOURCE,637,666
5861,Department of Homeland Security,ACTOR,637,666
5862,social media companies,ACTOR,637,666
5863,U.S. Customs and Border Protection,ACTOR,637,666
5864,Congressional committees,ACTOR,637,666
5865,Secretary of Transportation,ACTOR,638,834
5866,Qualified Mechanical Inspectors,ACTOR,638,834
5867,AI,TECHNOLOGY,638,834
5868,camera-based systems,TECHNOLOGY,638,834
5869,Code of Federal Regulations,REQUIREMENT,638,834
5870,Office of Science and Technology Policy,ACTOR,639,841
5871,National Economic Council,ACTOR,639,841
5872,AI,TECHNOLOGY,639,841
5873,crypto assets,TECHNOLOGY,639,841
5874,distributed ledger technology,TECHNOLOGY,639,841
5875,President,ACTOR,639,841
5876,Congress,ACTOR,639,841
5877,personal information,OTHER,640,837
5878,behavioral personalization,TECHNOLOGY,640,837
5879,affirmative express consent,RISK,640,837
5880,aggregated data,TECHNOLOGY,640,837
5881,user engagement time,OTHER,640,837
5882,small businesses,ACTOR,640,837
5883,covered entities,ACTOR,640,837
5884,National Commission on Online Child Sexual Exploitation Prevention,ACTOR,641,914
5885,interactive computer service providers,TECHNOLOGY,641,914
5886,Attorney General,ACTOR,641,914
5887,artificial intelligence,TECHNOLOGY,641,914
5888,data security,RISK,641,914
5889,cryptography,TECHNOLOGY,641,914
5890,Treasury,ACTOR,642,659
5891,Commerce Secretaries,ACTOR,642,659
5892,Attorney General,ACTOR,642,659
5893,Act,LEGAL_SOURCE,642,659
5894,foreign government,ACTOR,642,659
5895,app store,TECHNOLOGY,642,659
5896,verifiable consent,REQUIREMENT,643,604
5897,privacy policy,LEGAL_SOURCE,643,604
5898,data collection,TECHNOLOGY,643,604
5899,security measures,RISK,643,604
5900,targeted advertising,TECHNOLOGY,643,604
5901,Secretary of Homeland Security,ACTOR,644,881
5902,CBP Innovation Team,ACTOR,644,881
5903,Congress,ACTOR,644,881
5904,artificial intelligence,TECHNOLOGY,644,881
5905,machine learning,TECHNOLOGY,644,881
5906,quantum information sciences,TECHNOLOGY,644,881
5907,pilot projects,REQUIREMENT,644,881
5908,nonintrusive inspection systems,TECHNOLOGY,644,881
5909,"Comprehensive Iran Sanctions, Accountability, and Divestment Act of 2010",LEGAL_SOURCE,645,721
5910,Countering America’s Adversaries Through Sanctions Act,LEGAL_SOURCE,645,721
5911,Iran-Iraq Arms Non-Proliferation Act of 1992,LEGAL_SOURCE,645,721
5912,President,ACTOR,645,721
5913,UAS,TECHNOLOGY,645,721
5914,export controls,LEGAL_SOURCE,645,721
5915,strategy,LEGAL_SOURCE,645,721
5916,FTC,ACTOR,646,844
5917,Federal and State agencies,ACTOR,646,844
5918,insurers,ACTOR,646,844
5919,algorithms,TECHNOLOGY,646,844
5920,underwriting rules,LEGAL_SOURCE,646,844
5921,trade secrets,RISK,646,844
5922,prohibited factors,REQUIREMENT,646,844
5923,insurance premiums,DOMAIN,646,844
5924,Comptroller General,ACTOR,647,915
5925,artificial intelligence,TECHNOLOGY,647,915
5926,wearable medical devices,DOMAIN,647,915
5927,policy options,LEGAL_SOURCE,647,915
5928,Secretary,ACTOR,648,843
5929,Federal Trade Commission,ACTOR,648,843
5930,Bureau of Consumer Financial Protection,ACTOR,648,843
5931,algorithms,TECHNOLOGY,648,843
5932,Congress,ACTOR,648,843
5933,tenant and applicant screenings,REQUIREMENT,648,843
5934,National Coordinator to Counter Antisemitism,ACTOR,649,917
5935,Congress,ACTOR,649,917
5936,algorithmic systems,TECHNOLOGY,649,917
5937,community standards,LEGAL_SOURCE,649,917
5938,Senate,ACTOR,649,917
5939,House committees,ACTOR,649,917
5940,Government Accountability Office,ACTOR,650,982
5941,National Labor Relations Act,LEGAL_SOURCE,650,982
5942,GAO,ACTOR,650,982
5943,AI,TECHNOLOGY,650,982
5944,algorithms,TECHNOLOGY,650,982
5945,President,ACTOR,650,982
5946,House,ACTOR,650,982
5947,Senate committees,ACTOR,650,982
5948,Federal Acquisition Institute,ACTOR,651,880
5949,ICT acquisition training program,REQUIREMENT,651,880
5950,market research,TECHNOLOGY,651,880
5951,cloud computing,TECHNOLOGY,651,880
5952,artificial intelligence,TECHNOLOGY,651,880
5953,cybersecurity,TECHNOLOGY,651,880
5954,Office of Management and Budget,ACTOR,651,880
5955,General Services Administration,ACTOR,651,880
5956,Commercial Solutions Opening Authority,LEGAL_SOURCE,651,880
5957,artificial intelligence,TECHNOLOGY,652,886
5958,Artist Compensation Royalty Fund,REQUIREMENT,652,886
5959,Fund Administrator,ACTOR,652,886
5960,Secretary of Energy,ACTOR,653,894
5961,EPA,ACTOR,653,894
5962,methane emissions detection and mitigation research,LIFECYCLE_STAGE,653,894
5963,machine learning platforms,TECHNOLOGY,653,894
5964,Lidar detection technologies,TECHNOLOGY,653,894
5965,Methane Emissions Measurement and Mitigation Research Consortium,ACTOR,653,894
5966,Congress,ACTOR,653,894
5967,Secretary of Commerce,ACTOR,653,894
5968,Secretary of Veterans Affairs,ACTOR,654,872
5969,National Work Queue,REQUIREMENT,654,872
5970,Chairman of the Board of Veterans’ Appeals,ACTOR,654,872
5971,Board of Veterans’ Appeals,ACTOR,654,872
5972,Court of Appeals for Veterans Claims,ACTOR,654,872
5973,AI,TECHNOLOGY,654,872
5974,Congress,ACTOR,654,872
5975,NIST,ACTOR,655,883
5976,AI-generated content,TECHNOLOGY,655,883
5977,metadata,TECHNOLOGY,655,883
5978,watermarking,TECHNOLOGY,655,883
5979,digital fingerprinting,TECHNOLOGY,655,883
5980,content provenance metadata,REQUIREMENT,655,883
5981,generative AI applications,TECHNOLOGY,655,883
5982,Federal Trade Commission Act,LEGAL_SOURCE,655,883
5983,FTC,ACTOR,655,883
5984,National Patient Safety Board,ACTOR,656,898
5985,Office of the Secretary of Health and Human Services,ACTOR,656,898
5986,NPSB,ACTOR,656,898
5987,Patient Safety Research and Development Division,ACTOR,656,898
5988,privacy laws,RISK,656,898
5989,AI governance frameworks,LEGAL_SOURCE,656,898
5990,NIST's AI Risk Management Framework,REQUIREMENT,656,898
5991,Blueprint for an AI Bill of Rights,LEGAL_SOURCE,656,898
5992,Congress,ACTOR,656,898
5993,Bureau of Consumer Financial Protection,ACTOR,657,857
5994,creditworthiness determinations,DOMAIN,657,857
5995,executive agencies,ACTOR,657,857
5996,civil rights stakeholders,ACTOR,657,857
5997,automated or algorithmic underwriting processes,TECHNOLOGY,657,857
5998,Congress,ACTOR,657,857
5999,Office of NextGen,ACTOR,658,704
6000,Office of Advanced Aviation,ACTOR,658,704
6001,Associate Administrator,ACTOR,658,704
6002,Office of Advanced Integration,ACTOR,658,704
6003,Advanced Aviation Coordination Unit,ACTOR,658,704
6004,William J. Hughes Technical Center,ACTOR,658,704
6005,Aviation Innovation Program,REQUIREMENT,658,704
6006,unmanned aircraft systems,TECHNOLOGY,658,704
6007,counter-UAS systems,TECHNOLOGY,658,704
6008,powered lift aircraft,TECHNOLOGY,658,704
6009,advanced aviation systems,TECHNOLOGY,658,704
6010,BUILD Act of 2018,LEGAL_SOURCE,659,986
6011,AI,TECHNOLOGY,659,986
6012,Chief Energy Officer,ACTOR,659,986
6013,U.S. International Development Finance Corporation,ACTOR,659,986
6014,DFC,ACTOR,659,986
6015,Office of Energy,ACTOR,659,986
6016,Export-Import Bank,ACTOR,659,986
6017,"Joint Energy Export, Development, and Trade Database",LEGAL_SOURCE,659,986
6018,Director of the Office of Management and Budget,ACTOR,660,905
6019,OMB,ACTOR,660,905
6020,Federal Government,ACTOR,660,905
6021,AI,TECHNOLOGY,660,905
6022,agency heads,ACTOR,660,905
6023,retrospective regulatory reviews,LEGAL_SOURCE,660,905
6024,Secretary of Homeland Security,ACTOR,661,879
6025,AI,TECHNOLOGY,661,879
6026,machine learning,TECHNOLOGY,661,879
6027,CBP Innovation Teams,ACTOR,661,879
6028,DHS,ACTOR,661,879
6029,Science and Technology Directorate,ACTOR,661,879
6030,privacy,RISK,661,879
6031,security,RISK,661,879
6032,border security operations,ACTOR,661,879
6033,Commission of Experts on Child Exploitation and Artificial Intelligence,ACTOR,662,865
6034,AI,TECHNOLOGY,662,865
6035,Congress,ACTOR,662,865
6036,law enforcement,DOMAIN,662,865
6037,Export Control Reform Act of 2018,LEGAL_SOURCE,663,852
6038,National Artificial Intelligence Initiative Act of 2020,LEGAL_SOURCE,663,852
6039,President,ACTOR,663,852
6040,International Emergency Economic Powers Act,LEGAL_SOURCE,663,852
6041,AI,TECHNOLOGY,663,852
6042,artificial intelligence system,TECHNOLOGY,663,852
6043,U.S.,OTHER,663,852
6044,Register of Copyrights,ACTOR,664,874
6045,generative AI system,TECHNOLOGY,664,874
6046,public database,LEGAL_SOURCE,664,874
6047,civil penalty,OTHER,664,874
6048,copyrighted works,OTHER,664,874
6049,machine-manipulated media,TECHNOLOGY,665,887
6050,civil actions,LEGAL_SOURCE,665,887
6051,attorney fees,DOMAIN,665,887
6052,privacy,RISK,665,887
6053,court documents,LEGAL_SOURCE,665,887
6054,National Institute of Standards and Technology,ACTOR,666,911
6055,NIST,ACTOR,666,911
6056,AI standards,REQUIREMENT,666,911
6057,federal agencies,ACTOR,666,911
6058,pilot program,REQUIREMENT,666,911
6059,Congress,ACTOR,666,911
6060,Director of the National Institute of Standards and Technology,ACTOR,667,855
6061,National Institute of Standards and Technology,ACTOR,667,855
6062,NIST,ACTOR,667,855
6063,National Vulnerability Database,LEGAL_SOURCE,667,855
6064,Cybersecurity and Infrastructure Security Agency,ACTOR,667,855
6065,CISA,ACTOR,667,855
6066,Common Vulnerabilities and Exposures Program,REQUIREMENT,667,855
6067,Artificial Intelligence Security Center,ACTOR,667,855
6068,NSA,ACTOR,667,855
6069,AI security,RISK,667,855
6070,counter-AI techniques,TECHNOLOGY,667,855
6071,President,ACTOR,668,885
6072,Director of the Office of Management and Budget,ACTOR,668,885
6073,Office of Management and Budget,ACTOR,668,885
6074,Congress,ACTOR,668,885
6075,U.S.,OTHER,668,885
6076,China,OTHER,668,885
6077,artificial intelligence,TECHNOLOGY,668,885
6078,national security,ACTOR,668,885
6079,classified annex,LEGAL_SOURCE,668,885
6080,E-Government Act of 2002,LEGAL_SOURCE,669,907
6081,Office of Management and Budget,ACTOR,669,907
6082,OMB,ACTOR,669,907
6083,Government Accountability Office,ACTOR,669,907
6084,GAO,ACTOR,669,907
6085,mass and computer-generated comments,TECHNOLOGY,669,907
6086,electronic comments,TECHNOLOGY,669,907
6087,technology tools,TECHNOLOGY,669,907
6088,regulatory review process,LEGAL_SOURCE,669,907
6089,Secretary of Defense,ACTOR,670,897
6090,Department of Defense,ACTOR,670,897
6091,Under Secretary of Defense,ACTOR,670,897
6092,Inspector General,ACTOR,670,897
6093,AI technology,TECHNOLOGY,670,897
6094,General Fund of the Treasury,ACTOR,670,897
6095,Senate and House Committees on Armed Services,ACTOR,670,897
6096,digital forgery,TECHNOLOGY,671,901
6097,machine learning,TECHNOLOGY,671,901
6098,AI,TECHNOLOGY,671,901
6099,U.S.,OTHER,671,901
6100,law enforcement,DOMAIN,671,901
6101,medical purposes,DOMAIN,671,901
6102,Act,LEGAL_SOURCE,671,901
6103,penalty,OTHER,671,901
6104,Communist Chinese military companies,ACTOR,672,993
6105,AI sector,TECHNOLOGY,672,993
6106,emergency sanctions authorities,LEGAL_SOURCE,672,993
6107,Secretary of Agriculture,ACTOR,673,997
6108,federal agencies,ACTOR,673,997
6109,state governments,ACTOR,673,997
6110,higher education institutions,ACTOR,673,997
6111,agricultural industry groups,ACTOR,673,997
6112,digital agriculture,TECHNOLOGY,673,997
6113,artificial intelligence,TECHNOLOGY,673,997
6114,agricultural biosecurity,RISK,673,997
6115,cybersecurity,RISK,673,997
6116,precision agriculture technologies,TECHNOLOGY,673,997
6117,biotechnology,TECHNOLOGY,673,997
6118,crop protection,DOMAIN,673,997
6119,Congressional committees,ACTOR,673,997
6120,centers of excellence,REQUIREMENT,673,997
6121,Secretary of Energy,ACTOR,674,864
6122,electric grid,TECHNOLOGY,674,864
6123,National Laboratories,ACTOR,674,864
6124,NOAA,ACTOR,674,864
6125,AI,TECHNOLOGY,674,864
6126,machine learning,TECHNOLOGY,674,864
6127,Congress,ACTOR,674,864
6128,federal agencies,ACTOR,674,864
6129,electric power sector,ACTOR,674,864
6130,data collection,TECHNOLOGY,674,864
6131,"Bureau of Democracy, Human Rights, and Labor",ACTOR,675,1003
6132,National Endowment for Democracy,ACTOR,675,1003
6133,AI,TECHNOLOGY,675,1003
6134,foreign governments,ACTOR,675,1003
6135,civil society activists,ACTOR,675,1003
6136,journalists,ACTOR,675,1003
6137,international freedom of expression,RISK,675,1003
6138,independent media,ACTOR,675,1003
6139,democracy programs,REQUIREMENT,675,1003
6140,President,ACTOR,676,988
6141,U.S.,OTHER,676,988
6142,AI sector,TECHNOLOGY,676,988
6143,Congress,ACTOR,676,988
6144,allied countries,OTHER,676,988
6145,AI development sector,TECHNOLOGY,676,988
6146,regulations,LEGAL_SOURCE,676,988
6147,Election Assistance Commission,ACTOR,677,896
6148,artificial intelligence,TECHNOLOGY,677,896
6149,AI,TECHNOLOGY,677,896
6150,cybersecurity,RISK,677,896
6151,AI-generated information,TECHNOLOGY,677,896
6152,Congress,ACTOR,677,896
6153,election offices,ACTOR,677,896
6154,federal elections,ACTOR,677,896
6155,Pilot Program,REQUIREMENT,678,998
6156,interagency coordinating group on wildfires,ACTOR,678,998
6157,artificial intelligence,TECHNOLOGY,678,998
6158,quantum sensing,TECHNOLOGY,678,998
6159,augmented reality,TECHNOLOGY,678,998
6160,Congress,ACTOR,678,998
6161,wildfire mitigation,RISK,678,998
6162,Federal Aviation Administration,ACTOR,679,682
6163,FAA,ACTOR,679,682
6164,Administrator,ACTOR,679,682
6165,aviation rulemaking committee,ACTOR,679,682
6166,flight data monitoring,TECHNOLOGY,679,682
6167,terrain awareness,RISK,679,682
6168,traffic avoidance,RISK,679,682
6169,Act,LEGAL_SOURCE,679,682
6170,commercial air tour operators,ACTOR,679,682
6171,Commandant,ACTOR,680,999
6172,Coast Guard,ACTOR,680,999
6173,Department of Homeland Security,ACTOR,680,999
6174,Department of Defense,ACTOR,680,999
6175,AI,TECHNOLOGY,680,999
6176,machine learning,TECHNOLOGY,680,999
6177,unmanned systems capabilities office,REQUIREMENT,680,999
6178,maritime domain awareness,RISK,680,999
6179,National Advisory Committee on Autonomous Maritime Systems,ACTOR,681,1000
6180,Secretary,ACTOR,681,1000
6181,Autonomous Systems,TECHNOLOGY,681,1000
6182,U.S.,OTHER,681,1000
6183,port authorities,ACTOR,681,1000
6184,labor unions,ACTOR,681,1000
6185,academic institutions,ACTOR,681,1000
6186,maritime pilots,ACTOR,681,1000
6187,foreign adversary controlled applications,TECHNOLOGY,682,1001
6188,Attorney General,ACTOR,682,1001
6189,U.S. Court of Appeals for the District of Columbia Circuit,ACTOR,682,1001
6190,qualified divestiture,LEGAL_SOURCE,682,1001
6191,U.S.,OTHER,682,1001
6192,data portability,RISK,682,1001
6193,United States,OTHER,683,996
6194,precision agriculture,TECHNOLOGY,683,996
6195,Secretary,ACTOR,683,996
6196,NIST,ACTOR,683,996
6197,FCC,ACTOR,683,996
6198,cybersecurity,RISK,683,996
6199,artificial intelligence,TECHNOLOGY,683,996
6200,Comptroller General,ACTOR,683,996
6201,Senate,ACTOR,683,996
6202,House,ACTOR,683,996
6203,U.S.,OTHER,684,994
6204,Chinese influence,OTHER,684,994
6205,President,ACTOR,684,994
6206,ByteDance,ACTOR,684,994
6207,TikTok,ACTOR,684,994
6208,China,OTHER,684,994
6209,U.S. jurisdiction,OTHER,684,994
6210,sanctions,OTHER,684,994
6211,national security,ACTOR,684,994
6212,AI systems,TECHNOLOGY,685,889
6213,FTC,ACTOR,685,889
6214,Federal Trade Commission Act,LEGAL_SOURCE,685,889
6215,Congress,ACTOR,685,889
6216,consumers,ACTOR,685,889
6217,third-party entities,ACTOR,685,889
6218,de-identified data,OTHER,685,889
6219,Office of Technology for Peace,ACTOR,686,1002
6220,Department,ACTOR,686,1002
6221,Assistant Secretary for Technology for Peace,ACTOR,686,1002
6222,Department of State,ACTOR,686,1002
6223,artificial intelligence,TECHNOLOGY,686,1002
6224,transportation,DOMAIN,686,1002
6225,communications,TECHNOLOGY,686,1002
6226,agriculture,DOMAIN,686,1002
6227,medicine,DOMAIN,686,1002
6228,energy,TECHNOLOGY,686,1002
6229,conservation,LEGAL_SOURCE,686,1002
6230,sustainability,LEGAL_SOURCE,686,1002
6231,Export Enforcement Coordination Center,ACTOR,687,878
6232,Department of Homeland Security,ACTOR,687,878
6233,artificial intelligence,TECHNOLOGY,687,878
6234,semiconductors,TECHNOLOGY,687,878
6235,quantum technology,TECHNOLOGY,687,878
6236,China,OTHER,687,878
6237,Russia,OTHER,687,878
6238,Iran,OTHER,687,878
6239,North Korea,OTHER,687,878
6240,Congress,ACTOR,687,878
6241,law enforcement officials,ACTOR,687,878
6242,President,ACTOR,688,990
6243,China,OTHER,688,990
6244,AI,TECHNOLOGY,688,990
6245,machine learning,TECHNOLOGY,688,990
6246,robotics,TECHNOLOGY,688,990
6247,quantum information science,TECHNOLOGY,688,990
6248,International Emergency Economic Powers Act,LEGAL_SOURCE,688,990
6249,U.S.,OTHER,688,990
6250,Secretary of the Treasury,ACTOR,689,882
6251,Secretary of Homeland Security,ACTOR,689,882
6252,Secretary of Commerce,ACTOR,689,882
6253,Congress,ACTOR,689,882
6254,AI,TECHNOLOGY,689,882
6255,financial crimes,DOMAIN,689,882
6256,deepfakes,TECHNOLOGY,689,882
6257,voice cloning,TECHNOLOGY,689,882
6258,foreign election interference,ACTOR,689,882
6259,synthetic identities,TECHNOLOGY,689,882
6260,false market signals,DOMAIN,689,882
6261,digital fraud,RISK,689,882
6262,AI,TECHNOLOGY,690,902
6263,NOAA,ACTOR,690,902
6264,Earth system reanalysis dataset,LEGAL_SOURCE,690,902
6265,AI weather models,TECHNOLOGY,690,902
6266,Department of Energy,ACTOR,690,902
6267,energy grids,TECHNOLOGY,690,902
6268,wildfire detection,RISK,690,902
6269,emissions monitoring,TECHNOLOGY,690,902
6270,illegal wood product tracking,TECHNOLOGY,690,902
6271,AI code and data,TECHNOLOGY,690,902
6272,national security,ACTOR,690,902
6273,NIST,ACTOR,691,1007
6274,NSF,ACTOR,691,1007
6275,NOAA,ACTOR,691,1007
6276,FEMA,ACTOR,691,1007
6277,NASA,ACTOR,691,1007
6278,EPA,ACTOR,691,1007
6279,DOE,ACTOR,691,1007
6280,wildland fire,RISK,691,1007
6281,firebrands,RISK,691,1007
6282,high-performance computing,TECHNOLOGY,691,1007
6283,Fire Weather Testbed,REQUIREMENT,691,1007
6284,community risk assessment tools,TECHNOLOGY,691,1007
6285,data systems,TECHNOLOGY,691,1007
6286,novel monitoring tools,TECHNOLOGY,691,1007
6287,Fair Credit Reporting Act,LEGAL_SOURCE,692,856
6288,consumer reporting agencies,ACTOR,692,856
6289,CRAs,ACTOR,692,856
6290,Consumer Financial Protection Bureau,ACTOR,692,856
6291,CFPB,ACTOR,692,856
6292,credit score,DOMAIN,692,856
6293,educational credit score,DOMAIN,692,856
6294,underwriting,DOMAIN,692,856
6295,private educational lenders,ACTOR,692,856
6296,motor vehicle lenders,ACTOR,692,856
6297,residential mortgage lenders,ACTOR,692,856
6298,Federal Trade Commission,ACTOR,693,1009
6299,FTC,ACTOR,693,1009
6300,Federal Trade Commission Act,LEGAL_SOURCE,693,1009
6301,opaque algorithms,TECHNOLOGY,693,1009
6302,input-transparent algorithms,TECHNOLOGY,693,1009
6303,unfair or deceptive practices,LEGAL_SOURCE,693,1009
6304,trade secrets,RISK,693,1009
6305,Driver Privacy Act of 2015,LEGAL_SOURCE,694,1014
6306,law enforcement,DOMAIN,694,1014
6307,covered vehicle data,OTHER,694,1014
6308,onboard and telematics data,TECHNOLOGY,694,1014
6309,geolocation data,OTHER,694,1014
6310,Secretary of Commerce,ACTOR,695,611
6311,President,ACTOR,695,611
6312,blockchain technology,TECHNOLOGY,695,611
6313,Blockchain Deployment Program,REQUIREMENT,695,611
6314,U.S.,OTHER,695,611
6315,advisory committees,ACTOR,695,611
6316,private sector stakeholders,ACTOR,695,611
6317,Congress,ACTOR,695,611
6318,AI,TECHNOLOGY,696,1016
6319,machine learning,TECHNOLOGY,696,1016
6320,autonomous surveillance tower systems,TECHNOLOGY,696,1016
6321,U.S. Customs and Border Protection,ACTOR,696,1016
6322,Secretary of Homeland Security,ACTOR,696,1016
6323,Department of Defense,ACTOR,696,1016
6324,border security,ACTOR,696,1016
6325,non-intrusive inspection technology,TECHNOLOGY,696,1016
6326,Energy Policy Act of 1992,LEGAL_SOURCE,697,1011
6327,Federal Energy Regulatory Commission,ACTOR,697,1011
6328,FERC,ACTOR,697,1011
6329,environmental assessments,LEGAL_SOURCE,697,1011
6330,environmental impact statements,LEGAL_SOURCE,697,1011
6331,Indian Tribes,ACTOR,697,1011
6332,fish species,DOMAIN,697,1011
6333,open-sourced technical models,TECHNOLOGY,697,1011
6334,environmental review records,LEGAL_SOURCE,697,1011
6335,Artificial Intelligence Safety Institute,ACTOR,698,860
6336,Under Secretary of Commerce for Standards and Technology,ACTOR,698,860
6337,AI,TECHNOLOGY,698,860
6338,generative AI,TECHNOLOGY,698,860
6339,foundation models,TECHNOLOGY,698,860
6340,international coalition,ACTOR,698,860
6341,Comptroller General,ACTOR,698,860
6342,public data sets,TECHNOLOGY,698,860
6343,AI training,LIFECYCLE_STAGE,698,860
6344,Federal grand challenges,REQUIREMENT,698,860
6345,Workforce Innovation and Opportunity Act,LEGAL_SOURCE,699,1010
6346,machine learning,TECHNOLOGY,699,1010
6347,advanced analytics,TECHNOLOGY,699,1010
6348,state program operations,ACTOR,699,1010
6349,AI Grand Challenges Program,REQUIREMENT,700,854
6350,AI research,LIFECYCLE_STAGE,700,854
6351,AI development,LIFECYCLE_STAGE,700,854
6352,AI commercialization,LIFECYCLE_STAGE,700,854
6353,Director of the National Science Foundation,ACTOR,700,854
6354,Congress,ACTOR,700,854
6355,U.S.-based,OTHER,700,854
6356,AI-enabled cancer breakthroughs,DOMAIN,700,854
6357,NSF AI Education Act of 2024,LEGAL_SOURCE,701,845
6358,Director of the National Science Foundation,ACTOR,701,845
6359,National Science Foundation,ACTOR,701,845
6360,AI,TECHNOLOGY,701,845
6361,Centers of AI Excellence,REQUIREMENT,701,845
6362,AI education research,LIFECYCLE_STAGE,701,845
6363,AI training,LIFECYCLE_STAGE,701,845
6364,workforce frameworks for AI,LEGAL_SOURCE,701,845
6365,anti-discrimination laws,LEGAL_SOURCE,701,845
6366,Preparing Election Administrators for AI Act,LEGAL_SOURCE,702,849
6367,Election Assistance Commission,ACTOR,702,849
6368,Congress,ACTOR,702,849
6369,State and local election offices,ACTOR,702,849
6370,AI technologies,TECHNOLOGY,702,849
6371,AI-generated information,TECHNOLOGY,702,849
6372,cybersecurity risks,RISK,702,849
6373,AI-driven election disinformation,RISK,702,849
6374,Center for AI Advancement and Reliability,ACTOR,703,1222
6375,AI research,LIFECYCLE_STAGE,703,1222
6376,AI reliability,RISK,703,1222
6377,AI capabilities,TECHNOLOGY,703,1222
6378,Under Secretary of Commerce for Standards and Technology,ACTOR,703,1222
6379,National Institute of Standards and Technology,ACTOR,703,1222
6380,federal agencies,ACTOR,703,1222
6381,U.S.,OTHER,703,1222
6382,algorithmic payment stablecoin,TECHNOLOGY,704,1197
6383,non-depository trust company,ACTOR,704,1197
6384,national payment stablecoin issuer,ACTOR,704,1197
6385,Board,ACTOR,704,1197
6386,safe harbor regulations,LEGAL_SOURCE,704,1197
6387,U.S.,OTHER,704,1197
6388,foreign authorities,ACTOR,704,1197
6389,VET Artificial Intelligence Act,LEGAL_SOURCE,705,1259
6390,Director of the National Institute of Standards and Technology,ACTOR,705,1259
6391,National Institute of Standards and Technology,ACTOR,705,1259
6392,AI systems,TECHNOLOGY,705,1259
6393,Artificial Intelligence Assurance Qualifications Advisory Committee,ACTOR,705,1259
6394,international standards,REQUIREMENT,705,1259
6395,consumer privacy,RISK,705,1259
6396,harm mitigation,RISK,705,1259
6397,dataset quality,TECHNOLOGY,705,1259
6398,National Science Foundation,ACTOR,706,1241
6399,AI-enabled efficient technologies,TECHNOLOGY,706,1241
6400,EPSCoR institutions,ACTOR,706,1241
6401,federal agencies,ACTOR,706,1241
6402,private sector,ACTOR,706,1241
6403,AI-enabled technologies,TECHNOLOGY,706,1241
6404,energy consumption,OTHER,706,1241
6405,Senate and House committees,ACTOR,706,1241
6406,Secretary of Commerce,ACTOR,707,1304
6407,Small Business Administration,ACTOR,707,1304
6408,AI training resources,REQUIREMENT,707,1304
6409,cybersecurity,RISK,707,1304
6410,financial management,DOMAIN,707,1304
6411,government contracting,ACTOR,707,1304
6412,Congress,ACTOR,707,1304
6413,Act,LEGAL_SOURCE,707,1304
6414,regulatory sandboxes,REQUIREMENT,708,1230
6415,financial entities,ACTOR,708,1230
6416,AI test projects,LIFECYCLE_STAGE,708,1230
6417,financial regulatory agencies,ACTOR,708,1230
6418,AI project sponsors,ACTOR,708,1230
6419,data security measures,RISK,708,1230
6420,Congress,ACTOR,708,1230
6421,regulations,LEGAL_SOURCE,708,1230
6422,national security,ACTOR,708,1230
6423,Department of Energy AI Act,LEGAL_SOURCE,709,1274
6424,Department of Energy,ACTOR,709,1274
6425,Secretary of Energy,ACTOR,709,1274
6426,AI program,REQUIREMENT,709,1274
6427,AI training datasets,TECHNOLOGY,709,1274
6428,next-generation computing infrastructure,TECHNOLOGY,709,1274
6429,AI models,TECHNOLOGY,709,1274
6430,AI Research and Development Centers,REQUIREMENT,709,1274
6431,AI Risk Evaluation and Mitigation Program,REQUIREMENT,709,1274
6432,STEM education,DOMAIN,709,1274
6433,AI skill training,LIFECYCLE_STAGE,709,1274
6434,Office of Critical and Emerging Technology,ACTOR,709,1274
6435,national security,ACTOR,709,1274
6436,energy security,RISK,709,1274
6437,Chief Artificial Intelligence Officers Council,ACTOR,710,1303
6438,Federal Acquisition Regulation,LEGAL_SOURCE,710,1303
6439,AI models,TECHNOLOGY,710,1303
6440,AI use cases,TECHNOLOGY,710,1303
6441,AI testing,LIFECYCLE_STAGE,710,1303
6442,AI risks,RISK,710,1303
6443,AI inventories,LEGAL_SOURCE,710,1303
6444,risk classification systems,REQUIREMENT,710,1303
6445,facial features,OTHER,710,1303
6446,biometric data,OTHER,710,1303
6447,sensitive traits,OTHER,710,1303
6448,public disclosure,OTHER,710,1303
6449,Communications Act of 1934,LEGAL_SOURCE,711,1320
6450,E-rate support,REQUIREMENT,711,1320
6451,telecommunications services,TECHNOLOGY,711,1320
6452,technology training programs,DOMAIN,711,1320
6453,internet safety regulations,LEGAL_SOURCE,711,1320
6454,cybersecurity standards,RISK,711,1320
6455,Secretary of Labor,ACTOR,711,1320
6456,artificial intelligence,TECHNOLOGY,711,1320
6457,cybersecurity,RISK,711,1320
6458,web development,TECHNOLOGY,711,1320
6459,AI,TECHNOLOGY,712,1280
6460,Federal Trade Commission,ACTOR,712,1280
6461,FTC,ACTOR,712,1280
6462,algorithms,TECHNOLOGY,712,1280
6463,disclaimer requirements,REQUIREMENT,712,1280
6464,safety and efficiency standards,REQUIREMENT,712,1280
6465,"federal, state, or local elections",ACTOR,712,1280
6466,Administrator of the Office of Electronic Government,ACTOR,713,326
6467,Office of Management and Budget,ACTOR,713,326
6468,President,ACTOR,713,326
6469,Congress,ACTOR,713,326
6470,technology-based solution,TECHNOLOGY,713,326
6471,National Institute of Standards and Technology Act,LEGAL_SOURCE,714,1246
6472,AI resources,TECHNOLOGY,714,1246
6473,technical standards,REQUIREMENT,714,1246
6474,benchmarks,OTHER,714,1246
6475,methodologies,REQUIREMENT,714,1246
6476,international standards,REQUIREMENT,714,1246
6477,Small Business Administration,ACTOR,714,1246
6478,Congress,ACTOR,714,1246
6479,Chief Artificial Intelligence Officers Council,ACTOR,715,1297
6480,Chief Artificial Intelligence Officer,ACTOR,715,1297
6481,Artificial Intelligence Coordination Boards,ACTOR,715,1297
6482,AI strategy,LEGAL_SOURCE,715,1297
6483,Comptroller General,ACTOR,715,1297
6484,Office of Management and Budget,ACTOR,715,1297
6485,Director,ACTOR,715,1297
6486,AI technologies,TECHNOLOGY,715,1297
6487,AI Coordination Boards,ACTOR,715,1297
6488,"Research and Development, Competition, and Innovation Act",LEGAL_SOURCE,716,1247
6489,artificial intelligence,TECHNOLOGY,716,1247
6490,Federal agencies,ACTOR,716,1247
6491,biosecurity measures,RISK,716,1247
6492,database management,TECHNOLOGY,716,1247
6493,synthetic nucleic acid procurement screening,TECHNOLOGY,716,1247
6494,Congress,ACTOR,716,1247
6495,Secretary of Commerce,ACTOR,717,1251
6496,artificial intelligence,TECHNOLOGY,717,1251
6497,AI consumer literacy,DOMAIN,717,1251
6498,federal agencies,ACTOR,717,1251
6499,local governments,ACTOR,717,1251
6500,private organizations,ACTOR,717,1251
6501,healthcare,DOMAIN,717,1251
6502,finance,DOMAIN,717,1251
6503,communication,TECHNOLOGY,717,1251
6504,Government Accountability Office,ACTOR,717,1251
6505,Congress,ACTOR,717,1251
6506,Secretary of Defense,ACTOR,718,1212
6507,Congress,ACTOR,718,1212
6508,Middle Eastern allies,OTHER,718,1212
6509,partner-sharing network,TECHNOLOGY,718,1212
6510,Chief Data and Artificial Intelligence Officer,ACTOR,718,1212
6511,Department of Defense,ACTOR,718,1212
6512,AI tools,TECHNOLOGY,718,1212
6513,AI methodologies,TECHNOLOGY,718,1212
6514,AI training,LIFECYCLE_STAGE,718,1212
6515,Federal Election Campaign Act,LEGAL_SOURCE,719,1305
6516,AI,TECHNOLOGY,719,1305
6517,Federal Election Commission,ACTOR,719,1305
6518,FEC,ACTOR,719,1305
6519,AI-generated images,TECHNOLOGY,719,1305
6520,AI-generated audio,TECHNOLOGY,719,1305
6521,AI-generated video,TECHNOLOGY,719,1305
6522,disclosure requirements,REQUIREMENT,719,1305
6523,penalties,OTHER,719,1305
6524,compliance and enforcement,OTHER,719,1305
6525,Secretary of Energy,ACTOR,720,1245
6526,U.S.,OTHER,720,1245
6527,Vogtle 3 and 4,REQUIREMENT,720,1245
6528,AI,TECHNOLOGY,720,1245
6529,3D printing,TECHNOLOGY,720,1245
6530,robotics,TECHNOLOGY,720,1245
6531,cybersecurity,RISK,720,1245
6532,U.S.-Canada cooperation,OTHER,720,1245
6533,HALEU market,REQUIREMENT,720,1245
6534,energy independence,LEGAL_SOURCE,720,1245
6535,national security,ACTOR,720,1245
6536,advanced nuclear technology,TECHNOLOGY,720,1245
6537,National Institute of Standards and Technology Act,LEGAL_SOURCE,721,1225
6538,Director of NIST,ACTOR,721,1225
6539,AI system development,TECHNOLOGY,721,1225
6540,AI risk tolerances,LEGAL_SOURCE,721,1225
6541,risk management framework,REQUIREMENT,721,1225
6542,artificial intelligence red teaming,TECHNOLOGY,721,1225
6543,artificial intelligence system,TECHNOLOGY,721,1225
6544,Congress,ACTOR,721,1225
6545,international standards,REQUIREMENT,721,1225
6546,Secretary of Health and Human Services,ACTOR,722,1283
6547,Medicare,REQUIREMENT,722,1283
6548,Social Security Act,LEGAL_SOURCE,722,1283
6549,remote monitoring devices,TECHNOLOGY,722,1283
6550,artificial intelligence,TECHNOLOGY,722,1283
6551,healthcare providers,DOMAIN,722,1283
6552,Secretary of Labor,ACTOR,723,1219
6553,National Science Foundation,ACTOR,723,1219
6554,Secretary of Education,ACTOR,723,1219
6555,Department of Education,ACTOR,723,1219
6556,Department of Labor,ACTOR,723,1219
6557,AI's workforce impact,OTHER,723,1219
6558,emerging and advanced technology education,DOMAIN,723,1219
6559,AI-related skills,DOMAIN,723,1219
6560,Congress,ACTOR,723,1219
6561,Homeland Security Act of 2002,LEGAL_SOURCE,724,1227
6562,Secretary of Homeland Security,ACTOR,724,1227
6563,Congress,ACTOR,724,1227
6564,artificial intelligence technology,TECHNOLOGY,724,1227
6565,James M. Inhofe National Defense Authorization Act for Fiscal Year 2023,LEGAL_SOURCE,724,1227
6566,Secretary of Homeland Security,ACTOR,725,1265
6567,Director of the National Institute of Standards and Technology,ACTOR,725,1265
6568,Director of the United States Patent and Trademark Office,ACTOR,725,1265
6569,AI watermark and trademark system,TECHNOLOGY,725,1265
6570,Federal agency-approved AI applications,TECHNOLOGY,725,1265
6571,privacy-enhancing technologies,TECHNOLOGY,726,1337
6572,pilot program,REQUIREMENT,726,1337
6573,Federal Trade Commission,ACTOR,726,1337
6574,FTC,ACTOR,726,1337
6575,Comptroller General,ACTOR,726,1337
6576,Privacy and Security Victims Relief Fund,REQUIREMENT,726,1337
6577,AI,TECHNOLOGY,726,1337
6578,Congress,ACTOR,726,1337
6579,privacy-enhancing technologies for enforcement,RISK,726,1337
6580,Secretary of Veterans Affairs,ACTOR,727,1216
6581,digital citizenship,DOMAIN,727,1216
6582,media literacy,DOMAIN,727,1216
6583,cybersecurity best practices,RISK,727,1216
6584,veterans,ACTOR,727,1216
6585,Congress,ACTOR,727,1216
6586,foreign influence campaigns,RISK,727,1216
6587,online scams,RISK,727,1216
6588,Department of Energy,ACTOR,728,1206
6589,Office of Science,ACTOR,728,1206
6590,Office of Energy Efficiency,ACTOR,728,1206
6591,AI tools,TECHNOLOGY,728,1206
6592,AI systems,TECHNOLOGY,728,1206
6593,AI training,LIFECYCLE_STAGE,728,1206
6594,AI inference,LIFECYCLE_STAGE,728,1206
6595,high-performance computing infrastructure,TECHNOLOGY,728,1206
6596,data centers,TECHNOLOGY,728,1206
6597,cybersecurity,RISK,728,1206
6598,data privacy,RISK,728,1206
6599,energy security,RISK,728,1206
6600,AI research and development program,REQUIREMENT,728,1206
6601,AI application in simulations,TECHNOLOGY,728,1206
6602,policy changes,LEGAL_SOURCE,728,1206
6603,Congress,ACTOR,728,1206
6604,National Institute of Standards and Technology,ACTOR,729,1202
6605,NIST,ACTOR,729,1202
6606,National Vulnerability Database,LEGAL_SOURCE,729,1202
6607,Artificial Intelligence Security Center,ACTOR,729,1202
6608,National Security Agency,ACTOR,729,1202
6609,AI security and safety incidents,RISK,729,1202
6610,AI security vulnerabilities,RISK,729,1202
6611,AI supply chain risks,RISK,729,1202
6612,Food Security Act of 1985,LEGAL_SOURCE,730,1239
6613,National Oceanic and Atmospheric Administration,ACTOR,730,1239
6614,NOAA,ACTOR,730,1239
6615,Internet clearinghouse,TECHNOLOGY,730,1239
6616,Weather and Earth System Modeling and Data Assimilation Workforce Innovation Program,REQUIREMENT,730,1239
6617,artificial intelligence,TECHNOLOGY,730,1239
6618,machine learning,TECHNOLOGY,730,1239
6619,Under Secretary,ACTOR,730,1239
6620,weather modeling and data assimilation,TECHNOLOGY,730,1239
6621,NOAA's weather research activities,LIFECYCLE_STAGE,730,1239
6622,AI,TECHNOLOGY,731,1221
6623,federal agencies,ACTOR,731,1221
6624,fire environment modeling,TECHNOLOGY,731,1221
6625,emissions monitoring program,REQUIREMENT,731,1221
6626,national security,ACTOR,731,1221
6627,intellectual property,LEGAL_SOURCE,731,1221
6628,weather forecasting,TECHNOLOGY,731,1221
6629,Earth system modeling,TECHNOLOGY,731,1221
6630,greenhouse gas emission models,TECHNOLOGY,731,1221
6631,digital social companies,ACTOR,732,1258
6632,Attorney General,ACTOR,732,1258
6633,AI involvement,TECHNOLOGY,732,1258
6634,public repository,REQUIREMENT,732,1258
6635,terms of service,LEGAL_SOURCE,732,1258
6636,end-to-end encryption,TECHNOLOGY,732,1258
6637,U.S. District Courts,ACTOR,732,1258
6638,penalties,OTHER,732,1258
6639,Secretary of Agriculture,ACTOR,733,1312
6640,Director of the National Science Foundation,ACTOR,733,1312
6641,National Science Foundation,ACTOR,733,1312
6642,artificial intelligence,TECHNOLOGY,733,1312
6643,digital agriculture,TECHNOLOGY,733,1312
6644,federal agencies,ACTOR,733,1312
6645,educational institutions,ACTOR,733,1312
6646,nonprofit entities,ACTOR,733,1312
6647,"Center for Agricultural Research, Education, and Workforce Development",REQUIREMENT,733,1312
6648,Congress,ACTOR,733,1312
6649,CHIPS Act of 2022,LEGAL_SOURCE,733,1312
6650,Chief Data Officer Council,ACTOR,734,1205
6651,Chief Artificial Intelligence Officers,ACTOR,734,1205
6652,Director,ACTOR,734,1205
6653,Congress,ACTOR,734,1205
6654,AI,TECHNOLOGY,734,1205
6655,United States Code,LEGAL_SOURCE,734,1205
6656,data governance,LEGAL_SOURCE,734,1205
6657,data management report,LEGAL_SOURCE,734,1205
6658,Federal data governance,LEGAL_SOURCE,734,1205
6659,AI-generated election media,TECHNOLOGY,735,1269
6660,Attorney General,ACTOR,735,1269
6661,U.S. District Courts,ACTOR,735,1269
6662,National Voter Registration Act,LEGAL_SOURCE,735,1269
6663,Computer Fraud and Abuse Act,LEGAL_SOURCE,735,1269
6664,states,ACTOR,735,1269
6665,bona fide news entities,ACTOR,735,1269
6666,AI-generated depictions,TECHNOLOGY,735,1269
6667,National Windstorm Impact Reduction Act of 2004,LEGAL_SOURCE,736,1232
6668,machine learning,TECHNOLOGY,736,1232
6669,climate variability,LIFECYCLE_STAGE,736,1232
6670,interdisciplinary research,LIFECYCLE_STAGE,736,1232
6671,building codes,REQUIREMENT,736,1232
6672,public response,ACTOR,736,1232
6673,funding amounts,LEGAL_SOURCE,736,1232
6674,Under Secretary of Defense for Research and Engineering,ACTOR,737,1209
6675,AIxBio sandbox,REQUIREMENT,737,1209
6676,Department of Defense,ACTOR,737,1209
6677,AI models,TECHNOLOGY,737,1209
6678,biological data,TECHNOLOGY,737,1209
6679,medical countermeasures,DOMAIN,737,1209
6680,biomanufacturing,TECHNOLOGY,737,1209
6681,Congress,ACTOR,737,1209
6682,Homeland Security Act of 2002,LEGAL_SOURCE,738,1307
6683,Under Secretary for Science and Technology,ACTOR,738,1307
6684,NIST AI Risk Management Framework,REQUIREMENT,738,1307
6685,Drug Enforcement Administration,ACTOR,738,1307
6686,machine learning,TECHNOLOGY,738,1307
6687,artificial intelligence,TECHNOLOGY,738,1307
6688,law enforcement agencies,ACTOR,738,1307
6689,drug detection and trafficking disruption,REQUIREMENT,738,1307
6690,Energy Policy and Conservation Act,LEGAL_SOURCE,739,1296
6691,Flex-Tech Energy Program,REQUIREMENT,739,1296
6692,Secretary,ACTOR,739,1296
6693,State energy agencies,ACTOR,739,1296
6694,Indian Tribes,ACTOR,739,1296
6695,advanced manufacturing technologies,TECHNOLOGY,739,1296
6696,artificial intelligence,TECHNOLOGY,739,1296
6697,energy studies,LEGAL_SOURCE,739,1296
6698,Congress,ACTOR,739,1296
6699,Secretary of Commerce,ACTOR,740,1288
6700,artificial intelligence,TECHNOLOGY,740,1288
6701,AI Campaign,REQUIREMENT,740,1288
6702,Federal agencies,ACTOR,740,1288
6703,deepfakes,TECHNOLOGY,740,1288
6704,senior citizens,ACTOR,740,1288
6705,AI-enabled fraud,RISK,740,1288
6706,Congress,ACTOR,740,1288
6707,educational institutions,ACTOR,740,1288
6708,Federal Government,ACTOR,740,1288
6709,Federal Communications Commission,ACTOR,741,1290
6710,FCC,ACTOR,741,1290
6711,artificial intelligence-generated content,TECHNOLOGY,741,1290
6712,political advertisements,LEGAL_SOURCE,741,1290
6713,Energy Independence and Security Act of 2007,LEGAL_SOURCE,742,1306
6714,machine learning algorithms,TECHNOLOGY,742,1306
6715,Geothermal Technologies Office,ACTOR,742,1306
6716,supercritical geothermal research and development program,REQUIREMENT,742,1306
6717,geothermal data,TECHNOLOGY,742,1306
6718,Secretary of the Interior,ACTOR,742,1306
6719,geothermal mapping,TECHNOLOGY,742,1306
6720,geothermal center of excellence,REQUIREMENT,742,1306
6721,geothermal resource assessments,LEGAL_SOURCE,742,1306
6722,geothermal resource potential,OTHER,742,1306
6723,Secretaries of Education and Health & Human Services,ACTOR,743,1287
6724,artificial intelligence,TECHNOLOGY,743,1287
6725,social media,TECHNOLOGY,743,1287
6726,educational toolkits,LEGAL_SOURCE,743,1287
6727,students,ACTOR,743,1287
6728,parents & guardians,ACTOR,743,1287
6729,educators,ACTOR,743,1287
6730,administrators,ACTOR,743,1287
6731,healthcare professionals,ACTOR,743,1287
6732,Bureau of Industry and Security,ACTOR,744,1233
6733,AI capabilities,TECHNOLOGY,744,1233
6734,machine learning,TECHNOLOGY,744,1233
6735,AI and machine learning,TECHNOLOGY,744,1233
6736,federal agencies,ACTOR,744,1233
6737,international partners,ACTOR,744,1233
6738,Under Secretary,ACTOR,744,1233
6739,Congress,ACTOR,744,1233
6740,export controls,LEGAL_SOURCE,744,1233
6741,"Federal Food, Drug, and Cosmetic Act",LEGAL_SOURCE,745,1218
6742,social media influencers,ACTOR,745,1218
6743,healthcare providers,ACTOR,745,1218
6744,telehealth providers,ACTOR,745,1218
6745,Secretary of Health and Human Services,ACTOR,745,1218
6746,Federal Trade Commission,ACTOR,745,1218
6747,AI,TECHNOLOGY,745,1218
6748,prescription drugs,DOMAIN,745,1218
6749,civil penalties,OTHER,745,1218
6750,market surveillance,LIFECYCLE_STAGE,745,1218
6751,Federal Reserve,ACTOR,746,1248
6752,FDIC,ACTOR,746,1248
6753,OCC,ACTOR,746,1248
6754,NCUA,ACTOR,746,1248
6755,CFPB,ACTOR,746,1248
6756,AI knowledge gaps,LIFECYCLE_STAGE,746,1248
6757,financial services,DOMAIN,746,1248
6758,AI-assisted tasks,TECHNOLOGY,746,1248
6759,AI governance and oversight standards,REQUIREMENT,746,1248
6760,regulatory authorities,ACTOR,746,1248
6761,agency use of AI,LEGAL_SOURCE,746,1248
6762,Sherman Act,LEGAL_SOURCE,747,1311
6763,Clayton Act,LEGAL_SOURCE,747,1311
6764,Federal Trade Commission,ACTOR,747,1311
6765,Attorney General,ACTOR,747,1311
6766,State Attorneys General,ACTOR,747,1311
6767,rental property owners,ACTOR,747,1311
6768,coordinators,ACTOR,747,1311
6769,non-competitive agreements,LEGAL_SOURCE,747,1311
6770,treble damages,OTHER,747,1311
6771,litigation costs,DOMAIN,747,1311
6772,"State, Tribal, or local laws",LEGAL_SOURCE,747,1311
6773,Medicare Advantage plans,REQUIREMENT,748,1298
6774,electronic prior authorization program,REQUIREMENT,748,1298
6775,AI technologies,TECHNOLOGY,748,1298
6776,Secretary of Health and Human Services,ACTOR,748,1298
6777,Medicare Payment Advisory Commission,ACTOR,748,1298
6778,Centers for Medicare & Medicaid Services,ACTOR,748,1298
6779,AI,TECHNOLOGY,748,1298
6780,prior authorization requests,LEGAL_SOURCE,748,1298
6781,transparency requirements,REQUIREMENT,748,1298
6782,patient access,DOMAIN,748,1298
6783,Public Health Service Act,LEGAL_SOURCE,749,1249
6784,NIH Director,ACTOR,749,1249
6785,AI resources,TECHNOLOGY,749,1249
6786,datasets,TECHNOLOGY,749,1249
6787,National Coordinator for Health IT,ACTOR,749,1249
6788,electronic health records,OTHER,749,1249
6789,national interoperability frameworks,REQUIREMENT,749,1249
6790,hospitals,DOMAIN,749,1249
6791,National Library of Medicine,ACTOR,749,1249
6792,core data science program,REQUIREMENT,749,1249
6793,sports wagering operators,ACTOR,750,1343
6794,artificial intelligence,TECHNOLOGY,750,1343
6795,State regulatory entity,ACTOR,750,1343
6796,AI use,TECHNOLOGY,750,1343
6797,consumer protections,LEGAL_SOURCE,750,1343
6798,AI-enabled fraud,RISK,750,1343
6799,licensing,REQUIREMENT,750,1343
6800,recordkeeping,REQUIREMENT,750,1343
6801,internal controls,REQUIREMENT,750,1343
6802,regulatory authorities,ACTOR,750,1343
6803,sports organizations,ACTOR,750,1343
6804,problem gamblers,ACTOR,750,1343
6805,Director of the Office of Management and Budget,ACTOR,751,1316
6806,Office of Management and Budget,ACTOR,751,1316
6807,AI,TECHNOLOGY,751,1316
6808,agency regulations,LEGAL_SOURCE,751,1316
6809,content provenance,TECHNOLOGY,752,1270
6810,synthetic content,TECHNOLOGY,752,1270
6811,synthetically-modified content,TECHNOLOGY,752,1270
6812,public-private partnership,REQUIREMENT,752,1270
6813,Federal Trade Commission,ACTOR,752,1270
6814,FTC,ACTOR,752,1270
6815,state attorneys general,ACTOR,752,1270
6816,copyright rights,LEGAL_SOURCE,752,1270
6817,civil actions,REQUIREMENT,752,1270
6818,security measures,RISK,752,1270
6819,AI,TECHNOLOGY,753,327
6820,personal data,OTHER,753,327
6821,employment,OTHER,753,327
6822,credit,DOMAIN,753,327
6823,education,DOMAIN,753,327
6824,protected classes,RISK,753,327
6825,private groups,ACTOR,753,327
6826,Joint Office of the Fire Environment Center,ACTOR,754,1344
6827,National Oceanic and Atmospheric Administration,ACTOR,754,1344
6828,AI,TECHNOLOGY,754,1344
6829,machine learning,TECHNOLOGY,754,1344
6830,fire management,REQUIREMENT,754,1344
6831,air quality data,TECHNOLOGY,754,1344
6832,public health information,OTHER,754,1344
6833,wildfire community,ACTOR,754,1344
6834,online platforms,TECHNOLOGY,755,328
6835,foreign adversaries,ACTOR,755,328
6836,AI,TECHNOLOGY,755,328
6837,licenses,REQUIREMENT,755,328
6838,foreign entity,ACTOR,755,328
6839,United States,OTHER,755,328
6840,Task Force on Preventing AI and Algorithmic Bias in Health Care,REQUIREMENT,756,1348
6841,AI,TECHNOLOGY,756,1348
6842,algorithms,TECHNOLOGY,756,1348
6843,health disparities,RISK,756,1348
6844,health equity,RISK,756,1348
6845,minority health,RISK,756,1348
6846,Congress,ACTOR,756,1348
6847,Department of Health and Human Services,ACTOR,756,1348
6848,civil rights,RISK,756,1348
6849,civil liberties,RISK,756,1348
6850,Secretary of Homeland Security,ACTOR,757,1263
6851,Federal civilian agency,ACTOR,757,1263
6852,artificial intelligence,TECHNOLOGY,757,1263
6853,civil rights organizations,ACTOR,757,1263
6854,immigrant communities,ACTOR,757,1263
6855,academia,ACTOR,757,1263
6856,Congress,ACTOR,757,1263
6857,United States,OTHER,757,1263
6858,automated decision system,TECHNOLOGY,758,288
6859,Artificial Intelligence Risk Management Framework,REQUIREMENT,758,288
6860,National Institute of Standards & Technology,ACTOR,758,288
6861,Department of Labor,ACTOR,758,288
6862,employment-related decisions,OTHER,758,288
6863,whistleblowers,ACTOR,758,288
6864,non-discrimination,RISK,758,288
6865,Secretary of Health and Human Services,ACTOR,759,1199
6866,MedShield program,REQUIREMENT,759,1199
6867,artificial intelligence,TECHNOLOGY,759,1199
6868,National Security Commission on Artificial Intelligence,ACTOR,759,1199
6869,federal agencies,ACTOR,759,1199
6870,international partners,ACTOR,759,1199
6871,National Response Framework,LEGAL_SOURCE,759,1199
6872,Congressional committees,ACTOR,759,1199
6873,public health,DOMAIN,759,1199
6874,AI algorithms,TECHNOLOGY,760,1201
6875,Federal Trade Commission,ACTOR,760,1201
6876,FTC,ACTOR,760,1201
6877,pre-deployment evaluations,LIFECYCLE_STAGE,760,1201
6878,annual impact assessments,LIFECYCLE_STAGE,760,1201
6879,independent audits,LIFECYCLE_STAGE,760,1201
6880,transparency obligations,OTHER,760,1201
6881,consumer rights,RISK,760,1201
6882,private right of action,REQUIREMENT,760,1201
6883,pre-dispute arbitration agreements,LEGAL_SOURCE,760,1201
6884,algorithm auditing,LIFECYCLE_STAGE,760,1201
6885,Secretary of Defense,ACTOR,761,1261
6886,pilot program,REQUIREMENT,761,1261
6887,artificial intelligence-enabled software,TECHNOLOGY,761,1261
6888,Department of Defense,ACTOR,761,1261
6889,Defense Contract Management Agency,ACTOR,761,1261
6890,Under Secretary of Defense for Acquisition and Sustainment,ACTOR,761,1261
6891,Secretaries of the Army,ACTOR,761,1261
6892,Navy,ACTOR,761,1261
6893,Air Force,ACTOR,761,1261
6894,Congress,ACTOR,761,1261
6895,Fireshed Center,REQUIREMENT,762,1352
6896,Forest Service,ACTOR,762,1352
6897,U.S. Geological Survey,ACTOR,762,1352
6898,artificial intelligence,TECHNOLOGY,762,1352
6899,Fireshed Registry,LEGAL_SOURCE,762,1352
6900,cybersecurity processes,RISK,762,1352
6901,Artificial Intelligence Security Center,ACTOR,763,1342
6902,National Security Agency,ACTOR,763,1342
6903,Cybersecurity Collaboration Center,ACTOR,763,1342
6904,AI security research,LIFECYCLE_STAGE,763,1342
6905,Artificial Intelligence Safety Institute,ACTOR,763,1342
6906,National Institute of Standards and Technology,ACTOR,763,1342
6907,AI security,RISK,763,1342
6908,AI adoption practices,LEGAL_SOURCE,763,1342
6909,national security systems,ACTOR,763,1342
6910,defense industrial base,DOMAIN,763,1342
6911,pilot program,REQUIREMENT,764,1353
6912,National Wildfire Coordinating Group,ACTOR,764,1353
6913,remote sensing,TECHNOLOGY,764,1353
6914,Fire Weather Testbed,REQUIREMENT,764,1353
6915,AI,TECHNOLOGY,764,1353
6916,quantum sensing,TECHNOLOGY,764,1353
6917,Congress,ACTOR,764,1353
6918,Director of the National Institute of Standards and Technology,ACTOR,765,1341
6919,National Institute of Standards and Technology,ACTOR,765,1341
6920,National Vulnerability Database,LEGAL_SOURCE,765,1341
6921,AI security vulnerabilities,RISK,765,1341
6922,Cybersecurity and Infrastructure Security Agency,ACTOR,765,1341
6923,Common Vulnerabilities and Exposures Program,REQUIREMENT,765,1341
6924,Congress,ACTOR,765,1341
6925,AI supply chain risks,RISK,765,1341
6926,open-source datasets,TECHNOLOGY,765,1341
6927,proprietary datasets,TECHNOLOGY,765,1341
6928,United States,OTHER,766,1346
6929,Government of the People's Republic of China,ACTOR,766,1346
6930,Chinese Communist Party,ACTOR,766,1346
6931,Secretary of the Treasury,ACTOR,766,1346
6932,Chinese government,ACTOR,766,1346
6933,Made in China 2025,LEGAL_SOURCE,766,1346
6934,14th Five Year Smart Manufacturing Development Plan,LEGAL_SOURCE,766,1346
6935,artificial intelligence,TECHNOLOGY,766,1346
6936,machine learning,TECHNOLOGY,766,1346
6937,robotics,TECHNOLOGY,766,1346
6938,United States financial institution,ACTOR,766,1346
6939,President,ACTOR,767,1338
6940,U.S. Government,ACTOR,767,1338
6941,AI-related security and biosecurity risks,RISK,767,1338
6942,Congress,ACTOR,767,1338
6943,federal agencies,ACTOR,767,1338
6944,research,LIFECYCLE_STAGE,767,1338
6945,risk management frameworks,LEGAL_SOURCE,767,1338
6946,AI systems,TECHNOLOGY,767,1338
6947,Secretary of Health and Human Services,ACTOR,768,1357
6948,Medicare,REQUIREMENT,768,1357
6949,remote monitoring devices,TECHNOLOGY,768,1357
6950,AI components,TECHNOLOGY,768,1357
6951,continuous glucose monitors,TECHNOLOGY,768,1357
6952,healthcare providers,DOMAIN,768,1357
6953,National Synthetic Biology Center,ACTOR,769,1319
6954,synthetic biology,TECHNOLOGY,769,1319
6955,agriculture,REQUIREMENT,769,1319
6956,artificial intelligence,TECHNOLOGY,769,1319
6957,nonprofits,ACTOR,769,1319
6958,national laboratories,ACTOR,769,1319
6959,technology transfer offices,ACTOR,769,1319
6960,Congress,ACTOR,769,1319
6961,SAFE Bet Act,LEGAL_SOURCE,770,1214
6962,sports wagering,REQUIREMENT,770,1214
6963,AI,TECHNOLOGY,770,1214
6964,sports wagering operators,ACTOR,770,1214
6965,state sports wagering programs,REQUIREMENT,770,1214
6966,consumer protections,LEGAL_SOURCE,770,1214
6967,data security,RISK,770,1214
6968,recordkeeping,REQUIREMENT,770,1214
6969,national self-exclusion list,LEGAL_SOURCE,770,1214
6970,public health initiatives,REQUIREMENT,770,1214
6971,states,ACTOR,770,1214
6972,tribes,ACTOR,770,1214
6973,"Food, Agriculture, Conservation, and Trade Act of 1990",LEGAL_SOURCE,771,320
6974,AI,TECHNOLOGY,771,320
6975,agricultural applications,REQUIREMENT,771,320
6976,specialty crop production,REQUIREMENT,771,320
6977,AI,TECHNOLOGY,772,1231
6978,machine learning,TECHNOLOGY,772,1231
6979,robotics,TECHNOLOGY,772,1231
6980,automated systems,TECHNOLOGY,772,1231
6981,precision or controlled environment agriculture,REQUIREMENT,772,1231
6982,Department of State,ACTOR,773,322
6983,AI-related products and services,TECHNOLOGY,773,322
6984,China,OTHER,773,322
6985,foreign entities,ACTOR,773,322
6986,national security industries,DOMAIN,773,322
6987,Secretary of the Department of State,ACTOR,773,322
6988,procurement policies,LEGAL_SOURCE,773,322
6989,Defense Production Act,LEGAL_SOURCE,774,1358
6990,Title VIII,LEGAL_SOURCE,774,1358
6991,AI,TECHNOLOGY,774,1358
6992,U.S. persons,ACTOR,774,1358
6993,foreign entities,ACTOR,774,1358
6994,countries of concern,OTHER,774,1358
6995,Congress,ACTOR,774,1358
6996,President,ACTOR,774,1358
6997,national security risks,RISK,774,1358
6998,multilateral engagement,LEGAL_SOURCE,774,1358
6999,fines,OTHER,774,1358
7000,imprisonment,OTHER,774,1358
7001,national interest waivers,LEGAL_SOURCE,774,1358
7002,Federal Aviation Administration,ACTOR,775,323
7003,"Section 107 of Title 14, Code of Federal Regulations",LEGAL_SOURCE,775,323
7004,small unmanned aircraft systems,TECHNOLOGY,775,323
7005,big data analytics,TECHNOLOGY,775,323
7006,machine learning,TECHNOLOGY,775,323
7007,Administrator,ACTOR,775,323
7008,Secretary of Labor,ACTOR,776,496
7009,automation,TECHNOLOGY,776,496
7010,Workforce Innovation and Opportunity Act,LEGAL_SOURCE,776,496
7011,national dislocated worker grants,REQUIREMENT,776,496
7012,training services,REQUIREMENT,776,496
7013,labor standards,LEGAL_SOURCE,776,496
7014,nondiscrimination provisions,RISK,776,496
7015,artificial intelligence,TECHNOLOGY,777,1371
7016,platform algorithms,TECHNOLOGY,777,1371
7017,advertising information,LEGAL_SOURCE,777,1371
7018,metadata,TECHNOLOGY,777,1371
7019,transparency,OTHER,777,1371
7020,user privacy,RISK,777,1371
7021,recommender and ranking algorithms,TECHNOLOGY,777,1371
7022,content moderation,LEGAL_SOURCE,777,1371
7023,government orders,LEGAL_SOURCE,777,1371
7024,Homeland Security Act of 2002,LEGAL_SOURCE,778,1200
7025,PIVOTT Program,REQUIREMENT,778,1200
7026,CISA,ACTOR,778,1200
7027,cybersecurity education and training,REQUIREMENT,778,1200
7028,community colleges,ACTOR,778,1200
7029,technical schools,ACTOR,778,1200
7030,military service,DOMAIN,778,1200
7031,scholarships,REQUIREMENT,778,1200
7032,cyber training database,LEGAL_SOURCE,778,1200
7033,certification opportunities,REQUIREMENT,778,1200
7034,Secretary,ACTOR,779,1375
7035,Comptroller General,ACTOR,779,1375
7036,National Marine Fisheries Service,ACTOR,779,1375
7037,AI,TECHNOLOGY,779,1375
7038,machine learning,TECHNOLOGY,779,1375
7039,electronic monitoring,TECHNOLOGY,779,1375
7040,data management,TECHNOLOGY,779,1375
7041,advisory panel,REQUIREMENT,779,1375
7042,Federal Advisory Committee Act,LEGAL_SOURCE,779,1375
7043,electronic technologies innovation prize,REQUIREMENT,779,1375
7044,Workforce Innovation and Opportunity Act,LEGAL_SOURCE,780,1372
7045,machine learning,TECHNOLOGY,780,1372
7046,advanced analytics,TECHNOLOGY,780,1372
7047,states,ACTOR,780,1372
7048,program operations,REQUIREMENT,780,1372
7049,Communications Act of 1934,LEGAL_SOURCE,781,1276
7050,generative AI,TECHNOLOGY,781,1276
7051,voice cloning,TECHNOLOGY,781,1276
7052,Commission,ACTOR,781,1276
7053,Department of Labor,ACTOR,782,457
7054,Privacy and Technology Division,ACTOR,782,457
7055,Congress,ACTOR,782,457
7056,workplace surveillance,TECHNOLOGY,782,457
7057,cybersecurity measures,RISK,782,457
7058,civil actions,REQUIREMENT,782,457
7059,predispute arbitration agreements,LEGAL_SOURCE,782,457
7060,federal and state agencies,ACTOR,782,457
7061,labor organizations,ACTOR,782,457
7062,National Oceanic and Atmospheric Administration,ACTOR,783,1374
7063,Artificial Intelligence Strategy,LEGAL_SOURCE,783,1374
7064,Assistant Administrator for Fisheries,ACTOR,783,1374
7065,Congress,ACTOR,783,1374
7066,Secretary,ACTOR,783,1374
7067,fisheries data modernization,REQUIREMENT,783,1374
7068,data management,TECHNOLOGY,783,1374
7069,digital replicas,TECHNOLOGY,784,1242
7070,property right,LEGAL_SOURCE,784,1242
7071,online services,ACTOR,784,1242
7072,state laws,LEGAL_SOURCE,784,1242
7073,Administrator,ACTOR,785,1310
7074,detection at range technology,TECHNOLOGY,785,1310
7075,AI,TECHNOLOGY,785,1310
7076,noninvasive technologies,TECHNOLOGY,785,1310
7077,Comptroller General,ACTOR,785,1310
7078,Congress,ACTOR,785,1310
7079,civil rights,RISK,785,1310
7080,privacy,RISK,785,1310
7081,Social Security Act,LEGAL_SOURCE,786,1392
7082,AI,TECHNOLOGY,786,1392
7083,machine learning,TECHNOLOGY,786,1392
7084,clinical decision-making,TECHNOLOGY,786,1392
7085,mental health,DOMAIN,786,1392
7086,substance use disorder services,DOMAIN,786,1392
7087,behavioral health providers,DOMAIN,786,1392
7088,transparency,OTHER,786,1392
7089,Medicare Advantage plans,REQUIREMENT,787,1391
7090,Centers for Medicare & Medicaid Services,ACTOR,787,1391
7091,Secretary of Health and Human Services,ACTOR,787,1391
7092,mental health parity,LEGAL_SOURCE,787,1391
7093,mental health and substance use disorder benefits,DOMAIN,787,1391
7094,prescription drug plans,REQUIREMENT,787,1391
7095,penalties,OTHER,787,1391
7096,nonquantitative treatment limitations,REQUIREMENT,787,1391
7097,Department of Agriculture,ACTOR,788,1315
7098,Senior Advisor for National Security,ACTOR,788,1315
7099,National Security Council,ACTOR,788,1315
7100,national security,ACTOR,788,1315
7101,law enforcement,ACTOR,788,1315
7102,intelligence agencies,ACTOR,788,1315
7103,Congress,ACTOR,788,1315
7104,AI,TECHNOLOGY,788,1315
7105,cybersecurity,RISK,788,1315
7106,foreign influence,RISK,788,1315
7107,National Artificial Intelligence Initiative Act of 2020,LEGAL_SOURCE,789,1681
7108,artificial intelligence,TECHNOLOGY,789,1681
7109,United States Code,LEGAL_SOURCE,789,1681
7110,money laundering,DOMAIN,789,1681
7111,fines,OTHER,789,1681
7112,imprisonment,OTHER,789,1681
7113,National Defense Authorization Act,LEGAL_SOURCE,790,1687
7114,Department of Defense,ACTOR,790,1687
7115,Armed Forces,DOMAIN,790,1687
7116,Secretary of Defense,ACTOR,790,1687
7117,Digital On-Demand Program,REQUIREMENT,790,1687
7118,Congress,ACTOR,790,1687
7119,artificial intelligence,TECHNOLOGY,790,1687
7120,machine learning,TECHNOLOGY,790,1687
7121,AI-generated content,TECHNOLOGY,790,1687
7122,cybersecurity training,REQUIREMENT,790,1687
7123,data protection,RISK,790,1687
7124,ethical use,LEGAL_SOURCE,790,1687
7125,Assistant Attorney General of the Civil Rights Division,ACTOR,791,1685
7126,congressional committees,ACTOR,791,1685
7127,Act,LEGAL_SOURCE,791,1685
7128,civil rights offices,ACTOR,791,1685
7129,United States Code,LEGAL_SOURCE,792,1679
7130,Chief Data Officers,ACTOR,792,1679
7131,Chief Data Officer Council,ACTOR,792,1679
7132,Comptroller General,ACTOR,792,1679
7133,artificial intelligence,TECHNOLOGY,792,1679
7134,data governance,LEGAL_SOURCE,792,1679
7135,data transparency,OTHER,792,1679
7136,privacy,RISK,792,1679
7137,State Department Basic Authorities Act,LEGAL_SOURCE,793,1684
7138,Deputy Secretary of State for Economic Security,ACTOR,793,1684
7139,Assistant Secretary for Technology and Innovation Security,ACTOR,793,1684
7140,Office of Economic Analysis and Targeting,ACTOR,793,1684
7141,Foreign Service officers,ACTOR,793,1684
7142,artificial intelligence,TECHNOLOGY,793,1684
7143,machine learning,TECHNOLOGY,793,1684
7144,federal database,LEGAL_SOURCE,793,1684
7145,Public Health Service Act,LEGAL_SOURCE,794,1680
7146,AI tools,TECHNOLOGY,794,1680
7147,Chief Artificial Intelligence Officer,ACTOR,794,1680
7148,Interagency Council on Improving Diagnosis in Health Care,ACTOR,794,1680
7149,diagnostic safety and quality,DOMAIN,794,1680
7150,Congress,ACTOR,794,1680
7151,strategic federal plan,LEGAL_SOURCE,794,1680
7152,Environmental Protection Agency,ACTOR,795,316
7153,EPA,ACTOR,795,316
7154,supercomputing,TECHNOLOGY,795,316
7155,machine learning,TECHNOLOGY,795,316
7156,Consortium,REQUIREMENT,795,316
7157,toxic substances,DOMAIN,795,316
7158,autonomous weapons systems,TECHNOLOGY,796,275
7159,nuclear weapons,TECHNOLOGY,796,275
7160,federal funds,DOMAIN,796,275
7161,meaningful human control,LEGAL_SOURCE,796,275
7162,NAIRR,REQUIREMENT,797,89
7163,National Science Foundation,ACTOR,797,89
7164,National AI Research Resource,REQUIREMENT,797,89
7165,Program Management Office,ACTOR,797,89
7166,Operating Entity,ACTOR,797,89
7167,privacy,RISK,797,89
7168,ethical,LEGAL_SOURCE,797,89
7169,safety,RISK,797,89
7170,scientific integrity requirements,REQUIREMENT,797,89
7171,security requirements,RISK,797,89
7172,artificial intelligence,TECHNOLOGY,798,35
7173,privacy,RISK,798,35
7174,safety,RISK,798,35
7175,shared responsibility,OTHER,798,35
7176,open collaboration,LEGAL_SOURCE,798,35
7177,agile governance,LEGAL_SOURCE,798,35
7178,fairness and justice,RISK,798,35
7179,Automated Decision System,TECHNOLOGY,799,329
7180,ADS Impact Assessments,LEGAL_SOURCE,799,329
7181,open-source software,TECHNOLOGY,799,329
7182,protected classes,RISK,799,329
7183,privacy,RISK,799,329
7184,security,RISK,799,329
7185,public comments,OTHER,799,329
7186,human review,OTHER,799,329
7187,neutral third party,ACTOR,799,329
7188,New Jersey,OTHER,800,285
7189,automated decision tools,TECHNOLOGY,800,285
7190,bias audit,LEGAL_SOURCE,800,285
7191,automated employment decision tool,TECHNOLOGY,800,285
7192,civil penalties,OTHER,800,285
7193,fines,OTHER,800,285
7194,AI systems,TECHNOLOGY,801,274
7195,protected class,RISK,801,274
7196,health care providers,DOMAIN,801,274
7197,fines,OTHER,801,274
7198,civil lawsuits,REQUIREMENT,801,274
7199,AI,TECHNOLOGY,802,278
7200,automated process,TECHNOLOGY,802,278
7201,automated decision systems,TECHNOLOGY,802,278
7202,outside auditor,ACTOR,802,278
7203,impact assessment,LEGAL_SOURCE,802,278
7204,training data,TECHNOLOGY,802,278
7205,discrimination,RISK,802,278
7206,employment,OTHER,802,278
7207,education,DOMAIN,802,278
7208,Amazon,ACTOR,803,758
7209,Anthropic,ACTOR,803,758
7210,Google,ACTOR,803,758
7211,Inflection,ACTOR,803,758
7212,Meta,ACTOR,803,758
7213,Microsoft,ACTOR,803,758
7214,OpenAI,ACTOR,803,758
7215,Biden-Harris Administration,ACTOR,803,758
7216,AI technology,TECHNOLOGY,803,758
7217,executive order,LEGAL_SOURCE,803,758
7218,bipartisan legislation,LEGAL_SOURCE,803,758
7219,civil society,ACTOR,803,758
7220,academia,ACTOR,803,758
7221,cybersecurity,RISK,803,758
7222,automated systems,TECHNOLOGY,804,995
7223,pre-deployment testing,LIFECYCLE_STAGE,804,995
7224,risk identification,RISK,804,995
7225,ongoing monitoring,LIFECYCLE_STAGE,804,995
7226,algorithmic discrimination,RISK,804,995
7227,data privacy,RISK,804,995
7228,surveillance technologies,TECHNOLOGY,804,995
7229,civil liberties,RISK,804,995
7230,user consent,RISK,804,995
7231,transparency,OTHER,804,995
7232,accountability,OTHER,804,995
7233,public reporting,OTHER,804,995
7234,data analytics,TECHNOLOGY,805,379
7235,artificial intelligence,TECHNOLOGY,805,379
7236,eligibility verification,REQUIREMENT,805,379
7237,fraud detection,REQUIREMENT,805,379
7238,public assistance programs,REQUIREMENT,805,379
7239,state agencies,ACTOR,805,379
7240,federal waivers,LEGAL_SOURCE,805,379
7241,health savings accounts,REQUIREMENT,805,379
7242,medical assistance,DOMAIN,805,379
7243,managed care organizations,ACTOR,805,379
7244,medical assistance claims data,LEGAL_SOURCE,805,379
7245,automobile insurers,ACTOR,806,357
7246,automated or predictive underwriting systems,TECHNOLOGY,806,357
7247,Department of Banking and Insurance,ACTOR,806,357
7248,Commissioner of Banking and Insurance,ACTOR,806,357
7249,artificial intelligence,TECHNOLOGY,806,357
7250,robotic process automation,TECHNOLOGY,806,357
7251,rules and regulations,LEGAL_SOURCE,806,357
7252,act,LEGAL_SOURCE,806,357
7253,Department of State,ACTOR,807,376
7254,artificial intelligence (AI) systems,TECHNOLOGY,807,376
7255,Right-to-Know Law,LEGAL_SOURCE,807,376
7256,online database,LEGAL_SOURCE,807,376
7257,legislative committees,ACTOR,807,376
7258,registry,LEGAL_SOURCE,807,376
7259,act,LEGAL_SOURCE,807,376
7260,large-scale generative AI models,TECHNOLOGY,808,368
7261,watermark,REQUIREMENT,808,368
7262,consent,RISK,808,368
7263,training models,LIFECYCLE_STAGE,808,368
7264,Rhode Island Attorney General's Office,ACTOR,808,368
7265,public registry,LEGAL_SOURCE,808,368
7266,risk assessments,LIFECYCLE_STAGE,808,368
7267,bias and discrimination,RISK,808,368
7268,Study Committee on Automation and the Workforce,REQUIREMENT,809,375
7269,North Carolina,OTHER,809,375
7270,Governor,ACTOR,809,375
7271,state legislators,ACTOR,809,375
7272,state departments,ACTOR,809,375
7273,educational institutions,ACTOR,809,375
7274,automation technologies,TECHNOLOGY,809,375
7275,AI,TECHNOLOGY,809,375
7276,industrial robotics,TECHNOLOGY,809,375
7277,self-service technologies,TECHNOLOGY,809,375
7278,employment,OTHER,809,375
7279,training requirements,DOMAIN,809,375
7280,Joint Legislative Commission on Governmental Operations,ACTOR,809,375
7281,Attorney General,ACTOR,810,1158
7282,"Children, Youth, and Families Department",ACTOR,810,1158
7283,structured decision-making tools,TECHNOLOGY,810,1158
7284,task force,REQUIREMENT,810,1158
7285,child abuse and neglect cases,DOMAIN,810,1158
7286,law enforcement,DOMAIN,810,1158
7287,behavioral health,DOMAIN,810,1158
7288,post-secondary institution,DOMAIN,810,1158
7289,legislative health and human services committee,ACTOR,810,1158
7290,AI mental health applications,TECHNOLOGY,811,356
7291,licensed mental health professionals,DOMAIN,811,356
7292,AI mental health services,DOMAIN,811,356
7293,informed consent,RISK,811,356
7294,AI technology,TECHNOLOGY,811,356
7295,record-keeping requirements,REQUIREMENT,811,356
7296,Artificial Intelligence Officer,ACTOR,812,362
7297,automated systems,TECHNOLOGY,812,362
7298,state agencies,ACTOR,812,362
7299,New Jersey Artificial Intelligence Advisory Board,ACTOR,812,362
7300,Artificial Intelligence Implementation Officer,ACTOR,812,362
7301,task force,REQUIREMENT,812,362
7302,AI Bill of Rights,LEGAL_SOURCE,812,362
7303,public records laws,LEGAL_SOURCE,812,362
7304,trade secrets,OTHER,812,362
7305,synthetic media,TECHNOLOGY,813,366
7306,artificial intelligence,TECHNOLOGY,813,366
7307,political communications,LEGAL_SOURCE,813,366
7308,act,LEGAL_SOURCE,813,366
7309,generative AI models,TECHNOLOGY,814,365
7310,ChatGPT,TECHNOLOGY,814,365
7311,large-scale generative artificial intelligence model,TECHNOLOGY,814,365
7312,AI models,TECHNOLOGY,814,365
7313,watermark,REQUIREMENT,814,365
7314,training data,TECHNOLOGY,814,365
7315,attorney general,ACTOR,814,365
7316,risk assessments,LIFECYCLE_STAGE,814,365
7317,security measures,RISK,814,365
7318,informed consent,RISK,814,365
7319,regulations,LEGAL_SOURCE,814,365
7320,legal action,REQUIREMENT,814,365
7321,executive office of technology services and security,ACTOR,815,360
7322,automated decision systems,TECHNOLOGY,815,360
7323,Commonwealth of Massachusetts,OTHER,815,360
7324,commission,ACTOR,815,360
7325,machine learning,TECHNOLOGY,815,360
7326,algorithmic bias,RISK,815,360
7327,civil rights,RISK,815,360
7328,data protection,RISK,815,360
7329,intellectual property,LEGAL_SOURCE,815,360
7330,annual report,LEGAL_SOURCE,815,360
7331,state legislature,ACTOR,815,360
7332,state finance law,LEGAL_SOURCE,816,363
7333,algorithmic decision systems,TECHNOLOGY,816,363
7334,artificial intelligence standards,REQUIREMENT,816,363
7335,transparency,OTHER,816,363
7336,fairness,RISK,816,363
7337,executive law,LEGAL_SOURCE,816,363
7338,unlawful discriminatory practice,RISK,816,363
7339,commissioner of taxation and finance,ACTOR,816,363
7340,regulations,LEGAL_SOURCE,816,363
7341,AI,TECHNOLOGY,817,367
7342,Empire State Film Production Credit,REQUIREMENT,817,367
7343,collective bargaining agreements,LEGAL_SOURCE,817,367
7344,AI systems,TECHNOLOGY,818,1045
7345,human rights,RISK,818,1045
7346,privacy,RISK,818,1045
7347,data security,RISK,818,1045
7348,risk management,RISK,818,1045
7349,transparency,OTHER,818,1045
7350,accountable,OTHER,818,1045
7351,human oversight,OTHER,818,1045
7352,fairness,RISK,818,1045
7353,equitable society,RISK,818,1045
7354,Federal Government,ACTOR,819,1111
7355,American AI Initiative,LEGAL_SOURCE,819,1111
7356,AI R&D,LIFECYCLE_STAGE,819,1111
7357,civil liberties,RISK,819,1111
7358,privacy,RISK,819,1111
7359,technical standards,REQUIREMENT,819,1111
7360,AI systems,TECHNOLOGY,819,1111
7361,American workers,ACTOR,819,1111
7362,international standards,REQUIREMENT,819,1111
7363,AI technology,TECHNOLOGY,819,1111
7364,synthetic nucleic acids,TECHNOLOGY,820,1021
7365,procurement screening framework,LEGAL_SOURCE,820,1021
7366,synthetic nucleic acid providers,ACTOR,820,1021
7367,equipment manufacturers,ACTOR,820,1021
7368,National Institute of Standards and Technology,ACTOR,820,1021
7369,technical specifications,REQUIREMENT,820,1021
7370,federal funding agencies,ACTOR,820,1021
7371,cybersecurity measures,RISK,820,1021
7372,sensitive data,OTHER,820,1021
7373,independent audits,LIFECYCLE_STAGE,820,1021
7374,European Commission,ACTOR,821,1072
7375,Directive (EU) 2020/1828,LEGAL_SOURCE,821,1072
7376,AI Liability Directive,LEGAL_SOURCE,821,1072
7377,Member States,OTHER,821,1072
7378,Union law,LEGAL_SOURCE,821,1072
7379,Amazon Web Services,ACTOR,822,759
7380,AWS,ACTOR,822,759
7381,Amazon Bedrock,TECHNOLOGY,822,759
7382,Amazon Titan Foundation Models,TECHNOLOGY,822,759
7383,AI Service Cards,LEGAL_SOURCE,822,759
7384,AWS Responsible AI Policy,LEGAL_SOURCE,822,759
7385,AI and ML services,TECHNOLOGY,822,759
7386,red teaming,LIFECYCLE_STAGE,822,759
7387,bias mitigation,RISK,822,759
7388,human oversight,OTHER,822,759
7389,security assessments,LIFECYCLE_STAGE,822,759
7390,privacy violations,RISK,822,759
7391,OpenAI,ACTOR,823,765
7392,Preparedness Framework,LEGAL_SOURCE,823,765
7393,frontier AI models,TECHNOLOGY,823,765
7394,Deployment Safety Board,ACTOR,823,765
7395,Microsoft,ACTOR,823,765
7396,Superalignment,REQUIREMENT,823,765
7397,Preparedness teams,REQUIREMENT,823,765
7398,GPT-4,TECHNOLOGY,823,765
7399,DALL-E 3,TECHNOLOGY,823,765
7400,system card,LEGAL_SOURCE,823,765
7401,national security-related risks,RISK,823,765
7402,data input controls,REQUIREMENT,823,765
7403,AI-generated content,TECHNOLOGY,823,765
7404,U.S. patents,LEGAL_SOURCE,824,1025
7405,Pannu factors,REQUIREMENT,824,1025
7406,AI-assisted inventions,TECHNOLOGY,824,1025
7407,U.S. inventorship requirements,LEGAL_SOURCE,824,1025
7408,natural persons,ACTOR,824,1025
7409,Inflection,ACTOR,825,762
7410,frontier AI,TECHNOLOGY,825,762
7411,pre-deployment safety,LIFECYCLE_STAGE,825,762
7412,post-launch monitoring,LIFECYCLE_STAGE,825,762
7413,International Panel on AI Safety,ACTOR,825,762
7414,vulnerability reporting structures,LEGAL_SOURCE,825,762
7415,bug bounty program,REQUIREMENT,825,762
7416,training data,TECHNOLOGY,825,762
7417,AI-generated material,TECHNOLOGY,825,762
7418,watermarking,REQUIREMENT,825,762
7419,OPM,ACTOR,826,1036
7420,AI and key technical employees,ACTOR,826,1036
7421,Federal work experience,OTHER,826,1036
7422,alternative work schedules,LEGAL_SOURCE,826,1036
7423,telework,LEGAL_SOURCE,826,1036
7424,remote work,LEGAL_SOURCE,826,1036
7425,Congress,ACTOR,827,1116
7426,A.I. models,TECHNOLOGY,827,1116
7427,independent oversight body,ACTOR,827,1116
7428,state Attorneys General,ACTOR,827,1116
7429,export controls,LEGAL_SOURCE,827,1116
7430,sanctions,LEGAL_SOURCE,827,1116
7431,A.I. technology transfers,TECHNOLOGY,827,1116
7432,deepfakes,TECHNOLOGY,827,1116
7433,public database of A.I. information,LEGAL_SOURCE,827,1116
7434,consumer protections,LEGAL_SOURCE,827,1116
7435,safety brakes,RISK,827,1116
7436,data usage control,RISK,827,1116
7437,health IT certification criteria,REQUIREMENT,828,1187
7438,Predictive Decision Support Intervention,TECHNOLOGY,828,1187
7439,health IT systems,TECHNOLOGY,828,1187
7440,HL7,REQUIREMENT,828,1187
7441,LOINC,REQUIREMENT,828,1187
7442,SNOMED CT,REQUIREMENT,828,1187
7443,risk management practices,LEGAL_SOURCE,828,1187
7444,electronic health information exchange,DOMAIN,828,1187
7445,sex-based harassment,RISK,829,1188
7446,education programs,DOMAIN,829,1188
7447,AI technologies,TECHNOLOGY,829,1188
7448,remote settings,DOMAIN,829,1188
7449,institution-sponsored events,DOMAIN,829,1188
7450,digital platforms,TECHNOLOGY,829,1188
7451,FRA,ACTOR,830,1189
7452,freight rail industry,ACTOR,830,1189
7453,automated trucking,DOMAIN,830,1189
7454,PTC,TECHNOLOGY,830,1189
7455,AI,TECHNOLOGY,830,1189
7456,automation,TECHNOLOGY,830,1189
7457,drones,TECHNOLOGY,830,1189
7458,real-time safety systems,TECHNOLOGY,830,1189
7459,safety justifications,RISK,830,1189
7460,Meta,ACTOR,831,763
7461,Llama 2,TECHNOLOGY,831,763
7462,White House Commitments,LEGAL_SOURCE,831,763
7463,DEFCON,REQUIREMENT,831,763
7464,Synthetic Media Framework,REQUIREMENT,831,763
7465,Open Loop,REQUIREMENT,831,763
7466,AI-generated content,TECHNOLOGY,831,763
7467,AI model weights,OTHER,831,763
7468,AI vulnerabilities,RISK,831,763
7469,United States Department of Health and Human Services,ACTOR,832,1027
7470,HHS,ACTOR,832,1027
7471,"State, Local, Tribal, and Territorial Governments",ACTOR,832,1027
7472,National Institute of Standards and Technology,ACTOR,832,1027
7473,AI Risk Management Framework,REQUIREMENT,832,1027
7474,Blueprint for an AI Bill of Rights,LEGAL_SOURCE,832,1027
7475,AI systems,TECHNOLOGY,832,1027
7476,human oversight,OTHER,832,1027
7477,privacy,RISK,832,1027
7478,civil rights,RISK,832,1027
7479,safety,RISK,832,1027
7480,transparency,OTHER,832,1027
7481,governance,OTHER,832,1027
7482,USDA,ACTOR,833,1026
7483,Executive Order 14110,LEGAL_SOURCE,833,1026
7484,Secretary,ACTOR,833,1026
7485,AI systems,TECHNOLOGY,833,1026
7486,benefits administration,ACTOR,833,1026
7487,SLTT agencies,ACTOR,833,1026
7488,data sovereignty,LEGAL_SOURCE,833,1026
7489,transparency,OTHER,833,1026
7490,accountability,OTHER,833,1026
7491,UK,OTHER,834,785
7492,Republic of Korea,OTHER,834,785
7493,Amazon,ACTOR,834,785
7494,Google,ACTOR,834,785
7495,OpenAI,ACTOR,834,785
7496,Frontier AI Safety Commitments,LEGAL_SOURCE,834,785
7497,frontier AI systems,TECHNOLOGY,834,785
7498,risk thresholds,REQUIREMENT,834,785
7499,risk mitigation,RISK,834,785
7500,governance frameworks,LEGAL_SOURCE,834,785
7501,transparency,OTHER,834,785
7502,risk assessment,LIFECYCLE_STAGE,834,785
7503,Google DeepMind,ACTOR,835,761
7504,AI Principles,LEGAL_SOURCE,835,761
7505,Responsible AI Council,ACTOR,835,761
7506,Responsible Development and Innovation team,ACTOR,835,761
7507,frontier AI models,TECHNOLOGY,835,761
7508,model cards,LEGAL_SOURCE,835,761
7509,data sheets,LEGAL_SOURCE,835,761
7510,bug bounty program,REQUIREMENT,835,761
7511,Secure AI Framework,REQUIREMENT,835,761
7512,watermarking,REQUIREMENT,835,761
7513,metadata,OTHER,835,761
7514,Digital Futures Project,REQUIREMENT,835,761
7515,Fair Housing Act,LEGAL_SOURCE,836,1029
7516,AI,TECHNOLOGY,836,1029
7517,algorithmic systems,TECHNOLOGY,836,1029
7518,digital platforms,TECHNOLOGY,836,1029
7519,protected characteristics,OTHER,836,1029
7520,advertisers,ACTOR,836,1029
7521,platforms,ACTOR,836,1029
7522,audience categorization,REQUIREMENT,836,1029
7523,algorithmic delivery tools,TECHNOLOGY,836,1029
7524,transparency,OTHER,836,1029
7525,accountability,OTHER,836,1029
7526,Federal agencies,ACTOR,837,1033
7527,Executive Order 14110,LEGAL_SOURCE,837,1033
7528,President Biden,ACTOR,837,1033
7529,National AI Talent Surge,REQUIREMENT,837,1033
7530,Federal Government,ACTOR,837,1033
7531,Direct Hire Authority,LEGAL_SOURCE,837,1033
7532,Excepted Service Appointments,LEGAL_SOURCE,837,1033
7533,Office of Personnel Management,ACTOR,837,1033
7534,OPM,ACTOR,837,1033
7535,Chief AI Officers,ACTOR,837,1033
7536,USAJOBS,REQUIREMENT,837,1033
7537,AI scholarship-for-service program,REQUIREMENT,837,1033
7538,U.S. Office of Personnel Management,ACTOR,838,1034
7539,OPM,ACTOR,838,1034
7540,Executive Order 14110,LEGAL_SOURCE,838,1034
7541,direct hire authority,LEGAL_SOURCE,838,1034
7542,Schedule A appointments,LEGAL_SOURCE,838,1034
7543,veterans’ preference,LEGAL_SOURCE,838,1034
7544,public notice requirements,LEGAL_SOURCE,838,1034
7545,AI Safety Standard,REQUIREMENT,839,1044
7546,Bletchley Declaration,LEGAL_SOURCE,839,1044
7547,2023–24 Budget,LEGAL_SOURCE,839,1044
7548,AI systems,TECHNOLOGY,839,1044
7549,AI guardrails,LEGAL_SOURCE,839,1044
7550,AI-generated materials,TECHNOLOGY,839,1044
7551,AI capability development,LIFECYCLE_STAGE,839,1044
7552,automated decision-making (ADM) systems,TECHNOLOGY,840,301
7553,social media platforms,TECHNOLOGY,840,301
7554,South Carolina,OTHER,840,301
7555,government-issued identification,OTHER,840,301
7556,civil penalties,OTHER,840,301
7557,Rhode Island state government,ACTOR,841,294
7558,automated decision-making (ADM) systems,TECHNOLOGY,841,294
7559,Governor,ACTOR,841,294
7560,state legislature,ACTOR,841,294
7561,algorithmic decision-making,TECHNOLOGY,841,294
7562,protected characteristics,OTHER,841,294
7563,data security,RISK,841,294
7564,intellectual property,LEGAL_SOURCE,841,294
7565,academic institutions,ACTOR,841,294
7566,New York,OTHER,842,286
7567,automated decision tool,TECHNOLOGY,842,286
7568,Attorney General,ACTOR,842,286
7569,Commissioner,ACTOR,842,286
7570,disparate impact analysis,LEGAL_SOURCE,842,286
7571,employment candidates,OTHER,842,286
7572,Texas House of Representatives,ACTOR,843,300
7573,Texas Workforce Commission,ACTOR,843,300
7574,AI systems,TECHNOLOGY,843,300
7575,Governor,ACTOR,843,300
7576,Lieutenant Governor,ACTOR,843,300
7577,Speaker of the House,ACTOR,843,300
7578,Senate,ACTOR,843,300
7579,workforce training program,REQUIREMENT,843,300
7580,Automated Decision Systems (ADS),TECHNOLOGY,844,284
7581,worker data,OTHER,844,284
7582,third-party impact assessments,LEGAL_SOURCE,844,284
7583,bias,RISK,844,284
7584,discrimination,RISK,844,284
7585,employment decisions,OTHER,844,284
7586,security measures,RISK,844,284
7587,Illinois Human Rights Act,LEGAL_SOURCE,845,1336
7588,artificial intelligence (AI),TECHNOLOGY,845,1336
7589,Illinois Department of Human Rights,ACTOR,845,1336
7590,employees,ACTOR,845,1336
7591,protected classes,OTHER,845,1336
7592,generative artificial intelligence,TECHNOLOGY,845,1336
7593,employment practices,OTHER,845,1336
7594,United States,OTHER,846,150
7595,Office of Science and Technology Policy,ACTOR,846,150
7596,Artificial Intelligence,TECHNOLOGY,846,150
7597,Quantum Information Science,TECHNOLOGY,846,150
7598,Industries of the Future Coordination Council,ACTOR,846,150
7599,President,ACTOR,846,150
7600,Director,ACTOR,846,150
7601,national security,DOMAIN,846,150
7602,policy,LEGAL_SOURCE,846,150
7603,Microsoft,ACTOR,847,764
7604,OpenAI,ACTOR,847,764
7605,National Institute of Standards and Technology,ACTOR,847,764
7606,AI Risk Management Framework,REQUIREMENT,847,764
7607,Microsoft-OpenAI Deployment Safety Board,ACTOR,847,764
7608,AI model,TECHNOLOGY,847,764
7609,AI governance,LEGAL_SOURCE,847,764
7610,risk evaluation,LIFECYCLE_STAGE,847,764
7611,red teaming,LIFECYCLE_STAGE,847,764
7612,AI safety research,LIFECYCLE_STAGE,847,764
7613,frontier models,TECHNOLOGY,847,764
7614,watermarking,REQUIREMENT,847,764
7615,metadata-based provenance,REQUIREMENT,847,764
7616,AI-generated content,TECHNOLOGY,847,764
7617,bug bounty programs,REQUIREMENT,847,764
7618,California Department of Technology,ACTOR,848,292
7619,AI chatbots/assistance,TECHNOLOGY,848,292
7620,government benefit and welfare programs,ACTOR,848,292
7621,disability insurance,REQUIREMENT,848,292
7622,affordable housing,REQUIREMENT,848,292
7623,risk management,RISK,848,292
7624,monitoring and evaluation,LIFECYCLE_STAGE,848,292
7625,privacy issues,RISK,848,292
7626,New Jersey,OTHER,849,310
7627,Commissioner of Labor and Workforce Development,ACTOR,849,310
7628,AI-powered technology,TECHNOLOGY,849,310
7629,automation,TECHNOLOGY,849,310
7630,State’s economy,ACTOR,849,310
7631,labor market,OTHER,849,310
7632,education,DOMAIN,849,310
7633,workforce,OTHER,849,310
7634,New York state commission,ACTOR,850,311
7635,AI,TECHNOLOGY,850,311
7636,robotics,TECHNOLOGY,850,311
7637,automation,TECHNOLOGY,850,311
7638,data privacy,RISK,850,311
7639,Governor,ACTOR,850,311
7640,criminal and civil liability,LEGAL_SOURCE,850,311
7641,AI-enabled violations,RISK,850,311
7642,AI regulation,LEGAL_SOURCE,850,311
7643,weaponry,DOMAIN,850,311
7644,Office of Algorithmic Innovation,ACTOR,851,299
7645,New York,OTHER,851,299
7646,algorithms,TECHNOLOGY,851,299
7647,policy,LEGAL_SOURCE,851,299
7648,standards,REQUIREMENT,851,299
7649,deepfake pornography,TECHNOLOGY,852,309
7650,Pennsylvania,OTHER,852,309
7651,criminal misdemeanor offense,OTHER,852,309
7652,law,LEGAL_SOURCE,852,309
7653,New York,OTHER,853,308
7654,synthetic media,TECHNOLOGY,853,308
7655,civil penalties,OTHER,853,308
7656,fines,OTHER,853,308
7657,New Generation Artificial Intelligence Development Plan,LEGAL_SOURCE,854,1065
7658,China,OTHER,854,1065
7659,AI,TECHNOLOGY,854,1065
7660,autonomous systems,TECHNOLOGY,854,1065
7661,knowledge computing,TECHNOLOGY,854,1065
7662,intelligent robots,TECHNOLOGY,854,1065
7663,military-civilian integration,LEGAL_SOURCE,854,1065
7664,standards,REQUIREMENT,854,1065
7665,ethical guidelines,LEGAL_SOURCE,854,1065
7666,AI innovation systems,REQUIREMENT,854,1065
7667,AI key technologies,TECHNOLOGY,854,1065
7668,AI-related infrastructure,TECHNOLOGY,854,1065
7669,governance structures,OTHER,854,1065
7670,security,RISK,854,1065
7671,national competitiveness,RISK,854,1065
7672,regulatory frameworks,LEGAL_SOURCE,854,1065
7673,Office of Artificial Intelligence,ACTOR,855,293
7674,California Department of Technology,ACTOR,855,293
7675,state agencies,ACTOR,855,293
7676,automated systems,TECHNOLOGY,855,293
7677,bias,RISK,855,293
7678,privacy,RISK,855,293
7679,civil liberties,RISK,855,293
7680,AI system,TECHNOLOGY,855,293
7681,licensed mental health professionals,ACTOR,856,290
7682,AI,TECHNOLOGY,856,290
7683,licensing board,ACTOR,856,290
7684,patients,ACTOR,856,290
7685,mental health services,DOMAIN,856,290
7686,disciplinary action,OTHER,856,290
7687,professional licensing board,ACTOR,856,290
7688,employers,ACTOR,857,287
7689,employment agencies,ACTOR,857,287
7690,automated employment decision tools,TECHNOLOGY,857,287
7691,employment decisions,OTHER,857,287
7692,job applicants,ACTOR,857,287
7693,data,TECHNOLOGY,857,287
7694,natural persons,ACTOR,857,287
7695,China,OTHER,858,37
7696,AI-generated content,TECHNOLOGY,858,37
7697,protected characteristics,OTHER,858,37
7698,intellectual property,LEGAL_SOURCE,858,37
7699,privacy,RISK,858,37
7700,AI developers,ACTOR,858,37
7701,security assessment,LIFECYCLE_STAGE,858,37
7702,generative AI systems,TECHNOLOGY,858,37
7703,cybersecurity,RISK,858,37
7704,regulators,ACTOR,858,37
7705,legal liability,LEGAL_SOURCE,858,37
7706,fines,OTHER,858,37
7707,AI standards system,REQUIREMENT,859,1123
7708,international cooperation,LEGAL_SOURCE,859,1123
7709,machine learning,TECHNOLOGY,859,1123
7710,natural language processing,TECHNOLOGY,859,1123
7711,computer vision,TECHNOLOGY,859,1123
7712,quantum computing,TECHNOLOGY,859,1123
7713,healthcare,DOMAIN,859,1123
7714,transportation,DOMAIN,859,1123
7715,finance,DOMAIN,859,1123
7716,smart cities,ACTOR,859,1123
7717,security,RISK,859,1123
7718,ethics,LEGAL_SOURCE,859,1123
7719,AI data,TECHNOLOGY,859,1123
7720,algorithms,TECHNOLOGY,859,1123
7721,models,TECHNOLOGY,859,1123
7722,federal government,ACTOR,860,1112
7723,U.S.,OTHER,860,1112
7724,AI systems,TECHNOLOGY,860,1112
7725,R&D,LIFECYCLE_STAGE,860,1112
7726,international collaboration,LEGAL_SOURCE,860,1112
7727,AI research,LIFECYCLE_STAGE,860,1112
7728,safety,RISK,860,1112
7729,security standards,REQUIREMENT,860,1112
7730,AI training and testing,LIFECYCLE_STAGE,860,1112
7731,benchmarks,OTHER,860,1112
7732,standards,REQUIREMENT,860,1112
7733,fairness,RISK,860,1112
7734,privacy,RISK,860,1112
7735,bias,RISK,860,1112
7736,workforce,OTHER,860,1112
7737,public-private partnerships,REQUIREMENT,860,1112
7738,AI governance,OTHER,860,1112
7739,international guidelines,LEGAL_SOURCE,860,1112
7740,automated decision tool,TECHNOLOGY,861,280
7741,artificial intelligence,TECHNOLOGY,861,280
7742,employment,OTHER,861,280
7743,education,DOMAIN,861,280
7744,healthcare,DOMAIN,861,280
7745,financial services,DOMAIN,861,280
7746,criminal justice,DOMAIN,861,280
7747,government benefits,ACTOR,861,280
7748,algorithmic discrimination,RISK,861,280
7749,Civil Rights Department,ACTOR,861,280
7750,impact assessment,LEGAL_SOURCE,861,280
7751,training data,TECHNOLOGY,861,280
7752,monitoring,LIFECYCLE_STAGE,861,280
7753,testing,LIFECYCLE_STAGE,861,280
7754,civil action,REQUIREMENT,861,280
7755,fines,OTHER,861,280
7756,China,OTHER,862,1125
7757,AI development,TECHNOLOGY,862,1125
7758,ethical requirements,LEGAL_SOURCE,862,1125
7759,accountability,OTHER,862,1125
7760,fairness,RISK,862,1125
7761,privacy,RISK,862,1125
7762,security,RISK,862,1125
7763,R&D,LIFECYCLE_STAGE,862,1125
7764,U.S.-EU Joint Roadmap,LEGAL_SOURCE,863,1115
7765,trustworthy AI,LEGAL_SOURCE,863,1115
7766,EU AI Act,LEGAL_SOURCE,863,1115
7767,U.S. AI Bill of Rights,LEGAL_SOURCE,863,1115
7768,international technical standards,REQUIREMENT,863,1115
7769,AI governance,OTHER,863,1115
7770,AI trustworthiness,RISK,863,1115
7771,AI security standards,REQUIREMENT,864,1373
7772,AI security standardization,REQUIREMENT,864,1373
7773,AI technologies,TECHNOLOGY,864,1373
7774,AI products,TECHNOLOGY,864,1373
7775,universities,ACTOR,864,1373
7776,research institutes,ACTOR,864,1373
7777,enterprises,ACTOR,864,1373
7778,early warning mechanism,REQUIREMENT,864,1373
7779,AI supply chain security management,RISK,864,1373
7780,index evaluation system,OTHER,864,1373
7781,China,OTHER,865,1377
7782,AI development,TECHNOLOGY,865,1377
7783,AI use,TECHNOLOGY,865,1377
7784,fairness,RISK,865,1377
7785,transparency,OTHER,865,1377
7786,safety,RISK,865,1377
7787,accountability,OTHER,865,1377
7788,data sharing,LEGAL_SOURCE,865,1377
7789,compute resources,TECHNOLOGY,865,1377
7790,algorithmic innovation,TECHNOLOGY,865,1377
7791,intellectual property laws,LEGAL_SOURCE,865,1377
7792,privacy rights,RISK,865,1377
7793,AI governance,OTHER,865,1377
7794,public interest litigation,REQUIREMENT,865,1377
7795,administrative penalties,OTHER,865,1377
7796,AI systems,TECHNOLOGY,866,757
7797,general-purpose AI models,TECHNOLOGY,866,757
7798,European Commission’s AI Office,ACTOR,866,757
7799,EU,OTHER,866,757
7800,AI developers,ACTOR,866,757
7801,AI deployers,ACTOR,866,757
7802,high-risk systems,RISK,866,757
7803,free and open-source AI systems,TECHNOLOGY,866,757
7804,advisory boards,ACTOR,866,757
7805,national-level authorities,ACTOR,866,757
7806,penalties,OTHER,866,757
7807,Department of Defense,ACTOR,867,50
7808,autonomous weapons systems,TECHNOLOGY,867,50
7809,semi-autonomous weapons systems,TECHNOLOGY,867,50
7810,armed platforms,TECHNOLOGY,867,50
7811,testing and evaluation,LIFECYCLE_STAGE,867,50
7812,weapons systems,TECHNOLOGY,867,50
7813,humans,ACTOR,867,50
7814,guidelines,LEGAL_SOURCE,867,50
7815,China,OTHER,868,1137
7816,generative AI services,TECHNOLOGY,868,1137
7817,AI-generated content,TECHNOLOGY,868,1137
7818,intellectual property,LEGAL_SOURCE,868,1137
7819,personal information,OTHER,868,1137
7820,AI technology,TECHNOLOGY,868,1137
7821,information security,RISK,868,1137
7822,service agreements,REQUIREMENT,868,1137
7823,complaint mechanisms,REQUIREMENT,868,1137
7824,security assessments,LIFECYCLE_STAGE,868,1137
7825,foreign investment compliance,LEGAL_SOURCE,868,1137
7826,penalties,OTHER,868,1137
7827,AI governance,OTHER,869,1144
7828,AI technologies,TECHNOLOGY,869,1144
7829,AI misuse,RISK,869,1144
7830,privacy,RISK,869,1144
7831,data security,RISK,869,1144
7832,fairness,RISK,869,1144
7833,accountability mechanisms,OTHER,869,1144
7834,ethical principles,LEGAL_SOURCE,869,1144
7835,UN,ACTOR,869,1144
7836,international AI governing institution,ACTOR,869,1144
7837,European Artificial Intelligence Office,ACTOR,870,1074
7838,"Directorate-General for Communication Networks, Content and Technology",ACTOR,870,1074
7839,Regulation on AI,LEGAL_SOURCE,870,1074
7840,general-purpose AI models,TECHNOLOGY,870,1074
7841,AI developers,ACTOR,870,1074
7842,AI regulations,LEGAL_SOURCE,870,1074
7843,Commission,ACTOR,870,1074
7844,Digital Europe Programme,REQUIREMENT,870,1074
7845,EU,OTHER,870,1074
7846,National Information Technology Standardization Technical Committee,ACTOR,871,1390
7847,AI Technical Subcommittee,ACTOR,871,1390
7848,AI standardization,REQUIREMENT,871,1390
7849,AI standards,REQUIREMENT,871,1390
7850,performance benchmarks,OTHER,871,1390
7851,hardware virtual interfaces,TECHNOLOGY,871,1390
7852,international exchanges,LEGAL_SOURCE,871,1390
7853,ISO/IEC JTC 1,ACTOR,871,1390
7854,AI standards formulation,REQUIREMENT,871,1390
7855,GenAI,TECHNOLOGY,872,1088
7856,personal information,OTHER,872,1088
7857,Shadow IT,TECHNOLOGY,872,1088
7858,governance and accountability,OTHER,872,1088
7859,privacy impact assessments,LEGAL_SOURCE,872,1088
7860,Māori data,OTHER,872,1088
7861,cybersecurity practices,RISK,872,1088
7862,sandboxes,LIFECYCLE_STAGE,872,1088
7863,procurement principles,REQUIREMENT,872,1088
7864,AI regulatory frameworks,LEGAL_SOURCE,872,1088
7865,AI ethics,LEGAL_SOURCE,873,1127
7866,rule of law,LEGAL_SOURCE,873,1127
7867,agile governance,LEGAL_SOURCE,873,1127
7868,ethics committees,ACTOR,873,1127
7869,National Committee for Ethics in Science and Technology,ACTOR,873,1127
7870,international standards,REQUIREMENT,873,1127
7871,monitoring and early-warning systems,REQUIREMENT,873,1127
7872,education and training,DOMAIN,873,1127
7873,algorithmic recommendation services,TECHNOLOGY,874,266
7874,algorithm examination,LIFECYCLE_STAGE,874,266
7875,security monitoring,RISK,874,266
7876,incident response,REQUIREMENT,874,266
7877,data protection,RISK,874,266
7878,fraud prevention,RISK,874,266
7879,misinformation,RISK,874,266
7880,complaint handling processes,REQUIREMENT,874,266
7881,algorithm management system,LEGAL_SOURCE,874,266
7882,security assessments,LIFECYCLE_STAGE,874,266
7883,legal liabilities,LEGAL_SOURCE,874,266
7884,penalties,OTHER,874,266
7885,AI systems,TECHNOLOGY,875,1394
7886,high-impact system,TECHNOLOGY,875,1394
7887,Minister,ACTOR,875,1394
7888,risk mitigation measures,REQUIREMENT,875,1394
7889,system descriptions,LEGAL_SOURCE,875,1394
7890,administrative penalties,OTHER,875,1394
7891,personal information,OTHER,875,1394
7892,AI purposes,TECHNOLOGY,875,1394
7893,economic loss,RISK,875,1394
7894,Safety Advisory Group,ACTOR,876,766
7895,OpenAI,ACTOR,876,766
7896,Board of Directors,ACTOR,876,766
7897,Preparedness team,ACTOR,876,766
7898,risk assessments,LIFECYCLE_STAGE,876,766
7899,safety drills,LIFECYCLE_STAGE,876,766
7900,third-party auditing,LIFECYCLE_STAGE,876,766
7901,emergency scenarios,RISK,876,766
7902,artificial intelligence,TECHNOLOGY,877,1395
7903,emerging technologies,TECHNOLOGY,877,1395
7904,military applications,DOMAIN,877,1395
7905,AI security governance,OTHER,877,1395
7906,AI governance,OTHER,877,1395
7907,bioscience research,LIFECYCLE_STAGE,877,1395
7908,biosecurity guidelines,LEGAL_SOURCE,877,1395
7909,information security,RISK,877,1395
7910,data security initiatives,RISK,877,1395
7911,global counter-terrorism efforts,DOMAIN,877,1395
7912,digital governance,LEGAL_SOURCE,877,1395
7913,military applications of AI,DOMAIN,878,1126
7914,international humanitarian law,LEGAL_SOURCE,878,1126
7915,AI weapon systems,TECHNOLOGY,878,1126
7916,data security,RISK,878,1126
7917,AI data,TECHNOLOGY,878,1126
7918,accountability mechanisms,OTHER,878,1126
7919,operator training,DOMAIN,878,1126
7920,risk management,RISK,878,1126
7921,governance regime,LEGAL_SOURCE,878,1126
7922,AI ethics,LEGAL_SOURCE,879,1129
7923,laws,LEGAL_SOURCE,879,1129
7924,policies,LEGAL_SOURCE,879,1129
7925,R&D entities,ACTOR,879,1129
7926,algorithm security,RISK,879,1129
7927,transparency,OTHER,879,1129
7928,data quality,TECHNOLOGY,879,1129
7929,privacy,RISK,879,1129
7930,data security,RISK,879,1129
7931,international norms,REQUIREMENT,879,1129
7932,personal information,OTHER,879,1129
7933,public education,DOMAIN,879,1129
7934,international agreements,LEGAL_SOURCE,879,1129
7935,governance framework,OTHER,879,1129
7936,policy framework,LEGAL_SOURCE,880,1076
7937,AI regulation,LEGAL_SOURCE,880,1076
7938,OECD AI Principles,REQUIREMENT,880,1076
7939,AI Policy Coordination Center,ACTOR,880,1076
7940,regulators,ACTOR,880,1076
7941,public participation,ACTOR,880,1076
7942,international forums,ACTOR,880,1076
7943,AI regulation and standards,REQUIREMENT,880,1076
7944,risk management framework,REQUIREMENT,880,1076
7945,AI,TECHNOLOGY,881,1046
7946,frontier AI,TECHNOLOGY,881,1046
7947,AI Safety Summits,REQUIREMENT,881,1046
7948,AI safety,RISK,881,1046
7949,transparency,OTHER,881,1046
7950,fairness,RISK,881,1046
7951,accountability,OTHER,881,1046
7952,human rights,RISK,881,1046
7953,AI governance,OTHER,881,1046
7954,international cooperation,LEGAL_SOURCE,881,1046
7955,United States,OTHER,881,1046
7956,EU,OTHER,881,1046
7957,China,OTHER,881,1046
7958,generative AI services,TECHNOLOGY,882,1151
7959,China,OTHER,882,1151
7960,safety requirements,REQUIREMENT,882,1151
7961,safety assessments,LIFECYCLE_STAGE,882,1151
7962,cybersecurity,RISK,882,1151
7963,data security,RISK,882,1151
7964,personal information protection laws,RISK,882,1151
7965,intellectual property rights,LEGAL_SOURCE,882,1151
7966,model safety,RISK,882,1151
7967,foundation model registration,REQUIREMENT,882,1151
7968,content safety monitoring,LIFECYCLE_STAGE,882,1151
7969,complaint handling,REQUIREMENT,882,1151
7970,AI,TECHNOLOGY,883,1128
7971,AI industry,TECHNOLOGY,883,1128
7972,Municipal People's Government,ACTOR,883,1128
7973,Municipal Artificial Intelligence Strategy Advisory Expert Committee,ACTOR,883,1128
7974,AI governance,OTHER,883,1128
7975,compute resources,TECHNOLOGY,883,1128
7976,big data centers,TECHNOLOGY,883,1128
7977,algorithm innovation,TECHNOLOGY,883,1128
7978,algorithm models,TECHNOLOGY,883,1128
7979,AI technology standardization,REQUIREMENT,883,1128
7980,intellectual property protection,LEGAL_SOURCE,883,1128
7981,AI products,TECHNOLOGY,883,1128
7982,security compliance,RISK,883,1128
7983,52 U.S.C. 30124,LEGAL_SOURCE,884,1322
7984,11 CFR 110.16,LEGAL_SOURCE,884,1322
7985,AI,TECHNOLOGY,884,1322
7986,Regulatory Flexibility Act,LEGAL_SOURCE,884,1322
7987,Commission,ACTOR,884,1322
7988,AI,TECHNOLOGY,885,1385
7989,United States,OTHER,885,1385
7990,intellectual property,LEGAL_SOURCE,885,1385
7991,frontier foundational AI systems,TECHNOLOGY,885,1385
7992,national security institutions,ACTOR,885,1385
7993,Chief AI Officer,ACTOR,885,1385
7994,National Security Coordination Group,ACTOR,885,1385
7995,AI governance norms,LEGAL_SOURCE,885,1385
7996,civil liberties,RISK,885,1385
7997,privacy,RISK,885,1385
7998,AI,TECHNOLOGY,886,1387
7999,Chief AI Officers,ACTOR,886,1387
8000,AI Governance Boards,ACTOR,886,1387
8001,human rights,RISK,886,1387
8002,national security,DOMAIN,886,1387
8003,risk assessments,LIFECYCLE_STAGE,886,1387
8004,risk management practices,REQUIREMENT,886,1387
8005,AI systems,TECHNOLOGY,886,1387
8006,training,DOMAIN,886,1387
8007,accountability,OTHER,886,1387
8008,transparency,OTHER,886,1387
8009,synthetic media,TECHNOLOGY,887,1460
8010,generative AI,TECHNOLOGY,887,1460
8011,AI,TECHNOLOGY,887,1460
8012,47 USC 230,LEGAL_SOURCE,887,1460
8013,commission,ACTOR,887,1460
8014,civil liabilities,OTHER,887,1460
8015,criminal liabilities,OTHER,887,1460
8016,West Virginia Task Force on Artificial Intelligence,ACTOR,888,1459
8017,Office of the Governor,ACTOR,888,1459
8018,Office of Technology,ACTOR,888,1459
8019,AI,TECHNOLOGY,888,1459
8020,AI policy oversight,LEGAL_SOURCE,888,1459
8021,employment,OTHER,888,1459
8022,data,TECHNOLOGY,888,1459
8023,education,DOMAIN,888,1459
8024,report,LEGAL_SOURCE,888,1459
8025,artificial intelligence,TECHNOLOGY,889,1515
8026,attorney general,ACTOR,889,1515
8027,House Bill No. 5143,LEGAL_SOURCE,889,1515
8028,materially deceptive media,TECHNOLOGY,889,1515
8029,AI-generated content,TECHNOLOGY,889,1515
8030,misdemeanor,OTHER,889,1515
8031,felony,OTHER,889,1515
8032,Campaign Reporting Act,LEGAL_SOURCE,890,1435
8033,artificial intelligence,TECHNOLOGY,890,1435
8034,materially deceptive media,TECHNOLOGY,890,1435
8035,attorney general,ACTOR,890,1435
8036,district attorneys,ACTOR,890,1435
8037,misdemeanor,OTHER,890,1435
8038,fourth-degree felony,OTHER,890,1435
8039,Minnesota,OTHER,891,1517
8040,deep fake technology,TECHNOLOGY,891,1517
8041,deep fake images,TECHNOLOGY,891,1517
8042,criminal investigations,DOMAIN,891,1517
8043,scientific research,LIFECYCLE_STAGE,891,1517
8044,federal law,LEGAL_SOURCE,891,1517
8045,financial losses,RISK,891,1517
8046,mental anguish,RISK,891,1517
8047,imprisonment,OTHER,891,1517
8048,fines,OTHER,891,1517
8049,artificial intelligence,TECHNOLOGY,892,1513
8050,political advertisements,REQUIREMENT,892,1513
8051,House Bill No. 5143,LEGAL_SOURCE,892,1513
8052,AI-generated content,TECHNOLOGY,892,1513
8053,bona fide news coverage,LEGAL_SOURCE,892,1513
8054,policies on AI content disclosure,LEGAL_SOURCE,892,1513
8055,fines,OTHER,892,1513
8056,Freedom From AI-Rigged (FAIR) Elections Act,LEGAL_SOURCE,893,1500
8057,synthetic media,TECHNOLOGY,893,1500
8058,altered audio or video,TECHNOLOGY,893,1500
8059,advanced digital techniques,TECHNOLOGY,893,1500
8060,injunctive relief,REQUIREMENT,893,1500
8061,information content providers,ACTOR,893,1500
8062,courts,DOMAIN,893,1500
8063,emergency declaration,LEGAL_SOURCE,893,1500
8064,Utah,OTHER,894,1447
8065,artificial intelligence,TECHNOLOGY,894,1447
8066,legal personhood,LEGAL_SOURCE,894,1447
8067,human beings,ACTOR,894,1447
8068,nonhuman animals,ACTOR,894,1447
8069,Attorney General,ACTOR,895,1399
8070,AI,TECHNOLOGY,895,1399
8071,materially deceptive media,TECHNOLOGY,895,1399
8072,Class A misdemeanors,OTHER,895,1399
8073,Class D felonies,OTHER,895,1399
8074,news coverage,LEGAL_SOURCE,895,1399
8075,satire,RISK,895,1399
8076,parody,RISK,895,1399
8077,Washington State,OTHER,896,1539
8078,task force,REQUIREMENT,896,1539
8079,attorney general's office,ACTOR,896,1539
8080,AI systems,TECHNOLOGY,896,1539
8081,safety,RISK,896,1539
8082,privacy,RISK,896,1539
8083,civil rights,RISK,896,1539
8084,literature review,LEGAL_SOURCE,896,1539
8085,ethical AI guidelines,LEGAL_SOURCE,896,1539
8086,governor,ACTOR,896,1539
8087,legislature,ACTOR,896,1539
8088,Secretary of State,ACTOR,897,1528
8089,Attorney General,ACTOR,897,1528
8090,State Treasury's General Fund,DOMAIN,897,1528
8091,synthetic media,TECHNOLOGY,897,1528
8092,Oregon Revised Statutes,LEGAL_SOURCE,897,1528
8093,ORS 260.345,LEGAL_SOURCE,897,1528
8094,civil penalty,OTHER,897,1528
8095,media providers,ACTOR,897,1528
8096,broadcasters,ACTOR,897,1528
8097,publications,ACTOR,897,1528
8098,satire,RISK,897,1528
8099,parody,RISK,897,1528
8100,AI,TECHNOLOGY,898,1535
8101,synthetic media,TECHNOLOGY,898,1535
8102,audio communications,TECHNOLOGY,898,1535
8103,visual communications,TECHNOLOGY,898,1535
8104,digital content provenance,REQUIREMENT,898,1535
8105,creators,ACTOR,898,1535
8106,sponsors,ACTOR,898,1535
8107,criminal sentencing,DOMAIN,898,1535
8108,judges,ACTOR,898,1535
8109,parole boards,ACTOR,898,1535
8110,AI-assisted crime,RISK,898,1535
8111,civil penalties,OTHER,898,1535
8112,Government Technology Modernization Council,ACTOR,899,1496
8113,Department of Management Services,ACTOR,899,1496
8114,Florida,OTHER,899,1496
8115,artificial intelligence,TECHNOLOGY,899,1496
8116,data modernization,REQUIREMENT,899,1496
8117,AI system deployment,LIFECYCLE_STAGE,899,1496
8118,AI safety standards,REQUIREMENT,899,1496
8119,digital literacy curricula,DOMAIN,899,1496
8120,law enforcement,DOMAIN,899,1496
8121,child pornography,RISK,899,1496
8122,third-degree felony,OTHER,899,1496
8123,Artificial Intelligence Impact Task Force,ACTOR,900,1403
8124,Colorado,OTHER,900,1403
8125,consumers,ACTOR,900,1403
8126,workers,ACTOR,900,1403
8127,AI systems,TECHNOLOGY,900,1403
8128,automated decision systems,TECHNOLOGY,900,1403
8129,algorithmic discrimination,RISK,900,1403
8130,transparency,OTHER,900,1403
8131,disclosure,OTHER,900,1403
8132,ethical AI usage,LEGAL_SOURCE,900,1403
8133,legislative members,ACTOR,900,1403
8134,compensation,DOMAIN,900,1403
8135,Task Force on Artificial Intelligence,ACTOR,901,1439
8136,Oregon,OTHER,901,1439
8137,Legislative Policy and Research Director,ACTOR,901,1439
8138,state agencies,ACTOR,901,1439
8139,computer science,DOMAIN,901,1439
8140,AI,TECHNOLOGY,901,1439
8141,data privacy,RISK,901,1439
8142,federal definitions,REQUIREMENT,901,1439
8143,stakeholders,ACTOR,901,1439
8144,businesses,ACTOR,901,1439
8145,Department of Administrative Services,ACTOR,902,1464
8146,AI systems,TECHNOLOGY,902,1464
8147,state agencies,ACTOR,902,1464
8148,Office of Policy and Management,ACTOR,902,1464
8149,AI policies and procedures,LEGAL_SOURCE,902,1464
8150,Judicial Department,ACTOR,902,1464
8151,state contracts,REQUIREMENT,902,1464
8152,ethical AI use,LEGAL_SOURCE,902,1464
8153,AI bill of rights,LEGAL_SOURCE,902,1464
8154,Connecticut,OTHER,902,1464
8155,deepfakes,TECHNOLOGY,903,1485
8156,artificial intelligence,TECHNOLOGY,903,1485
8157,satire,RISK,903,1485
8158,parody,RISK,903,1485
8159,interactive computer services,TECHNOLOGY,903,1485
8160,civil penalty,OTHER,903,1485
8161,synthetic media,TECHNOLOGY,903,1485
8162,AI,TECHNOLOGY,904,1432
8163,biometric identification systems,TECHNOLOGY,904,1432
8164,law enforcement,DOMAIN,904,1432
8165,deepfakes,TECHNOLOGY,904,1432
8166,generative AI,TECHNOLOGY,904,1432
8167,Department of Information Technology,ACTOR,904,1432
8168,ethics code,LEGAL_SOURCE,904,1432
8169,public surveillance,RISK,904,1432
8170,computer-generated child pornography,TECHNOLOGY,905,1444
8171,AI-generated depictions,TECHNOLOGY,905,1444
8172,child pornography,RISK,905,1444
8173,AI-generated content,TECHNOLOGY,905,1444
8174,court,DOMAIN,905,1444
8175,sex crimes,LEGAL_SOURCE,905,1444
8176,juvenile sexting,RISK,905,1444
8177,digital media,TECHNOLOGY,905,1444
8178,Indiana Code,LEGAL_SOURCE,906,1507
8179,digitally altered media,TECHNOLOGY,906,1507
8180,campaign communication,REQUIREMENT,906,1507
8181,fabricated media,TECHNOLOGY,906,1507
8182,candidates,ACTOR,906,1507
8183,injunctive relief,REQUIREMENT,906,1507
8184,civil actions,DOMAIN,906,1507
8185,Industry 4.0 Technology Grant Program,REQUIREMENT,907,1468
8186,Maryland,OTHER,907,1468
8187,Department of Commerce,ACTOR,907,1468
8188,artificial intelligence,TECHNOLOGY,907,1468
8189,Industry 4.0 Technology Grant Fund,DOMAIN,907,1468
8190,Governor,ACTOR,907,1468
8191,Secretary,ACTOR,907,1468
8192,University of Hawaii,ACTOR,908,1411
8193,wildfire forecast system,TECHNOLOGY,908,1411
8194,artificial intelligence,TECHNOLOGY,908,1411
8195,public safety,RISK,908,1411
8196,risk mitigation measures,REQUIREMENT,908,1411
8197,legislature,ACTOR,908,1411
8198,general revenues,DOMAIN,908,1411
8199,Hawaii,OTHER,908,1411
8200,Arizona Revised Statutes,LEGAL_SOURCE,909,1484
8201,digital impersonation,TECHNOLOGY,909,1484
8202,AI techniques,TECHNOLOGY,909,1484
8203,interactive computer service providers,TECHNOLOGY,909,1484
8204,superior court,DOMAIN,909,1484
8205,impersonations involving sexual or criminal content,RISK,909,1484
8206,emergency measure,LEGAL_SOURCE,909,1484
8207,Lethal Autonomous Weapon Systems,DOMAIN,910,1117
8208,LAWS,DOMAIN,910,1117
8209,international humanitarian laws,LEGAL_SOURCE,910,1117
8210,Protocol on Blinding Laser Weapons,LEGAL_SOURCE,910,1117
8211,Convention on Certain Conventional Weapons,LEGAL_SOURCE,910,1117
8212,accountability,OTHER,910,1117
8213,civilian,ACTOR,910,1117
8214,military uses,DOMAIN,910,1117
8215,deepfakes,TECHNOLOGY,911,1431
8216,interactive services,TECHNOLOGY,911,1431
8217,media entities,ACTOR,911,1431
8218,secretary of state,ACTOR,911,1431
8219,lobbyist registrations,LEGAL_SOURCE,911,1431
8220,"January 1, 2025",LEGAL_SOURCE,911,1431
8221,"July 19, 2024",LEGAL_SOURCE,911,1431
8222,R.S. 14:73.14,LEGAL_SOURCE,912,1510
8223,AI-generated images,TECHNOLOGY,912,1510
8224,interactive computer services,TECHNOLOGY,912,1510
8225,telecommunications or information services,TECHNOLOGY,912,1510
8226,AI-generated content,TECHNOLOGY,912,1510
8227,Delaware Artificial Intelligence Commission,ACTOR,913,1406
8228,AI,TECHNOLOGY,913,1406
8229,Generative AI,TECHNOLOGY,913,1406
8230,Department of Technology and Information,ACTOR,913,1406
8231,Chief Information Officer,ACTOR,913,1406
8232,General Assembly,ACTOR,913,1406
8233,state agencies,ACTOR,913,1406
8234,Tennessee Artificial Intelligence Advisory Council,ACTOR,914,1445
8235,AI,TECHNOLOGY,914,1445
8236,governor,ACTOR,914,1445
8237,state departments,ACTOR,914,1445
8238,AI governance frameworks,LEGAL_SOURCE,914,1445
8239,AI deployment,LIFECYCLE_STAGE,914,1445
8240,Education Enhancement Fund,DOMAIN,915,1715
8241,Institutions of Higher Learning,ACTOR,915,1715
8242,University of Mississippi,ACTOR,915,1715
8243,Data Science and Artificial Intelligence,TECHNOLOGY,915,1715
8244,Healthcare Innovation,DOMAIN,915,1715
8245,Delta State University,ACTOR,915,1715
8246,Mississippi State University,ACTOR,915,1715
8247,Alcorn State University,ACTOR,915,1715
8248,Department of Defense,ACTOR,915,1715
8249,Senate Bill 3002,LEGAL_SOURCE,915,1715
8250,Joint Commission on Technology and Science,ACTOR,916,1454
8251,artificial intelligence,TECHNOLOGY,916,1454
8252,Virginia,OTHER,916,1454
8253,AI procurement,REQUIREMENT,916,1454
8254,AI systems,TECHNOLOGY,916,1454
8255,Commission on Artificial Intelligence,ACTOR,916,1454
8256,General Assembly,ACTOR,916,1454
8257,House and Senate committees,ACTOR,916,1454
8258,Iowa State University of Science and Technology,ACTOR,917,1714
8259,STEM,DOMAIN,917,1714
8260,artificial intelligence,TECHNOLOGY,917,1714
8261,cybersecurity,RISK,917,1714
8262,computer science,DOMAIN,917,1714
8263,digital agriculture,TECHNOLOGY,917,1714
8264,manufacturing,TECHNOLOGY,917,1714
8265,water quality,DOMAIN,917,1714
8266,vaccine delivery technologies,DOMAIN,917,1714
8267,biosciences,DOMAIN,917,1714
8268,state board of regents,ACTOR,917,1714
8269,general assembly,ACTOR,917,1714
8270,deepfake content,TECHNOLOGY,918,1521
8271,artificial intelligence,TECHNOLOGY,918,1521
8272,generative AI,TECHNOLOGY,918,1521
8273,election officials,ACTOR,918,1521
8274,injunctive relief,REQUIREMENT,918,1521
8275,bona fide news reports,LEGAL_SOURCE,918,1521
8276,disclosures,OTHER,918,1521
8277,materially deceptive media,TECHNOLOGY,919,1497
8278,deepfake,TECHNOLOGY,919,1497
8279,generative AI,TECHNOLOGY,919,1497
8280,attorney general,ACTOR,919,1497
8281,campaign spending commission,ACTOR,919,1497
8282,artificial intelligence,TECHNOLOGY,919,1497
8283,civil remedies,REQUIREMENT,919,1497
8284,criminal penalties,OTHER,919,1497
8285,injunctive relief,REQUIREMENT,919,1497
8286,deepfakes,TECHNOLOGY,920,1402
8287,Secretary of State,ACTOR,920,1402
8288,bona fide news,LEGAL_SOURCE,920,1402
8289,satire,RISK,920,1402
8290,parody,RISK,920,1402
8291,media and technology providers,ACTOR,920,1402
8292,civil penalties,OTHER,920,1402
8293,administrative complaints,REQUIREMENT,920,1402
8294,"July 1, 2024",LEGAL_SOURCE,920,1402
8295,University of Tennessee,ACTOR,921,1446
8296,Department of Education,ACTOR,921,1446
8297,AI usage policies,LEGAL_SOURCE,921,1446
8298,joint government operations committee,ACTOR,921,1446
8299,public charter schools,ACTOR,921,1446
8300,public higher education institutions,ACTOR,921,1446
8301,students,ACTOR,921,1446
8302,faculty,ACTOR,921,1446
8303,staff,ACTOR,921,1446
8304,teachers,ACTOR,921,1446
8305,AI,TECHNOLOGY,921,1446
8306,Talent Innovation Program,REQUIREMENT,922,1420
8307,Maryland Department of Labor,ACTOR,922,1420
8308,Talent Innovation Fund,DOMAIN,922,1420
8309,artificial intelligence,TECHNOLOGY,922,1420
8310,cybersecurity,RISK,922,1420
8311,State Treasurer,ACTOR,922,1420
8312,Department,ACTOR,922,1420
8313,synthetic media,TECHNOLOGY,923,1538
8314,interactive computer services,TECHNOLOGY,923,1538
8315,public disclosure commission,ACTOR,923,1538
8316,campaign finance laws,LEGAL_SOURCE,923,1538
8317,courts,DOMAIN,923,1538
8318,sponsors,ACTOR,923,1538
8319,mediums,ACTOR,923,1538
8320,Dyslexia Research Grant Program,REQUIREMENT,924,1716
8321,State Department of Education,ACTOR,924,1716
8322,AI-based writing assistance,TECHNOLOGY,924,1716
8323,Education Future Fund,DOMAIN,924,1716
8324,Attorney General,ACTOR,924,1716
8325,State Board of Education,ACTOR,924,1716
8326,Nebraska,OTHER,924,1716
8327,Managed Care Reform and Patient Rights Act,LEGAL_SOURCE,925,1721
8328,Department of Insurance,ACTOR,925,1721
8329,Health Utilization Management Standards,REQUIREMENT,925,1721
8330,licensed physicians,ACTOR,925,1721
8331,health care plans,ACTOR,925,1721
8332,Department,ACTOR,925,1721
8333,algorithmic automated processes,TECHNOLOGY,925,1721
8334,utilization review programs,REQUIREMENT,925,1721
8335,penal law,LEGAL_SOURCE,926,1525
8336,digitization,TECHNOLOGY,926,1525
8337,intimate images,OTHER,926,1525
8338,election law,LEGAL_SOURCE,927,1526
8339,materially deceptive media,TECHNOLOGY,927,1526
8340,courts,DOMAIN,927,1526
8341,federal law,LEGAL_SOURCE,927,1526
8342,political communications,REQUIREMENT,927,1526
8343,satire,RISK,927,1526
8344,bona fide news reporting,LEGAL_SOURCE,927,1526
8345,artificial intelligence,TECHNOLOGY,928,276
8346,hardware,TECHNOLOGY,928,276
8347,software,TECHNOLOGY,928,276
8348,ballots,LEGAL_SOURCE,928,276
8349,Arizona,OTHER,928,276
8350,Sustainable Development Goals,LEGAL_SOURCE,929,1152
8351,AI systems,TECHNOLOGY,929,1152
8352,Member States,ACTOR,929,1152
8353,human rights,RISK,929,1152
8354,developing countries,ACTOR,929,1152
8355,UN entities,ACTOR,929,1152
8356,data governance,LEGAL_SOURCE,929,1152
8357,international cooperation,LEGAL_SOURCE,929,1152
8358,Washington D.C.,OTHER,930,281
8359,Attorney General,ACTOR,930,281
8360,algorithmic decision-making tools,TECHNOLOGY,930,281
8361,algorithmic determination,TECHNOLOGY,930,281
8362,DC government,ACTOR,930,281
8363,personal information,OTHER,930,281
8364,civil action,REQUIREMENT,930,281
8365,audit,LIFECYCLE_STAGE,930,281
8366,discriminatory effects,RISK,930,281
8367,adverse action,REQUIREMENT,930,281
8368,fines,OTHER,930,281
8369,Tennessee Code,LEGAL_SOURCE,931,1531
8370,artificial intelligence,TECHNOLOGY,931,1531
8371,generative artificial intelligence,TECHNOLOGY,931,1531
8372,"July 1, 2024",LEGAL_SOURCE,931,1531
8373,Right of Publicity Act,LEGAL_SOURCE,932,1504
8374,Illinois,OTHER,932,1504
8375,artificial intelligence,TECHNOLOGY,932,1504
8376,generative AI,TECHNOLOGY,932,1504
8377,digital replica,TECHNOLOGY,932,1504
8378,federal law,LEGAL_SOURCE,932,1504
8379,Office of Artificial Intelligence Policy,ACTOR,933,1726
8380,AI Learning Laboratory Program,REQUIREMENT,933,1726
8381,regulatory mitigation agreements,REQUIREMENT,933,1726
8382,generative AI,TECHNOLOGY,933,1726
8383,consumer harm,RISK,933,1726
8384,privacy breaches,RISK,933,1726
8385,unauthorized data usage,RISK,933,1726
8386,"May 1, 2024",LEGAL_SOURCE,933,1726
8387,"May 1, 2025",LEGAL_SOURCE,933,1726
8388,generative artificial intelligence,TECHNOLOGY,934,1725
8389,Division of Consumer Protection,ACTOR,934,1725
8390,attorney general,ACTOR,934,1725
8391,disclosure,OTHER,934,1725
8392,consumer protection laws,LEGAL_SOURCE,934,1725
8393,civil penalties,OTHER,934,1725
8394,Innovation in Artificial Intelligence Grant Pilot Program,REQUIREMENT,935,1728
8395,AI courses,DOMAIN,935,1728
8396,K-12 students,ACTOR,935,1728
8397,public or private schools,ACTOR,935,1728
8398,Section 63N-1a-306,LEGAL_SOURCE,935,1728
8399,Road Optimization and Assessment Data Road Pilot Program,REQUIREMENT,936,1481
8400,Machine Learning,TECHNOLOGY,936,1481
8401,Artificial Intelligence,TECHNOLOGY,936,1481
8402,Monongalia,OTHER,936,1481
8403,Preston Counties,OTHER,936,1481
8404,Commissioner of Highways,ACTOR,936,1481
8405,Division of Highways,ACTOR,936,1481
8406,GPS,TECHNOLOGY,936,1481
8407,laser measuring systems,TECHNOLOGY,936,1481
8408,reflectometer systems,TECHNOLOGY,936,1481
8409,legislative commission,ACTOR,937,1729
8410,firearm technology,TECHNOLOGY,937,1729
8411,personalized technologies,TECHNOLOGY,937,1729
8412,microstamp technologies,TECHNOLOGY,937,1729
8413,machine learning,TECHNOLOGY,937,1729
8414,artificial intelligence,TECHNOLOGY,937,1729
8415,tax incentive program,LEGAL_SOURCE,937,1729
8416,"March 1, 2025",LEGAL_SOURCE,937,1729
8417,Department of Education,ACTOR,938,1730
8418,Commissioner of Education,ACTOR,938,1730
8419,AI education tool pilot program,REQUIREMENT,938,1730
8420,AI tool,TECHNOLOGY,938,1730
8421,Family Educational Rights and Privacy Act,LEGAL_SOURCE,938,1730
8422,student data privacy,RISK,938,1730
8423,educators,ACTOR,938,1730
8424,workforce development,DOMAIN,938,1730
8425,computer-generated images,TECHNOLOGY,939,1532
8426,intimate images,OTHER,939,1532
8427,law enforcement,DOMAIN,939,1532
8428,internet service providers,ACTOR,939,1532
8429,sexual extortion,RISK,939,1532
8430,counterfeit intimate images,TECHNOLOGY,939,1532
8431,"May 1, 2024",LEGAL_SOURCE,939,1532
8432,Civil Remedies for Nonconsensual Dissemination of Private Sexual Images Act,LEGAL_SOURCE,940,1501
8433,depicted individual,ACTOR,940,1501
8434,consent,RISK,940,1501
8435,law enforcement,DOMAIN,940,1501
8436,interactive computer services,TECHNOLOGY,940,1501
8437,injunctive relief,REQUIREMENT,940,1501
8438,digitally altered images,TECHNOLOGY,940,1501
8439,deepfakes,TECHNOLOGY,941,1519
8440,AI,TECHNOLOGY,941,1519
8441,Attorney General,ACTOR,941,1519
8442,bona fide news reporting,LEGAL_SOURCE,941,1519
8443,satire,RISK,941,1519
8444,"July 1, 2024",LEGAL_SOURCE,941,1519
8445,injunctive relief,REQUIREMENT,941,1519
8446,fines,OTHER,941,1519
8447,imprisonment,OTHER,941,1519
8448,Indiana law,LEGAL_SOURCE,942,1416
8449,computer generated image,TECHNOLOGY,942,1416
8450,artificial intelligence,TECHNOLOGY,942,1416
8451,unmanned aerial vehicles,TECHNOLOGY,942,1416
8452,remote aerial voyeurism,RISK,942,1416
8453,court orders,REQUIREMENT,942,1416
8454,criminal investigations,DOMAIN,942,1416
8455,child sexual abuse,RISK,942,1416
8456,bankruptcy proceedings,REQUIREMENT,942,1416
8457,Washington state law,LEGAL_SOURCE,943,1537
8458,digitization,TECHNOLOGY,943,1537
8459,artificial intelligence,TECHNOLOGY,943,1537
8460,fabricated depiction,TECHNOLOGY,943,1537
8461,interactive computer services,TECHNOLOGY,943,1537
8462,telecommunications providers,ACTOR,943,1537
8463,law enforcement,DOMAIN,943,1537
8464,civil remedies,REQUIREMENT,943,1537
8465,economic damages,RISK,943,1537
8466,punitive damages,OTHER,943,1537
8467,Civil Remedies for Nonconsensual Dissemination of Private Sexual Images Act,LEGAL_SOURCE,944,1505
8468,digitally altered sexual image,TECHNOLOGY,944,1505
8469,law enforcement,DOMAIN,944,1505
8470,medical education,DOMAIN,944,1505
8471,public figure,ACTOR,944,1505
8472,political message,LEGAL_SOURCE,944,1505
8473,AI safety,RISK,945,1194
8474,AI Safety Institutes,ACTOR,945,1194
8475,Safety Assurance Framework,REQUIREMENT,945,1194
8476,AI incidents,RISK,945,1194
8477,post-deployment monitoring,LIFECYCLE_STAGE,945,1194
8478,independent audits,LIFECYCLE_STAGE,945,1194
8479,AI systems,TECHNOLOGY,945,1194
8480,Emergency Preparedness Agreements,LEGAL_SOURCE,945,1194
8481,AI developers,ACTOR,945,1194
8482,global AI safety and verification research,LIFECYCLE_STAGE,945,1194
8483,AI systems,TECHNOLOGY,946,1195
8484,AI development,LIFECYCLE_STAGE,946,1195
8485,AI governance,OTHER,946,1195
8486,weapons of mass destruction,DOMAIN,946,1195
8487,cyberattacks,RISK,946,1195
8488,advanced AI models,TECHNOLOGY,946,1195
8489,government oversight,OTHER,946,1195
8490,multilateral institutions,ACTOR,946,1195
8491,AGI development,TECHNOLOGY,946,1195
8492,AI safety research,LIFECYCLE_STAGE,946,1195
8493,AI models,TECHNOLOGY,947,1196
8494,government visibility,OTHER,947,1196
8495,AI incidents,RISK,947,1196
8496,AI developers,ACTOR,947,1196
8497,information security,RISK,947,1196
8498,model safety,RISK,947,1196
8499,rapid and safe shut-down procedures,REQUIREMENT,947,1196
8500,AI alignment,RISK,947,1196
8501,malicious actors,RISK,947,1196
8502,AI safety research,LIFECYCLE_STAGE,947,1196
8503,governance institutions,ACTOR,947,1196
