name,category,doc_id,id
"One Big Beautiful Bill Act 2025, Section 43201 (""Artificial intelligence and information technology modernization initiative"")",LEGAL_SOURCE,1,0
Department of Commerce,ACTOR,907,1
federal,ACTOR,915,2
AI,TECHNOLOGY,947,3
automation technologies,TECHNOLOGY,809,4
AI models,TECHNOLOGY,947,5
cybersecurity,RISK,922,6
state and local governments,ACTOR,702,7
laws,LEGAL_SOURCE,938,8
AI deployment,LIFECYCLE_STAGE,914,9
federally mandated,REQUIREMENT,1,10
California Executive Order N-12-23,LEGAL_SOURCE,2,11
California's Government Operations Agency,ACTOR,2,12
report,LEGAL_SOURCE,935,13
Governor,ACTOR,914,14
GenAI,TECHNOLOGY,934,15
California Cybersecurity Integration Center,ACTOR,2,16
energy infrastructure,DOMAIN,2,17
public,ACTOR,945,18
California,GEOGRAPHIC,470,19
training guidelines,LEGAL_SOURCE,2,20
guidelines,LEGAL_SOURCE,923,21
pilot project infrastructure,REQUIREMENT,2,22
UC Berkeley,ACTOR,2,23
Stanford,ACTOR,2,24
civil society,ACTOR,803,25
academia,ACTOR,913,26
industry experts,ACTOR,181,27
California Senate Bill 1288 (2024),LEGAL_SOURCE,3,28
Superintendent of Public Instruction,ACTOR,3,29
working group,REQUIREMENT,902,30
public schools,DOMAIN,3,31
model policy,LEGAL_SOURCE,3,32
AI use,LEGAL_SOURCE,938,33
education,DOMAIN,938,34
students,ACTOR,924,35
educators,ACTOR,938,36
stakeholders,ACTOR,945,37
public school teachers,ACTOR,3,38
schoolsite administrators,ACTOR,3,39
technologies,TECHNOLOGY,941,40
educational,DOMAIN,829,41
public meetings,REQUIREMENT,514,42
communities of practice,REQUIREMENT,3,43
Legislature,ACTOR,399,44
California (2023-2024) AB 96,LEGAL_SOURCE,4,45
public transit employers,EMPLOYMENT,4,46
exclusive employee representative,ACTOR,4,47
autonomous transit vehicle technology,TECHNOLOGY,4,48
collective bargaining,LEGAL_SOURCE,650,49
the public,ACTOR,943,50
autonomous,TECHNOLOGY,867,51
technology,DOMAIN,938,52
workers,EMPLOYMENT,900,53
labor,EMPLOYMENT,849,54
Public Employment Relations Board,ACTOR,4,55
jurisdiction,GEOGRAPHIC,891,56
unfair practice charges,ACCOUNTABILITY,4,57
board,ACTOR,925,58
regulations,LEGAL_SOURCE,946,59
emergency regulations,LEGAL_SOURCE,4,60
California SJR 6,LEGAL_SOURCE,5,61
President,ACTOR,846,62
Congress,ACTOR,827,63
Artificial Intelligence Advisory Committee,REQUIREMENT,5,64
artificial intelligence policy,LEGAL_SOURCE,5,65
federal government,ACTOR,860,66
workforce,DOMAIN,938,67
ethical standards,REQUIREMENT,879,68
AI development,LIFECYCLE_STAGE,946,69
employment,EMPLOYMENT,930,70
regulatory response,LEGAL_SOURCE,5,71
California Assembly Bill 1831 (2024),LEGAL_SOURCE,6,72
CSAM,RISK,942,73
machine-based system,TECHNOLOGY,931,74
Penal Code,LEGAL_SOURCE,6,75
penalties,PENALTY,942,76
children,ACTOR,943,77
felony,PENALTY,943,78
imprisonment,PENALTY,941,79
fines,PENALTY,941,80
government,ACTOR,914,81
law enforcement agencies,ACTOR,944,82
medical,DOMAIN,943,83
scientific,LIFECYCLE_STAGE,873,84
training,REQUIREMENT,935,85
Senate Bill 1381,LEGAL_SOURCE,6,86
"January 1, 2025",LEGAL_SOURCE,932,87
California Senate Bill 1381 (2024),LEGAL_SOURCE,7,88
AI-generated depictions,TECHNOLOGY,905,89
AI-generated content,TECHNOLOGY,912,90
forfeiture,ACCOUNTABILITY,561,91
city,GEOGRAPHIC,246,92
county,GEOGRAPHIC,248,93
state officials,ACTOR,913,94
AI-generated materials,TECHNOLOGY,839,95
act,LEGAL_SOURCE,939,96
AB 1831,LEGAL_SOURCE,7,97
California AB 2839 (2024),LEGAL_SOURCE,8,98
elections,ACTOR,941,99
deepfakes,TECHNOLOGY,941,100
disclosures,TRANSPARENCY,943,101
candidates,ACTOR,941,102
transparency,TRANSPARENCY,900,103
election officials,ACTOR,918,104
injunctive relief,ACCOUNTABILITY,941,105
broadcasting stations,ACTOR,890,106
liability,ACCOUNTABILITY,944,107
bona fide news coverage,LEGAL_SOURCE,892,108
compliance,REQUIREMENT,946,109
federal laws,LEGAL_SOURCE,604,110
deepfake,TECHNOLOGY,920,111
advertisement,DOMAIN,188,112
urgency clause,LEGAL_SOURCE,8,113
AI-driven disinformation,RISK,230,114
California 2023 SCR 17 (Relative to AI),LEGAL_SOURCE,9,115
California Legislature,ACTOR,282,116
President Biden,ACTOR,837,117
Blueprint for an AI Bill of Rights,LEGAL_SOURCE,832,118
Safe and Effective Systems,RISK,9,119
discrimination,RISK,916,120
privacy,RISK,901,121
Notice and Explanation,TRANSPARENCY,9,122
Human Alternatives,RISK,9,123
AI-related policies,LEGAL_SOURCE,359,124
Secretary of the Senate,ACTOR,9,125
California AB 2885 (2024),LEGAL_SOURCE,10,126
California Department of Technology,ACTOR,855,127
inventory,LEGAL_SOURCE,913,128
high-risk automated decision systems,TECHNOLOGY,282,129
state governments,ACTOR,914,130
data,PERSONAL_DATA,938,131
risk mitigation measures,REQUIREMENT,908,132
annual report,LEGAL_SOURCE,913,133
high-risk systems,RISK,866,134
legislative committees,ACTOR,807,135
housing,DOMAIN,930,136
testing and evaluation,LIFECYCLE_STAGE,945,137
governance,ACCOUNTABILITY,946,138
public reporting,TRANSPARENCY,804,139
automation,TECHNOLOGY,850,140
economic development subsidies,REQUIREMENT,10,141
warehouse distribution centers,DOMAIN,10,142
job effects,EMPLOYMENT,10,143
public access,TRANSPARENCY,731,144
"California AB 2355 (2024), Section 8",LEGAL_SOURCE,11,145
disclosure,TRANSPARENCY,940,146
Government Code,LEGAL_SOURCE,11,147
rights,RISK,930,148
Section 230 of Title 47 of the U.S. Code,LEGAL_SOURCE,11,149
interactive service providers,ACTOR,11,150
Commission,ACTOR,913,151
administrative or civil remedies,ACCOUNTABILITY,11,152
disclosure requirements,REQUIREMENT,887,153
misdemeanor,PENALTY,943,154
California AB 1836,LEGAL_SOURCE,12,155
California Civil Code,LEGAL_SOURCE,12,156
consent,RISK,943,157
AI-generated digital replicas,TECHNOLOGY,12,158
unauthorized use,REQUIREMENT,529,159
satire,RISK,941,160
posthumous rights,LEGAL_SOURCE,12,161
Department of State,ACTOR,920,162
public records,LEGAL_SOURCE,12,163
law,LEGAL_SOURCE,944,164
Budget Act of 2024,LEGAL_SOURCE,13,165
staff,ACTOR,921,166
Executive Order N-12-23,LEGAL_SOURCE,13,167
budget,LEGAL_SOURCE,636,168
GenAI pilot projects,REQUIREMENT,161,169
personal information,PERSONAL_DATA,930,170
Civil Code Section 1798.3,LEGAL_SOURCE,13,171
sensitive personal information,SENSITIVE_DATA,13,172
educational records,SENSITIVE_DATA,13,173
medical information,SENSITIVE_DATA,372,174
California's GenAI Guidelines,LEGAL_SOURCE,13,175
de-identified data,PERSONAL_DATA,685,176
research,LIFECYCLE_STAGE,947,177
pilot program,REQUIREMENT,938,178
California Senate Bill 942 (2024),LEGAL_SOURCE,14,179
California AI Transparency Act,LEGAL_SOURCE,14,180
providers,ACTOR,934,181
AI detection tools,TECHNOLOGY,14,182
system provenance data,TRANSPARENCY,14,183
personal provenance data,RISK,14,184
users,ACTOR,904,185
licenses,REQUIREMENT,755,186
civil penalties,PENALTY,934,187
entertainment products,DOMAIN,14,188
California Senate Bill 1120 (2024),LEGAL_SOURCE,15,189
health care service plans,DOMAIN,15,190
disability insurers,DOMAIN,15,191
AI tools,TECHNOLOGY,924,192
clinical data,SENSITIVE_DATA,410,193
datasets,TECHNOLOGY,860,194
healthcare,DOMAIN,861,195
licensed professionals,ACTOR,15,196
state and federal laws,LEGAL_SOURCE,159,197
audits,ACCOUNTABILITY,947,198
accuracy,REQUIREMENT,937,199
reliability,RISK,882,200
misuse,RISK,881,201
patient,RISK,925,202
privacy laws,RISK,938,203
AI usage policies,LEGAL_SOURCE,921,204
California Assembly Bill 2876 (2024),LEGAL_SOURCE,16,205
commission,ACTOR,937,206
AI literacy,DOMAIN,790,207
"mathematics, science, and history-social science curriculum frameworks",LEGAL_SOURCE,16,208
mathematics,DOMAIN,917,209
science,DOMAIN,917,210
state board,ACTOR,16,211
ethical considerations,LEGAL_SOURCE,728,212
media literacy,DOMAIN,727,213
English language arts and English language development,DOMAIN,16,214
"Further Continuing Appropriations and Disaster Relief Supplemental Appropriations Act 2025 (Title IX ""Take It Down Act"")",LEGAL_SOURCE,17,215
Communications Act of 1934,LEGAL_SOURCE,781,216
nonconsensual intimate visual depictions,RISK,18,217
covered platforms,TECHNOLOGY,488,218
user-generated content,DOMAIN,18,219
FTC,ACTOR,760,220
restitution,ACCOUNTABILITY,17,221
TAKE IT DOWN Act,LEGAL_SOURCE,18,222
targeting,TECHNOLOGY,910,223
Act,LEGAL_SOURCE,944,224
platforms,ACTOR,927,225
lawful or investigative purposes,DOMAIN,18,226
public websites or applications,DOMAIN,18,227
California Assembly Bill 2013 (2024),LEGAL_SOURCE,19,228
developer,ACTOR,861,229
synthetic data generation,TECHNOLOGY,19,230
developers,ACTOR,947,231
training data documentation,LEGAL_SOURCE,19,232
documentation,LEGAL_SOURCE,936,233
intellectual property,LEGAL_SOURCE,885,234
AI systems,TECHNOLOGY,947,235
security,RISK,878,236
aircraft,TECHNOLOGY,785,237
national airspace,GEOGRAPHIC,658,238
national security and defense,DOMAIN,19,239
federal entities,ACTOR,557,240
California Assembly Bill 2905 (2024),LEGAL_SOURCE,20,241
Public Utilities Code,LEGAL_SOURCE,20,242
automatic dialing-announcing devices,TECHNOLOGY,20,243
organization,ACTOR,613,244
artificial voice,TECHNOLOGY,20,245
California Assembly Bill 3030 (2024),LEGAL_SOURCE,21,246
health,DOMAIN,897,247
communications,TECHNOLOGY,923,248
disclaimer,LEGAL_SOURCE,906,249
video communications,LEGAL_SOURCE,887,250
licensed health care provider,DOMAIN,21,251
disclaimer requirements,REQUIREMENT,927,252
"Servicemember Quality of Life Improvement and National Defense Authorization Act for Fiscal Year 2025, Section 222 (""Modification to artificial intelligence education strategy"")",LEGAL_SOURCE,22,253
National Defense Authorization Act for Fiscal Year 2020,LEGAL_SOURCE,22,254
AI and machine learning,TECHNOLOGY,754,255
Chief Digital and Artificial Intelligence Officer,ACTOR,331,256
DoD,ACTOR,915,257
Under Secretary of Defense for Personnel and Readiness,ACTOR,22,258
ethical,RISK,900,259
Armed Forces,DOMAIN,878,260
National Defense Authorization Act for Fiscal Year 2025,LEGAL_SOURCE,22,261
Department of Defense,ACTOR,790,262
congressional defense committees,ACTOR,494,263
"Servicemember Quality of Life Improvement and National Defense Authorization Act for Fiscal Year 2025, Section 1066 (""Reports on approval and deployment of lethal autonomous weapon systems"")",LEGAL_SOURCE,23,264
annual reports,LEGAL_SOURCE,782,265
autonomous weapon systems,TECHNOLOGY,191,266
Secretary,ACTOR,907,267
reports,LEGAL_SOURCE,944,268
classified annex,LEGAL_SOURCE,668,269
Foreign Investment Guardrails to Help Thwart (FIGHT) China Act,LEGAL_SOURCE,24,270
sanctions,LEGAL_SOURCE,827,271
Chinese entities,ACTOR,668,272
defense,DOMAIN,941,273
surveillance,REQUIREMENT,804,274
International Emergency Economic Powers Act,LEGAL_SOURCE,688,275
U.S.,GEOGRAPHIC,863,276
prohibited technologies,TECHNOLOGY,421,277
national security,DOMAIN,886,278
China,GEOGRAPHIC,882,279
U.S. persons,ACTOR,774,280
Non-SDN Chinese Military-Industrial Complex Companies List,LEGAL_SOURCE,24,281
congressional notification,ACCOUNTABILITY,614,282
framework,LEGAL_SOURCE,910,283
public database,LEGAL_SOURCE,664,284
foreign persons,ACTOR,688,285
sensitive information,SENSITIVE_DATA,590,286
Department of the Treasury,ACTOR,766,287
authorities,ACTOR,945,288
S257 Promoting Resilient Supply Chains Act of 2025,LEGAL_SOURCE,25,289
Assistant Secretary of Commerce,ACTOR,599,290
supply chains,REQUIREMENT,793,291
emerging technologies,TECHNOLOGY,877,292
U.S. national security,GEOGRAPHIC,684,293
Supply Chain Resilience Working Group,REQUIREMENT,255,294
federal agencies,ACTOR,837,295
Assistant Secretary,ACTOR,686,296
manufacturing,TECHNOLOGY,937,297
supply chain,REQUIREMENT,720,298
evaluations,LIFECYCLE_STAGE,946,299
H2444 Promoting Resilient Supply Chains Act of 2025,LEGAL_SOURCE,26,300
government entities,ACTOR,637,301
national security risks,RISK,774,302
critical goods,REQUIREMENT,599,303
public disclosure,TRANSPARENCY,710,304
Freedom of Information Act,LEGAL_SOURCE,26,305
strategy reports,LEGAL_SOURCE,577,306
Next Generation Pipelines Research and Development Act,LEGAL_SOURCE,555,307
pipeline technologies,TECHNOLOGY,555,308
AI-driven advancements,TECHNOLOGY,27,309
ML,TECHNOLOGY,937,310
monitoring,LIFECYCLE_STAGE,879,311
2030,REQUIREMENT,854,312
Department of Energy,ACTOR,728,313
models,TECHNOLOGY,876,314
pipeline systems,TECHNOLOGY,653,315
National Pipeline Modernization Center,ACTOR,555,316
AI-assisted pipeline technologies,TECHNOLOGY,27,317
infrastructure,REQUIREMENT,929,318
NIST,ACTOR,847,319
standards,REQUIREMENT,945,320
pipeline safety,RISK,27,321
energy,TECHNOLOGY,865,322
programs,REQUIREMENT,925,323
Promoting United States Leadership in Standards Act of 2025,LEGAL_SOURCE,28,324
AI standards,REQUIREMENT,871,325
U.S. industry,ACTOR,666,326
grants,REQUIREMENT,935,327
program,REQUIREMENT,935,328
fiscal years 2024 through 2028,REQUIREMENT,666,329
Leading Ethical AI Development (LEAD) for Kids Act,LEGAL_SOURCE,29,330
LEAD for Kids Standards Board,ACTOR,29,331
AI developers,ACTOR,947,332
risk assessments,REQUIREMENT,886,333
children's health,DOMAIN,29,334
safety,RISK,945,335
informed consent,RISK,814,336
states,ACTOR,945,337
biometric identification,SENSITIVE_DATA,802,338
independent audits,LIFECYCLE_STAGE,945,339
employees,ACTOR,936,340
Attorney General,ACTOR,941,341
private right of action,REQUIREMENT,760,342
LEAD for Kids AI Fund,DOMAIN,29,343
"Department of Energy Quantum Leadership Act of 2025, Section 2 ""Department of Energy quantum information science research program""",LEGAL_SOURCE,30,344
National Quantum Initiative Act,LEGAL_SOURCE,628,345
quantum technology,TECHNOLOGY,859,346
engineering,DOMAIN,917,347
National Quantum Information Science Research Centers,REQUIREMENT,628,348
quantum,TECHNOLOGY,628,349
plan,LEGAL_SOURCE,914,350
high-performance computing systems,TECHNOLOGY,618,351
quantum high-performance computing,TECHNOLOGY,628,352
R&D,LIFECYCLE_STAGE,868,353
university-led traineeship program,REQUIREMENT,243,354
Confucius Institute,ACTOR,30,355
foreign entities,ACTOR,774,356
TAME Extreme Weather and Wildfires Act,LEGAL_SOURCE,31,357
NOAA,ACTOR,783,358
weather forecasting,TECHNOLOGY,731,359
training data,TECHNOLOGY,861,360
AI weather models,TECHNOLOGY,731,361
AI applications,TECHNOLOGY,859,362
partnerships,ACTOR,935,363
academic,DOMAIN,938,364
environmental forecasting,REQUIREMENT,37,365
AI technologies,TECHNOLOGY,933,366
Responsible AI safety and education act,LEGAL_SOURCE,32,367
New York,GEOGRAPHIC,853,368
Responsible AI Safety and Education (RAISE) Act,LEGAL_SOURCE,32,369
AI frontier models,TECHNOLOGY,32,370
written safety and security protocol,REQUIREMENT,32,371
DHS,ACTOR,757,372
civil actions,REQUIREMENT,943,373
penalties up to $30 million,PENALTY,32,374
frontier AI models,TECHNOLOGY,847,375
New York State,GEOGRAPHIC,202,376
Artificial Intelligence and Critical Technology Workforce Framework Act of 2025,LEGAL_SOURCE,33,377
critical and emerging technologies,TECHNOLOGY,559,378
industry,ACTOR,888,379
AI workforce frameworks,REQUIREMENT,559,380
H.R.1851 Fighter Force Preservation and Recapitalization Act of 2025,LEGAL_SOURCE,34,381
U.S. Code,LEGAL_SOURCE,503,382
fighter aircraft,TECHNOLOGY,62,383
Air Force,ACTOR,331,384
Air National Guard,ACTOR,62,385
financial,RISK,933,386
F–16 Block 70,TECHNOLOGY,34,387
H.R.1569 CATCH Fentanyl Act,LEGAL_SOURCE,35,388
pilot projects,REQUIREMENT,644,389
U.S. land ports of entry,GEOGRAPHIC,35,390
nonintrusive inspection technology,TECHNOLOGY,35,391
private sector,ACTOR,913,392
cost-effectiveness,REQUIREMENT,673,393
data anonymization,RISK,35,394
civil liberties,RISK,886,395
impact assessments,LEGAL_SOURCE,902,396
Advancing Artificial Intelligence Education for American Youth,LEGAL_SOURCE,36,397
White House Task Force on Artificial Intelligence Education,REQUIREMENT,36,398
U.S. government,GEOGRAPHIC,885,399
OSTP,ACTOR,846,400
Task Force,REQUIREMENT,888,401
Federal,ACTOR,837,402
AI education,DOMAIN,790,403
Presidential Artificial Intelligence Challenge,REQUIREMENT,36,404
public-private partnerships,REQUIREMENT,860,405
K-12 AI education resources,DOMAIN,36,406
Department of Education,ACTOR,938,407
Department of Labor,ACTOR,782,408
AI skill development,DOMAIN,36,409
Workforce Innovation and Opportunity Act,LEGAL_SOURCE,780,410
Transformational Artificial intelligence to Modernize the Economy against Extreme Weather and Wildfires Act,LEGAL_SOURCE,37,411
AI adoption,REQUIREMENT,865,412
research entities,ACTOR,454,413
regional,GEOGRAPHIC,922,414
local,ACTOR,921,415
communication,TECHNOLOGY,934,416
weather data,TECHNOLOGY,674,417
Under Secretary,ACTOR,744,418
fiscal years 2026 to 2030,REQUIREMENT,37,419
Fair Grocery Pricing Act,LEGAL_SOURCE,38,420
food producers,ACTOR,38,421
algorithms,TECHNOLOGY,938,422
Sherman Act,LEGAL_SOURCE,747,423
antitrust laws,LEGAL_SOURCE,578,424
state attorneys general,ACTOR,752,425
pre-dispute arbitration agreements,LEGAL_SOURCE,760,426
joint action waivers,LEGAL_SOURCE,38,427
"Coast Guard Authorization Act of 2025, Subtitle C--""Matters Involving Uncrewed Systems""",LEGAL_SOURCE,39,428
National Advisory Committee on Autonomous Maritime Systems,REQUIREMENT,681,429
U.S. territorial waters,GEOGRAPHIC,681,430
small uncrewed maritime systems,TECHNOLOGY,39,431
Coast Guard,ACTOR,680,432
Automated and Autonomous Vessel Policy Council,ACTOR,39,433
uncrewed systems capabilities office,REQUIREMENT,39,434
counter-uncrewed system,TECHNOLOGY,39,435
"Wildfire Prevention Act of 2025, Section 302 ""Public-private wildfire technology deployment and testbed partnership.""",LEGAL_SOURCE,40,436
Department of Agriculture,ACTOR,788,437
covered agencies,ACTOR,885,438
quantum sensing,TECHNOLOGY,764,439
augmented reality,TECHNOLOGY,678,440
wildfire prevention and mitigation,REQUIREMENT,40,441
covered entities,ACTOR,726,442
technology testing and demonstration,REQUIREMENT,40,443
appropriate committees,ACTOR,678,444
Supporting Innovation in Agriculture Act of 2025,LEGAL_SOURCE,41,445
tax credit,LEGAL_SOURCE,772,446
Internal Revenue Code,LEGAL_SOURCE,462,447
precision agriculture,TECHNOLOGY,683,448
controlled environment agriculture,TECHNOLOGY,41,449
software,TECHNOLOGY,942,450
robotics,TECHNOLOGY,850,451
sensors,TECHNOLOGY,742,452
precision agriculture technologies,TECHNOLOGY,673,453
credit,DOMAIN,826,454
Department of Homeland Security Vehicular Terrorism Prevention and Mitigation Act of 2025,LEGAL_SOURCE,42,455
TSA,ACTOR,42,456
CISA,ACTOR,778,457
vehicular terrorism,RISK,42,458
connected and autonomous vehicles,TECHNOLOGY,42,459
ADAS technologies,TECHNOLOGY,42,460
AI-driven cybersecurity vulnerabilities,RISK,42,461
AI-enabled predictive analytics,TECHNOLOGY,42,462
vehicle immobilization technologies,TECHNOLOGY,42,463
intelligence sharing,REQUIREMENT,420,464
Leveraging Artificial Intelligence to Streamline the Code of Federal Regulations Act of 2025,LEGAL_SOURCE,43,465
OMB,ACTOR,751,466
AI system,TECHNOLOGY,947,467
accountability,ACCOUNTABILITY,910,468
Title 5 of the United States Code,LEGAL_SOURCE,43,469
Promoting Precision Agriculture Act of 2025,LEGAL_SOURCE,44,470
FCC,ACTOR,741,471
voluntary interconnectivity standards,REQUIREMENT,500,472
advanced wireless technology,TECHNOLOGY,500,473
GAO,ACTOR,792,474
Senate and House committees,ACTOR,706,475
"One Big Beautiful Bill Act 2025, Section 60003 (""U.S. Customs and Border Protection technology, vetting activities, and other efforts to enhance border security"")",LEGAL_SOURCE,45,476
CBP,ACTOR,696,477
U.S. borders,GEOGRAPHIC,704,478
surveillance towers,TECHNOLOGY,45,479
autonomous capabilities,TECHNOLOGY,530,480
computing,TECHNOLOGY,737,481
Health Tech Investment Act,LEGAL_SOURCE,46,482
Social Security Act,LEGAL_SOURCE,786,483
algorithm,TECHNOLOGY,930,484
Medicare,ACTOR,787,485
Department of Health and Human Services,ACTOR,787,486
manufacturers,ACTOR,907,487
FDA,ACTOR,519,488
2022 Medicare rule,LEGAL_SOURCE,46,489
"H.R.1142 - To amend the Public Health Service Act to direct the Secretary of Health and Human Services to establish drug adherence guidelines, and for other purposes.",LEGAL_SOURCE,47,490
Public Health Service Act,LEGAL_SOURCE,794,491
biosimilar drugs,DOMAIN,47,492
Copyright and Artificial Intelligence Part 3: Generative AI Training Report Pre-Publication Version 2025,LEGAL_SOURCE,48,493
licensing agreements,LEGAL_SOURCE,162,494
AI training,LIFECYCLE_STAGE,823,495
copyright,LEGAL_SOURCE,752,496
collective licensing,REQUIREMENT,48,497
licensing,LEGAL_SOURCE,847,498
Extended Collective Licensing,LEGAL_SOURCE,48,499
Department of Justice,ACTOR,523,500
antitrust,LEGAL_SOURCE,48,501
AI law,LEGAL_SOURCE,48,502
Copyright and Artificial Intelligence Part 1: Digital Replicas July 2024,LEGAL_SOURCE,49,503
digital replicas,TECHNOLOGY,932,504
monetary damages,PENALTY,49,505
secondary liability,ACCOUNTABILITY,49,506
safe harbor,LEGAL_SOURCE,704,507
First Amendment,LEGAL_SOURCE,529,508
state laws,LEGAL_SOURCE,850,509
state rights of publicity,LEGAL_SOURCE,49,510
U.S. Copyright Office,ACTOR,664,511
courts,ACTOR,927,512
executive branch,ACTOR,550,513
AI governance,LEGAL_SOURCE,883,514
"One Big Beautiful Bill Act 2025, Section 100001 (""Coast guard assets necessary to secure the maritime border and interdict migrants and drugs"")",LEGAL_SOURCE,50,515
unmanned aircraft systems,DOMAIN,658,516
maritime domain awareness equipment,TECHNOLOGY,50,517
autonomous maritime systems,TECHNOLOGY,50,518
United States Code,LEGAL_SOURCE,792,519
reporting requirements,REQUIREMENT,792,520
expenditure plan,LEGAL_SOURCE,50,521
Congressional committees,ACTOR,759,522
Emerging Innovative Border Technologies Act,LEGAL_SOURCE,661,523
border security,REQUIREMENT,696,524
privacy impacts,RISK,51,525
CBP Innovation Teams,REQUIREMENT,661,526
Innovation Teams,REQUIREMENT,661,527
technology acquisition and integration,TECHNOLOGY,51,528
border security operations,ACTOR,661,529
"Western Wildfire Support Act of 2025, Section 205 ""Study on modernizing wildfire response technologies""",LEGAL_SOURCE,52,530
radio communications systems,TECHNOLOGY,52,531
wildland fire,REQUIREMENT,691,532
prescribed fire operations,REQUIREMENT,52,533
real-time or near-real-time situational awareness tools,TECHNOLOGY,52,534
interoperability,REQUIREMENT,863,535
remote sensing,TECHNOLOGY,764,536
mapping capabilities,TECHNOLOGY,52,537
wildland fire predictive modeling,TECHNOLOGY,52,538
congressional committees,ACTOR,791,539
Healthy Technology Act of 2025,LEGAL_SOURCE,53,540
"Federal Food, Drug, and Cosmetic Act",LEGAL_SOURCE,745,541
state statutes,LEGAL_SOURCE,53,542
PATHS Act,LEGAL_SOURCE,724,543
Homeland Security Act of 2002,LEGAL_SOURCE,778,544
contract,REQUIREMENT,773,545
James M. Inhofe National Defense Authorization Act for Fiscal Year 2023,LEGAL_SOURCE,724,546
"One Big Beautiful Bill Act 2025, Section 20004 (""Enhancement of Department of Defense resources for munitions and defense supply chain resiliency"")",LEGAL_SOURCE,55,547
unmanned aerial systems,TECHNOLOGY,645,548
autonomy,RISK,910,549
AI capabilities,TECHNOLOGY,838,550
hypersonic strike programs,TECHNOLOGY,55,551
Department of Defense Credit Program,REQUIREMENT,55,552
critical mineral industries,REQUIREMENT,55,553
AI technology development,TECHNOLOGY,670,554
loans,DOMAIN,826,555
AI advancements,TECHNOLOGY,888,556
"One Big Beautiful Bill Act 2025, Section 20005 (""Enhancement of Department of Defense resources for scaling low-cost weapons into production"")",LEGAL_SOURCE,56,557
Test Resource Management Center,ACTOR,61,558
United States Cyber Command,ACTOR,369,559
AI initiatives,REQUIREMENT,749,560
digital test environment,TECHNOLOGY,56,561
Defense Innovation Unit,ACTOR,198,562
Quantum Benchmarking Initiative,REQUIREMENT,56,563
autonomous military capabilities,TECHNOLOGY,56,564
AI projects,TECHNOLOGY,728,565
"One Big Beautiful Bill Act 2025, Section 112204 (""Implementing artificial intelligence tools for purposes of reducing and recouping improper payments under Medicare"")",LEGAL_SOURCE,57,566
artificial intelligence tools,TECHNOLOGY,273,567
AI vendors,ACTOR,767,568
data scientists,ACTOR,57,569
report to Congress,LEGAL_SOURCE,790,570
AI implementation,LIFECYCLE_STAGE,756,571
Federal Hospital Insurance Trust Fund,REQUIREMENT,57,572
Federal Supplementary Medical Insurance Trust Fund,REQUIREMENT,57,573
Duplicative Grant Consolidation Act,LEGAL_SOURCE,58,574
NSF,ACTOR,797,575
Federal grant applications,LEGAL_SOURCE,58,576
applicant,ACTOR,286,577
"waste, fraud, and abuse",ACCOUNTABILITY,435,578
grant application process,REQUIREMENT,58,579
AI technology,TECHNOLOGY,868,580
Nondiscrimination in Health Programs and Activities,LEGAL_SOURCE,59,581
"discriminating based on race, color, national origin, sex, age, or disability",RISK,59,582
patient care decision support tools,TECHNOLOGY,59,583
health programs or activities,DOMAIN,59,584
race,SENSITIVE_DATA,930,585
sex,SENSITIVE_DATA,930,586
discrimination risks,RISK,171,587
United States-Israel Defense Partnership Act of 2025,LEGAL_SOURCE,60,588
Israel,GEOGRAPHIC,596,589
National Intelligence,ACTOR,630,590
intellectual property rights,LEGAL_SOURCE,882,591
Irregular Warfare Technology Support Directorate,ACTOR,60,592
"One Big Beautiful Bill Act 2025, Section 20002 (""Enhancement of Department of Defense resources for shipbuilding"")",LEGAL_SOURCE,61,593
naval shipbuilding,DOMAIN,61,594
unmanned surface vessel,TECHNOLOGY,61,595
unmanned underwater vehicle,TECHNOLOGY,61,596
maritime robotic autonomous systems,TECHNOLOGY,61,597
robotic autonomous systems proving ground,REQUIREMENT,61,598
wave-powered unmanned underwater vehicles,TECHNOLOGY,61,599
Air National Guard Squadron Preservation Act of 2025,LEGAL_SOURCE,62,600
unmanned or autonomous capabilities,TECHNOLOGY,62,601
F-16,TECHNOLOGY,62,602
combatant commanders,ACTOR,62,603
IRONDOME Act of 2025,LEGAL_SOURCE,63,604
autonomous agents,TECHNOLOGY,63,605
cruise missiles,TECHNOLOGY,63,606
drones,TECHNOLOGY,830,607
"One Big Beautiful Bill Act 2025, Section 20006 (""Enhancement of Department of Defense resources for improving the efficiency and cybersecurity of the Department of Defense"")",LEGAL_SOURCE,64,608
financial statements,LEGAL_SOURCE,670,609
chapter 9A,LEGAL_SOURCE,64,610
"section 2222 of title 10, United States Code",LEGAL_SOURCE,64,611
"Servicemember Quality of Life Improvement and National Defense Authorization Act for Fiscal Year 2025, Section 1638 (""Sense of Congress with respect to use of artificial intelligence to support strategic deterrence"")",LEGAL_SOURCE,65,612
modeling,TECHNOLOGY,769,613
U.S. policy,LEGAL_SOURCE,720,614
nuclear safeguards,RISK,65,615
weapon system functionality,RISK,65,616
validation,LIFECYCLE_STAGE,815,617
command communications,TECHNOLOGY,65,618
employment decisions,EMPLOYMENT,857,619
"Servicemember Quality of Life Improvement and National Defense Authorization Act for Fiscal Year 2025, Section 1007 (""Use of technology using artificial intelligence to facilitate audit of the financial statements of the Department of Defense for fiscal year 2025"")",LEGAL_SOURCE,66,620
Army,ACTOR,326,621
Navy,ACTOR,370,622
Under Secretary of Defense for Research and Engineering,ACTOR,737,623
Inspector General,ACTOR,670,624
financial management,REQUIREMENT,707,625
enterprise business operations,REQUIREMENT,66,626
Texas Responsible Artificial Intelligence Governance Act (HB 149),LEGAL_SOURCE,67,627
Texas,GEOGRAPHIC,67,628
Texas Responsible Artificial Intelligence Governance Act,LEGAL_SOURCE,207,629
protected classes,RISK,845,630
Artificial Intelligence Council,ACTOR,207,631
regulatory sandbox program,REQUIREMENT,67,632
AI testing,LIFECYCLE_STAGE,221,633
consumers,ACTOR,900,634
complaints,ACCOUNTABILITY,889,635
social scoring,RISK,207,636
consumer protections,LEGAL_SOURCE,827,637
"Servicemember Quality of Life Improvement and National Defense Authorization Act for Fiscal Year 2025, Section 233 (""Management and utilization of digital data to enhance maintenance activities"")",LEGAL_SOURCE,68,638
policies,LEGAL_SOURCE,921,639
digital data,TECHNOLOGY,68,640
ships,TECHNOLOGY,68,641
ground vehicles,TECHNOLOGY,68,642
data infrastructure,TECHNOLOGY,564,643
strategy,LEGAL_SOURCE,885,644
automated systems,TECHNOLOGY,855,645
vendors,ACTOR,767,646
open data,TECHNOLOGY,564,647
data transmission,TECHNOLOGY,68,648
high-speed technologies,TECHNOLOGY,68,649
secure methods,RISK,68,650
user interfaces,TECHNOLOGY,581,651
tagging systems,REQUIREMENT,68,652
classification policies,LEGAL_SOURCE,68,653
unauthorized access,RISK,825,654
Senate and House Armed Services Committees,ACTOR,543,655
policy development,LEGAL_SOURCE,921,656
"Servicemember Quality of Life Improvement and National Defense Authorization Act for Fiscal Year 2025, Section 237 (""Pilot program on use of artificial intelligence for certain workflow and operations tasks"")",LEGAL_SOURCE,69,657
AI-enabled software,TECHNOLOGY,69,658
depots,ACTOR,761,659
shipyards,ACTOR,761,660
software platforms,TECHNOLOGY,761,661
enterprise data sources,TECHNOLOGY,69,662
Under Secretary of Defense for Acquisition and Sustainment,ACTOR,761,663
"Servicemember Quality of Life Improvement and National Defense Authorization Act for Fiscal Year 2025, Section 6504 (""Establishment of Artificial Intelligence Security Center"")",LEGAL_SOURCE,70,664
NSA,ACTOR,763,665
Artificial Intelligence Security Center,ACTOR,763,666
Cybersecurity Collaboration Center,ACTOR,763,667
counter-artificial intelligence techniques,RISK,763,668
artificial intelligence adoption practices,LEGAL_SOURCE,70,669
national security systems,DOMAIN,763,670
defense industrial base,DOMAIN,763,671
"Servicemember Quality of Life Improvement and National Defense Authorization Act for Fiscal Year 2025, Section 1069 (""Biodefense posture reviews"")",LEGAL_SOURCE,71,672
biodefense posture reviews,LEGAL_SOURCE,71,673
biodefense strategies,LEGAL_SOURCE,71,674
biological,RISK,769,675
cyber capabilities,TECHNOLOGY,597,676
biological attacks,RISK,71,677
"Servicemember Quality of Life Improvement and National Defense Authorization Act for Fiscal Year 2025, Section 1032 (""Competitive demonstration of large and extra large unmanned underwater vehicles"")",LEGAL_SOURCE,72,678
unmanned underwater vehicles,TECHNOLOGY,72,679
mission autonomy planning,TECHNOLOGY,72,680
Commander of the United States Indo-Pacific Command,ACTOR,72,681
"September 1, 2025",REQUIREMENT,207,682
underwater vehicle requirements,REQUIREMENT,72,683
modular payload integration,TECHNOLOGY,72,684
"Servicemember Quality of Life Improvement and National Defense Authorization Act for Fiscal Year 2025, Section 232 (""Expansion of participation in the Digital On-Demand Program"")",LEGAL_SOURCE,73,685
Digital On-Demand Program,REQUIREMENT,790,686
civilian,ACTOR,910,687
Department,ACTOR,925,688
data literacy,DOMAIN,567,689
digital platform,TECHNOLOGY,73,690
"Servicemember Quality of Life Improvement and National Defense Authorization Act for Fiscal Year 2025, Section 1515 (""Protective measures for mobile devices within the Department of Defense"")",LEGAL_SOURCE,74,691
mobile devices,TECHNOLOGY,74,692
anonymizing-enabling technologies,TECHNOLOGY,74,693
network-enabled content inspection,TECHNOLOGY,74,694
on-device VPNs,TECHNOLOGY,74,695
AI-based protection,TECHNOLOGY,74,696
smishing,RISK,74,697
phishing,RISK,74,698
cybersecurity architecture,REQUIREMENT,74,699
"Council of Europe Framework Convention on Artificial Intelligence and Human Rights, Democracy and the Rule of Law",LEGAL_SOURCE,75,700
human rights,RISK,929,701
democracy,RISK,675,702
rule of law,LEGAL_SOURCE,873,703
non-discrimination,RISK,902,704
human dignity,RISK,75,705
democratic processes,ACTOR,75,706
risk management,ACCOUNTABILITY,933,707
mitigation strategies,LEGAL_SOURCE,697,708
international cooperation,REQUIREMENT,947,709
compliance monitoring,LIFECYCLE_STAGE,75,710
accessible remedies,PENALTY,75,711
human rights violations,RISK,106,712
public consultation,TRANSPARENCY,708,713
digital literacy,DOMAIN,929,714
procedural safeguards,LEGAL_SOURCE,75,715
oversight mechanisms,ACCOUNTABILITY,83,716
artificial intelligence systems,TECHNOLOGY,622,717
international human rights law,LEGAL_SOURCE,929,718
Conference of the Parties,ACTOR,75,719
Security Management Measures for the Application of Facial Recognition Technology,LEGAL_SOURCE,76,720
facial recognition,TECHNOLOGY,229,721
facial information,SENSITIVE_DATA,76,722
algorithm training,LIFECYCLE_STAGE,76,723
individual rights,RISK,913,724
transparently,TRANSPARENCY,822,725
parental consent,RISK,531,726
personal information protection impact assessments,BENCHMARK,76,727
verification,LIFECYCLE_STAGE,945,728
cyberspace administrations,ACTOR,76,729
public security authorities,ACTOR,76,730
Illinois HB 0645,LEGAL_SOURCE,77,731
Illinois Future of Work Task Force,ACTOR,77,732
job standards,REQUIREMENT,77,733
working conditions,REQUIREMENT,77,734
Illinois,GEOGRAPHIC,944,735
employers,EMPLOYMENT,857,736
workforce development and training programs,REQUIREMENT,77,737
General Assembly,ACTOR,916,738
New York City Department of Consumer and Worker Protection Amendment to Rules of NY City (Use of Automated Employment Decisionmaking Tools),LEGAL_SOURCE,78,739
employment agencies,ACTOR,857,740
bias audit,LEGAL_SOURCE,800,741
Automated Employment Decision Tools,TECHNOLOGY,78,742
AEDTs,TECHNOLOGY,78,743
bias audits,RISK,268,744
race/ethnicity,SENSITIVE_DATA,78,745
bias audit summaries,LEGAL_SOURCE,78,746
data retention policies,LEGAL_SOURCE,78,747
National Standard of the People’s Republic of China: Cybersecurity Technology – Basic Safety Requirements for Generative Artificial Intelligence Services (Draft for Feedback),LEGAL_SOURCE,79,748
safety requirements,REQUIREMENT,882,749
generative AI services,TECHNOLOGY,882,750
model safety,RISK,947,751
safety assessments,LIFECYCLE_STAGE,882,752
personal information consent,RISK,79,753
security audits,LIFECYCLE_STAGE,79,754
malicious attacks,RISK,79,755
content accuracy,TRANSPARENCY,882,756
personal data usage,PERSONAL_DATA,79,757
service continuity,RISK,79,758
parental controls,LEGAL_SOURCE,79,759
user consent,RISK,804,760
banks of unsafe key words,REQUIREMENT,79,761
JSP 936 V1.1 Dependable Artificial Intelligence (AI) in Defence (part 1: directive),LEGAL_SOURCE,80,762
Ministry of Defence,ACTOR,80,763
Responsible Officers,ACTOR,80,764
Defence,DOMAIN,80,765
JSP,LEGAL_SOURCE,80,766
AI Ethical Principles,LEGAL_SOURCE,80,767
Executives,ACTOR,248,768
Governance,ACCOUNTABILITY,80,769
UK National AI Strategy,LEGAL_SOURCE,80,770
AI security,RISK,879,771
security monitoring,RISK,874,772
ethical risks,RISK,873,773
AI legal considerations,LEGAL_SOURCE,80,774
AI-specific requirements,REQUIREMENT,80,775
Framework for Artificial Intelligence Diffusion,LEGAL_SOURCE,81,776
export controls,LEGAL_SOURCE,827,777
licensing requirements,REQUIREMENT,866,778
AI chips,TECHNOLOGY,81,779
Data Center Validated End User,REQUIREMENT,81,780
DC VEU,REQUIREMENT,81,781
AI infrastructure,TECHNOLOGY,883,782
operator,ACTOR,694,783
physical,RISK,926,784
computing power,TECHNOLOGY,457,785
cloud computing,TECHNOLOGY,651,786
security measures,RISK,844,787
Guidance on Algorithmic Discrimination and the New Jersey Law Against Discrimination,LEGAL_SOURCE,82,788
New Jersey Law Against Discrimination,LEGAL_SOURCE,82,789
LAD,LEGAL_SOURCE,82,790
automated decision-making tools,TECHNOLOGY,82,791
reasonable accommodations,REQUIREMENT,82,792
Common Intelligence Community Interim Guidance Regarding the Acquisition and Use of Foundation AI Models,LEGAL_SOURCE,83,793
interim guidance,LEGAL_SOURCE,83,794
Intelligence Community,ACTOR,788,795
foundation AI models,TECHNOLOGY,698,796
legal standards,REQUIREMENT,247,797
U.S. person information,PERSONAL_DATA,83,798
"Securing Growth and Robust Leadership in American Aviation Act, Sec. 1024 (""Technology Review of Artificial Intelligence and Machine Learning Technologies"")",LEGAL_SOURCE,84,799
FAA,ACTOR,795,800
airport efficiency and safety,DOMAIN,563,801
jet bridges,DOMAIN,563,802
airport service vehicles,DOMAIN,563,803
air traffic control operations,DOMAIN,84,804
"Securing Growth and Robust Leadership in American Aviation Act, Sec. 1028 (""Air Traffic Control Training"")",LEGAL_SOURCE,85,805
research program,REQUIREMENT,794,806
advanced technologies,TECHNOLOGY,907,807
air traffic controllers,ACTOR,85,808
labor organizations,ACTOR,809,809
report findings to Congress,LEGAL_SOURCE,85,810
REAL Political Advertisements Act,LEGAL_SOURCE,86,811
Federal Election Campaign Act of 1971,LEGAL_SOURCE,419,812
FEC,ACTOR,719,813
disclaimer requirement,REQUIREMENT,86,814
compliance and enforcement,ACCOUNTABILITY,719,815
Directive on Automated Decision-Making (Canada),LEGAL_SOURCE,87,816
Algorithmic Impact Assessments,LEGAL_SOURCE,87,817
automated decision system,TECHNOLOGY,900,818
continuous monitoring,LIFECYCLE_STAGE,856,819
automated decision systems,TECHNOLOGY,900,820
biases,RISK,833,821
data governance,LEGAL_SOURCE,929,822
Gender-based Analysis Plus,RISK,87,823
human intervention,RISK,87,824
Financial Administration Act,LEGAL_SOURCE,87,825
Chief Information Officer,ACTOR,913,826
"Servicemember Quality of Life Improvement and National Defense Authorization Act for Fiscal Year 2025, Section 125 (""Designation of official responsible for autonomous surface and underwater dual-modality vehicles"")",LEGAL_SOURCE,88,827
official,ACTOR,735,828
autonomous surface and underwater vehicles,TECHNOLOGY,88,829
program element,REQUIREMENT,88,830
autonomous vehicles,DOMAIN,502,831
Regulations of Shenzhen Special Economic Zone on Promoting the Artificial Intelligence Industry,LEGAL_SOURCE,89,832
AI industry,TECHNOLOGY,883,833
Shenzhen,GEOGRAPHIC,89,834
Shenzhen Municipal Government,ACTOR,89,835
international collaboration,REQUIREMENT,946,836
AI research and development,LIFECYCLE_STAGE,728,837
data centers,TECHNOLOGY,947,838
public data platforms,TECHNOLOGY,89,839
open-source systems,TECHNOLOGY,89,840
AI ethics committee,ACCOUNTABILITY,89,841
ethical norms,RISK,879,842
governance structures,ACCOUNTABILITY,854,843
safety standards,RISK,835,844
consumer protection,LEGAL_SOURCE,641,845
privacy safeguards,RISK,471,846
CREATE AI Act of 2023,LEGAL_SOURCE,90,847
National Artificial Intelligence Research Resource,REQUIREMENT,100,848
NAIRR,REQUIREMENT,797,849
AI research,LIFECYCLE_STAGE,878,850
NAIRR Steering Subcommittee,ACTOR,100,851
Program Management Office,REQUIREMENT,797,852
Operating Entity,REQUIREMENT,797,853
data repositories,TECHNOLOGY,90,854
educational tools,TECHNOLOGY,797,855
AI testbeds,TECHNOLOGY,797,856
U.S.-based,GEOGRAPHIC,700,857
researchers,ACTOR,767,858
ethics,RISK,883,859
civil rights,RISK,896,860
national security policies,LEGAL_SOURCE,233,861
scientific integrity standards,REQUIREMENT,90,862
Virginia 2025-HB2094,LEGAL_SOURCE,91,863
high-risk AI systems,TECHNOLOGY,821,864
Virginia,GEOGRAPHIC,916,865
justice system,DOMAIN,91,866
data inputs,TECHNOLOGY,443,867
risk management policies,LEGAL_SOURCE,210,868
duty of care,LEGAL_SOURCE,821,869
Washington (2018) HB 2970,LEGAL_SOURCE,92,870
Washington State Transportation Commission,ACTOR,92,871
policy recommendations,LEGAL_SOURCE,913,872
state departments,ACTOR,914,873
legislative members,ACTOR,900,874
state regulatory frameworks,LEGAL_SOURCE,92,875
policy,LEGAL_SOURCE,896,876
businesses,ACTOR,924,877
legislature,ACTOR,908,878
Washington (2022) SB 5460,LEGAL_SOURCE,93,879
Washington,GEOGRAPHIC,896,880
Department of Licensing,ACTOR,93,881
self-certification testing program,REQUIREMENT,93,882
Society of Automotive Engineers,ACTOR,470,883
standards J3016,REQUIREMENT,93,884
Florida House Bill 919,LEGAL_SOURCE,94,885
disclaimers,REQUIREMENT,919,886
Florida,GEOGRAPHIC,899,887
synthetic content,TECHNOLOGY,104,888
advertisements,DOMAIN,909,889
first-degree misdemeanor penalties,PENALTY,94,890
Florida Elections Commission,ACTOR,94,891
"July 1, 2024",LEGAL_SOURCE,941,892
Facial Recognition Act of 2023,LEGAL_SOURCE,95,893
court,DOMAIN,934,894
prosecutors,ACTOR,95,895
body cameras,TECHNOLOGY,95,896
immigration enforcement,DOMAIN,95,897
accuracy and bias testing,RISK,95,898
independent entities,ACTOR,95,899
Measures for Labeling of AI-Generated Synthetic Content,LEGAL_SOURCE,96,900
online information service providers,ACTOR,96,901
AI-generated synthetic content,TECHNOLOGY,96,902
digital file metadata,TECHNOLOGY,96,903
content transmission platforms,ACTOR,96,904
metadata,SENSITIVE_DATA,835,905
application distribution platforms,ACTOR,96,906
regulatory authorities,ACTOR,750,907
Oklahoma House Bill 1916,LEGAL_SOURCE,97,908
Responsible Deployment of AI Systems Act,LEGAL_SOURCE,97,909
Oklahoma,GEOGRAPHIC,464,910
fundamental rights,RISK,97,911
Unacceptable Risk AI systems,TECHNOLOGY,97,912
AI-driven misinformation,RISK,97,913
human oversight,ACCOUNTABILITY,886,914
AI Council,ACTOR,158,915
ethical AI use,LEGAL_SOURCE,902,916
AI Regulatory Sandbox Program,REQUIREMENT,207,917
AI Workforce Development Program,REQUIREMENT,97,918
small businesses,DOMAIN,797,919
"Memorandum 25-21 (Accelerating Federal Use of AI through Innovation, Governance, and Public Trust)",LEGAL_SOURCE,98,920
Executive Branch,ACTOR,98,921
public services,ACTOR,473,922
AI strategies,LEGAL_SOURCE,854,923
AI products,TECHNOLOGY,883,924
Chief AI Officer,ACTOR,885,925
CAIO,ACTOR,615,926
risk management practices,LEGAL_SOURCE,886,927
AI impact assessments,LEGAL_SOURCE,98,928
AI resources,TECHNOLOGY,860,929
trust,ACCOUNTABILITY,945,930
Memorandum 25-22 (Driving Efficient Acquisition of Artificial Intelligence in Government),LEGAL_SOURCE,99,931
Executive Order 13960,LEGAL_SOURCE,99,932
OMB Memorandum M-25-21,LEGAL_SOURCE,99,933
AI acquisitions,TECHNOLOGY,518,934
federal law,LEGAL_SOURCE,932,935
contractors,ACTOR,773,936
GSA,ACTOR,651,937
AI acquisition guides,LEGAL_SOURCE,99,938
shared repository,TECHNOLOGY,863,939
Create AI Act of 2025,LEGAL_SOURCE,100,940
scientific integrity,REQUIREMENT,100,941
system security,RISK,242,942
advisory committees,ACTOR,695,943
research security compliance,REQUIREMENT,100,944
national security guidelines,LEGAL_SOURCE,100,945
research integrity,ACCOUNTABILITY,100,946
Decoupling America's Artificial Intelligence Capabilities from China Act of 2025,LEGAL_SOURCE,101,947
federal contracts,REQUIREMENT,101,948
federal benefits forfeiture,PENALTY,101,949
federal financial assistance,REQUIREMENT,501,950
emergency economic powers,REQUIREMENT,101,951
HEARTS Act of 2025,LEGAL_SOURCE,102,952
National Center for Alternatives to Animals in Research and Testing,ACTOR,603,953
NIH,ACTOR,749,954
nonanimal methods,TECHNOLOGY,603,955
research proposals,LEGAL_SOURCE,603,956
experts,ACTOR,896,957
federally funded researchers,ACTOR,102,958
animal usage,LEGAL_SOURCE,102,959
biannually,REQUIREMENT,719,960
research or testing,LIFECYCLE_STAGE,102,961
Promoting Precision Agriculture Act,LEGAL_SOURCE,103,962
interconnectivity standards,REQUIREMENT,683,963
Senate and House Committees,ACTOR,442,964
Generative AI Terrorism Risk Assessment Act,LEGAL_SOURCE,104,965
terrorist organizations,ACTOR,104,966
generative AI applications,TECHNOLOGY,822,967
terrorism threat information,LEGAL_SOURCE,104,968
fusion centers,ACTOR,104,969
Protect Victims of Digital Exploitation and Manipulation Act of 2025,LEGAL_SOURCE,105,970
digital forgery,TECHNOLOGY,671,971
intimate visual depiction,TECHNOLOGY,585,972
legal proceedings,DOMAIN,944,973
medical applications,DOMAIN,105,974
communications service providers,ACTOR,671,975
U.S. national,GEOGRAPHIC,671,976
China Technology Transfer Control Act of 2025,LEGAL_SOURCE,106,977
national interest,LEGAL_SOURCE,614,978
United States Trade Representative,ACTOR,570,979
Made in China 2025,LEGAL_SOURCE,766,980
AI PLAN Act,LEGAL_SOURCE,689,981
financial crime risks,DOMAIN,107,982
fraud,RISK,695,983
misinformation,RISK,874,984
interagency policies,LEGAL_SOURCE,689,985
voice cloning,TECHNOLOGY,781,986
foreign election interference,ACTOR,689,987
U.S. Trade Representative,ACTOR,107,988
Federal Reserve Chairman,ACTOR,107,989
Undersecretary of Commerce for Industry and Security,ACTOR,107,990
SEC,ACTOR,423,991
legislative suggestions,LEGAL_SOURCE,937,992
financial crimes,DOMAIN,789,993
S.305 Small Business Technological Act of 2025,LEGAL_SOURCE,108,994
SBA,ACTOR,714,995
business software,TECHNOLOGY,108,996
cloud computing services,TECHNOLOGY,108,997
payroll expenses,DOMAIN,108,998
human resources,EMPLOYMENT,826,999
Small Business Act,LEGAL_SOURCE,549,1000
Protecting Our Children in an AI World Act of 2025,LEGAL_SOURCE,109,1001
Section 2252A(c),LEGAL_SOURCE,109,1002
sexually explicit conduct,REQUIREMENT,665,1003
Section 2256(2)(B),LEGAL_SOURCE,109,1004
CORE Act of 2025,LEGAL_SOURCE,110,1005
transboundary hydrocarbon reservoirs,DOMAIN,110,1006
data analysis tools,TECHNOLOGY,462,1007
geophysical,TECHNOLOGY,110,1008
geological,TECHNOLOGY,110,1009
geotechnical data,TECHNOLOGY,110,1010
Bipartisan Health Care Act,LEGAL_SOURCE,111,1011
wearable medical devices,DOMAIN,647,1012
clinical decision-making,DOMAIN,786,1013
policy options,LEGAL_SOURCE,647,1014
City of San Jose Artificial Intelligence Policy 1.7.12,LEGAL_SOURCE,112,1015
governance framework,LEGAL_SOURCE,879,1016
San José,GEOGRAPHIC,112,1017
City,ACTOR,250,1018
data security,RISK,882,1019
CIO,ACTOR,112,1020
AI Handbook,LEGAL_SOURCE,112,1021
City Information Security Officer,ACTOR,112,1022
CISO,ACTOR,112,1023
City Digital Privacy Officer,ACTOR,112,1024
CDPO,ACTOR,112,1025
equity,RISK,869,1026
emotion analysis,TECHNOLOGY,112,1027
cognitive manipulation,TECHNOLOGY,143,1028
public records laws,LEGAL_SOURCE,812,1029
disciplinary action,PENALTY,856,1030
California Attorney General’s Legal Advisory on the Application of Existing California Laws to Artificial Intelligence,LEGAL_SOURCE,113,1031
competition,LEGAL_SOURCE,858,1032
antitrust violations,LEGAL_SOURCE,113,1033
bias and discrimination,RISK,808,1034
civil rights laws,LEGAL_SOURCE,450,1035
impact assessment,LEGAL_SOURCE,861,1036
California Consumer Privacy Act,LEGAL_SOURCE,113,1037
AI legislation,LEGAL_SOURCE,113,1038
licensed physicians,ACTOR,925,1039
Meta Frontier AI Framework (Version 1.1),LEGAL_SOURCE,114,1040
Frontier AI Framework,LEGAL_SOURCE,114,1041
Meta,ACTOR,831,1042
risk thresholds,REQUIREMENT,834,1043
threat modeling,RISK,208,1044
chemical/biological risks,RISK,114,1045
AI risks,RISK,881,1046
AI communities,ACTOR,114,1047
post-release monitoring,LIFECYCLE_STAGE,114,1048
Establishment of Reporting Requirements for the Development of Advanced Artificial Intelligence Models and Computing Clusters,LEGAL_SOURCE,115,1049
15 CFR part 702,LEGAL_SOURCE,115,1050
U.S. entities,ACTOR,501,1051
computing clusters,TECHNOLOGY,115,1052
BIS,ACTOR,115,1053
dual-use foundation models,TECHNOLOGY,115,1054
model performance,BENCHMARK,311,1055
AI red-team testing,LIFECYCLE_STAGE,115,1056
AI red-teaming,TECHNOLOGY,115,1057
notification deadlines,REQUIREMENT,115,1058
Illinois SB2203,LEGAL_SOURCE,116,1059
Preventing Algorithmic Discrimination Act,LEGAL_SOURCE,116,1060
automated decision tools,TECHNOLOGY,861,1061
AI tool,TECHNOLOGY,938,1062
annual impact assessments,LIFECYCLE_STAGE,760,1063
governance programs,LEGAL_SOURCE,116,1064
technical safeguards,RISK,116,1065
Consumer Fraud and Deceptive Business Practices Act,LEGAL_SOURCE,116,1066
AI Incident Reporting and Security Enhancement Act,LEGAL_SOURCE,117,1067
National Vulnerability Database,LEGAL_SOURCE,765,1068
AI security vulnerabilities,RISK,765,1069
multi-stakeholder process,REQUIREMENT,117,1070
AI security and safety incidents,RISK,765,1071
AI incidents,RISK,947,1072
AI incident reporting,ACCOUNTABILITY,117,1073
Artificial Intelligence Literacy Act of 2023,LEGAL_SOURCE,118,1074
Digital Equity Act of 2021,LEGAL_SOURCE,118,1075
artificial intelligence literacy,DOMAIN,118,1076
professional development,DOMAIN,938,1077
higher education institutions,ACTOR,673,1078
AI learning labs,REQUIREMENT,118,1079
virtual platforms,TECHNOLOGY,118,1080
teachers,ACTOR,921,1081
community anchor institutions,ACTOR,118,1082
AI education and training programs,REQUIREMENT,118,1083
AI Transparency in Elections Act of 2024,LEGAL_SOURCE,719,1084
disclosure statement,REQUIREMENT,145,1085
Colorado SB21-169,LEGAL_SOURCE,120,1086
insurers,ACTOR,806,1087
consumer data,PERSONAL_DATA,685,1088
predictive models,TECHNOLOGY,120,1089
unfair discrimination,RISK,818,1090
protected characteristics,SENSITIVE_DATA,858,1091
gender,SENSITIVE_DATA,930,1092
Commissioner of Insurance,ACTOR,120,1093
rule adoption,LEGAL_SOURCE,120,1094
risk management frameworks,LEGAL_SOURCE,767,1095
Commissioner,ACTOR,849,1096
title insurance,DOMAIN,120,1097
high-premium commercial insurance policies,DOMAIN,120,1098
New York SB5959 (2020),LEGAL_SOURCE,121,1099
punitive damages,PENALTY,943,1100
legal protections,RISK,896,1101
"Washington SB 5092 (2021-22), Section 151",LEGAL_SOURCE,122,1102
Office of the Chief Information Officer,ACTOR,122,1103
AI-enabled profiling,TECHNOLOGY,122,1104
fairness,RISK,881,1105
cloud technology,TECHNOLOGY,431,1106
auditing,LIFECYCLE_STAGE,726,1107
Microsoft,ACTOR,847,1108
health and human services enterprise coalition,REQUIREMENT,122,1109
Health Care Authority,ACTOR,122,1110
data management,ACCOUNTABILITY,886,1111
geospatial data portal,TECHNOLOGY,122,1112
natural hazards,GEOGRAPHIC,384,1113
Pennsylvania Executive Order 2023-19,LEGAL_SOURCE,123,1114
Generative AI Governing Board,ACTOR,123,1115
Commonwealth of Pennsylvania,GEOGRAPHIC,123,1116
Office of Administration,ACTOR,123,1117
user privacy,RISK,865,1118
Board,ACTOR,704,1119
bias testing,RISK,381,1120
AI experts,ACTOR,914,1121
Generative AI tools,TECHNOLOGY,157,1122
DC Mayor's Orders 2024-028,LEGAL_SOURCE,124,1123
District of Columbia,GEOGRAPHIC,124,1124
sustainability,LEGAL_SOURCE,769,1125
AI Advisory Group,ACTOR,124,1126
AI Taskforce,ACTOR,124,1127
community engagement,ACTOR,242,1128
Mayor,ACTOR,227,1129
Office of the Chief Technology Officer,ACTOR,124,1130
Department of Human Resources,ACTOR,124,1131
benchmarks,BENCHMARK,860,1132
AI strategic plans,LEGAL_SOURCE,124,1133
stakeholder engagement,ACTOR,922,1134
New York Senate Bill S3971B (2019),LEGAL_SOURCE,125,1135
"New York State Artificial Intelligence, Robotics and Automation Commission",ACTOR,125,1136
confidentiality,RISK,925,1137
AI weaponry,TECHNOLOGY,125,1138
public sector,ACTOR,888,1139
final report,LEGAL_SOURCE,914,1140
state leadership,ACTOR,922,1141
Rhode Island SB 2083 (2022),LEGAL_SOURCE,126,1142
assessment mechanism,TECHNOLOGY,131,1143
eye assessments,DOMAIN,372,1144
patient records,RISK,126,1145
department of health,ACTOR,131,1146
rules and regulations,LEGAL_SOURCE,924,1147
Utah SB 96,LEGAL_SOURCE,127,1148
Deep Technology Talent Initiative,REQUIREMENT,127,1149
deep technology,TECHNOLOGY,456,1150
Deep Technology Talent Advisory Council,ACTOR,127,1151
Workforce Development Restricted Account,REQUIREMENT,127,1152
"West Virginia HB 2760 (2021), Sec 11-13Q ""Credit allowed for specified high technology manufacturers.""",LEGAL_SOURCE,128,1153
high technology manufacturing businesses,ACTOR,128,1154
state taxes,LEGAL_SOURCE,128,1155
AI-related operations,TECHNOLOGY,440,1156
compensation,DOMAIN,914,1157
tax credits,REQUIREMENT,454,1158
Virginia Executive Directive 5 (2023),LEGAL_SOURCE,129,1159
Office of Regulatory Management,ACTOR,129,1160
AI usage standards,REQUIREMENT,129,1161
intellectual property laws,LEGAL_SOURCE,865,1162
transparent,TRANSPARENCY,874,1163
curricula,DOMAIN,935,1164
Virginia Department of Energy,ACTOR,129,1165
Washington Executive Order 24-01,LEGAL_SOURCE,130,1166
WaTech,ACTOR,130,1167
DES,ACTOR,130,1168
AI procurement,REQUIREMENT,916,1169
Office of Equity,ACTOR,130,1170
risk assessment guidance,REQUIREMENT,130,1171
State Human Resources Division,ACTOR,130,1172
AI's workforce impact,EMPLOYMENT,723,1173
Workforce Training Board,ACTOR,130,1174
Rhode Island HB 6654 (2022),LEGAL_SOURCE,131,1175
AI devices,TECHNOLOGY,131,1176
civil penalty,PENALTY,903,1177
New Hampshire H1688 (2024),LEGAL_SOURCE,132,1178
state agency,ACTOR,381,1179
AI interactions,TECHNOLOGY,424,1180
department of information technology,ACTOR,132,1181
AI system compliance,ACCOUNTABILITY,132,1182
"Vermont Agency of Digital Services Report regarding Inventory of Artificial Intelligence Usage, pursuant to 3 V.S.A. § 3305",LEGAL_SOURCE,133,1183
Division of Artificial Intelligence,ACTOR,133,1184
Agency of Digital Services,ACTOR,133,1185
outcome monitoring,ACCOUNTABILITY,133,1186
Kansas Policy and Procedures Memorandum 8200.00,LEGAL_SOURCE,134,1187
Executive Branch Cabinet and Non-Cabinet Agencies,ACTOR,134,1188
Kansas,GEOGRAPHIC,134,1189
intellectual property protection,LEGAL_SOURCE,883,1190
Restricted Use Information,RISK,134,1191
agency heads,ACTOR,751,1192
Office of Information Technology Services,ACTOR,228,1193
policy maintenance,LEGAL_SOURCE,134,1194
Maryland 2020 HB49,LEGAL_SOURCE,135,1195
jurisdictions,GEOGRAPHIC,475,1196
pretrial risk scoring instruments,TECHNOLOGY,135,1197
defendants,ACTOR,821,1198
Pretrial Services Program Grant Fund,REQUIREMENT,135,1199
Criminal Procedure Article,LEGAL_SOURCE,135,1200
Executive Director,ACTOR,414,1201
Governor’s Office of Crime Control and Prevention,ACTOR,135,1202
race-neutral,RISK,135,1203
risk scoring instruments,TECHNOLOGY,135,1204
Maryland Rules,LEGAL_SOURCE,135,1205
"Massachusetts (2020) House Bill 5250, Section 92",LEGAL_SOURCE,136,1206
workplace safety standards,RISK,136,1207
executive office of labor and workforce development,ACTOR,136,1208
legislation,LEGAL_SOURCE,908,1209
New Jersey Assembly Resolution 141 (2024),LEGAL_SOURCE,137,1210
cheapfake,TECHNOLOGY,137,1211
harmful content,RISK,822,1212
generative AI platforms,TECHNOLOGY,137,1213
social media,ACTOR,745,1214
content-sharing forums,ACTOR,137,1215
AI accountability,ACCOUNTABILITY,156,1216
transparency standards,TRANSPARENCY,137,1217
New Jersey,GEOGRAPHIC,849,1218
media technology,TECHNOLOGY,137,1219
Louisiana SCR 49,LEGAL_SOURCE,138,1220
Joint Legislative Committee on Technology and Cybersecurity,ACTOR,139,1221
Louisiana,GEOGRAPHIC,139,1222
House Committee on Commerce,ACTOR,138,1223
"Senate Committee on Commerce, Consumer Protection and International Affairs",ACTOR,138,1224
Department of Economic Development,ACTOR,138,1225
office of technology services,ACTOR,138,1226
Division of Administration,ACTOR,138,1227
Louisiana (2024) HCR 66,LEGAL_SOURCE,139,1228
criminal justice,DOMAIN,861,1229
finance,DOMAIN,892,1230
Rhode Island House Resolution 6423,LEGAL_SOURCE,140,1231
Department of Administration,ACTOR,166,1232
RI Division of Information Technology,ACTOR,140,1233
State of Rhode Island,GEOGRAPHIC,140,1234
racial and gender biases,RISK,140,1235
state offices,ACTOR,841,1236
data protection laws,LEGAL_SOURCE,162,1237
House of Representatives,ACTOR,348,1238
"House Committee on Innovation, Internet, and Technology",ACTOR,140,1239
Delaware House Concurrent Resolution 7 (2019-2020),LEGAL_SOURCE,141,1240
Delaware State Agencies,ACTOR,141,1241
government branches,ACTOR,141,1242
Delaware,GEOGRAPHIC,913,1243
New York City Council No. 1806-A,LEGAL_SOURCE,142,1244
New York City,GEOGRAPHIC,268,1245
mayor’s office of operations,ACTOR,142,1246
algorithmic tools,TECHNOLOGY,930,1247
predictive analytics,TECHNOLOGY,246,1248
data types,TECHNOLOGY,794,1249
mayor’s office,ACTOR,142,1250
Alaska Senate Bill No. 177,LEGAL_SOURCE,145,1251
anti-discrimination measures,RISK,143,1252
emotion recognition,TECHNOLOGY,143,1253
multi-factor authentication,REQUIREMENT,143,1254
AI system governance,LEGAL_SOURCE,143,1255
Illinois House Bill 2557 (2019),LEGAL_SOURCE,144,1256
job applicants,RISK,857,1257
video interviews,LEGAL_SOURCE,285,1258
AI analysis,TECHNOLOGY,144,1259
candidate,RISK,941,1260
political party,ACTOR,884,1261
voters,ACTOR,928,1262
audio communications,LEGAL_SOURCE,920,1263
digital communications,LEGAL_SOURCE,145,1264
Illinois House Bill 53 (2021),LEGAL_SOURCE,146,1265
Artificial Intelligence Video Interview Act,LEGAL_SOURCE,285,1266
race and ethnicity data,SENSITIVE_DATA,146,1267
Department of Commerce and Economic Opportunity,ACTOR,146,1268
West Virginia House Resolution 3,LEGAL_SOURCE,147,1269
Select Committee on Artificial Intelligence,REQUIREMENT,147,1270
West Virginia House of Delegates,ACTOR,147,1271
Speaker of the House,ACTOR,843,1272
House,ACTOR,937,1273
Standing Committees,ACTOR,147,1274
Hawaii House Concurrent Resolution 71,LEGAL_SOURCE,148,1275
Department of Health,ACTOR,148,1276
Stakeholder Working Group,REQUIREMENT,148,1277
limited English proficiency (LEP) populations,ACTOR,148,1278
language services,REQUIREMENT,148,1279
AI-based solutions,TECHNOLOGY,148,1280
community-based organizations,ACTOR,148,1281
language service providers,ACTOR,148,1282
Mississippi House Bill 633 (2021),LEGAL_SOURCE,149,1283
State Department of Education,ACTOR,924,1284
K-12 computer science curriculum,REQUIREMENT,149,1285
2018 standards,REQUIREMENT,149,1286
Center for Cyber Education,ACTOR,149,1287
Mississippi State University,ACTOR,915,1288
school districts,ACTOR,938,1289
computer science,DOMAIN,917,1290
elementary schools,ACTOR,149,1291
charter schools,ACTOR,149,1292
middle and high school,DOMAIN,574,1293
computer science courses,DOMAIN,149,1294
high schools,ACTOR,149,1295
"Vermont 2019 Act No.16, Section 20",LEGAL_SOURCE,150,1296
Artificial Intelligence Task Force,REQUIREMENT,184,1297
Senate Committee on Government Operations,ACTOR,150,1298
House Committee on Energy and Technology,ACTOR,150,1299
"AMBITIOUS, SAFE, RESPONSIBLE: Our approach to the delivery of AI-enabled capability in Defence",LEGAL_SOURCE,151,1300
AI-enabled weapons systems,TECHNOLOGY,151,1301
International Humanitarian Law,LEGAL_SOURCE,151,1302
ethical principles,LEGAL_SOURCE,869,1303
bias mitigation,RISK,822,1304
Centre for Data Ethics and Innovation,ACTOR,151,1305
AI Ethics Advisory Panel,REQUIREMENT,151,1306
human control,RISK,878,1307
AI-empowered defense systems,TECHNOLOGY,151,1308
Advancing Automation Research and Development in Agriculture Act,LEGAL_SOURCE,152,1309
research and extension grant program,REQUIREMENT,152,1310
mechanization and automation,TECHNOLOGY,152,1311
resource management,TECHNOLOGY,430,1312
universities,ACTOR,921,1313
private organizations,ACTOR,721,1314
scientific peer review,REQUIREMENT,152,1315
specialty crops committee,ACTOR,152,1316
Commodity Credit Corporation,ACTOR,152,1317
International Artificial Intelligence Research Partnership Act of 2024,LEGAL_SOURCE,153,1318
AI leadership,REQUIREMENT,854,1319
nonprofits,ACTOR,769,1320
academic institutions,ACTOR,841,1321
AI research collaborations,REQUIREMENT,698,1322
foreign policy,ACTOR,773,1323
export control regulations,LEGAL_SOURCE,153,1324
Expanding AI Voices Act,LEGAL_SOURCE,154,1325
National AI Initiative Act,LEGAL_SOURCE,154,1326
nonprofit organizations,ACTOR,486,1327
Tribal,ACTOR,707,1328
AI research institutes,REQUIREMENT,375,1329
faculty,ACTOR,921,1330
ethical AI education,LEGAL_SOURCE,154,1331
diversity,RISK,938,1332
Canada Artificial Intelligence and Data Act (Companion document),LEGAL_SOURCE,155,1333
Artificial Intelligence and Data Act,LEGAL_SOURCE,155,1334
AIDA,LEGAL_SOURCE,155,1335
Canada,GEOGRAPHIC,597,1336
"Minister of Innovation, Science, and Industry",ACTOR,155,1337
AI and Data Commissioner,ACTOR,155,1338
criminal law,LEGAL_SOURCE,155,1339
international norms,REQUIREMENT,879,1340
EU AI Act,LEGAL_SOURCE,863,1341
administrative penalties,PENALTY,875,1342
behavior influence,DOMAIN,156,1343
health and safety,DOMAIN,155,1344
Massachusetts HD 396 (2025-2026),LEGAL_SOURCE,156,1345
Chapter 93M,LEGAL_SOURCE,210,1346
Massachusetts,GEOGRAPHIC,937,1347
risk management programs,REQUIREMENT,156,1348
consumer targeting,DOMAIN,156,1349
consumer rights,RISK,760,1350
unfair trade practices,PENALTY,210,1351
rulemaking,LEGAL_SOURCE,830,1352
public education campaign,REQUIREMENT,156,1353
AI consumer rights,LEGAL_SOURCE,156,1354
San Francisco Generative AI Guidelines,LEGAL_SOURCE,157,1355
human review,ACCOUNTABILITY,904,1356
IT leaders,ACTOR,157,1357
AI components,TECHNOLOGY,768,1358
Office of Cybersecurity,ACTOR,157,1359
City Administrator’s Office,ACTOR,157,1360
legislative frameworks,LEGAL_SOURCE,157,1361
State of Ohio Administrative Policy on AI,LEGAL_SOURCE,158,1362
Ohio,GEOGRAPHIC,158,1363
AI use cases,TECHNOLOGY,886,1364
ongoing monitoring,LIFECYCLE_STAGE,833,1365
AI outputs,TECHNOLOGY,872,1366
Ohio Department of Administrative Services,ACTOR,158,1367
sensitive data,SENSITIVE_DATA,820,1368
Chief Data Officer Council,ACTOR,792,1369
repositories,LEGAL_SOURCE,777,1370
Maryland State Executive Order 01.01.2024.02,LEGAL_SOURCE,159,1371
AI Subcabinet,ACTOR,159,1372
Maryland,GEOGRAPHIC,907,1373
AI Action Plan,LEGAL_SOURCE,159,1374
NIST’s AI Risk Management Framework,REQUIREMENT,518,1375
Department of Information Technology,ACTOR,904,1376
Department of General Services,ACTOR,159,1377
Georgia Technology Authority Artificial Intelligence Responsible Use (SS-23-002),LEGAL_SOURCE,160,1378
Georgia,GEOGRAPHIC,160,1379
Georgia Technology Authority,ACTOR,160,1380
GTA,ACTOR,160,1381
testing and monitoring,LIFECYCLE_STAGE,881,1382
Enterprise's Data Protection Policies,LEGAL_SOURCE,160,1383
AI misuse,RISK,869,1384
State CIO,ACTOR,160,1385
GTA OIS,ACTOR,160,1386
Alabama Executive Order No. 738,LEGAL_SOURCE,161,1387
Governor’s Task Force on Generative Artificial Intelligence,REQUIREMENT,161,1388
Alabama,GEOGRAPHIC,502,1389
"May 1, 2024",LEGAL_SOURCE,939,1390
Office of Information Technology,ACTOR,161,1391
secure cloud infrastructure,TECHNOLOGY,161,1392
state executive-branch agencies,ACTOR,161,1393
State of North Dakota Artificial Intelligence Policy,LEGAL_SOURCE,162,1394
North Dakota,GEOGRAPHIC,162,1395
NDIT,ACTOR,162,1396
Security Risk Management Program,REQUIREMENT,162,1397
AI/ML services,TECHNOLOGY,162,1398
AI technology inventory,LEGAL_SOURCE,162,1399
North Carolina State Government Responsible Use of Artificial Intelligence Framework,LEGAL_SOURCE,163,1400
ethical AI application,LEGAL_SOURCE,163,1401
human-centered AI,LEGAL_SOURCE,478,1402
citizens,ACTOR,909,1403
data privacy controls,RISK,163,1404
AI lifecycle,REQUIREMENT,459,1405
AI inventory,LEGAL_SOURCE,163,1406
NIST AI RMF,REQUIREMENT,163,1407
State of New Hampshire Use of Artificial Intelligence Technologies Policy,LEGAL_SOURCE,164,1408
New Hampshire,GEOGRAPHIC,164,1409
State,GEOGRAPHIC,632,1410
ethical guidelines,LEGAL_SOURCE,859,1411
Personal Identifying Information,PERSONAL_DATA,164,1412
PII,PERSONAL_DATA,164,1413
natural language processing,TECHNOLOGY,859,1414
transportation,DOMAIN,859,1415
cybersecurity measures,RISK,820,1416
Statewide Information Security Manual,LEGAL_SOURCE,164,1417
NIST-800-53,REQUIREMENT,164,1418
Agency heads,ACTOR,164,1419
Business Relationship Management Division,ACTOR,164,1420
AI ethics code,LEGAL_SOURCE,164,1421
New Jersey Executive Order No. 346,LEGAL_SOURCE,165,1422
ethical use,LEGAL_SOURCE,872,1423
Chief Technology Officer,ACTOR,335,1424
Chief Innovation Officer,ACTOR,335,1425
Chief Executive Officer,ACTOR,165,1426
Economic Development Authority,ACTOR,165,1427
Rhode Island Executive Order 24-06,LEGAL_SOURCE,166,1428
federated data platform,TECHNOLOGY,166,1429
Rhode Island,GEOGRAPHIC,229,1430
Chief Data Officer,ACTOR,615,1431
Data Center of Excellence,ACTOR,166,1432
AI Center of Excellence,REQUIREMENT,380,1433
AI policies and ethics,LEGAL_SOURCE,166,1434
AI Task Force,REQUIREMENT,166,1435
Department of Labor and Training,ACTOR,166,1436
Rhode Island Department of Education,ACTOR,166,1437
Office of Post Secondary Commissioner,ACTOR,166,1438
AI training programs,REQUIREMENT,166,1439
Mississippi Senate Bill 2062,LEGAL_SOURCE,167,1440
Artificial Intelligence in Education Task Force,REQUIREMENT,167,1441
Mississippi,GEOGRAPHIC,915,1442
State Superintendent of Education,ACTOR,167,1443
task force,REQUIREMENT,901,1444
Lieutenant Governor,ACTOR,843,1445
Legal Advisory on the Application of Existing California Law to Artificial Intelligence in Healthcare (California Attorney General),LEGAL_SOURCE,168,1446
healthcare entities,DOMAIN,168,1447
health insurance claims,DOMAIN,168,1448
discriminate against patients,RISK,168,1449
reproductive and genetic data,SENSITIVE_DATA,168,1450
patients,ACTOR,856,1451
Unfair Competition Law,LEGAL_SOURCE,168,1452
Unruh Civil Rights Act,LEGAL_SOURCE,168,1453
Confidentiality of Medical Information Act,LEGAL_SOURCE,168,1454
New York 2025-A768,LEGAL_SOURCE,169,1455
Artificial Intelligence Consumer Protection Act,LEGAL_SOURCE,169,1456
AI decision systems,TECHNOLOGY,169,1457
risk management program,REQUIREMENT,169,1458
trade secrets,SENSITIVE_DATA,812,1459
"Advancing Governance, Innovation, and Risk Management for Agency Use of Artificial Intelligence",LEGAL_SOURCE,170,1460
public rights and safety,RISK,170,1461
AI-related risks,RISK_CATEGORIES,839,1462
IT infrastructure,TECHNOLOGY,170,1463
federal policies,LEGAL_SOURCE,170,1464
Advancing the Responsible Acquisition of Artificial Intelligence in Government,LEGAL_SOURCE,171,1465
AI acquisition,TECHNOLOGY,630,1466
National Security Systems,TECHNOLOGY,171,1467
Illinois HB 3506,LEGAL_SOURCE,172,1468
safety and security protocol,REQUIREMENT,172,1469
risk assessment reports,LEGAL_SOURCE,172,1470
third-party audit,REQUIREMENT,172,1471
public safety,RISK,908,1472
whistleblower protections,LEGAL_SOURCE,214,1473
Opinions on Strengthening the Governance of Science and Technology Ethics,LEGAL_SOURCE,173,1474
National Science and Technology Ethics Commission,ACTOR,216,1475
S&T ethics,LEGAL_SOURCE,216,1476
Ministry of Science and Technology,ACTOR,216,1477
S&T ethics review committees,REQUIREMENT,173,1478
14th Five-Year Plan,LEGAL_SOURCE,173,1479
Massachusetts Executive Order 629,LEGAL_SOURCE,174,1480
AI Strategic Task Force,REQUIREMENT,174,1481
Office of the Governor of Massachusetts,ACTOR,174,1482
life sciences,DOMAIN,820,1483
Recommendation of the Council on Artificial Intelligence (5/2/2024),LEGAL_SOURCE,175,1484
AI actors,ACTOR,459,1485
robustness,RISK,947,1486
governments,ACTOR,947,1487
governance environments,LEGAL_SOURCE,175,1488
labor market,EMPLOYMENT,914,1489
skills training,DOMAIN,175,1490
global technical standards,REQUIREMENT,459,1491
Digital Policy Committee,ACTOR,175,1492
AI in America: OpenAI's Economic Blueprint,LEGAL_SOURCE,176,1493
national competitiveness,RISK,854,1494
AI companies,ACTOR,264,1495
AI Economic Zones,REQUIREMENT,176,1496
AI education strategy,LEGAL_SOURCE,176,1497
Compact for AI,LEGAL_SOURCE,176,1498
Chinese-backed infrastructure projects,REQUIREMENT,176,1499
training programs,DOMAIN,864,1500
(Trial) Measures for Science and Technology Ethics Reviews,LEGAL_SOURCE,177,1501
S&T ethics reviews,REQUIREMENT,177,1502
medicine,DOMAIN,686,1503
MOST,ACTOR,177,1504
S&T activities,REQUIREMENT,216,1505
"December 1, 2023",LEGAL_SOURCE,177,1506
Workforce for AI Trust Act,LEGAL_SOURCE,178,1507
National Artificial Intelligence Initiative Act of 2020,LEGAL_SOURCE,789,1508
AI fellowships,REQUIREMENT,178,1509
STEM fields,DOMAIN,178,1510
AI governance workforce,EMPLOYMENT,178,1511
AI risk management,LEGAL_SOURCE,863,1512
New Mexico 2025 HB 60,LEGAL_SOURCE,179,1513
Artificial Intelligence Act,LEGAL_SOURCE,179,1514
New Mexico,GEOGRAPHIC,179,1515
state department of justice,ACTOR,179,1516
consumer civil actions,ACCOUNTABILITY,179,1517
City of Long Beach Data Privacy Guidelines (2021),LEGAL_SOURCE,180,1518
AI or related technologies,TECHNOLOGY,180,1519
Mississippi Executive Order No. 1584,LEGAL_SOURCE,181,1520
Mississippi Department of Information Technology Services,ACTOR,181,1521
AI processes,TECHNOLOGY,913,1522
government stakeholders,ACTOR,181,1523
AI inventories,LEGAL_SOURCE,710,1524
Executive Order,LEGAL_SOURCE,838,1525
Google DeepMind Frontier Safety Framework Version 2.0,LEGAL_SOURCE,182,1526
Frontier Safety Framework,LEGAL_SOURCE,260,1527
Critical Capability Levels,REQUIREMENT,260,1528
CCLs,BENCHMARK,260,1529
deceptive alignment,RISK,182,1530
"chemical, biological, radiological, nuclear attacks",RISK,182,1531
CBRN,RISK,823,1532
cyber threats,RISK,552,1533
deployment mitigations,RISK,260,1534
early warning evaluations,BENCHMARK,182,1535
governance protocols,ACCOUNTABILITY,182,1536
Google DeepMind AGI Safety Council,ACTOR,182,1537
risk modeling,BENCHMARK,182,1538
capability assessments,BENCHMARK,182,1539
National Artificial Intelligence Strategy 2024-2025 Action Plan (Turkey),LEGAL_SOURCE,183,1540
TechVisa Program,REQUIREMENT,183,1541
Turkey,GEOGRAPHIC,183,1542
AI workforce,REQUIREMENT,446,1543
data science,TECHNOLOGY,396,1544
AI certification training programs,REQUIREMENT,183,1545
advanced analytics,TECHNOLOGY,780,1546
national occupational standards,REQUIREMENT,183,1547
generative AI models,TECHNOLOGY,814,1548
Turkish large language model,TECHNOLOGY,183,1549
Legal Assessment Guide for AI Applications,LEGAL_SOURCE,183,1550
AI education model,REQUIREMENT,183,1551
Indiana Senate Bill 2024-150,LEGAL_SOURCE,184,1552
Indiana,GEOGRAPHIC,184,1553
data security measures,RISK,708,1554
Hiroshima Process International Code of Conduct for Organizations Developing Advanced AI Systems,LEGAL_SOURCE,185,1555
trustworthy,RISK,715,1556
traceability,TRANSPARENCY,882,1557
information sharing,REQUIREMENT,835,1558
security controls,RISK,831,1559
content authentication mechanisms,TECHNOLOGY,185,1560
international technical standards,REQUIREMENT,863,1561
Hiroshima Process International Guiding Principles for Advanced AI Systems,LEGAL_SOURCE,186,1562
content authentication and provenance mechanisms,TECHNOLOGY,186,1563
UN SDG goals,LEGAL_SOURCE,186,1564
personal data privacy,RISK,186,1565
IP protection,RISK,186,1566
Political Declaration on Responsible Military Use of Artificial Intelligence and Autonomy,LEGAL_SOURCE,187,1567
military AI,TECHNOLOGY,878,1568
international law,LEGAL_SOURCE,471,1569
international humanitarian law,LEGAL_SOURCE,878,1570
human command chain,ACCOUNTABILITY,187,1571
civilian protection,RISK,187,1572
senior officials,ACTOR,595,1573
auditable methodologies,TRANSPARENCY,187,1574
automation bias,RISK,497,1575
"An Act to amend Tennessee Code Annotated, Title 39, Chapter 14, Part 1 and Title 47, relative to the protection of personal rights.",LEGAL_SOURCE,188,1576
Personal Rights Protection Act of 1984,LEGAL_SOURCE,188,1577
"Ensuring Likeness, Voice, and Image Security Act of 2024",LEGAL_SOURCE,188,1578
property rights,RISK,529,1579
mediums,ACTOR,923,1580
civil liability,PENALTY,656,1581
unauthorized commercial use,RISK,188,1582
"Servicemember Quality of Life Improvement and National Defense Authorization Act for Fiscal Year 2025, Section 235 (""Competitive demonstration of automated target recognition algorithms"")",LEGAL_SOURCE,189,1583
automated target recognition algorithms,TECHNOLOGY,189,1584
Replicator initiative,REQUIREMENT,189,1585
"Servicemember Quality of Life Improvement and National Defense Authorization Act for Fiscal Year 2025, Section 1547 (""Joint partner-sharing network capabilities for Middle East defense integration"")",LEGAL_SOURCE,190,1586
Chief Data and Artificial Intelligence Officer,ACTOR,718,1587
combatant command warfighter forum on AI,REQUIREMENT,190,1588
"Servicemember Quality of Life Improvement and National Defense Authorization Act for Fiscal Year 2025, Section Title XV, Subtitle D (""Artificial Intelligence"")",LEGAL_SOURCE,191,1589
high-performance computing infrastructure,TECHNOLOGY,728,1590
security standards,REQUIREMENT,332,1591
data procurement,REQUIREMENT,191,1592
centers of excellence,REQUIREMENT,557,1593
"Servicemember Quality of Life Improvement and National Defense Authorization Act for Fiscal Year 2025, Section 221 (""Improvements relating to defining, identifying, and planning the artificial intelligence workforce of the Department of Defense"")",LEGAL_SOURCE,192,1594
Chief Digital Engineering Recruitment and Management Officer,ACTOR,192,1595
AI workforce policy,LEGAL_SOURCE,192,1596
data systems,TECHNOLOGY,691,1597
Human Capital Operating Plan,LEGAL_SOURCE,192,1598
AI terminology,REQUIREMENT,192,1599
"Servicemember Quality of Life Improvement and National Defense Authorization Act for Fiscal Year 2025, Section 1087 (""Establishment of Department of Defense working group on multilateral artificial intelligence coordination"")",LEGAL_SOURCE,193,1600
U.S. allies,ACTOR,774,1601
battlespace awareness,DOMAIN,420,1602
defense operations,REQUIREMENT,193,1603
AI data security,RISK,193,1604
export laws,LEGAL_SOURCE,420,1605
"Servicemember Quality of Life Improvement and National Defense Authorization Act for Fiscal Year 2025, Section 236 (""Pilot program on development of near-term use cases and demonstration of artificial intelligence toward biotechnology applications for national security"")",LEGAL_SOURCE,194,1606
biotechnology,DOMAIN,737,1607
computing infrastructure,TECHNOLOGY,915,1608
AI model validation,TECHNOLOGY,194,1609
transition plan,LEGAL_SOURCE,194,1610
ecosystem analysis,LEGAL_SOURCE,194,1611
"Servicemember Quality of Life Improvement and National Defense Authorization Act for Fiscal Year 2025, Section 225 (""Duties of Chief Digital and Artificial Intelligence Officer Governing Council relating to artificial intelligence models and advanced artificial intelligence technologies"")",LEGAL_SOURCE,195,1612
John S. McCain National Defense Authorization Act,LEGAL_SOURCE,195,1613
Chief Digital and Artificial Intelligence Officer Governing Council,ACTOR,416,1614
adversarial countries,GEOGRAPHIC,195,1615
"Servicemember Quality of Life Improvement and National Defense Authorization Act for Fiscal Year 2025, Section 6506 (""Enhancement of authority for intelligence community public-private talent exchanges"")",LEGAL_SOURCE,196,1616
section 5306,LEGAL_SOURCE,196,1617
intelligence,DOMAIN,938,1618
proprietary information,RISK,763,1619
exchange program,REQUIREMENT,196,1620
conflict of interest,LEGAL_SOURCE,773,1621
conflicts of interest,ACCOUNTABILITY,436,1622
"Servicemember Quality of Life Improvement and National Defense Authorization Act for Fiscal Year 2025, Section 1514 (""Management and cybersecurity of multi-cloud environments"")",LEGAL_SOURCE,197,1623
multi-cloud management,TECHNOLOGY,197,1624
cybersecurity strategy,LEGAL_SOURCE,197,1625
multi-cloud environments,TECHNOLOGY,197,1626
government data protection,RISK,197,1627
"Servicemember Quality of Life Improvement and National Defense Authorization Act for Fiscal Year 2025, Section 1078 (""Study and report on Department of Defense use of unmanned ground vehicle systems manufactured by certain foreign entities"")",LEGAL_SOURCE,198,1628
unmanned ground vehicle systems,TECHNOLOGY,198,1629
cybersecurity risks,RISK,702,1630
technological vulnerabilities,RISK,198,1631
covered foreign countries,REQUIREMENT,198,1632
Russia,GEOGRAPHIC,687,1633
Iran,GEOGRAPHIC,687,1634
North Korea,GEOGRAPHIC,687,1635
"Servicemember Quality of Life Improvement and National Defense Authorization Act for Fiscal Year 2025, Section 1031 (""Requirements for the unmanned maritime autonomy architecture"")",LEGAL_SOURCE,199,1636
modular open systems architecture,REQUIREMENT,199,1637
maritime unmanned systems,TECHNOLOGY,199,1638
Government,ACTOR,431,1639
industry practices,REQUIREMENT,199,1640
Navy program,REQUIREMENT,199,1641
Executive Order on Advancing United States Leadership in Artificial Intelligence Infrastructure (EO 14141),LEGAL_SOURCE,200,1642
AI data centers,TECHNOLOGY,454,1643
clean energy projects,REQUIREMENT,200,1644
labor standards,LEGAL_SOURCE,776,1645
model evaluation,BENCHMARK,822,1646
supply-chain protection,RISK,200,1647
executive order,LEGAL_SOURCE,803,1648
permit processing,REQUIREMENT,200,1649
federal sites,GEOGRAPHIC,200,1650
global AI infrastructure development,REQUIREMENT,200,1651
international supply chains,REQUIREMENT,200,1652
Executive Order on Removing Barriers To American Leadership In Artificial Intelligence,LEGAL_SOURCE,201,1653
AI policies,LEGAL_SOURCE,921,1654
American innovation,LEGAL_SOURCE,201,1655
Executive Order 14110,LEGAL_SOURCE,837,1656
New York artificial intelligence act (New York AI act),LEGAL_SOURCE,202,1657
New York AI Act,LEGAL_SOURCE,202,1658
social scoring AI systems,TECHNOLOGY,202,1659
Framework to Mitigate AI-Enabled Extreme Risks,LEGAL_SOURCE,203,1660
advanced AI models,TECHNOLOGY,946,1661
chemical,RISK,591,1662
nuclear threats,RISK,591,1663
oversight entity,ACTOR,203,1664
cybersecurity standards,REQUIREMENT,711,1665
interagency body,ACTOR,203,1666
Artificial Intelligence Safety Commitments (China AI Industry Alliance),LEGAL_SOURCE,204,1667
safety and security,RISK,885,1668
penetration tests,RISK,204,1669
incident response protocols,RISK,204,1670
Alibaba,ACTOR,204,1671
Baidu,ACTOR,204,1672
Huawei,ACTOR,204,1673
Tencent,ACTOR,204,1674
Chinese tech companies,ACTOR,204,1675
AI Safety Governance Framework v1.0 (National Technical Committee 260 on Cybersecurity of SAC),LEGAL_SOURCE,205,1676
AI safety governance,LEGAL_SOURCE,205,1677
AI safety,RISK,947,1678
decision making,ACCOUNTABILITY,581,1679
Joint Statement on Risk Assessment of Advanced AI Systems (International Network of AI Safety Institutes),LEGAL_SOURCE,206,1680
multistakeholder,ACTOR,206,1681
Sustainable Development Goals,REQUIREMENT,929,1682
post-deployment monitoring,LIFECYCLE_STAGE,945,1683
Texas Responsible Artificial Intelligence Governance Act (HB 1709),LEGAL_SOURCE,207,1684
AI workforce development grants,REQUIREMENT,207,1685
AI-related education,DOMAIN,547,1686
Code of Practice for the Cyber Security of AI,LEGAL_SOURCE,208,1687
cyber security training,REQUIREMENT,208,1688
security risks,RISK,877,1689
access control,RISK,208,1690
vulnerability disclosure policies,TRANSPARENCY,208,1691
secure supply chain,RISK,208,1692
security assessment,LIFECYCLE_STAGE,858,1693
End-users,ACTOR,208,1694
decommissioning processes,LIFECYCLE_STAGE,208,1695
Freedom Online Coalition Joint Statement on Responsible Government Practices for AI Technologies,LEGAL_SOURCE,209,1696
Freedom Online Coalition,ACTOR,209,1697
FOC,ACTOR,209,1698
privacy violations,RISK,822,1699
Universal Declaration of Human Rights,LEGAL_SOURCE,209,1700
AI trustworthiness,RISK,863,1701
law enforcement and justice,DOMAIN,209,1702
public benefits,ACTOR,832,1703
Massachusetts House Docket 4053 (2025),LEGAL_SOURCE,210,1704
national standards,REQUIREMENT,210,1705
California Privacy Protection Agency Draft Risk Assessment and Automated Decisionmaking Technology Regulations,LEGAL_SOURCE,211,1706
automated decision-making technology,TECHNOLOGY,211,1707
Pre-use Notices,TRANSPARENCY,211,1708
opt-out,RISK,833,1709
Provisions Pertaining to U.S. Investments in Certain National Security Technologies and Products in Countries of Concern,LEGAL_SOURCE,212,1710
Executive Order 14105,LEGAL_SOURCE,212,1711
national security technologies,TECHNOLOGY,212,1712
countries of concern,GEOGRAPHIC,774,1713
civil and criminal penalties,PENALTY,561,1714
Artificial Intelligence Law Proposal (Grand National Assembly of Turkey),LEGAL_SOURCE,213,1715
personal data,PERSONAL_DATA,753,1716
supervisory authorities,ACTOR,213,1717
Law,LEGAL_SOURCE,213,1718
California SB 53,LEGAL_SOURCE,214,1719
consortium,ACTOR,795,1720
CalCompute,REQUIREMENT,489,1721
public cloud computing framework,TECHNOLOGY,214,1722
attorney’s fees,PENALTY,585,1723
employee protections,ACCOUNTABILITY,214,1724
(Trial) Measures for Science and Technology Ethics Reviews (Draft for Feedback),LEGAL_SOURCE,215,1725
ethics committees,ACTOR,873,1726
controllability,RISK,862,1727
national data security,RISK,215,1728
AI ethics,RISK,879,1729
national ethics management registry,LEGAL_SOURCE,215,1730
governance of AI research,ACCOUNTABILITY,215,1731
Guiding Opinions on Strengthening the Governance of Science and Technology Ethics (Draft for Feedback),LEGAL_SOURCE,216,1732
local governments,ACTOR,717,1733
legislative development,LEGAL_SOURCE,216,1734
S&T personnel,ACTOR,216,1735
educational initiatives,DOMAIN,216,1736
punitive measures,PENALTY,216,1737
government-funded activities,REQUIREMENT,216,1738
Boise Regulations 4.30q City Use of Artificial Intelligence (AI),LEGAL_SOURCE,217,1739
IT Department,ACTOR,242,1740
public communications,LEGAL_SOURCE,217,1741
sensitive or private information,PERSONAL_DATA,241,1742
Information Technology department,ACTOR,217,1743
Oversee Emerging Technology Act,LEGAL_SOURCE,218,1744
federal agency,ACTOR,539,1745
Senior Executive Service,ACTOR,615,1746
emerging technology lead,ACTOR,218,1747
procurement policies,LEGAL_SOURCE,773,1748
"To establish in the National Oceanic and Atmospheric Administration a program to improve precipitation forecasts, and for other purposes.",LEGAL_SOURCE,219,1749
Earth System Models,TECHNOLOGY,219,1750
high performance computing,TECHNOLOGY,219,1751
AI Grand Challenges Act of 2024,LEGAL_SOURCE,700,1752
AI Grand Challenges Program,REQUIREMENT,700,1753
AI-enabled cancer breakthroughs,DOMAIN,700,1754
U.S. citizens,ACTOR,700,1755
permanent residents,ACTOR,700,1756
"To provide for Federal civilian agency laboratory development for testing and certification of artificial intelligence for civilian agency use, and for other purposes.",LEGAL_SOURCE,221,1757
certification,REQUIREMENT,828,1758
FEMA,ACTOR,691,1759
AI training and testing,LIFECYCLE_STAGE,860,1760
Office of Artificial Intelligence Incident Reporting,ACTOR,221,1761
Singapore National AI Strategy 2.0,LEGAL_SOURCE,222,1762
Singapore,GEOGRAPHIC,222,1763
primary,REQUIREMENT,920,1764
AI Centers of Excellence,REQUIREMENT,222,1765
regulatory frameworks,LEGAL_SOURCE,929,1766
privacy technologies,RISK,222,1767
Public Good,RISK,945,1768
"Securing Growth and Robust Leadership in American Aviation Act, Sec. 908 (""Part 107 Waiver Improvements"")",LEGAL_SOURCE,223,1769
big data analytics,TECHNOLOGY,775,1770
"section 107.200 of title 14, Code of Federal Regulations",LEGAL_SOURCE,223,1771
CFR,LEGAL_SOURCE,223,1772
FAA website,LEGAL_SOURCE,223,1773
Canadian Guardrails for Generative AI – Code of Practice,LEGAL_SOURCE,224,1774
code of practice for generative AI systems,LEGAL_SOURCE,224,1775
watermarking AI-generated content,TECHNOLOGY,224,1776
"To direct the Secretary of Defense to establish a working group to develop and coordinate an artificial intelligence initiative among the Five Eyes countries, and for other purposes.",LEGAL_SOURCE,225,1777
Five AIs Strategic Artificial Intelligence Working Group,ACTOR,420,1778
Five Eyes countries,GEOGRAPHIC,420,1779
Five Eyes Intelligence Oversight and Review Council,ACTOR,225,1780
AI model redundancy,TECHNOLOGY,225,1781
Wisconsin Executive Order #211,LEGAL_SOURCE,226,1782
Governor’s Task Force on Workforce and Artificial Intelligence,REQUIREMENT,226,1783
Secretary of the Department of Workforce Development,ACTOR,226,1784
Wisconsin,GEOGRAPHIC,226,1785
economic opportunity,RISK,226,1786
policy changes,LEGAL_SOURCE,914,1787
Department of Workforce Development,ACTOR,226,1788
"Indianapolis City Council Proposal No.362, 2023",LEGAL_SOURCE,227,1789
Commission on Artificial Intelligence Development,REQUIREMENT,227,1790
City and County,GEOGRAPHIC,227,1791
City-County Council,ACTOR,227,1792
Councillors,ACTOR,227,1793
IT directors,ACTOR,227,1794
Marion County,GEOGRAPHIC,227,1795
City’s website,LEGAL_SOURCE,227,1796
New York A7838,LEGAL_SOURCE,228,1797
Department of Civil Service,ACTOR,228,1798
governmental entities,ACTOR,894,1799
Rhode Island SB 146,LEGAL_SOURCE,229,1800
biometric recognition programs,TECHNOLOGY,229,1801
algorithmic programs,TECHNOLOGY,229,1802
sports betting applications,DOMAIN,229,1803
vendors of gambling products,DOMAIN,229,1804
standardized rewards programs,REQUIREMENT,229,1805
Pennsylvania HR 170,LEGAL_SOURCE,230,1806
Joint State Government Commission,ACTOR,230,1807
advisory committee,ACTOR,632,1808
Pennsylvania,GEOGRAPHIC,852,1809
AI regulation,LEGAL_SOURCE,880,1810
students' academic performance,DOMAIN,230,1811
AI automation,TECHNOLOGY,230,1812
organized labor,EMPLOYMENT,230,1813
ethical and responsible AI development,LEGAL_SOURCE,230,1814
Protecting Kids on Social Media Act,LEGAL_SOURCE,231,1815
social media platforms,ACTOR,840,1816
age verification technologies,TECHNOLOGY,231,1817
recommendation systems,TECHNOLOGY,417,1818
Pilot Program,REQUIREMENT,678,1819
Transparent Automated Governance Act,LEGAL_SOURCE,232,1820
automated governance,TECHNOLOGY,232,1821
AI-augmented processes,TECHNOLOGY,232,1822
relevant authorities,ACTOR,820,1823
Advanced Weather Model Computing Development Act,LEGAL_SOURCE,557,1824
DOE,ACTOR,709,1825
high-performance computing,TECHNOLOGY,691,1826
climate models,TECHNOLOGY,233,1827
weather prediction,TECHNOLOGY,731,1828
memorandum of understanding,LEGAL_SOURCE,742,1829
data assimilation,TECHNOLOGY,690,1830
predictive analysis techniques,TECHNOLOGY,233,1831
data sharing,LEGAL_SOURCE,865,1832
National Laboratories,ACTOR,674,1833
research security provisions,LEGAL_SOURCE,534,1834
CHIPS Act of 2022,LEGAL_SOURCE,733,1835
Digital Defense Content Provenance Act of 2023,LEGAL_SOURCE,634,1836
Defense Information School,ACTOR,634,1837
digital content provenance,REQUIREMENT,898,1838
digital content forgery,TECHNOLOGY,634,1839
industry-open technical standards,REQUIREMENT,234,1840
secure digital content documentation,TECHNOLOGY,234,1841
implementation plan,LEGAL_SOURCE,303,1842
Artificial Intelligence and the Information Privacy Principles,LEGAL_SOURCE,235,1843
New Zealand,GEOGRAPHIC,420,1844
Privacy Act 2020,LEGAL_SOURCE,235,1845
Information Privacy Principles,RISK,235,1846
privacy impact assessment,RISK,235,1847
PIA,RISK,235,1848
Māori,ACTOR,872,1849
privacy measures,RISK,426,1850
privacy policies,LEGAL_SOURCE,626,1851
training data provenance,TECHNOLOGY,235,1852
privacy issues,RISK,848,1853
Federal Register Doc. No. 2024-01580. Taking Additional Steps To Address the National Emergency With Respect to Significant Malicious Cyber-Enabled Activities,LEGAL_SOURCE,236,1854
U.S. Infrastructure as a Service,TECHNOLOGY,236,1855
IaaS,TECHNOLOGY,236,1856
Customer Identification Program,REQUIREMENT,236,1857
CIP,REQUIREMENT,236,1858
cyber activities,RISK,684,1859
foreign jurisdictions,GEOGRAPHIC,236,1860
criminal liabilities,PENALTY,887,1861
Federal Register Doc. No. 2024-28335 (Securing the Information and Communications Technology and Services Supply Chain),LEGAL_SOURCE,237,1862
ICTS,TECHNOLOGY,412,1863
foreign adversaries,GEOGRAPHIC,819,1864
Executive Order 13873,LEGAL_SOURCE,237,1865
recordkeeping,REQUIREMENT,770,1866
"St Louis, MO Board Bill Number 185 2023-24",LEGAL_SOURCE,238,1867
City Entity,ACTOR,238,1868
St. Louis,GEOGRAPHIC,238,1869
Board of Aldermen,ACTOR,238,1870
surveillance technology,TECHNOLOGY,688,1871
AI surveillance tools,TECHNOLOGY,238,1872
Surveillance Use Plan,LEGAL_SOURCE,238,1873
SUP,LEGAL_SOURCE,238,1874
whistleblowers,ACTOR,758,1875
ordinance,LEGAL_SOURCE,238,1876
public participation,ACTOR,880,1877
City of San Jose Generative AI Guidelines,LEGAL_SOURCE,239,1878
City of San José,GEOGRAPHIC,239,1879
data collection,TECHNOLOGY,936,1880
copyright compliance,LEGAL_SOURCE,239,1881
risk assessment criteria,BENCHMARK,239,1882
AI workgroups,REQUIREMENT,239,1883
"Los Angeles AI Roadmap 2024, Best Practices and Roadmap",LEGAL_SOURCE,240,1884
City Employees,ACTOR,240,1885
IT Professionals,ACTOR,240,1886
data transparency,TRANSPARENCY,792,1887
City of Boston Interim Guidelines for Using Generative AI,LEGAL_SOURCE,241,1888
City agencies and departments of Boston,ACTOR,241,1889
Boston Public Schools,ACTOR,241,1890
inclusiveness,RISK,863,1891
Department of Innovation and Technology,ACTOR,241,1892
"Miami Dade County Artificial Intelligence Report: Policies, Principles & Guidelines",LEGAL_SOURCE,242,1893
Miami-Dade County,GEOGRAPHIC,242,1894
Human Resources,ACTOR,248,1895
Information Technology,ACTOR,272,1896
Information Technology Department,ACTOR,242,1897
encryption,TECHNOLOGY,822,1898
"Department of Energy Quantum Leadership Act of 2024, Section 2",LEGAL_SOURCE,243,1899
quantum technology industry,TECHNOLOGY,243,1900
strategic plan,LEGAL_SOURCE,783,1901
quantum supply chain,REQUIREMENT,243,1902
domestic manufacturing,REQUIREMENT,556,1903
foreign countries of concern,GEOGRAPHIC,243,1904
Open Translation Center Act of 2024,LEGAL_SOURCE,244,1905
Open Translation Center,ACTOR,244,1906
OTC,ACTOR,244,1907
foreign governments,GEOGRAPHIC,675,1908
governing board,ACTOR,244,1909
CIA,ACTOR,621,1910
City of Seattle Generative Artificial Intelligence Policy,LEGAL_SOURCE,245,1911
City departments,ACTOR,245,1912
Seattle IT,ACTOR,245,1913
Racial Equity Toolkit,RISK,245,1914
generative AI tools,TECHNOLOGY,250,1915
confidential City data,SENSITIVE_DATA,245,1916
Director of DPAC,ACTOR,245,1917
Chief Privacy Officer,ACTOR,345,1918
City of Tempe Ethical Artificial Intelligence Policy,LEGAL_SOURCE,246,1919
City of Tempe,GEOGRAPHIC,246,1920
Technology and Innovation Steering Committee,ACTOR,246,1921
ethical AI frameworks,LEGAL_SOURCE,246,1922
policy reviews,LEGAL_SOURCE,246,1923
County of Santa Cruz Artificial Intelligence Appropriate Use Policy,LEGAL_SOURCE,247,1924
County of Santa Cruz,GEOGRAPHIC,247,1925
third parties,ACTOR,918,1926
HIPAA,LEGAL_SOURCE,332,1927
CCPA,LEGAL_SOURCE,247,1928
personally identifiable information,PERSONAL_DATA,247,1929
Google Bard,TECHNOLOGY,249,1930
OpenAI's ChatGPT,TECHNOLOGY,247,1931
Anthropic's Claude,TECHNOLOGY,247,1932
Scribe,TECHNOLOGY,247,1933
Kendall County Generative AI Chatbot Usage Policy,LEGAL_SOURCE,248,1934
ChatGPT,TECHNOLOGY,814,1935
Bard,TECHNOLOGY,248,1936
Kendall County,GEOGRAPHIC,248,1937
policy violations,REQUIREMENT,777,1938
Technology and Record Retention Policies,LEGAL_SOURCE,248,1939
"Information, Communication and Technology Department",ACTOR,248,1940
Director,ACTOR,846,1941
The City of Tulsa Municipal Court Rules 2024,LEGAL_SOURCE,249,1942
Municipal Criminal Court,ACTOR,249,1943
Bing AI,TECHNOLOGY,249,1944
12 O.S. §2011,LEGAL_SOURCE,249,1945
City of St. Louis Information Technology Policy #2023-001 Guidance on Generative AI,LEGAL_SOURCE,250,1946
Information Technology Acceptable Use Policy,LEGAL_SOURCE,250,1947
ITSA,ACTOR,250,1948
AI-related technology,TECHNOLOGY,250,1949
malware threats,RISK,250,1950
sensitive or confidential information,SENSITIVE_DATA,250,1951
copyright-protected,LEGAL_SOURCE,250,1952
Sunshine Law,LEGAL_SOURCE,250,1953
Mayor’s Office,ACTOR,250,1954
Artificial Intelligence (Regulation) Act 2024,LEGAL_SOURCE,251,1955
AI Authority,ACTOR,251,1956
regulators,ACTOR,947,1957
testbeds,REQUIREMENT,728,1958
regulatory sandboxes,REQUIREMENT,708,1959
AI responsible officers,ACTOR,251,1960
public engagement programs,REQUIREMENT,251,1961
Candidate Voice Fraud Prohibition Act,LEGAL_SOURCE,252,1962
political communications,REQUIREMENT,927,1963
AI-generated audio,TECHNOLOGY,560,1964
general election,REQUIREMENT,920,1965
radio or television stations,ACTOR,252,1966
news coverage,LEGAL_SOURCE,895,1967
criminal penalties,PENALTY,941,1968
compliance reports,LEGAL_SOURCE,921,1969
Integrating New Technologies to Empower Law Enforcement at Our Borders Act,LEGAL_SOURCE,253,1970
fiber-optic sensing,TECHNOLOGY,253,1971
nanotechnology,TECHNOLOGY,253,1972
optical and cognitive radar,TECHNOLOGY,253,1973
modeling and simulation technology,TECHNOLOGY,253,1974
hyperspectral and LIDAR sensors,TECHNOLOGY,253,1975
metrics,BENCHMARK,863,1976
Science and Technology Directorate,ACTOR,661,1977
"Further Continuing Appropriations and Disaster Relief Supplemental Appropriations Act 2025 (Title VIII ""Prohibition and Notification on Investments Relating to Covered National Security Transactions"")",LEGAL_SOURCE,254,1978
divestment requirements,REQUIREMENT,254,1979
enforcement actions,ACCOUNTABILITY,421,1980
prohibited technology,TECHNOLOGY,254,1981
"Further Continuing Appropriations and Disaster Relief Supplemental Appropriations Act 2025 (Title V ""Promoting Resilient Supply Chains"")",LEGAL_SOURCE,255,1982
critical technologies,TECHNOLOGY,663,1983
AI-related supply chains,TECHNOLOGY,255,1984
countries identified as risks to national security,GEOGRAPHIC,255,1985
privacy concerns,RISK,574,1986
Diabetes Act,LEGAL_SOURCE,256,1987
automated insulin delivery systems,TECHNOLOGY,256,1988
diabetes technologies,TECHNOLOGY,256,1989
billing and reimbursement transparency,TRANSPARENCY,256,1990
insulin pumps,TECHNOLOGY,256,1991
Federal healthcare programs,REQUIREMENT,256,1992
legal and policy issues,LEGAL_SOURCE,256,1993
Executive order No. 78 (St. Louis),LEGAL_SOURCE,257,1994
St. Louis Metropolitan Police Department,ACTOR,257,1995
SLMPD,ACTOR,257,1996
transparency reports,LEGAL_SOURCE,535,1997
federal and state laws,LEGAL_SOURCE,257,1998
City’s Information Technology Services,ACTOR,257,1999
28 C.F.R. Part 23,LEGAL_SOURCE,257,2000
need to know,ACCOUNTABILITY,257,2001
right to know,ACCOUNTABILITY,257,2002
DHS policies,LEGAL_SOURCE,258,2003
cost-benefit analysis,BENCHMARK,848,2004
security effectiveness,RISK,258,2005
advanced technology,TECHNOLOGY,372,2006
"Further Continuing Appropriations and Disaster Relief Supplemental Appropriations Act 2025 (Section 217 ""Report on Wearable Medical Devices"")",LEGAL_SOURCE,259,2007
Google DeepMind Frontier Safety Framework Version 1.0,LEGAL_SOURCE,260,2008
Autonomy,TECHNOLOGY,260,2009
Biosecurity,RISK,260,2010
security mitigations,RISK,260,2011
model weight exfiltration,RISK,260,2012
security protocols,RISK,530,2013
"An Act Providing for Transferring and Renumbering; Amending Section 41-2414, Arizona Revised Statutes, as Transferred and Renumbered; Relating to Crime Victims",LEGAL_SOURCE,261,2014
crime victims notification system,TECHNOLOGY,261,2015
crime,RISK,912,2016
"James M. Inhofe National Defense Authorization Act for Fiscal Year 2023, Section 11226 (""Artificial intelligence strategy"")",LEGAL_SOURCE,262,2017
"National Defense Authorization Act for Fiscal Year 2022, Section 226 (""Review of artificial intelligence applications and establishment of performance metrics"")",LEGAL_SOURCE,263,2018
"National Defense Authorization Act for Fiscal Year 2022, Section 227 (""Modification of the joint common foundation program"")",LEGAL_SOURCE,264,2019
Joint Common Foundation Program,REQUIREMENT,264,2020
cybersecurity processes,RISK,762,2021
"James M. Inhofe National Defense Authorization Act for Fiscal Year 2023, Section 1554 (""Roadmap and implementation plan for cyber adoption of artificial intelligence"")",LEGAL_SOURCE,265,2022
Chief Information Officer of the Department of Defense,ACTOR,314,2023
cyber operations,TECHNOLOGY,369,2024
AI system operator,ACTOR,265,2025
AI-based attacks,RISK,265,2026
maturity model,REQUIREMENT,265,2027
"National Defense Authorization Act for Fiscal Year 2022, Section 1531 (""Digital development infrastructure plan and working group"")",LEGAL_SOURCE,266,2028
AI-related information technology infrastructure,TECHNOLOGY,266,2029
governance structure,ACCOUNTABILITY,823,2030
plan working group,REQUIREMENT,266,2031
data sets,TECHNOLOGY,618,2032
AI application domains,TECHNOLOGY,266,2033
"James M. Inhofe National Defense Authorization Act for Fiscal Year 2023, Section 6723 (""Requirements and report on workforce needs of intelligence community relating to science, technology, engineering, and math, and related areas"")",LEGAL_SOURCE,267,2034
"education, recruitment, and retention programs",REQUIREMENT,267,2035
skills-based training,REQUIREMENT,267,2036
educational programs,REQUIREMENT,267,2037
"A Local Law to amend the administrative code of the city of New York, in relation to automated employment decision tools",LEGAL_SOURCE,268,2038
automated employment decision tools,TECHNOLOGY,857,2039
employment decision making,EMPLOYMENT,268,2040
independent auditors,ACTOR,268,2041
job candidates,ACTOR,268,2042
city corporation counsel,ACTOR,268,2043
"James M. Inhofe National Defense Authorization Act for Fiscal Year 2023, Section 1513 (""Establishing projects for data management, artificial intelligence, and digital solutions"")",LEGAL_SOURCE,269,2044
Deputy Secretary of Defense,ACTOR,364,2045
government operational environments,ACTOR,269,2046
AI expertise,DOMAIN,749,2047
"An act to include certain computer-related projects in the Federal permitting program under title XLI of the FAST Act, and for other purposes",LEGAL_SOURCE,270,2048
Section 41001(6)(A),LEGAL_SOURCE,270,2049
FAST Act,LEGAL_SOURCE,270,2050
semiconductors,TECHNOLOGY,687,2051
FAST Act permitting program,REQUIREMENT,270,2052
"James M. Inhofe National Defense Authorization Act for Fiscal Year 2023, Section 11227 (""Review of artificial intelligence applications and establishment of performance metrics"")",LEGAL_SOURCE,271,2053
military personnel,RISK,271,2054
Information Technology Modernization Centers of Excellence Program Act,LEGAL_SOURCE,272,2055
Information Technology Modernization Centers of Excellence Program,REQUIREMENT,272,2056
executive agencies,ACTOR,657,2057
information technology,TECHNOLOGY,357,2058
consumer interactions,DOMAIN,272,2059
"Research and Development, Competition, and Innovation Act, Title IV, Section 10402 (""National engineering biology research and development initiative"")",LEGAL_SOURCE,273,2060
engineering biology,DOMAIN,716,2061
omics data,SENSITIVE_DATA,273,2062
genomics,SENSITIVE_DATA,273,2063
Identifying Outputs of Generative Adversarial Networks Act,LEGAL_SOURCE,274,2064
measurements and standards,REQUIREMENT,274,2065
generative adversarial networks,TECHNOLOGY,274,2066
"Flood Level Observation, Operations, and Decision Support Act, Section 14 (""National Weather Service hydrologic research fellowship program"")",LEGAL_SOURCE,275,2067
Hydrologic Research Fellowship Program,REQUIREMENT,275,2068
hydrologic modeling,TECHNOLOGY,275,2069
"21 CFR § 876.1520 (""Gastrointestinal lesion software detection system"")",LEGAL_SOURCE,276,2070
gastrointestinal lesion software detection systems,TECHNOLOGY,276,2071
clinical and non-clinical performance tests,REQUIREMENT,276,2072
use instructions,REQUIREMENT,276,2073
warnings,REQUIREMENT,868,2074
summaries of testing,LEGAL_SOURCE,276,2075
"Energy Act of 2020, Title VI, Section 6006 (""Development of National Smart Manufacturing Plan"")",LEGAL_SOURCE,277,2076
smart manufacturing,TECHNOLOGY,391,2077
performance standards,REQUIREMENT,779,2078
manufacturing jobs,EMPLOYMENT,277,2079
"National Defense Authorization Act for Fiscal Year 2022, Section 232 (""Pilot program on data repositories to facilitate the development of artificial intelligence capabilities for the Department of Defense"")",LEGAL_SOURCE,278,2080
DoD procurement,ACTOR,278,2081
"Executive Order on the Safe, Secure, and Trustworthy Development and Use of Artificial Intelligence",LEGAL_SOURCE,279,2082
biological risks,RISK,279,2083
deceptive content risks,RISK,279,2084
National Security Memorandum,LEGAL_SOURCE,279,2085
privacy-preserving research,RISK,279,2086
commercially available information,TECHNOLOGY,279,2087
communications networks,TECHNOLOGY,279,2088
labor-market impacts,RISK,279,2089
immigration of AI talent,ACTOR,279,2090
AI research and innovation,LIFECYCLE_STAGE,489,2091
National AI Research Resource,REQUIREMENT,797,2092
critical infrastructure,RISK,765,2093
agency use of AI,LEGAL_SOURCE,757,2094
AI professionals,EMPLOYMENT,837,2095
Illinois HB53 2021,LEGAL_SOURCE,280,2096
ethnicity,SENSITIVE_DATA,828,2097
Illinois Department of Commerce and Economic Opportunity,ACTOR,280,2098
"An Act Concerning Artificial Intelligence, Automated Decision-Making and Personal Data Privacy",LEGAL_SOURCE,281,2099
Department of Administrative Services,ACTOR,902,2100
Office of Policy and Management,ACTOR,902,2101
Judicial Department,ACTOR,902,2102
industry representatives,ACTOR,896,2103
Connecticut,GEOGRAPHIC,902,2104
artificial intelligence bill of rights,LEGAL_SOURCE,281,2105
White House Office of Science and Technology Policy,ACTOR,281,2106
"An act to add Section 11546.45.5 to the Government Code, relating to automated decision systems",LEGAL_SOURCE,282,2107
Copyright Registration Guidance: Works Containing Material Generated by Artificial Intelligence,LEGAL_SOURCE,283,2108
U.S. copyright protection,LEGAL_SOURCE,283,2109
copyright applicants,RISK,283,2110
"An act to amend and reenact subsection 8 of section 1-01-49 of the North Dakota Century Code, relating to the definition of person; and to declare an emergency",LEGAL_SOURCE,284,2111
North Dakota state law,LEGAL_SOURCE,284,2112
"William M. (Mac) Thornberry National Defense Authorization Act for Fiscal Year 2021, Division A, Title II, Section 247 (""Pilot program on the use of electronic portfolios to evaluate certain applicants for technical positions"")",LEGAL_SOURCE,286,2113
software development,TECHNOLOGY,767,2114
direct hire authority,LEGAL_SOURCE,838,2115
electronic portfolios,TECHNOLOGY,286,2116
Human Resources manager,ACTOR,286,2117
congressional defense committee,ACTOR,286,2118
"William M. (Mac) Thornberry National Defense Authorization Act for Fiscal Year 2021, Division A, Title XCIV, Section 9407 (""National cybersecurity challenges"")",LEGAL_SOURCE,287,2119
national cybersecurity challenges,REQUIREMENT,287,2120
cyber systems,TECHNOLOGY,287,2121
advisory council,REQUIREMENT,456,2122
"William M. (Mac) Thornberry National Defense Authorization Act for Fiscal Year 2021, Division A, Title XCII, Section 9203 (""Spectrum information technology modernization efforts"")",LEGAL_SOURCE,288,2123
mission requirements,REQUIREMENT,301,2124
Federal spectrum,REQUIREMENT,288,2125
Assistant Secretary of Commerce for Communications and Information,ACTOR,622,2126
National Telecommunications and Information Administration,ACTOR,288,2127
NTIA,ACTOR,607,2128
spectrum management,TECHNOLOGY,629,2129
data model,TECHNOLOGY,288,2130
workflow automation,TECHNOLOGY,288,2131
Policy and Plans Steering Group,ACTOR,288,2132
information technology systems,TECHNOLOGY,288,2133
"William M. (Mac) Thornberry National Defense Authorization Act for Fiscal Year 2021, Division A, Title II, Subtitle C (""Artificial Intelligence and Emerging Technology"")",LEGAL_SOURCE,289,2134
artificial intelligence technologies,TECHNOLOGY,289,2135
Joint Artificial Intelligence Center,ACTOR,303,2136
board of advisors,REQUIREMENT,289,2137
ethically and responsibly developed artificial intelligence,RISK,289,2138
steering committee on emerging technology and national security threats,REQUIREMENT,289,2139
"William M. (Mac) Thornberry National Defense Authorization Act for Fiscal Year 2021, Division A, Title II, Section 227 (""Limitation on contract awards for certain unmanned vessels"")",LEGAL_SOURCE,290,2140
unmanned surface vessels or vehicles,TECHNOLOGY,290,2141
offensive weapons systems,TECHNOLOGY,290,2142
analysis of alternatives,LEGAL_SOURCE,290,2143
"William M. (Mac) Thornberry National Defense Authorization Act for Fiscal Year 2021, Division A, Title VIII, Section 801 (""Report on acquisition risk assessment and mitigation as part of Adaptive Acquisition Framework implementation"")",LEGAL_SOURCE,291,2144
acquisition executive,ACTOR,346,2145
acquisition programs,REQUIREMENT,530,2146
"William M. (Mac) Thornberry National Defense Authorization Act for Fiscal Year 2021, Division A, Title II, Section 248 (""Pilot program on self-directed training in advanced technologies"")",LEGAL_SOURCE,292,2147
online courses,REQUIREMENT,292,2148
"William M. (Mac) Thornberry National Defense Authorization Act for Fiscal Year 2021, Division A, Title II, Section 249 (""Part-time and term employment of university faculty and students in the Defense science and technology enterprise"")",LEGAL_SOURCE,293,2149
Defense science and technology employment opportunities,REQUIREMENT,293,2150
research projects,LIFECYCLE_STAGE,427,2151
"William M. (Mac) Thornberry National Defense Authorization Act for Fiscal Year 2021, Division A, Title XXXV, Section 3521 (""Maritime security and domain awareness"")",LEGAL_SOURCE,294,2152
commercial solutions,TECHNOLOGY,294,2153
congressional Committees,ACTOR,294,2154
"William M. (Mac) Thornberry National Defense Authorization Act for Fiscal Year 2021, Division A, Title I, Section 152 (""Transfer of responsibilities and functions relating to electromagnetic spectrum operations"")",LEGAL_SOURCE,295,2155
Commander of the US Strategic Command,ACTOR,295,2156
electromagnetic spectrum operations,REQUIREMENT,319,2157
electronic warfare capabilities,TECHNOLOGY,295,2158
"William M. (Mac) Thornberry National Defense Authorization Act for Fiscal Year 2021, Division A, Title XCIV, Section 9414 (""Study on Chinese policies and influence in the development of international standards for emerging technologies"")",LEGAL_SOURCE,296,2159
emerging technology international standards,REQUIREMENT,296,2160
international standards-setting bodies,REQUIREMENT,296,2161
"Committees on Science, Space, and Technology",ACTOR,296,2162
"William M. (Mac) Thornberry National Defense Authorization Act for Fiscal Year 2021, Division A, Title II, Section 513 (""Grants to support STEM education in the Junior Reserve Officers’ Training Corps"")",LEGAL_SOURCE,297,2163
STEM education programs,REQUIREMENT,297,2164
Junior Reserve Corps,REQUIREMENT,297,2165
"William M. (Mac) Thornberry National Defense Authorization Act for Fiscal Year 2021, Division A, Title XV, Section 6505 (""GAO studies on trafficking"")",LEGAL_SOURCE,298,2166
private sector stakeholders,ACTOR,695,2167
financial institutions,ACTOR,766,2168
data and technology companies,ACTOR,298,2169
transnational criminal organizations,ACTOR,637,2170
digital identity technologies,TECHNOLOGY,298,2171
distributed ledger technologies,TECHNOLOGY,367,2172
virtual assets,TECHNOLOGY,298,2173
online marketplaces,TECHNOLOGY,298,2174
"William M. (Mac) Thornberry National Defense Authorization Act for Fiscal Year 2021, Division A, Title LXII, Section 6211 (""Financial crimes tech symposium"")",LEGAL_SOURCE,299,2175
money laundering,DOMAIN,789,2176
financial regulators,ACTOR,423,2177
FinCEN,ACTOR,552,2178
Treasury Department,ACTOR,423,2179
"Committee on Banking, Housing, and Urban Affairs",ACTOR,299,2180
Senate,ACTOR,944,2181
Committee on Financial Services,ACTOR,299,2182
"William M. (Mac) Thornberry National Defense Authorization Act for Fiscal Year 2021, Division A, Title XC, Section 9004 (""Department of Homeland Security reports on digital content forgery technology"")",LEGAL_SOURCE,300,2183
digital content forgery technology,TECHNOLOGY,300,2184
deep learning,TECHNOLOGY,300,2185
technological countermeasures,TECHNOLOGY,300,2186
"William M. (Mac) Thornberry National Defense Authorization Act for Fiscal Year 2021, Division A, Title LVXXXIV, Section 8411 (""Unmanned maritime systems and satellite vessel tracking technologies"")",LEGAL_SOURCE,301,2187
Blue Technology Center of Expertise,ACTOR,301,2188
unmanned maritime systems,TECHNOLOGY,301,2189
satellite vessel tracking technologies,TECHNOLOGY,301,2190
"William M. (Mac) Thornberry National Defense Authorization Act for Fiscal Year 2021, Division A, Title II, Section 218 (""Executive agent for autonomy"")",LEGAL_SOURCE,302,2191
Navy program executive officer,ACTOR,302,2192
acquisition executive agent for autonomy,ACTOR,302,2193
autonomous technology,TECHNOLOGY,302,2194
"William M. (Mac) Thornberry National Defense Authorization Act for Fiscal Year 2021, Division A, Title VII, Section 808 (""Acquisition authority of the Director of the Joint Artificial Intelligence Center"")",LEGAL_SOURCE,303,2195
acquisition workforce,ACTOR,373,2196
"William M. (Mac) Thornberry National Defense Authorization Act for Fiscal Year 2021, Division A, Title XI, Section 1102 (""Enhancement of public-private talent exchange programs in the Department of Defense"")",LEGAL_SOURCE,304,2197
Research and Engineering,ACTOR,304,2198
Armed Force,ACTOR,362,2199
military department,ACTOR,541,2200
Public-Private Exchange programmes,REQUIREMENT,304,2201
conflict of interest requirements,REQUIREMENT,304,2202
"William M. (Mac) Thornberry National Defense Authorization Act for Fiscal Year 2021, Division A, Title XVI, Section 1601 (""Space Development Agency development requirements and transfer to Space Force"")",LEGAL_SOURCE,305,2203
Director of the Space Development Agency,ACTOR,305,2204
"military space-based sensing, tracking, and data transport architecture",TECHNOLOGY,305,2205
autonomous battle features,TECHNOLOGY,305,2206
low-Earth orbit,TECHNOLOGY,305,2207
Space Development Agency,ACTOR,305,2208
Office of the Secretary of Defense,ACTOR,305,2209
Space Force,ACTOR,305,2210
"William M. (Mac) Thornberry National Defense Authorization Act for Fiscal Year 2021, Division A, Title II, Section 241 (""Measuring and incentivizing programming proficiency"")",LEGAL_SOURCE,306,2211
architecture certification programmes,REQUIREMENT,306,2212
DOD coding language proficiency,REQUIREMENT,306,2213
AI competency tests,REQUIREMENT,306,2214
foreign language competency system,REQUIREMENT,306,2215
artificial intelligence competency tests,REQUIREMENT,306,2216
computer or digital programming language,TECHNOLOGY,306,2217
"William M. (Mac) Thornberry National Defense Authorization Act for Fiscal Year 2021, Division A, Title XVII, Section 1751 (""Guidance and direction on use of direct hiring processes for artificial intelligence professionals and other data science and software development personnel"")",LEGAL_SOURCE,307,2218
software and data science personnel,ACTOR,307,2219
HR,ACTOR,307,2220
direct hiring authorities,REQUIREMENT,307,2221
subject matter experts,ACTOR,307,2222
ePortfolio reviews,REQUIREMENT,307,2223
referral bonuses,REQUIREMENT,307,2224
"William M. (Mac) Thornberry National Defense Authorization Act for Fiscal Year 2021, Division A, Title V, Section 589F (""Study on cyberexploitation and online deception of members of the Armed Forces and their families"")",LEGAL_SOURCE,308,2225
information warfare,DOMAIN,308,2226
cyberexploitation,RISK,308,2227
"William M. (Mac) Thornberry National Defense Authorization Act for Fiscal Year 2021, Division A, Title I, Section 164 (""Acceleration of development and fielding of counter unmanned aircraft systems across the joint force"")",LEGAL_SOURCE,309,2228
Executive Agent of the Joint Counter Small Unmanned Aircraft Systems Office,ACTOR,309,2229
unmanned aircraft system,TECHNOLOGY,568,2230
autonomous and semi-autonomous systems,TECHNOLOGY,460,2231
operational requirements,REQUIREMENT,331,2232
"National Defense Authorization Act for Fiscal Year 2024, Section 7510 (""Requirement to ensure intelligence community directives appropriately account for artificial intelligence and machine learning tools in intelligence products"")",LEGAL_SOURCE,310,2233
congressional appropriations and intelligence committees,ACTOR,310,2234
intelligence community directives,LEGAL_SOURCE,587,2235
plan and timeline,LEGAL_SOURCE,587,2236
"National Defense Authorization Act for Fiscal Year 2024, Section 7513 (""Policies established by Director of National Intelligence for artificial intelligence capabilities"")",LEGAL_SOURCE,311,2237
AI capability monitoring,LIFECYCLE_STAGE,311,2238
model auditing,ACCOUNTABILITY,311,2239
vulnerability testing,LIFECYCLE_STAGE,311,2240
privacy evaluations,RISK,311,2241
third-party-trained models,TECHNOLOGY,311,2242
"National Defense Authorization Act for Fiscal Year 2024, Section 856 (""Pilot program to analyze and monitor certain supply chains"")",LEGAL_SOURCE,312,2243
weapons platforms,TECHNOLOGY,312,2244
"National Defense Authorization Act for Fiscal Year 2024, Section 811 (""Modernizing the Department of Defense requirements process"")",LEGAL_SOURCE,313,2245
Department of Defense Architecture Framework,REQUIREMENT,313,2246
application program interfaces,TECHNOLOGY,313,2247
enterprise architectures,TECHNOLOGY,313,2248
government and commercial standards,REQUIREMENT,313,2249
hardware,TECHNOLOGY,931,2250
Vice Chairman of the Joint Chiefs of Staff,ACTOR,364,2251
science and technology reinvention laboratories,ACTOR,313,2252
"National Defense Authorization Act for Fiscal Year 2024, Section 1507 (""Review and plan relating to cyber red teams of Department of Defense"")",LEGAL_SOURCE,314,2253
Principal Cyber Advisor to the Secretary of Defense,ACTOR,314,2254
Director of Operational Test and Evaluation,ACTOR,314,2255
cyber red teams,REQUIREMENT,314,2256
"National Defense Authorization Act for Fiscal Year 2024, Section 7507 (""Programs for next-generation microelectronics in support of artificial intelligence"")",LEGAL_SOURCE,315,2257
Director of the Intelligence Advanced Research Projects Activity,ACTOR,315,2258
microelectronics research,REQUIREMENT,592,2259
advanced computing,TECHNOLOGY,557,2260
optical communication networks,TECHNOLOGY,315,2261
"National Defense Authorization Act for Fiscal Year 2024, Section 224 (""Next Generation Air Dominance family of systems development program accountability matrices"")",LEGAL_SOURCE,316,2262
Next Generation Air Dominance,REQUIREMENT,316,2263
Collaborative Combat Aircraft,REQUIREMENT,316,2264
air vehicles,TECHNOLOGY,316,2265
mission systems,TECHNOLOGY,316,2266
system test and evaluation,LIFECYCLE_STAGE,316,2267
training systems,DOMAIN,316,2268
cost KPPs,BENCHMARK,316,2269
"National Defense Authorization Act for Fiscal Year 2024, Section 1090 (""Conduct of weather reconnaissance in the United States"")",LEGAL_SOURCE,317,2270
53rd Weather Reconnaissance Squadron,ACTOR,317,2271
Air Force Reserve Command,ACTOR,317,2272
water management,ACTOR,317,2273
autonomous platform,TECHNOLOGY,317,2274
flood forecasting,TECHNOLOGY,317,2275
"National Defense Authorization Act for Fiscal Year 2024, Section 251 (""Congressional notification of changes to Department of Defense policy on autonomy in weapon systems"")",LEGAL_SOURCE,318,2276
Department of Defense Directive 300.09,LEGAL_SOURCE,318,2277
autonomy in weapons systems,TECHNOLOGY,318,2278
"National Defense Authorization Act for Fiscal Year 2024, Section 1682 (""Electromagnetic Warfare"")",LEGAL_SOURCE,319,2279
Marine Corps,ACTOR,319,2280
Space Operations,ACTOR,319,2281
AI-assisted operations,TECHNOLOGY,319,2282
"National Defense Authorization Act for Fiscal Year 2024, Section 903 (""Establishment of Office of Strategic Capital"")",LEGAL_SOURCE,320,2283
Office of Strategic Capital,ACTOR,320,2284
autonomous robots,TECHNOLOGY,320,2285
"National Defense Authorization Act for Fiscal Year 2024, Section 253 (""Annual review of status of implementation plan for digital engineering career tracks"")",LEGAL_SOURCE,321,2286
"National Defense Authorization Act for Fiscal Year 2024, Section 7511 (""Expanded annual assessment of economic and technological capabilities of the People's Republic of China and related briefing"")",LEGAL_SOURCE,322,2287
congressional intelligence committees,ACTOR,592,2288
"National Defense Authorization Act for Fiscal Year 2024, Section 7356 (""Analysis of commercial cloud initiatives of intelligence community"")",LEGAL_SOURCE,323,2289
Commercial Cloud Enterprise,REQUIREMENT,323,2290
analytics,TECHNOLOGY,924,2291
congressional intelligence and appropriations committees,ACTOR,323,2292
"National Defense Authorization Act for Fiscal Year 2024, Section 350 (""Strategy and assessment on use of automation and artificial intelligence for shipyard optimization"")",LEGAL_SOURCE,324,2293
Shipyard Infrastructure Optimization Program,REQUIREMENT,353,2294
U.S. Navy shipyards,GEOGRAPHIC,324,2295
"National Defense Authorization Act for Fiscal Year 2024, Section 1521 (""Control and management of Department of Defense data; establishment of Chief Digital and Artificial Intelligence Officer Governing Council"")",LEGAL_SOURCE,325,2296
"National Defense Authorization Act for Fiscal Year 2024, Section 112 (""Strategy for Army tactical wheeled vehicle program"")",LEGAL_SOURCE,326,2297
tactical wheeled vehicles,TECHNOLOGY,326,2298
national security strategy,LEGAL_SOURCE,326,2299
"National Defense Authorization Act for Fiscal Year 2024, Section 6303 (""Establishment of the Chief Artificial Intelligence Officer of the Department of State"")",LEGAL_SOURCE,327,2300
Chief Artificial Intelligence Officer,ACTOR,794,2301
diplomacy,ACTOR,615,2302
"National Defense Authorization Act for Fiscal Year 2024, Title XV, Subtitle E (""Artificial Intelligence"")",LEGAL_SOURCE,328,2303
bug bounty program,REQUIREMENT,835,2304
cybersecurity experts,ACTOR,473,2305
watermarking,REQUIREMENT,847,2306
autonomous systems,TECHNOLOGY,854,2307
military applications,DOMAIN,877,2308
explainability,TRANSPARENCY,818,2309
decision support systems,TECHNOLOGY,448,2310
"National Defense Authorization Act for Fiscal Year 2024, Title XIII, Subtitle B (""Other Matters Relating to Foreign Nations: Matters Relating to the AUKUS Partnership"")",LEGAL_SOURCE,329,2311
AUKUS partnership,REQUIREMENT,606,2312
defense technologies,TECHNOLOGY,329,2313
AUKUS partners,ACTOR,329,2314
"National Defense Authorization Act for Fiscal Year 2024, Title XV, Subtitle C (""Cyberspace-Related Matters: Information Technology and Data Management"")",LEGAL_SOURCE,330,2315
US persons,ACTOR,524,2316
Director of the Defense Media Activity,ACTOR,634,2317
official photographs and videos,LEGAL_SOURCE,330,2318
"National Defense Authorization Act for Fiscal Year 2024, Section 346 (""Pilot program on optimization of aerial refueling and fuel management in contested logistics environments through use of artificial intelligence"")",LEGAL_SOURCE,331,2319
advanced digital technologies,TECHNOLOGY,331,2320
Committees on Armed Services,ACTOR,331,2321
Virginia HB 2154,LEGAL_SOURCE,332,2322
hospitals,DOMAIN,749,2323
patient access,DOMAIN,748,2324
intelligent personal assistants,TECHNOLOGY,332,2325
health information,RISK,828,2326
Health Insurance Portability and Accountability Act,LEGAL_SOURCE,332,2327
intelligent personal assistant,TECHNOLOGY,332,2328
digital assistants,TECHNOLOGY,332,2329
virtual assistants,TECHNOLOGY,332,2330
Illinois HB 3563,LEGAL_SOURCE,333,2331
Department of Innovation and Technology Act,LEGAL_SOURCE,473,2332
Generative AI and Natural Language Processing Task Force,ACTOR,473,2333
natural language processing software,TECHNOLOGY,473,2334
consumer information protection,RISK,333,2335
model policies,LEGAL_SOURCE,473,2336
Alabama SB 78,LEGAL_SOURCE,334,2337
Alabama Council on Advanced Technology and Artificial Intelligence,ACTOR,334,2338
New Jersey S 2723,LEGAL_SOURCE,335,2339
information technology modernization and improvement plan,LEGAL_SOURCE,335,2340
data analytics,TECHNOLOGY,805,2341
electronic forms,TECHNOLOGY,335,2342
digitized workflows,TECHNOLOGY,335,2343
cloud services,TECHNOLOGY,335,2344
Arkansas SB 656,LEGAL_SOURCE,336,2345
Data-Sharing and Data-Driven Decision-Making Task Force,ACTOR,336,2346
statewide data-sharing system,TECHNOLOGY,336,2347
external consultants,ACTOR,336,2348
"James M. Inhofe National Defense Authorization Act for Fiscal Year 2023, Section 6731 (""Report on establishment of technology acquisition cadre"")",LEGAL_SOURCE,337,2349
feasibility report,LEGAL_SOURCE,337,2350
cadre of experts in emerging technologies,REQUIREMENT,337,2351
training requirements,DOMAIN,809,2352
acquisition professionals,ACTOR,337,2353
plan for implementation,LEGAL_SOURCE,337,2354
"James M. Inhofe National Defense Authorization Act for Fiscal Year 2023, Section 916 (""Strategic management dashboard demonstration"")",LEGAL_SOURCE,338,2355
strategic management dashboard,TECHNOLOGY,338,2356
data analytic capabilities,TECHNOLOGY,338,2357
commercial best practices,REQUIREMENT,338,2358
"James M. Inhofe National Defense Authorization Act for Fiscal Year 2023, Section 212 (""Clarification of role of senior official with principal responsibility for artificial intelligence and machine learning"")",LEGAL_SOURCE,339,2359
"James M. Inhofe National Defense Authorization Act for Fiscal Year 2023, Section 557 (""Study and report on professional military education"")",LEGAL_SOURCE,340,2360
Professional Military Education,ACTOR,340,2361
PME,ACTOR,340,2362
"James M. Inhofe National Defense Authorization Act for Fiscal Year 2023, Section 911 (""Updates to management reform framework"")",LEGAL_SOURCE,341,2363
"James M. Inhofe National Defense Authorization Act for Fiscal Year 2023, Section 861 (""Strategy for increasing competitive opportunities for certain critical technologies"")",LEGAL_SOURCE,342,2364
"James M. Inhofe National Defense Authorization Act for Fiscal Year 2023, Section 835 (""Curricula on software acquisitions and cybersecurity software or hardware acquisitions for covered individuals"")",LEGAL_SOURCE,343,2365
Defense Acquisition University,ACTOR,343,2366
hardware acquisition,TECHNOLOGY,343,2367
digital technologies,TECHNOLOGY,366,2368
"James M. Inhofe National Defense Authorization Act for Fiscal Year 2023, Section 6513 (""Lead intelligence community coordinator for countering and neutralizing proliferation of Iran-origin unmanned aircraft systems"")",LEGAL_SOURCE,344,2369
Iran-origin unmanned aircraft systems,TECHNOLOGY,344,2370
Five Eyes Partnership,ACTOR,344,2371
Advancing American Artificial Intelligence Act,LEGAL_SOURCE,345,2372
AI-related programs,REQUIREMENT,345,2373
artificial intelligence system,TECHNOLOGY,900,2374
Chief Procurement Officer,ACTOR,345,2375
Officer for Civil Rights and Civil Liberties,ACTOR,345,2376
Office of the Inspector General,ACTOR,345,2377
government agencies,ACTOR,913,2378
"James M. Inhofe National Defense Authorization Act for Fiscal Year 2023, Section 862 (""Key advanced system development industry days"")",LEGAL_SOURCE,346,2379
Secretary of a military department,ACTOR,346,2380
Service Chief,ACTOR,346,2381
"James M. Inhofe National Defense Authorization Act for Fiscal Year 2023, Section 11225 (""Establishment of unmanned system program and autonomous control and computer vision technology project"")",LEGAL_SOURCE,347,2382
unmanned vehicles,TECHNOLOGY,347,2383
communication systems,TECHNOLOGY,347,2384
computer vision systems,TECHNOLOGY,347,2385
autonomous control technology,TECHNOLOGY,347,2386
unmanned search and rescue,REQUIREMENT,347,2387
interdiction missions,REQUIREMENT,347,2388
"James M. Inhofe National Defense Authorization Act for Fiscal Year 2023, Section 11504 (""At-sea recovery operations pilot program"")",LEGAL_SOURCE,348,2389
remotely controlled,TECHNOLOGY,348,2390
Coast Guard vessels,TECHNOLOGY,348,2391
unmanned spaceflight vessels,TECHNOLOGY,348,2392
"Committee on Commerce, Science, and Transportation of the Senate",ACTOR,348,2393
Committee on Transportation and Infrastructure,ACTOR,348,2394
"Committee on Science, Space, and Technology of the House of Representatives",ACTOR,348,2395
"James M. Inhofe National Defense Authorization Act for Fiscal Year 2023, Section 1535 (""Department of Defense Cyber and Digital Service Academy"")",LEGAL_SOURCE,349,2396
digital technology,TECHNOLOGY,903,2397
Department of Defense Cyber and Digital Service Academy,REQUIREMENT,349,2398
institution of higher education,ACTOR,349,2399
"James M. Inhofe National Defense Authorization Act for Fiscal Year 2023, Section 10305 (""Modifications to the ocean exploration program of the National Oceanic and Atmospheric Administration"")",LEGAL_SOURCE,350,2400
marine science,LIFECYCLE_STAGE,350,2401
national ocean exploration program,REQUIREMENT,350,2402
data sharing practices,LEGAL_SOURCE,350,2403
"James M. Inhofe National Defense Authorization Act for Fiscal Year 2023, Section 9218 (""Report on changes to the Foreign Service Officer Test"")",LEGAL_SOURCE,351,2404
Foreign Service,ACTOR,351,2405
deep textual analysis,TECHNOLOGY,351,2406
"James M. Inhofe National Defense Authorization Act for Fiscal Year 2023, Section 6504 (""Annual report on concentrated reeducation camps in the Xinjiang Uyghur Autonomous Region of the People's Republic of China"")",LEGAL_SOURCE,352,2407
Chinese AI businesses,ACTOR,352,2408
Xinjiang Uyghur Autonomous Region of China,GEOGRAPHIC,352,2409
"James M. Inhofe National Defense Authorization Act for Fiscal Year 2023, Section 1092 (""National Commission on the Future of the Navy"")",LEGAL_SOURCE,353,2410
Commission on the Future of the Navy,ACTOR,353,2411
state legislatures,ACTOR,841,2412
congressional armed services committees,ACTOR,353,2413
"James M. Inhofe National Defense Authorization Act for Fiscal Year 2023, Section 6717 (""Policy on required user adoption metrics in certain contracts for artificial intelligence and emerging technology software products"")",LEGAL_SOURCE,354,2414
user adoption metrics,BENCHMARK,354,2415
emerging technology software products,TECHNOLOGY,354,2416
AI and emerging technology product,TECHNOLOGY,354,2417
"James M. Inhofe National Defense Authorization Act for Fiscal Year 2023, Section 6742 (""Code-free artificial intelligence enablement tools policy"")",LEGAL_SOURCE,355,2418
code-free artificial intelligence enablement tools,TECHNOLOGY,355,2419
"James M. Inhofe National Defense Authorization Act for Fiscal Year 2023, Section 9506 (""Cybersecurity recruitment and retention"")",LEGAL_SOURCE,356,2420
Bureau of Global Talent Management,ACTOR,356,2421
application development,TECHNOLOGY,356,2422
critical and emerging technology,TECHNOLOGY,356,2423
technology and digital policy,LEGAL_SOURCE,356,2424
Recruitment Language Program,REQUIREMENT,356,2425
language incentive pay,DOMAIN,356,2426
"James M. Inhofe National Defense Authorization Act for Fiscal Year 2023, Section 6718 (""Certification relating to information technology and software systems"")",LEGAL_SOURCE,357,2427
software systems,TECHNOLOGY,357,2428
accountable,ACCOUNTABILITY,827,2429
"James M. Inhofe National Defense Authorization Act for Fiscal Year 2023, Section 6505 (""Assessments of production of semiconductors by the People's Republic of China"")",LEGAL_SOURCE,358,2430
electronic design automation technology,TECHNOLOGY,358,2431
semiconductor manufacturing equipment,TECHNOLOGY,358,2432
Chinese semiconductor manufacturers,ACTOR,358,2433
"James M. Inhofe National Defense Authorization Act for Fiscal Year 2023, Section 6702 (""Additional responsibilities of Director of National Intelligence for artificial intelligence policies, standards, and guidance for the intelligence community"")",LEGAL_SOURCE,359,2434
National Intelligence Program,REQUIREMENT,364,2435
AI-related development activities,LIFECYCLE_STAGE,359,2436
"James M. Inhofe National Defense Authorization Act for Fiscal Year 2023, Section 6721 (""Reports on integration of artificial intelligence within intelligence community"")",LEGAL_SOURCE,360,2437
AI-related research and development activities,LIFECYCLE_STAGE,390,2438
education and training,DOMAIN,873,2439
emerging tech companies,ACTOR,360,2440
"James M. Inhofe National Defense Authorization Act for Fiscal Year 2023, Section 6812 (""Increased intelligence-related engineering, research, and development capabilities of minority institutions"")",LEGAL_SOURCE,361,2441
institutes of higher education,ACTOR,385,2442
computer sciences,TECHNOLOGY,361,2443
synthetic biology,TECHNOLOGY,769,2444
"James M. Inhofe National Defense Authorization Act for Fiscal Year 2023, Section 162 (""Assessment and strategy for fielding capabilities to counter threats posed by unmanned aerial system swarms"")",LEGAL_SOURCE,362,2445
unmanned aerial system swarms,TECHNOLOGY,362,2446
autonomous intelligence,TECHNOLOGY,362,2447
An Act Establishing the Alabama Commission on Artificial Intelligence and Associated Technologies.,LEGAL_SOURCE,363,2448
Alabama Commission on Artificial Intelligence,ACTOR,363,2449
Office of the Governor,ACTOR,888,2450
"National Defense Authorization Act for Fiscal Year 2022, Section 216 (""Improvements relating to steering committee on emerging technology and national security threats"")",LEGAL_SOURCE,364,2451
FY 2021 National Defense Authorization Act,LEGAL_SOURCE,364,2452
National Defense Strategy,LEGAL_SOURCE,364,2453
National Intelligence Strategy,LEGAL_SOURCE,364,2454
National Security Strategy,LEGAL_SOURCE,364,2455
National Security Act of 1947,LEGAL_SOURCE,364,2456
"National Defense Authorization Act for Fiscal Year 2022, Section 1511 (""Comparative analysis of cybersecurity capabilities"")",LEGAL_SOURCE,365,2457
government departments,ACTOR,365,2458
cybersecurity tools,TECHNOLOGY,509,2459
machine learning algorithms,TECHNOLOGY,742,2460
"National Defense Authorization Act for Fiscal Year 2022, Section 557 (""United States Naval Community College"")",LEGAL_SOURCE,366,2461
U.S. Naval Community College,ACTOR,366,2462
college's educational programs,DOMAIN,366,2463
"National Defense Authorization Act for Fiscal Year 2022, Section 909 (""Digital talent recruiting officer"")",LEGAL_SOURCE,367,2464
chief digital recruiting officer,ACTOR,367,2465
"National Defense Authorization Act for Fiscal Year 2022, Section 247 (""Reports and briefings on recommendations of the National Security Commission on Artificial Intelligence regarding the Department of Defense"")",LEGAL_SOURCE,368,2466
National Security Commission on AI,ACTOR,368,2467
"National Defense Authorization Act for Fiscal Year 2022, Section 1509 (""Assessment of cyber posture and operational assumptions and development of targeting strategies and supporting capabilities"")",LEGAL_SOURCE,369,2468
Under Secretary of Defense for Intelligence,ACTOR,369,2469
"National Defense Authorization Act for Fiscal Year 2022, Section 126 (""Acquisition, modernization, and sustainment plan for carrier air wings"")",LEGAL_SOURCE,370,2470
Next Generation Jammer,TECHNOLOGY,370,2471
EA-18G aircraft,TECHNOLOGY,370,2472
E-2D aircraft,TECHNOLOGY,370,2473
"National Defense Authorization Act for Fiscal Year 2022, Section 246 (""Report on autonomy integration in major weapon systems"")",LEGAL_SOURCE,371,2474
GPS,TECHNOLOGY,936,2475
autonomy software,TECHNOLOGY,371,2476
"testing, evaluation, verification, and validation",REQUIREMENT,371,2477
Department policies,LEGAL_SOURCE,371,2478
"An act to amend Chapter 12 of Title 31 of the Official Code of Georgia Annotated, relating to the control of hazardous conditions, preventable diseases, and metabolic disorders [...]",LEGAL_SOURCE,372,2479
traditional standards of in-person care,REQUIREMENT,372,2480
medical professional,ACTOR,372,2481
automated system,TECHNOLOGY,372,2482
medical record,LEGAL_SOURCE,372,2483
Artificial Intelligence Training for the Acquisition Workforce Act,LEGAL_SOURCE,550,2484
artificial intelligence training program,REQUIREMENT,373,2485
trustworthy AI,LEGAL_SOURCE,885,2486
homeland and national security,DOMAIN,373,2487
Director of the AI program,ACTOR,373,2488
interactive learning portfolio,LEGAL_SOURCE,373,2489
technologists,ACTOR,791,2490
scholars,ACTOR,373,2491
"private, public and non profit sectors",ACTOR,373,2492
evaluation system,REQUIREMENT,373,2493
"Intelligence Authorization Act for Fiscal Year 2022, Section 834 (""Plan for Artificial Intelligence Digital Ecosystem"")",LEGAL_SOURCE,374,2494
artificial intelligence applications,TECHNOLOGY,374,2495
common interfaces,TECHNOLOGY,374,2496
authentication,TECHNOLOGY,814,2497
federal standards,REQUIREMENT,770,2498
"William M. (Mac) Thornberry National Defense Authorization Act for Fiscal Year 2021, Division E (""National Artificial Intelligence Initiative Act"")",LEGAL_SOURCE,375,2499
National Artificial Intelligence Initiative,REQUIREMENT,375,2500
interagency coordinating committee,ACTOR,375,2501
external advisory committee,ACTOR,375,2502
National Academies,ACTOR,624,2503
National Institute of Standards and Technology Act,LEGAL_SOURCE,721,2504
Center for Artificial Intelligence,REQUIREMENT,375,2505
AI research and development program,REQUIREMENT,728,2506
"Countering Human Trafficking Act of 2021, Section 4 (""Specialized Initiatives"")",LEGAL_SOURCE,376,2507
department of Homeland security,ACTOR,376,2508
center for countering human trafficking,REQUIREMENT,376,2509
Science and Technology Directorate Office of Science and Engineering,ACTOR,376,2510
CCHT Director,ACTOR,376,2511
comparability,BENCHMARK,376,2512
verifiability,TRANSPARENCY,376,2513
American Competitiveness Of a More Productive Emerging Tech Economy Act,LEGAL_SOURCE,377,2514
US economy,GEOGRAPHIC,377,2515
online harms,RISK,377,2516
disinformation,RISK,881,2517
"Consolidated Appropriations Act, 2023, Section 101 (""Manufacturing.gov Hub"")",LEGAL_SOURCE,378,2518
Information Officer of the Department of Commerce,ACTOR,378,2519
manufacturing.gov website,TECHNOLOGY,378,2520
manufacturing.gov hub,TECHNOLOGY,378,2521
"Health Extenders, Improving Access to Medicare, Medicaid, and CHIP, and Strengthening Public Health Act of 2022, Section 1432 (""Research on the Health and Development Effects of Media and Related Technology on Infants, Children, and Adolescents"")",LEGAL_SOURCE,379,2522
physical health,DOMAIN,805,2523
mental health,DOMAIN,856,2524
research agendas,REQUIREMENT,379,2525
AI in Government Act of 2020,LEGAL_SOURCE,380,2526
Federal policies,LEGAL_SOURCE,380,2527
Director of the CoE,ACTOR,380,2528
Committee on Homeland Security and Governmental Affairs,ACTOR,380,2529
Committee on Oversight and Reform,ACTOR,380,2530
Director of the AI CoE,ACTOR,380,2531
economic and national security,RISK,380,2532
discriminatory impact,RISK,380,2533
Federal nondiscrimination laws,LEGAL_SOURCE,380,2534
An Act relating to the creation of the artificial intelligence advisory council,LEGAL_SOURCE,381,2535
artificial intelligence advisory council,ACTOR,381,2536
Texas state agencies,ACTOR,381,2537
AI code of ethics,LEGAL_SOURCE,381,2538
inventory reports,LEGAL_SOURCE,381,2539
data management practices,REQUIREMENT,381,2540
data inputted,TECHNOLOGY,381,2541
"Energy Act of 2020, Title IX, Section 9008 (""Veterans' health initiative"")",LEGAL_SOURCE,382,2542
veteran healthcare provisions,DOMAIN,382,2543
data enclaves,TECHNOLOGY,382,2544
analytical methods,REQUIREMENT,382,2545
biomedical data sets,SENSITIVE_DATA,382,2546
nonprofit research organizations,ACTOR,382,2547
"Consolidated Appropriations Act, 2021, Division W, Title V, Section 502 (""Seedling investment in next-generation microelectronics in support of artificial intelligence"")",LEGAL_SOURCE,383,2548
advanced engineering,REQUIREMENT,383,2549
applied research,LIFECYCLE_STAGE,383,2550
microelectronics,TECHNOLOGY,592,2551
computing technology,TECHNOLOGY,383,2552
"Research and Development, Competition, and Innovation Act, Title III (""National Science Foundation for the Future"")",LEGAL_SOURCE,384,2553
US government,ACTOR,384,2554
Federal Cyber Scholarship-for-Service Program,REQUIREMENT,384,2555
Federal AI scholarship-for-service program,REQUIREMENT,384,2556
scholarships,REQUIREMENT,778,2557
technology ethics,LEGAL_SOURCE,384,2558
fellowships,REQUIREMENT,701,2559
AI mission,REQUIREMENT,384,2560
America COMPETES Reauthorization Act of 2010,LEGAL_SOURCE,384,2561
information technologies for manufacturing,TECHNOLOGY,384,2562
critical minerals mining strategies,REQUIREMENT,384,2563
geological exploration,REQUIREMENT,390,2564
critical minerals,REQUIREMENT,390,2565
AI research capacity,LIFECYCLE_STAGE,384,2566
"diversity, equity, and inclusion",RISK,455,2567
pilot programs,REQUIREMENT,474,2568
National AI Initiative Act of 2020,LEGAL_SOURCE,384,2569
government-wide data linkage and access infrastructure,REQUIREMENT,384,2570
"AI, machine learning, autonomy",TECHNOLOGY,384,2571
"Energy Act of 2020, Title III, Section 3002(g) (""Advanced Geothermal Computing and Data Science Research and Development"")",LEGAL_SOURCE,385,2572
Energy Independence and Security Act of 2007,LEGAL_SOURCE,742,2573
data science tools,TECHNOLOGY,385,2574
geothermal energy,TECHNOLOGY,385,2575
Office of Science,ACTOR,728,2576
DOE National Laboratories,ACTOR,385,2577
"Research and Development, Competition, and Innovation Act, Title VI, Section 10771 (""Department of Energy research, development, and demonstration activities"")",LEGAL_SOURCE,386,2578
U.S. Department of Energy,ACTOR,386,2579
Office of Environmental Management,ACTOR,386,2580
"Infrastructure Investment and Jobs Act, Section 25005 (""Strengthening Mobility and Revolutionizing Transportation Grant Program"")",LEGAL_SOURCE,387,2581
Department of Transportation,ACTOR,638,2582
grant program,REQUIREMENT,727,2583
smart city infrastructure projects,REQUIREMENT,387,2584
transportation efficiency,DOMAIN,387,2585
automated transportation,TECHNOLOGY,387,2586
sensor-based infrastructure,TECHNOLOGY,387,2587
implementation report,LEGAL_SOURCE,387,2588
"Research and Development, Competition, and Innovation Act, Title II (""National Institute of Standards and Technology for the Future""), Subtitle B (""Measurement Research"")",LEGAL_SOURCE,388,2589
Artificial Intelligence-enabled cybersecurity,TECHNOLOGY,388,2590
Artificial Intelligence defense systems,TECHNOLOGY,388,2591
network architectures,TECHNOLOGY,388,2592
network security,RISK,388,2593
measurement research,LIFECYCLE_STAGE,716,2594
advanced communications technologies,TECHNOLOGY,629,2595
Artificial Intelligence systems,TECHNOLOGY,388,2596
internet of things networks,TECHNOLOGY,388,2597
immersive technology,TECHNOLOGY,388,2598
harmful bias,RISK,493,2599
framework for managing risks,ACCOUNTABILITY,396,2600
encryption methods,TECHNOLOGY,388,2601
Artificial Intelligence and data science,TECHNOLOGY,388,2602
machine learning systems,TECHNOLOGY,396,2603
biometric identification technologies,TECHNOLOGY,396,2604
"Infrastructure Investment and Jobs Act, Section 11401 (""Grants for Charging and Fueling Infrastructure"")",LEGAL_SOURCE,389,2605
alternative-fuel vehicles,TECHNOLOGY,389,2606
infrastructure instillation,REQUIREMENT,389,2607
"Infrastructure Investment and Jobs Act, Section 40210 (""Critical Minerals Mining and Recycling Research"")",LEGAL_SOURCE,390,2608
"Infrastructure Investment and Jobs Act, Title V, Subtitle C, Part II (""Smart Manufacturing"")",LEGAL_SOURCE,391,2609
"Infrastructure Investment and Jobs Act, Section 25017 (""University Transportation Centers Program"")",LEGAL_SOURCE,392,2610
university transportation centers,REQUIREMENT,392,2611
connected vehicles,DOMAIN,392,2612
connected infrastructure,DOMAIN,392,2613
"Infrastructure Investment and Jobs Act, Section 13005 (""Emerging Technology Research Pilot Program"")",LEGAL_SOURCE,393,2614
emerging technology research pilot program,REQUIREMENT,393,2615
additive manufacturing technologies,TECHNOLOGY,393,2616
transportation infrastructure,DOMAIN,393,2617
automated driving,DOMAIN,393,2618
advanced driver-assistance systems,DOMAIN,393,2619
"Research and Development, Competition, and Innovation Act, Title VI, Section 10731 (""Microelectronics research for energy innovation"")",LEGAL_SOURCE,394,2620
Microelectronic Science Research Centers,ACTOR,394,2621
"Consolidated Appropriations Act, 2021, Division W, Title V, Section 604 (""Assessment of critical technology trends relating to artificial intelligence, microchips, and semiconductors and related supply chains"")",LEGAL_SOURCE,395,2622
partner countries,GEOGRAPHIC,512,2623
artificial intelligence enabled technologies,TECHNOLOGY,395,2624
"Research and Development, Competition, and Innovation Act, Title I (""Department of Energy Science for the Future"")",LEGAL_SOURCE,396,2625
Secretary of the Advanced Computing Program,ACTOR,396,2626
computational sciences,TECHNOLOGY,534,2627
"Federal, State, local, and Tribal governments",ACTOR,396,2628
"Energy Act of 2020, Title VIII, Section 8002 (""Smart grid modeling, visualization, architecture, and controls"")",LEGAL_SOURCE,397,2629
electrical grid,TECHNOLOGY,690,2630
computational tools,TECHNOLOGY,397,2631
electric grid,TECHNOLOGY,674,2632
cyber events,RISK,397,2633
"Infrastructure Investment and Jobs Act, Section 40433 (""Digital Climate Solutions Report"")",LEGAL_SOURCE,398,2634
digital climate solutions,TECHNOLOGY,398,2635
blockchain technologies,TECHNOLOGY,398,2636
Internet of Things,TECHNOLOGY,398,2637
"Senate Resolution requesting the State to convene an Artificial Intelligence Advisory Committee to investigate how to implement, develop, and regulate artificial intelligence in the State.",LEGAL_SOURCE,399,2638
AI advisory committee,ACTOR,399,2639
Hawaii,GEOGRAPHIC,399,2640
"21 CFR § 870.2790 (""Photoplethysmograph analysis software for over-the-counter use"")",LEGAL_SOURCE,400,2641
photoplethysmograph analysis software,TECHNOLOGY,400,2642
clinical performance testing,LIFECYCLE_STAGE,407,2643
detection algorithms,TECHNOLOGY,404,2644
hazard analysis,RISK,411,2645
technical specs,LEGAL_SOURCE,400,2646
"21 CFR § 892.2060 (""Radiological computer-assisted diagnostic software for lesions suspicious of cancer"")",LEGAL_SOURCE,401,2647
radiological computer-assisted diagnostic software,TECHNOLOGY,401,2648
image analysis algorithms,TECHNOLOGY,409,2649
performance testing protocols,REQUIREMENT,401,2650
performance testing,LIFECYCLE_STAGE,411,2651
software documentation,LEGAL_SOURCE,409,2652
software design specs,LEGAL_SOURCE,401,2653
traceability analysis,ACCOUNTABILITY,409,2654
cybersecurity features,RISK,401,2655
imaging hardware,TECHNOLOGY,401,2656
imaging protocols,REQUIREMENT,401,2657
reading protocol,REQUIREMENT,401,2658
"21 CFR § 870.2210 (""Adjunctive predictive cardiovascular indicator"")",LEGAL_SOURCE,402,2659
predictive cardiovascular indicators,TECHNOLOGY,402,2660
software specs,LEGAL_SOURCE,409,2661
algorithm calculations,TECHNOLOGY,408,2662
independent data set,REQUIREMENT,408,2663
human factors and usability engineering assessment,RISK,410,2664
clinical data assessment,LEGAL_SOURCE,402,2665
"21 CFR § 864.3750 (""Software algorithm device to assist users in digital pathology"")",LEGAL_SOURCE,403,2666
software algorithm device,TECHNOLOGY,403,2667
digital pathology,DOMAIN,403,2668
product labeling,LEGAL_SOURCE,411,2669
performance assessments,REQUIREMENT,403,2670
risk management plan,LEGAL_SOURCE,403,2671
"21 CFR § 870.2345 (""Electrocardiograph software for over-the-counter use"")",LEGAL_SOURCE,404,2672
electrocardiograph software devices,TECHNOLOGY,404,2673
previously adjudicated data set,REQUIREMENT,404,2674
human factors and usability testing,RISK,404,2675
"21 CFR § 864.3750 (""Adjunctive hemodynamic indicator with decision point"")",LEGAL_SOURCE,405,2676
hemodynamic indicator with decision point,TECHNOLOGY,405,2677
independent dataset,REQUIREMENT,405,2678
usability assessment,RISK,407,2679
Limited Applicability of Consumer Financial Protection Act's “Time or Space” Exception With Respect to Digital Marketing Providers,LEGAL_SOURCE,406,2680
Consumer Financial Protection Act of 2010,LEGAL_SOURCE,406,2681
service provider,ACTOR,406,2682
digital marketing providers,ACTOR,406,2683
algorithmic models,TECHNOLOGY,406,2684
content strategy,LEGAL_SOURCE,406,2685
CFPA,LEGAL_SOURCE,406,2686
"21 CFR § 882.1491 (""Pediatric Autism Spectrum Disorder diagnosis aid"")",LEGAL_SOURCE,407,2687
Cognoa ASD Diagnosis Aid,TECHNOLOGY,407,2688
machine-learning software program,TECHNOLOGY,407,2689
Autism Spectrum Disorder,DOMAIN,407,2690
software verification,LIFECYCLE_STAGE,411,2691
cybersecurity assessment,RISK,407,2692
"21 CFR § 870.1420 (""Coronary artery disease risk indicator using acoustic heart signals"")",LEGAL_SOURCE,408,2693
coronary artery disease risk indicators,DOMAIN,408,2694
"21 CFR § 892.2070 (""Medical image analyzer"")",LEGAL_SOURCE,409,2695
medical image analyzers,TECHNOLOGY,409,2696
"21 CFR § 870.2785 (""Software for optical camera-based measurement of pulse rate, heart rate, breathing rate, and/or respiratory rate"")",LEGAL_SOURCE,410,2697
Oxehealth Vital Signs device,TECHNOLOGY,410,2698
cybersecurity vulnerability and management process,RISK,410,2699
"21 CFR § 870.1345 (""Intravascular bleed monitor"")",LEGAL_SOURCE,411,2700
Saranas Early Bird Bleed Monitoring System,TECHNOLOGY,411,2701
"15 CFR part 7 (""Securing the Information and Communications Technology and Services Supply Chain"")",LEGAL_SOURCE,412,2702
information and communications technology or service,TECHNOLOGY,412,2703
machine learning software,TECHNOLOGY,412,2704
Literacy in Future Technologies Artificial Intelligence Act,LEGAL_SOURCE,413,2705
LIFT AI Act,LEGAL_SOURCE,413,2706
AI literacy curricula,DOMAIN,413,2707
AI literacy education,DOMAIN,413,2708
AI literacy evaluation tools,DOMAIN,413,2709
professional development courses,DOMAIN,413,2710
Artificial Intelligence Acquisitions Act of 2024,LEGAL_SOURCE,414,2711
artificial intelligence products,TECHNOLOGY,531,2712
Under Secretary of Commerce,ACTOR,515,2713
Federal Acquisition Security Council,ACTOR,414,2714
AI products or services,TECHNOLOGY,414,2715
intelligence activities,ACTOR,414,2716
defense intelligence,DOMAIN,414,2717
adversarial AI research,LIFECYCLE_STAGE,414,2718
Idaho House Bill 575,LEGAL_SOURCE,415,2719
explicit synthetic media,TECHNOLOGY,415,2720
AI-altered images,TECHNOLOGY,415,2721
criminal investigations,DOMAIN,942,2722
scientific research,LIFECYCLE_STAGE,891,2723
interactive computer services,ACTOR,943,2724
telecommunications providers,ACTOR,943,2725
"A bill to specify control and management of Department of Defense data and to establish the Chief Digital and Artificial Intelligence Officer Governing Council, and for other purposes.",LEGAL_SOURCE,416,2726
AI governance coordination,ACCOUNTABILITY,416,2727
bias in AI systems,RISK,416,2728
Digital Platform Commission Act of 2023,LEGAL_SOURCE,417,2729
Federal Digital Platform Commission,ACTOR,417,2730
digital platforms,TECHNOLOGY,836,2731
Code Council,ACTOR,417,2732
Cooper Davis Act,LEGAL_SOURCE,418,2733
electronic communication service providers,ACTOR,418,2734
remote computing services,ACTOR,418,2735
DEA,ACTOR,738,2736
fentanyl,DOMAIN,738,2737
methamphetamine,DOMAIN,510,2738
criminal and civil penalties,PENALTY,418,2739
data minimization,RISK,626,2740
broadband internet access service providers,ACTOR,418,2741
AI Ads Act,LEGAL_SOURCE,419,2742
fraudulent misrepresentation,CRIME,884,2743
fraudulent solicitation,CRIME,419,2744
political campaigns,ACTOR,932,2745
"S.4306, Five AIs Act 2024",LEGAL_SOURCE,420,2746
Australia,GEOGRAPHIC,606,2747
UK,GEOGRAPHIC,834,2748
AI interoperability,REQUIREMENT,420,2749
ethical frameworks,LEGAL_SOURCE,420,2750
commercial AI technologies,TECHNOLOGY,420,2751
"A bill to prohibit and require notifications with respect to certain investments by United States persons in the People's Republic of China, and for other purposes.",LEGAL_SOURCE,421,2752
multilateral engagement,LEGAL_SOURCE,774,2753
prohibited technology development/acquisition,TECHNOLOGY,421,2754
Preserving American Dominance in Artificial Intelligence Act of 2024,LEGAL_SOURCE,422,2755
Artificial Intelligence Safety Review Office,ACTOR,422,2756
red-teaming,REQUIREMENT,835,2757
cybersecurity practices,RISK,872,2758
Under Secretary of Commerce for AI Safety,ACTOR,422,2759
know-your-customer protocols,LEGAL_SOURCE,422,2760
civil fines,PENALTY,422,2761
AI Act of 2024,LEGAL_SOURCE,423,2762
banking regulators,ACTOR,423,2763
fraud detection,REQUIREMENT,805,2764
market research,LIFECYCLE_STAGE,651,2765
portfolio management,TECHNOLOGY,423,2766
housing and mortgage regulators,ACTOR,423,2767
Bank Secrecy Act,LEGAL_SOURCE,423,2768
self-regulatory organizations,ACTOR,423,2769
Trustworthy By Design Artificial Intelligence Act of 2024,LEGAL_SOURCE,424,2770
Federal law,LEGAL_SOURCE,424,2771
Chinese Military and Surveillance Company Sanctions Act of 2024,LEGAL_SOURCE,425,2772
military-civil fusion,REQUIREMENT,501,2773
humanitarian activities,RISK,425,2774
Workforce Data Enhancement Act,LEGAL_SOURCE,426,2775
workforce data quality initiative,REQUIREMENT,426,2776
statewide longitudinal data systems,TECHNOLOGY,426,2777
education and workforce systems,ACTOR,426,2778
data-driven decision-making,REQUIREMENT,426,2779
Rural Prosperity and Food Security Act of 2024,LEGAL_SOURCE,428,2780
specialty crop production,REQUIREMENT,771,2781
"Food, Agriculture, Conservation, and Trade Act of 1990",LEGAL_SOURCE,771,2782
memoranda of understanding,LEGAL_SOURCE,733,2783
large-scale data analytics,TECHNOLOGY,428,2784
predictive analysis,TECHNOLOGY,618,2785
agricultural and rural energy systems,TECHNOLOGY,428,2786
agriculture,REQUIREMENT,788,2787
labs,ACTOR,823,2788
educational and nonprofit institutions,ACTOR,428,2789
research security regulations,LEGAL_SOURCE,428,2790
Leadership in CET Act,LEGAL_SOURCE,429,2791
patent,LEGAL_SOURCE,824,2792
Director of the United States Patent and Trademark Office,ACTOR,725,2793
patents,LEGAL_SOURCE,824,2794
Paperwork Reduction Act,LEGAL_SOURCE,429,2795
Improving Atmospheric River Forecasts Act,LEGAL_SOURCE,430,2796
atmospheric river forecast improvement program,REQUIREMENT,430,2797
dynamic modeling systems,TECHNOLOGY,430,2798
observatories,ACTOR,430,2799
U.S. West Coast,GEOGRAPHIC,430,2800
program plan,LEGAL_SOURCE,430,2801
Protecting AI and Cloud Competition in Defense Act of 2024,LEGAL_SOURCE,431,2802
Defense Federal Acquisition Regulation Supplement,LEGAL_SOURCE,431,2803
contract termination,PENALTY,431,2804
Chairman of the Joint Chiefs of Staff,ACTOR,431,2805
TRAIN Act,LEGAL_SOURCE,432,2806
Transparency and Responsibility for Artificial Intelligence Networks Act,LEGAL_SOURCE,432,2807
United States district court clerk,ACTOR,432,2808
AI model developers,ACTOR,432,2809
copyrighted works,PERSONAL_DATA,664,2810
Federal Rules of Civil Procedure,LEGAL_SOURCE,432,2811
Iowa (2019) SB 302 (Automated Driving System Motor Vehicles),LEGAL_SOURCE,433,2812
motor vehicles,DOMAIN,570,2813
public highways,GEOGRAPHIC,433,2814
safety and compliance standards,REQUIREMENT,433,2815
vehicle owners,ACTOR,433,2816
on-demand driverless-capable vehicle networks,REQUIREMENT,433,2817
state department,ACTOR,433,2818
S5344 Advancing Digital Freedom Act of 2024,LEGAL_SOURCE,434,2819
Coordinator for Digital Freedom,ACTOR,434,2820
Bureau of Cyberspace and Digital Policy,ACTOR,434,2821
digital authoritarianism,RISK,434,2822
cyberspace,GEOGRAPHIC,434,2823
AI Risk Management Profile,REQUIREMENT,434,2824
DOGE Act,LEGAL_SOURCE,435,2825
federal grant awards,DOMAIN,435,2826
electronic system,TECHNOLOGY,435,2827
Enable Intelligence Community Partnerships Act of 2024,LEGAL_SOURCE,436,2828
organizational conflicts of interest,LEGAL_SOURCE,436,2829
Responsible AI Disclosure Act of 2024,LEGAL_SOURCE,437,2830
AI data categorization,TECHNOLOGY,437,2831
AI model training practices,LIFECYCLE_STAGE,437,2832
AI model design,TECHNOLOGY,553,2833
anti-discrimination,RISK,437,2834
AI data,TECHNOLOGY,878,2835
regulated entities,ACTOR,437,2836
model training,LIFECYCLE_STAGE,452,2837
financial regulatory bodies,ACTOR,437,2838
credit unions,ACTOR,532,2839
"American Foreign Affairs Talent Expansion Act: Diversity in Diplomacy and Development, Section 112 (Mitigating bias in artificial intelligence use.)",LEGAL_SOURCE,438,2840
international affairs agencies,ACTOR,438,2841
trustworthy AI systems,TECHNOLOGY,929,2842
A bill to require a study on the use of commercial-off-the-shelf products and artificial intelligence technologies by the Internal Revenue Service.,LEGAL_SOURCE,439,2843
IRS,ACTOR,462,2844
taxpayer services,ACTOR,439,2845
IT modernization projects,REQUIREMENT,439,2846
"To prohibit the Secretary of Defense from entering into information technology contracts with entities that provide certain services to China, and for other purposes.",LEGAL_SOURCE,440,2847
software source codes,SENSITIVE_DATA,440,2848
Stop Smuggling Illicit Synthetic Drugs on U.S. Transportation Networks Act of 2024,LEGAL_SOURCE,441,2849
Director of the Office of National Drug Control Policy,ACTOR,441,2850
To amend and reauthorize the Workforce Innovation and Opportunity Act and the Older Americans Act of 1965.,LEGAL_SOURCE,445,2851
workforce systems,EMPLOYMENT,442,2852
education systems,DOMAIN,442,2853
Transparency in Bureaucratic Communications Act,LEGAL_SOURCE,443,2854
Inspector General Act of 1978,LEGAL_SOURCE,443,2855
internet service or content providers,ACTOR,443,2856
content moderation,LEGAL_SOURCE,777,2857
simulation processes,TECHNOLOGY,443,2858
analysis tools,TECHNOLOGY,443,2859
SCAM Platform Act,LEGAL_SOURCE,444,2860
artificial intelligence-based tool,TECHNOLOGY,444,2861
text messages,TECHNOLOGY,598,2862
program operations,REQUIREMENT,780,2863
data analysis techniques,TECHNOLOGY,445,2864
Cybersecurity and Infrastructure Security Agency Securing AI Task Force Act,LEGAL_SOURCE,446,2865
No AI Audits Act,LEGAL_SOURCE,447,2866
Artificial Intelligence Weapon Accountability and Risk Evaluation Act of 2024,LEGAL_SOURCE,448,2867
AI-enabled weapon,TECHNOLOGY,448,2868
database,TECHNOLOGY,765,2869
civilian harm risk,RISK,448,2870
weapons review,REQUIREMENT,448,2871
Data Protection Act of 2024,LEGAL_SOURCE,449,2872
Data Protection Agency,ACTOR,449,2873
DPA,ACTOR,449,2874
privacy law,LEGAL_SOURCE,449,2875
federal and state agencies,ACTOR,782,2876
New York Assembly Bill A8808A,LEGAL_SOURCE,450,2877
digitization,TECHNOLOGY,943,2878
parody,RISK,920,2879
identity theft,CRIME,450,2880
AI-fabricated media,TECHNOLOGY,450,2881
criminal and election laws,LEGAL_SOURCE,450,2882
North Carolina House Bill 591,LEGAL_SOURCE,451,2883
sexual extortion,RISK,939,2884
private images,PERSONAL_DATA,942,2885
AI-generated images,TECHNOLOGY,942,2886
sex offender registration guidelines,LEGAL_SOURCE,451,2887
"December 1, 2024",REQUIREMENT,916,2888
Proposed Model AI Governance Framework for Generative AI,LEGAL_SOURCE,452,2889
Model AI Governance Framework,LEGAL_SOURCE,452,2890
data quality,TECHNOLOGY,879,2891
cloud shared responsibility models,LEGAL_SOURCE,452,2892
copyright material,SENSITIVE_DATA,452,2893
AI model safety measures,RISK,452,2894
third-party testing frameworks,REQUIREMENT,452,2895
research in AI safety and alignment,LIFECYCLE_STAGE,452,2896
Michigan House Bill 5507,LEGAL_SOURCE,453,2897
Michigan Virtual University,ACTOR,453,2898
Michigan Virtual Learning Research Institute,ACTOR,453,2899
virtual education delivery models,DOMAIN,453,2900
AI-enhanced virtual learning,DOMAIN,453,2901
districts,ACTOR,453,2902
AI-driven competency-based virtual learning models,DOMAIN,453,2903
AI-related professional development programs,REQUIREMENT,453,2904
Michigan,GEOGRAPHIC,453,2905
AI-integrated virtual learning,DOMAIN,453,2906
New Jersey Senate Bill 3432,LEGAL_SOURCE,454,2907
Next New Jersey Program,REQUIREMENT,454,2908
AI sector,TECHNOLOGY,676,2909
startups,ACTOR,604,2910
environmental and labor standards,REQUIREMENT,454,2911
"March 1, 2029",REQUIREMENT,454,2912
New Jersey Economic Development Authority,ACTOR,454,2913
Wyoming House Bill 1,LEGAL_SOURCE,455,2914
University of Wyoming,ACTOR,455,2915
non-public sources,ACTOR,455,2916
AI-related funding,DOMAIN,455,2917
AI appropriation,DOMAIN,455,2918
AI expertise funding,DOMAIN,455,2919
Utah House Bill 534,LEGAL_SOURCE,456,2920
legislative appropriations,LEGAL_SOURCE,456,2921
student enrollment,BENCHMARK,456,2922
employment metrics,BENCHMARK,456,2923
Measures of Beijing Municipality on Promoting the Innovative Development of Artificial General Intelligence,LEGAL_SOURCE,457,2924
AGI sector,TECHNOLOGY,457,2925
cloud service providers,ACTOR,457,2926
Beijing AI Public Computing Power Center,ACTOR,457,2927
multi-cloud computing management platform,TECHNOLOGY,457,2928
crowdsourcing service platform,TECHNOLOGY,457,2929
dataset annotation,LIFECYCLE_STAGE,457,2930
open-source technical ecosystem,TECHNOLOGY,457,2931
AGI,TECHNOLOGY,490,2932
urban governance,ACTOR,883,2933
regulatory policies,LEGAL_SOURCE,588,2934
network and data security,RISK,457,2935
Virginia 2024 SB 731,LEGAL_SOURCE,458,2936
minor,ACTOR,475,2937
prosecution,DOMAIN,941,2938
adult and juvenile facilities,ACTOR,458,2939
"G20 Ministerial Statement on Trade and Digital Economy (Annex ""G20 AI Principles"")",LEGAL_SOURCE,459,2940
democratic values,RISK,885,2941
digital AI ecosystem,TECHNOLOGY,459,2942
labor market transformation,EMPLOYMENT,459,2943
multi-stakeholder collaboration,ACTOR,459,2944
"Dubai International Financial Centre Data Protection Regulations, Regulation 10 (""Personal data processed through autonomous and semi-autonomous systems"")",LEGAL_SOURCE,460,2945
Deployers,ACTOR,460,2946
Operators,ACTOR,460,2947
personal data processing principles,RISK,460,2948
audit and certification requirements,REQUIREMENT,460,2949
human intervention algorithms,TECHNOLOGY,460,2950
Autonomous Systems Officer,ACTOR,460,2951
Controllers,ACTOR,460,2952
Processors,ACTOR,460,2953
data subjects,ACTOR,460,2954
Connecticut (2017) SB 260,LEGAL_SOURCE,461,2955
autonomous vehicle testers,ACTOR,461,2956
Secretary of the Office of Policy and Management,ACTOR,461,2957
"Simplify, Don't Amplify the IRS Act, Sec. 201 (""Tax Gap Projection"")",LEGAL_SOURCE,462,2958
neural machine learning,TECHNOLOGY,462,2959
National Research Program,REQUIREMENT,462,2960
tax gap projections,BENCHMARK,462,2961
New Mexico Senate Bill 192,LEGAL_SOURCE,463,2962
ASK Academy Charter School,ACTOR,463,2963
Sandoval County,GEOGRAPHIC,463,2964
Oklahoma H 3642,LEGAL_SOURCE,464,2965
computer-generated images,TECHNOLOGY,939,2966
sex offender registration,REQUIREMENT,464,2967
"November 1, 2024",REQUIREMENT,464,2968
Minnesota House Bill 4772,LEGAL_SOURCE,465,2969
Minnesota,GEOGRAPHIC,891,2970
broadcasters,ACTOR,941,2971
public offices,ACTOR,465,2972
Minnesota Senate Bill 2909,LEGAL_SOURCE,466,2973
superintendent,ACTOR,466,2974
Minnesota Fusion Center,ACTOR,466,2975
MNFC,ACTOR,466,2976
social media analysis tools,TECHNOLOGY,466,2977
data analysis technologies,TECHNOLOGY,466,2978
suspicious activity reports,LEGAL_SOURCE,466,2979
SARs,LEGAL_SOURCE,466,2980
requests for information,LEGAL_SOURCE,466,2981
RFIs,LEGAL_SOURCE,466,2982
California (2017) AB 1444,LEGAL_SOURCE,467,2983
Livermore Amador Valley Transit Authority,ACTOR,467,2984
shared autonomous vehicle,TECHNOLOGY,467,2985
SAV,TECHNOLOGY,467,2986
City of Dublin,GEOGRAPHIC,467,2987
National Highway Traffic Safety Administration,ACTOR,467,2988
Department of Motor Vehicles,ACTOR,467,2989
DMV,ACTOR,467,2990
autonomous vehicle regulations,LEGAL_SOURCE,467,2991
Remarks by Ambassador Zhang Jun at the UN Security Council Briefing on Artificial Intelligence: Opportunities and Risks for International Peace and Security,LEGAL_SOURCE,468,2992
risk control mechanisms,REQUIREMENT,468,2993
accountability structures,ACCOUNTABILITY,468,2994
autonomous lethal technologies,TECHNOLOGY,468,2995
developing countries,GEOGRAPHIC,929,2996
UN,ACTOR,869,2997
global framework for AI security governance,LEGAL_SOURCE,468,2998
Michigan HB 5143,LEGAL_SOURCE,469,2999
House Bill No. 5141,LEGAL_SOURCE,469,3000
California (2021-2022) SB 1398,LEGAL_SOURCE,470,3001
partial driving automation features,TECHNOLOGY,470,3002
Level 2 partial driving automation,REQUIREMENT,470,3003
California's constitutional provisions,LEGAL_SOURCE,470,3004
Google AI Principles,LEGAL_SOURCE,471,3005
security practices,RISK,471,3006
scientific excellence,LIFECYCLE_STAGE,471,3007
Google,ACTOR,834,3008
AI involvement,TECHNOLOGY,892,3009
weapons,DOMAIN,878,3010
Maryland House Bill 1390,LEGAL_SOURCE,472,3011
Interagency Commission on School Construction,ACTOR,472,3012
school construction funding,REQUIREMENT,472,3013
artificial intelligence weapon detection systems,TECHNOLOGY,472,3014
"Illinois HB 4844 (2024), Section 90 (""Generative AI and Natural Language Processing Task Force"")",LEGAL_SOURCE,473,3015
business and labor association members,ACTOR,473,3016
consumer information,RISK,473,3017
New Jersey (2019) Assembly Joint Resolution 164,LEGAL_SOURCE,474,3018
New Jersey Advanced Autonomous Vehicle Task Force,ACTOR,474,3019
state roads,GEOGRAPHIC,474,3020
New Jersey Motor Vehicle Commission,ACTOR,474,3021
Alan M. Voorhees Transportation Center,ACTOR,474,3022
SAE J3016 standards,REQUIREMENT,474,3023
"Iowa S 2243 (Sexual Exploitation of Minors, Use of Falsely Created Images)",LEGAL_SOURCE,475,3024
"class ""D"" felony",PENALTY,475,3025
"class ""C"" felony",PENALTY,475,3026
South Carolina 2023 H 4754 (Section 4),LEGAL_SOURCE,476,3027
S.C. Code,LEGAL_SOURCE,476,3028
licensee,ACTOR,476,3029
Oregon Senate Bill 5701,LEGAL_SOURCE,477,3030
General Fund,DOMAIN,480,3031
Higher Education Coordinating Commission,ACTOR,477,3032
University of Oregon Labor Education and Research Center,ACTOR,477,3033
Oregon,GEOGRAPHIC,901,3034
economic industries,DOMAIN,477,3035
"G20 Ministerial Statement on Trade and Digital Economy (Section I, Subsection 3 ""Human-centered Artificial Intelligence"")",LEGAL_SOURCE,478,3036
MSMEs,ACTOR,478,3037
ethical issues,ACCOUNTABILITY,864,3038
G20 AI Principles,LEGAL_SOURCE,478,3039
G20 Repository of Digital Policies,ACTOR,478,3040
North Carolina House Bill 259,LEGAL_SOURCE,479,3041
New Hanover County Schools,ACTOR,479,3042
Davidson County Schools,ACTOR,479,3043
AI School Safety Pilot Program,REQUIREMENT,479,3044
school safety systems,TECHNOLOGY,479,3045
public school units,ACTOR,479,3046
Joint Legislative Education Oversight Committee,ACTOR,479,3047
safety outcomes,RISK,479,3048
AI system capabilities,TECHNOLOGY,847,3049
Maryland Senate Bill 360,LEGAL_SOURCE,480,3050
Center for Equitable Artificial Intelligence and Machine Learning Systems,ACTOR,480,3051
Morgan State University,ACTOR,480,3052
Maryland Senate Bill 1068,LEGAL_SOURCE,481,3053
Maryland Department of Information Technology,ACTOR,481,3054
virtual 3-1-1 portal,TECHNOLOGY,481,3055
government information and services,ACTOR,481,3056
"May 9, 2024",REQUIREMENT,481,3057
Washington Senate Bill 5950,LEGAL_SOURCE,482,3058
city of Seattle,GEOGRAPHIC,482,3059
technology business startups,REQUIREMENT,482,3060
"DEEPFAKES Accountability Act, Sec. 2 (""Transparency Requirements"")",LEGAL_SOURCE,483,3061
content provenance technologies,REQUIREMENT,483,3062
"audiovisual, visual, and audio records",LEGAL_SOURCE,483,3063
coordinators,ACTOR,747,3064
deepfake-related violations,TECHNOLOGY,483,3065
U.S. Attorney’s Office,ACTOR,483,3066
Sensible Classification Act of 2023,LEGAL_SOURCE,484,3067
Administrator of the Office of Electronic Government,ACTOR,713,3068
defense and intelligence agencies,ACTOR,484,3069
technology implementation,TECHNOLOGY,484,3070
Federal AI Governance and Transparency Act,LEGAL_SOURCE,485,3071
"chapter 35 of title 44, United States Code",LEGAL_SOURCE,485,3072
Federal AI system governance requirements,LEGAL_SOURCE,485,3073
AI System Inventory,LEGAL_SOURCE,485,3074
"To direct the Director of the National Institutes of Health to establish a grant program to facilitate research regarding the use of generative artificial intelligence in health care, and for other purposes.",LEGAL_SOURCE,486,3075
health disparities,RISK,756,3076
governmental agencies,ACTOR,486,3077
Anthropic Responsible Scaling Policy,LEGAL_SOURCE,487,3078
AI Safety Level (ASL) Standards,REQUIREMENT,487,3079
Deployment and Security Standards,REQUIREMENT,487,3080
ASL-2 standards,REQUIREMENT,487,3081
Capability Thresholds,BENCHMARK,487,3082
Required Safeguards,LEGAL_SOURCE,487,3083
"Chemical, Biological, Radiological, and Nuclear (CBRN) capabilities",RISK,487,3084
ASL-3 standards,REQUIREMENT,487,3085
Responsible Scaling Officer,ACTOR,487,3086
Tools to Address Known Exploitation by Immobilizing Technological Deepfakes on Websites and Networks Act,LEGAL_SOURCE,488,3087
Communications Act,LEGAL_SOURCE,488,3088
pornography,RISK,488,3089
Safe and Secure Innovation for Frontier Artificial Intelligence Models Act (SB 1047),LEGAL_SOURCE,489,3090
cybersecurity protections,RISK,607,3091
Board of Frontier Models,ACTOR,489,3092
public cloud computing cluster,TECHNOLOGY,489,3093
OpenAI Charter,LEGAL_SOURCE,490,3094
OpenAI,ACTOR,876,3095
humanity,ACTOR,490,3096
safety-conscious AGI projects,TECHNOLOGY,490,3097
research and policy institutions,ACTOR,490,3098
multistakeholder cooperation,ACCOUNTABILITY,880,3099
AI research publishing,LIFECYCLE_STAGE,490,3100
Provisions on the Administration of Deep Synthesis Internet Information Services,LEGAL_SOURCE,491,3101
social order,ACTOR,491,3102
deep synthesis systems,TECHNOLOGY,491,3103
cybersecurity attributes,RISK,491,3104
STAND with Taiwan Act of 2023,LEGAL_SOURCE,492,3105
People’s Liberation Army,ACTOR,527,3106
Taiwan,GEOGRAPHIC,597,3107
Chinese officials,ACTOR,492,3108
U.S. financial institutions,ACTOR,492,3109
Chinese government-controlled entities,ACTOR,492,3110
NIST AI Risk Management Framework 1.0,LEGAL_SOURCE,493,3111
privacy enhancement,RISK,493,3112
privacy-enhancing technologies,TECHNOLOGY,726,3113
AI risk management framework,LEGAL_SOURCE,493,3114
GOVERN,REQUIREMENT,493,3115
MAP,REQUIREMENT,493,3116
MEASURE,REQUIREMENT,493,3117
MANAGE,REQUIREMENT,493,3118
methodologies,REQUIREMENT,870,3119
Artificial Intelligence Bug Bounty Act of 2023,LEGAL_SOURCE,494,3120
bug bounty programs,REQUIREMENT,847,3121
AI Labeling Act of 2023,LEGAL_SOURCE,495,3122
Federal Trade Commission Act,LEGAL_SOURCE,747,3123
AI-generated content detection standards,REQUIREMENT,495,3124
An Act concerning consumer protections in interactions with artificial intelligence systems.,LEGAL_SOURCE,496,3125
Colorado Attorney General,ACTOR,496,3126
Colorado AI Act,LEGAL_SOURCE,496,3127
"Microsoft Responsible AI Standard, v2",LEGAL_SOURCE,497,3128
Impact Assessments,LEGAL_SOURCE,799,3129
"Privacy, Security, and Accessibility Standards",REQUIREMENT,497,3130
Algorithmic Accountability Act of 2023,LEGAL_SOURCE,498,3131
legal action,REQUIREMENT,918,3132
Bureau of Technology,ACTOR,498,3133
LISTOS Act,LEGAL_SOURCE,499,3134
large online platforms,ACTOR,499,3135
Advisory Group on Language-Sensitive Technologies,ACTOR,499,3136
language-based technology,TECHNOLOGY,499,3137
unfair or deceptive practices,LEGAL_SOURCE,693,3138
USAID,ACTOR,499,3139
Promoting Precision Agriculture Act of 2023,LEGAL_SOURCE,500,3140
Preventing PLA Acquisition of United States Technology Act of 2023,LEGAL_SOURCE,501,3141
Chinese entities of concern,ACTOR,501,3142
military-civil fusion strategy,LEGAL_SOURCE,501,3143
Alabama (2019) SB 47,LEGAL_SOURCE,502,3144
autonomous commercial vehicles,DOMAIN,502,3145
teleoperation systems,TECHNOLOGY,502,3146
federal motor vehicle safety standards,REQUIREMENT,502,3147
DOE and USDA Interagency Research Act,LEGAL_SOURCE,503,3148
Federal regulations,LEGAL_SOURCE,503,3149
Congressional Committees,ACTOR,503,3150
"Harmful Algal Bloom and Hypoxia Research and Control Amendments Act of 2023, Sec. 2f (""National Harmful Algal Bloom and Hypoxia Observing Network"")",LEGAL_SOURCE,504,3151
Harmful Algal Blooms and Hypoxia Research and Control Act of 1998,LEGAL_SOURCE,504,3152
Harmful Algal Bloom Data Assembly Center,ACTOR,566,3153
ecological forecasting,TECHNOLOGY,566,3154
"Communications, Video, and Technology Accessibility Act of 2023, Sec. 401 (""Emerging Technology"")",LEGAL_SOURCE,505,3155
Title VII of the Communications Act of 1934,LEGAL_SOURCE,505,3156
U.S. Access Board,ACTOR,505,3157
individuals with disabilities,ACTOR,584,3158
"Americas Act, Title II (""Trade and Investment for the Americas""), Sec. 202 (""Americas Partnership Business Advisory Board"")",LEGAL_SOURCE,506,3159
business advisory board,ACTOR,506,3160
Americas Partnership Secretariat,ACTOR,506,3161
USMCA,LEGAL_SOURCE,506,3162
Medicare Transaction Fraud Prevention Act,LEGAL_SOURCE,507,3163
predictive risk-scoring algorithm,TECHNOLOGY,507,3164
AI Bill of Rights,LEGAL_SOURCE,812,3165
beneficiaries,ACTOR,748,3166
Medicare card,LEGAL_SOURCE,507,3167
"Tech to Save Moms Act, Sec. 5 (""Report on the Use of Technology in Maternity Care"")",LEGAL_SOURCE,508,3168
maternity care,DOMAIN,624,3169
racial or ethnic biases,RISK,624,3170
patient monitoring devices,TECHNOLOGY,624,3171
security safeguards,RISK,624,3172
"Federal Information Security Modernization Act of 2023, Sec. 14 (""Automation and Artificial Intelligence"")",LEGAL_SOURCE,509,3173
information system,TECHNOLOGY,509,3174
"section 3502 of title 44, United States Code",LEGAL_SOURCE,509,3175
information systems,TECHNOLOGY,576,3176
Targeting Online Sales of Fentanyl Act,LEGAL_SOURCE,510,3177
"Western Wildfire Support Act of 2023, Sec. 206 (""Study on Wildfire Detection Equipment and Integration of Artificial Intelligence Technologies"")",LEGAL_SOURCE,511,3178
wildfire detection technologies,TECHNOLOGY,511,3179
real-time imagery,TECHNOLOGY,511,3180
"Americas Act, Title I (""Administration""), Sec. 103 (""Additional Duties of Institute"")",LEGAL_SOURCE,512,3181
Institute,ACTOR,698,3182
e-governance systems,TECHNOLOGY,512,3183
section 102,LEGAL_SOURCE,512,3184
reference implementations,REQUIREMENT,512,3185
Artificial Intelligence and Biosecurity Risk Assessment Act,LEGAL_SOURCE,513,3186
Assistant Secretary for Preparedness and Response,ACTOR,513,3187
pathogens,DOMAIN,513,3188
viruses,DOMAIN,513,3189
bioweapons,DOMAIN,513,3190
chemical weapons,DOMAIN,513,3191
National Health Security Strategy,LEGAL_SOURCE,513,3192
Artificial Intelligence Accountability Act,LEGAL_SOURCE,514,3193
accountability measures,ACCOUNTABILITY,514,3194
disclosed,TRANSPARENCY,693,3195
"Artificial Intelligence Research, Innovation, and Accountability Act of 2023",LEGAL_SOURCE,515,3196
online content verification,TECHNOLOGY,515,3197
AI transparency reports,TRANSPARENCY,515,3198
AI oversight,ACCOUNTABILITY,886,3199
AI Certification Advisory Committee,ACTOR,515,3200
consumer education working group,REQUIREMENT,515,3201
Justice in Forensic Algorithms Act of 2024,LEGAL_SOURCE,516,3202
Testing Standards,REQUIREMENT,516,3203
computational forensic software,TECHNOLOGY,516,3204
AI-enabled automated,TECHNOLOGY,516,3205
disparate impacts,RISK,902,3206
protected groups,ACTOR,516,3207
validation processes,REQUIREMENT,516,3208
Testing Program,REQUIREMENT,516,3209
sample data,TECHNOLOGY,516,3210
adversarial examples,LIFECYCLE_STAGE,516,3211
source code,LEGAL_SOURCE,516,3212
A bill to waive immunity under section 230 of the Communications Act of 1934 for claims and charges related to generative artificial intelligence.,LEGAL_SOURCE,517,3213
Section 230 of the Communications Act of 1934,LEGAL_SOURCE,583,3214
interactive computer service,TECHNOLOGY,517,3215
Federal Artificial Intelligence Risk Management Act of 2023,LEGAL_SOURCE,518,3216
AI suppliers,ACTOR,518,3217
Federal Acquisition Regulatory Council,ACTOR,518,3218
interdisciplinary experts,ACTOR,518,3219
Healthy Technology Act of 2023,LEGAL_SOURCE,519,3220
Section 503(b),LEGAL_SOURCE,519,3221
"Federal Food, Drug and Cosmetic Act",LEGAL_SOURCE,519,3222
premarket notification,REQUIREMENT,519,3223
new device,TECHNOLOGY,519,3224
Preventing Algorithmic Collusion Act of 2024,LEGAL_SOURCE,520,3225
pricing algorithms,TECHNOLOGY,520,3226
collusive behavior,RISK,520,3227
antitrust cases,LEGAL_SOURCE,520,3228
price discrimination,RISK,520,3229
third-party algorithm developers,ACTOR,520,3230
consumer harm,RISK,933,3231
Strategy for Public Health Preparedness and Response to Artificial Intelligence Threats,LEGAL_SOURCE,521,3232
public health,DOMAIN,759,3233
biological weapons,RISK,521,3234
drug-resistant viruses and bacteria,RISK,521,3235
Artificial Intelligence Advancement Act of 2023,LEGAL_SOURCE,522,3236
artificial intelligence regulation,LEGAL_SOURCE,522,3237
financial services industry,DOMAIN,522,3238
artificial intelligence bug bounty programs,REQUIREMENT,522,3239
vulnerability analysis study,LIFECYCLE_STAGE,522,3240
artificial intelligence-enabled military applications,DOMAIN,522,3241
data sharing and coordination,ACCOUNTABILITY,762,3242
Eliminating Bias in Algorithmic Systems Act of 2023,LEGAL_SOURCE,523,3243
covered algorithm,TECHNOLOGY,523,3244
algorithmic harms,RISK,791,3245
interagency working group,REQUIREMENT,791,3246
Civil Rights Division,ACTOR,523,3247
Closing Loopholes for the Overseas Use and Development of Artificial Intelligence Act,LEGAL_SOURCE,524,3248
integrated circuits,TECHNOLOGY,524,3249
Export Control Classification Number 3A090,REQUIREMENT,524,3250
Export Administration Regulations,LEGAL_SOURCE,524,3251
People’s Republic of China,GEOGRAPHIC,595,3252
Macau,GEOGRAPHIC,524,3253
"A bill to promote United States leadership in technical standards by directing the National Institute of Standards and Technology and the Department of State to take certain actions to encourage and enable United States participation in developing standards and specifications for artificial intelligence and other critical and emerging technologies, and for other purposes.",LEGAL_SOURCE,525,3254
emerging technology standards development,REQUIREMENT,525,3255
international standards efforts,REQUIREMENT,525,3256
FAIRR Act,LEGAL_SOURCE,526,3257
Financial Stability Act of 2010,LEGAL_SOURCE,526,3258
Financial Stability Oversight Council,ACTOR,526,3259
Office of Financial Research,ACTOR,526,3260
market manipulation,RISK,526,3261
malign actors,RISK,526,3262
Cybersecurity Information Sheet,LEGAL_SOURCE,526,3263
third-party AI service providers,ACTOR,526,3264
securities violations,DOMAIN,526,3265
machine-manipulated media,TECHNOLOGY,665,3266
AI model outcomes,TECHNOLOGY,526,3267
Federal securities laws,LEGAL_SOURCE,526,3268
To require a briefing on the national security threats associated with Chinese autonomous ground vehicles operating in the United States.,LEGAL_SOURCE,527,3269
Chinese autonomous ground vehicles,TECHNOLOGY,527,3270
Department of Defense bases,GEOGRAPHIC,527,3271
sensitive U.S. Government facilities,GEOGRAPHIC,527,3272
dual-use implications,RISK,527,3273
Chinese Communist Party,ACTOR,766,3274
National AI Commission Act,LEGAL_SOURCE,528,3275
National AI Commission,ACTOR,528,3276
general-purpose AI systems,TECHNOLOGY,528,3277
binding regulatory framework,LEGAL_SOURCE,528,3278
commissioners,ACTOR,528,3279
Democratic appointee,ACTOR,528,3280
Republican appointee,ACTOR,528,3281
No AI FRAUD Act,LEGAL_SOURCE,529,3282
unauthorized distribution,RISK,529,3283
personalized cloning services,TECHNOLOGY,529,3284
digital voice replicas,TECHNOLOGY,529,3285
digital depictions,TECHNOLOGY,529,3286
attorney fees,DOMAIN,927,3287
commercial use,RISK,807,3288
negligible harm,HARM,529,3289
emotional distress,RISK,665,3290
"To establish a Joint Autonomy Office in the Department of Defense, and for other purposes.",LEGAL_SOURCE,530,3291
Joint Autonomy Office,ACTOR,530,3292
classification framework,LEGAL_SOURCE,530,3293
ASK Act,LEGAL_SOURCE,531,3294
Preventing Deep Fake Scams Act,LEGAL_SOURCE,532,3295
financial services sector,DOMAIN,532,3296
depository institutions,ACTOR,532,3297
third-party vendors,ACTOR,532,3298
AI fraud detection measures,TECHNOLOGY,532,3299
AI Leadership Training Act,LEGAL_SOURCE,533,3300
AI leadership training program,REQUIREMENT,533,3301
AI system failures,RISK,533,3302
constitutional risks,LEGAL_SOURCE,533,3303
DOE and NSF Interagency Research Act,LEGAL_SOURCE,534,3304
STEM education,DOMAIN,709,3305
internships,REQUIREMENT,778,3306
Political BIAS Emails Act of 2023,LEGAL_SOURCE,535,3307
email service providers,ACTOR,535,3308
filtering algorithms,TECHNOLOGY,535,3309
filtering algorithm,TECHNOLOGY,535,3310
political campaign,ACTOR,535,3311
ASSESS AI Act,LEGAL_SOURCE,536,3312
federal antidiscrimination laws,LEGAL_SOURCE,536,3313
disparate impact standards,RISK,536,3314
AI validation,LIFECYCLE_STAGE,536,3315
oversight organization,ACTOR,536,3316
AI Disclosure Act of 2023,LEGAL_SOURCE,537,3317
disclosure requirement,LEGAL_SOURCE,897,3318
R U REAL Act,LEGAL_SOURCE,538,3319
Telemarketing Sales Rule,LEGAL_SOURCE,538,3320
telemarketing,DOMAIN,598,3321
financial penalties,PENALTY,545,3322
AI LEAD Act,LEGAL_SOURCE,539,3323
Chief Artificial Intelligence Officers,ACTOR,734,3324
Artificial Intelligence Governance Boards,ACTOR,539,3325
AI Governance Boards,ACTOR,886,3326
AI Foundation Model Transparency Act of 2023,LEGAL_SOURCE,540,3327
AI foundation models,TECHNOLOGY,540,3328
model performance evaluations,BENCHMARK,540,3329
“Managing Active and Reserve Tech Talent Effectively Act of 2023”,LEGAL_SOURCE,541,3330
Department of Defense Cyber Workforce Framework,REQUIREMENT,541,3331
Water Quality and Environmental Innovation Act,LEGAL_SOURCE,542,3332
EPA,ACTOR,795,3333
water quality,DOMAIN,917,3334
Water Quality and Environmental Innovation Fund,REQUIREMENT,542,3335
Motor Vehicle and Engine Compliance Program,REQUIREMENT,542,3336
Basic Allowance for Housing Calculation Improvement Act of 2023,LEGAL_SOURCE,543,3337
Basic Allowance for Housing,BENCHMARK,543,3338
artificial intelligence algorithms,TECHNOLOGY,813,3339
TEST AI Act of 2023,LEGAL_SOURCE,544,3340
AI guardrails,LEGAL_SOURCE,831,3341
QUIET Act,LEGAL_SOURCE,545,3342
robocalls,TECHNOLOGY,598,3343
Farm Tech Act,LEGAL_SOURCE,546,3344
AI software,TECHNOLOGY,761,3345
Artificial Intelligence Risk Management Framework,REQUIREMENT,758,3346
Federal and State standards,REQUIREMENT,546,3347
licensure,REQUIREMENT,546,3348
commercial driving,DOMAIN,546,3349
manure application,DOMAIN,546,3350
pesticide application,DOMAIN,546,3351
hazardous materials,RISK,546,3352
Jobs of the Future Act of 2023,LEGAL_SOURCE,547,3353
U.S. workforce,EMPLOYMENT,547,3354
Building Resilient Supply Chains Act,LEGAL_SOURCE,548,3355
Supply Chain Resiliency and Crisis Response Office,ACTOR,556,3356
loan guarantees,DOMAIN,577,3357
DOC,ACTOR,548,3358
Small Business Broadband and Emerging Information Technology Enhancement Act of 2023,LEGAL_SOURCE,549,3359
Office of Investment and Innovation,ACTOR,549,3360
broadband and emerging information technology coordinator,ACTOR,549,3361
broadband,TECHNOLOGY,549,3362
chief information officer,ACTOR,549,3363
chief technology officer,ACTOR,549,3364
Chief Counsel for Advocacy,ACTOR,549,3365
AI Training Expansion Act of 2023,LEGAL_SOURCE,550,3366
training program,REQUIREMENT,550,3367
Computer Science for All Act of 2023,LEGAL_SOURCE,551,3368
computer science education,DOMAIN,551,3369
STEAM education,DOMAIN,551,3370
FinCEN Modernization Act of 2023,LEGAL_SOURCE,552,3371
financial systems,DOMAIN,552,3372
cryptocurrencies,TECHNOLOGY,552,3373
Artificial Intelligence Environmental Impacts Act of 2024,LEGAL_SOURCE,553,3374
Tornado Observations Research and Notification Assessment for Development of Operations Act,LEGAL_SOURCE,554,3375
hazard risk communication office,ACTOR,554,3376
standardization programs,REQUIREMENT,555,3377
Supply Chain Mapping and Monitoring Act,LEGAL_SOURCE,556,3378
supply chain resilience,RISK,599,3379
international partners,ACTOR,839,3380
weather models,TECHNOLOGY,731,3381
scientific computing infrastructure,TECHNOLOGY,557,3382
computing research initiative,REQUIREMENT,557,3383
AI-enabled computing systems,TECHNOLOGY,557,3384
AI for National Security Act,LEGAL_SOURCE,558,3385
National Defense Authorization Act for Fiscal Year 2022,LEGAL_SOURCE,558,3386
cyber data products and services,TECHNOLOGY,558,3387
AI-driven endpoint security,TECHNOLOGY,558,3388
software supply chain security,RISK,558,3389
Technology Workforce Framework Act of 2024,LEGAL_SOURCE,559,3390
AI workforce framework,REQUIREMENT,559,3391
National Initiative for Cybersecurity Education Workforce Framework for Cybersecurity,REQUIREMENT,559,3392
Protect Elections from Deceptive AI Act,LEGAL_SOURCE,560,3393
visual media,TECHNOLOGY,560,3394
bona fide news,LEGAL_SOURCE,920,3395
attorney's fees,DOMAIN,940,3396
RESTRICT Act,LEGAL_SOURCE,561,3397
information and communications technology,TECHNOLOGY,561,3398
ICT,TECHNOLOGY,561,3399
telecommunications,TECHNOLOGY,595,3400
"FAA Research and Development Act of 2023, Sec. 215 (""Air Traffic Control Training"")",LEGAL_SOURCE,562,3401
air traffic control training,DOMAIN,562,3402
virtual/augmented reality,TECHNOLOGY,562,3403
"FAA Research and Development Act of 2023, Sec. 210 (""Technology review of artificial intelligence and machine learning technologies"")",LEGAL_SOURCE,563,3404
aircraft taxiing,DOMAIN,563,3405
"Weather Act Reauthorization Act of 2023, Sec. 304 (""Data Assimilation, Management, and Sharing Practices"")",LEGAL_SOURCE,564,3406
weather enterprise,ACTOR,564,3407
cloud technologies,TECHNOLOGY,620,3408
Commercial Data Program,REQUIREMENT,564,3409
university consortium,ACTOR,564,3410
"National Drone and Advanced Air Mobility Research and Development Act, Title II (""National Drone and Advanced Air Mobility Research Institutes"")",LEGAL_SOURCE,565,3411
National Drone and Advanced Air Mobility Research Institutes,ACTOR,565,3412
Institutes,ACTOR,569,3413
interdisciplinary research,LIFECYCLE_STAGE,736,3414
advanced air mobility systems,DOMAIN,565,3415
"Weather Act Reauthorization Act of 2023, Sec. 116(f) (""National Harmful Algal Bloom and Hypoxia Observing Network"")",LEGAL_SOURCE,566,3416
Section 606 of the Harmful Algal Bloom and Hypoxia Research and Control Act,LEGAL_SOURCE,566,3417
local observing capabilities,REQUIREMENT,566,3418
Data Science and Literacy Act of 2023,LEGAL_SOURCE,567,3419
data literacy education,DOMAIN,567,3420
data literacy curricula,DOMAIN,567,3421
"National Drone and Advanced Air Mobility Research and Development Act, Title VI (""Department of Energy Activities"")",LEGAL_SOURCE,568,3422
"research, development, and demonstration program",REQUIREMENT,605,3423
UAS,DOMAIN,645,3424
Artificial Intelligence Technology Office,ACTOR,568,3425
"National Drone and Advanced Air Mobility Research and Development Act, Title VII (""Department of Homeland Security Activities"")",LEGAL_SOURCE,569,3426
advanced air mobility,DOMAIN,636,3427
counter-UAS systems,TECHNOLOGY,658,3428
privacy-protected data sets,RISK,569,3429
Counter-UAS Center of Excellence,ACTOR,569,3430
"Fair Trade with China Enforcement Act, Sec. 101 (""Establishment of list of certain products receiving support from government of People's Republic of China pursuant to Made in China 2025 policy"")",LEGAL_SOURCE,570,3431
Trade Act of 1974,LEGAL_SOURCE,576,3432
Made in China 2025 policy,LEGAL_SOURCE,570,3433
civil aircraft,DOMAIN,570,3434
advanced medical equipment,DOMAIN,570,3435
agricultural machinery,TECHNOLOGY,570,3436
lithium batteries,TECHNOLOGY,570,3437
high-capacity computing,TECHNOLOGY,570,3438
"Weather Act Reauthorization Act of 2023, Sec. 402 (""Hazardous Weather or Water Event Risk Communication"")",LEGAL_SOURCE,571,3439
Section 406 of the Weather Research and Forecasting Innovation Act of 2017,LEGAL_SOURCE,571,3440
"federal, state, local, tribal, educational, and media partners",ACTOR,571,3441
"Weather Act Reauthorization Act of 2023, Sec. 108 (""Computing Resources Prioritization"")",LEGAL_SOURCE,572,3442
Weather Research and Forecasting Innovation Act,LEGAL_SOURCE,572,3443
centers of excellence for AI and machine learning,REQUIREMENT,572,3444
cloud computing systems,TECHNOLOGY,572,3445
"Weather Act Reauthorization Act of 2023, Sec. 502 (""National Integrated Drought Information System"")",LEGAL_SOURCE,573,3446
National Integrated Drought Information System Act of 2006,LEGAL_SOURCE,573,3447
National Mesonet Program,REQUIREMENT,632,3448
probabilistic forecasts,TECHNOLOGY,620,3449
forecast modeling tools,TECHNOLOGY,573,3450
"National Drone and Advanced Air Mobility Research and Development Act, Title IV (""National Science Foundation Activities"")",LEGAL_SOURCE,574,3451
autonomous control,TECHNOLOGY,574,3452
communications systems,TECHNOLOGY,574,3453
disaster response,ACTOR,601,3454
infrastructure monitoring,TECHNOLOGY,574,3455
data modeling,TECHNOLOGY,574,3456
undergraduate and graduate education,DOMAIN,574,3457
veterans,ACTOR,727,3458
national centers,ACTOR,574,3459
community college programs,DOMAIN,574,3460
"Kids Online Safety Act, Sec. 13 (""Filter Bubble Transparency Requirements"")",LEGAL_SOURCE,575,3461
opaque algorithms,TECHNOLOGY,693,3462
input-transparent algorithm,TECHNOLOGY,693,3463
small downstream providers,ACTOR,575,3464
non-profit organizations,ACTOR,575,3465
"Fair Trade with China Enforcement Act, Sec. 102 (""Prohibition on export to People's Republic of China of national security sensitive technology and intellectual property"")",LEGAL_SOURCE,576,3466
copyrights,LEGAL_SOURCE,576,3467
trademarks,LEGAL_SOURCE,576,3468
U.S. economic security,RISK,793,3469
internet-based services,TECHNOLOGY,576,3470
MEANS Act,LEGAL_SOURCE,577,3471
Office of Manufacturing Security and Resilience,ACTOR,577,3472
Manufacturing Security and Resilience Program,REQUIREMENT,577,3473
program evaluations,LEGAL_SOURCE,577,3474
Protect Working Musicians Act of 2023,LEGAL_SOURCE,578,3475
Independent Music Creator Owners,ACTOR,578,3476
antitrust liability,LEGAL_SOURCE,578,3477
music licensing,REQUIREMENT,578,3478
Dominant Online Music Distribution Platforms,ACTOR,578,3479
Countering Adversarial and Malicious Partnerships at Universities and Schools Act of 2023,LEGAL_SOURCE,579,3480
People's Liberation Army,DOMAIN,579,3481
Military-Civil Fusion strategy,LEGAL_SOURCE,579,3482
K-12 schools,DOMAIN,579,3483
Mandarin language instruction,DOMAIN,579,3484
Chinese cultural programming,DOMAIN,579,3485
foreign gifts,DOMAIN,579,3486
"TORPEDO Act of 2023, Sec. 6 (Reporting requirements on efforts of the Department of State to implement the AUKUS partnership)",LEGAL_SOURCE,580,3487
"Secretaries of Defense, Commerce, and Energy",ACTOR,580,3488
U.S. defense objectives,DOMAIN,580,3489
submarines,TECHNOLOGY,597,3490
ITAR,LEGAL_SOURCE,580,3491
export control regimes,LEGAL_SOURCE,580,3492
AUKUS members,ACTOR,580,3493
Deceptive Experiences To Online Users Reduction Act,LEGAL_SOURCE,581,3494
user autonomy,RISK,581,3495
affirmative express consent,RISK,640,3496
independent review boards,ACCOUNTABILITY,581,3497
user interface,TECHNOLOGY,581,3498
Research and Development Program on New Approaches to Data Analysis for Aviation Safety,LEGAL_SOURCE,582,3499
NEXTOR III,REQUIREMENT,582,3500
aviation safety,RISK,582,3501
Consortium,REQUIREMENT,795,3502
aviation industry partners,ACTOR,582,3503
NASA,ACTOR,691,3504
highly automated aircraft,TECHNOLOGY,582,3505
Disincentivizing Internet Service Censorship of Online Users and Restrictions on Speech and Expression Act,LEGAL_SOURCE,583,3506
interactive computer service providers,ACTOR,909,3507
creators,ACTOR,898,3508
algorithmic amplification,TECHNOLOGY,583,3509
religious material,SENSITIVE_DATA,583,3510
consumer choices,DOMAIN,583,3511
entrepreneurial activities,RISK,583,3512
Section 230,LEGAL_SOURCE,583,3513
information content providers,ACTOR,893,3514
Autonomous Vehicle Accessibility Act/AV Accessibility Act,LEGAL_SOURCE,584,3515
Autonomous Vehicle Accessibility Act,LEGAL_SOURCE,584,3516
AV Accessibility Act,LEGAL_SOURCE,584,3517
Level 4 or Level 5 ADS-equipped vehicles,TECHNOLOGY,584,3518
ADA,LEGAL_SOURCE,584,3519
public transportation infrastructure,DOMAIN,584,3520
Disrupt Explicit Forged Images And Non-Consensual Edits Act of 2024,LEGAL_SOURCE,585,3521
"Consolidated Appropriations Act, 2022",LEGAL_SOURCE,585,3522
civil action,REQUIREMENT,930,3523
injunctions,PENALTY,934,3524
statute of limitations,LEGAL_SOURCE,585,3525
"TORPEDO Act of 2023,  Sec. 12 (Expedited release of advanced technologies to Australia, Canada, and the United Kingdom through the foreign military sales program)",LEGAL_SOURCE,586,3526
Foreign Military Sales,REQUIREMENT,586,3527
hypersonic missiles,TECHNOLOGY,597,3528
"Intelligence Authorization Act for Fiscal Year 2024, Sec. 909 (""Requirement to Ensure Intelligence Community Directives Appropriately Account for Artificial Intelligence and Machine Learning Tools in Intelligence Products"")",LEGAL_SOURCE,587,3529
Intelligence Community Directives 203 and 206,LEGAL_SOURCE,587,3530
"Atomic Energy Advancement Act, Sec. 123 (""Advancement of Nuclear Regulatory Oversight"")",LEGAL_SOURCE,588,3531
NRC,ACTOR,601,3532
COVID-19 emergency,DOMAIN,593,3533
"risk-informed, performance-based procedures",LEGAL_SOURCE,593,3534
nuclear energy industry,ACTOR,593,3535
Stop Fentanyl at the Border Act,LEGAL_SOURCE,589,3536
non-intrusive inspection scanning systems,TECHNOLOGY,589,3537
anomaly detection algorithms,TECHNOLOGY,589,3538
fentanyl interdiction,RISK,589,3539
land borders,GEOGRAPHIC,589,3540
ICE,ACTOR,589,3541
transnational criminal networks,ACTOR,589,3542
Border Patrol Processing Coordinator,ACTOR,589,3543
outbound inspections,REQUIREMENT,589,3544
non-intrusive inspection technology,TECHNOLOGY,696,3545
Forest Data Modernization Act of 2023,LEGAL_SOURCE,590,3546
Forest and Rangeland Renewable Resources Research Act,LEGAL_SOURCE,590,3547
forest carbon,TECHNOLOGY,590,3548
Agriculture Improvement Act,LEGAL_SOURCE,590,3549
data collection and modeling,LIFECYCLE_STAGE,590,3550
"Pandemic and All-Hazards Preparedness and Response Act, Sec. 407 (""Assessment of Artificial Intelligence Threats to Health Security"")",LEGAL_SOURCE,591,3551
"National Academies of Sciences, Engineering, and Medicine",ACTOR,624,3552
AI-related health security vulnerabilities,RISK,591,3553
HHS agencies,ACTOR,591,3554
HHS,ACTOR,832,3555
"Intelligence Authorization Act for Fiscal Year 2024, Sec. 906 (""Programs for Next-Generation Microelectronics in Support of Artificial Intelligence"")",LEGAL_SOURCE,592,3556
Intelligence Advanced Research Projects Activity,ACTOR,592,3557
computing models,TECHNOLOGY,592,3558
optical networks,TECHNOLOGY,592,3559
private industry,ACTOR,602,3560
Advancing Nuclear Regulatory Oversight Act,LEGAL_SOURCE,593,3561
oversight and inspection programs,LEGAL_SOURCE,593,3562
Advisory for AI-Generated Content Act,LEGAL_SOURCE,594,3563
watermark,REQUIREMENT,814,3564
AI-generating entity,ACTOR,594,3565
AI-generated material,TECHNOLOGY,825,3566
covered AI-generated material,TECHNOLOGY,594,3567
SAFE from PRC Investments Act,LEGAL_SOURCE,595,3568
ETFs,DOMAIN,595,3569
U.S. defense contracts,DOMAIN,595,3570
United States-Israel Health Technologies Cooperation Act,LEGAL_SOURCE,596,3571
health technologies,TECHNOLOGY,596,3572
telemedicine,DOMAIN,596,3573
Government of Israel,ACTOR,596,3574
2008 Science and Technology Cooperation Agreement,LEGAL_SOURCE,596,3575
"Department of State Authorization Act of 2023, Sec. 931 (""Priority for Australia and the United Kingdom in Foreign Military Sales and Direct Commercial Sales"")",LEGAL_SOURCE,597,3576
United Kingdom,GEOGRAPHIC,597,3577
Ukraine,GEOGRAPHIC,597,3578
combat systems,TECHNOLOGY,597,3579
Do Not Disturb Act,LEGAL_SOURCE,598,3580
AI impersonation,RISK,598,3581
robocall-blocking services,RISK,598,3582
Voice over Internet Protocol,TECHNOLOGY,598,3583
VoIP,TECHNOLOGY,598,3584
Promoting Resilient Supply Chains Act of 2023,LEGAL_SOURCE,599,3585
AI supply chains,TECHNOLOGY,599,3586
domestic manufacturing capacities,REQUIREMENT,599,3587
allied countries,GEOGRAPHIC,676,3588
blockchain,TECHNOLOGY,695,3589
Promoting Digital Privacy Technologies Act,LEGAL_SOURCE,600,3590
privacy enhancing technologies,RISK,600,3591
Computer and Network Security Program,REQUIREMENT,600,3592
Cyber Security Research and Development Act,LEGAL_SOURCE,600,3593
stakeholder input,ACTOR,600,3594
National Strategy to Utilize Microreactors for Natural Disaster Response Efforts Act,LEGAL_SOURCE,601,3595
microreactors,TECHNOLOGY,601,3596
National Guard,ACTOR,601,3597
Army Corps of Engineers,ACTOR,601,3598
predictive tools,TECHNOLOGY,601,3599
"Department of State Authorization Act of 2023, Sec. 303 (""Task force to address artificial intelligence-enabled influence operations"")",LEGAL_SOURCE,602,3600
Countering AI-Enabled Disinformation Task Force,ACTOR,602,3601
AI-enabled disinformation,RISK,602,3602
digital content provenance detection techniques,TECHNOLOGY,602,3603
standards and frameworks,REQUIREMENT,602,3604
HEARTS Act of 2022,LEGAL_SOURCE,603,3605
federally funded research entities,ACTOR,603,3606
Diversify Tech Act,LEGAL_SOURCE,604,3607
DEIA,LEGAL_SOURCE,604,3608
Shifting Forward Vehicle Technologies Research and Development Act,LEGAL_SOURCE,605,3609
electric vehicle integration,TECHNOLOGY,605,3610
critical material recycling,TECHNOLOGY,605,3611
advanced batteries,TECHNOLOGY,605,3612
power electronics,TECHNOLOGY,605,3613
electric drive systems,TECHNOLOGY,605,3614
vehicle electrification technologies,TECHNOLOGY,605,3615
physical security,RISK,822,3616
Graduate Automotive Technology Education Centers of Research Excellence,ACTOR,605,3617
"Department of State Authorization Act of 2023, Sec. 941 (""Reporting Related to the AUKUS Partnership"")",LEGAL_SOURCE,606,3618
advanced cyber capabilities,TECHNOLOGY,606,3619
hypersonic technologies,TECHNOLOGY,606,3620
electronic warfare,DOMAIN,606,3621
Food and Agriculture Industry Cybersecurity Support Act,LEGAL_SOURCE,607,3622
food and agriculture cybersecurity clearinghouse,REQUIREMENT,607,3623
trade groups,ACTOR,607,3624
civil society organizations,ACTOR,607,3625
Outbound Investment Transparency Act of 2023,LEGAL_SOURCE,608,3626
foreign investments,DOMAIN,608,3627
stakeholder involvement,ACTOR,608,3628
"Health Care Price Transparency Act of 2023, Sec. 301 (""Establishing Requirements With Respect to the Use of Prior Authorization Under Medicare Advantage Plans"")",LEGAL_SOURCE,609,3629
electronic prior authorization program,REQUIREMENT,748,3630
prior authorization requests,LEGAL_SOURCE,748,3631
prior authorization data,LEGAL_SOURCE,609,3632
decision-support technologies,TECHNOLOGY,609,3633
STOP HATE Act of 2023,LEGAL_SOURCE,610,3634
social media companies,ACTOR,637,3635
terms of service,LEGAL_SOURCE,732,3636
Strengthening Consumer Protections and Medical Debt Transparency Act,LEGAL_SOURCE,611,3637
health care entities,ACTOR,611,3638
assistance programs,REQUIREMENT,805,3639
language assistance services,REQUIREMENT,611,3640
medical debt collection,LEGAL_SOURCE,611,3641
CFPB,ACTOR,746,3642
Exploitative Workplace Surveillance and Technologies Task Force Act of 2023,LEGAL_SOURCE,612,3643
White House Task Force on Workplace Surveillance and Technologies,ACTOR,612,3644
workplace surveillance,TECHNOLOGY,782,3645
vulnerable populations,ACTOR,785,3646
disabilities,DOMAIN,612,3647
CONSULT Act of 2023,LEGAL_SOURCE,613,3648
AI-powered products and services,TECHNOLOGY,613,3649
blacklist of national security threats,LEGAL_SOURCE,613,3650
Preventing Adversaries from Developing Critical Capabilities Act,LEGAL_SOURCE,614,3651
"Department of State Authorization Act of 2023, Sec. 304 (""Establishment of the Chief Artificial Intelligence Officer of the Department of State"")",LEGAL_SOURCE,615,3652
National Defense Authorization Act for Fiscal Year 2019,LEGAL_SOURCE,615,3653
Water Infrastructure Modernization Act of 2023,LEGAL_SOURCE,616,3654
Federal Water Pollution Control Act,LEGAL_SOURCE,616,3655
Safe Drinking Water Act,LEGAL_SOURCE,616,3656
smart water infrastructure technology,TECHNOLOGY,616,3657
intelligent wastewater treatment systems,TECHNOLOGY,616,3658
smart drinking water systems,TECHNOLOGY,616,3659
rural communities,GEOGRAPHIC,616,3660
Tribal communities,GEOGRAPHIC,616,3661
Ensuring Safe and Ethical AI Development Through SAFE AI Research Grants,LEGAL_SOURCE,617,3662
National Academy of Sciences,ACTOR,617,3663
Director of the National Academy of Sciences,ACTOR,617,3664
appropriation request,LEGAL_SOURCE,617,3665
DOE and NASA Interagency Research Coordination Act,LEGAL_SOURCE,618,3666
merit-review processes,REQUIREMENT,618,3667
research security laws,LEGAL_SOURCE,618,3668
"Coast Guard Authorization Act of 2023, Sec. 212 (""Report on Establishment of an Unmanned Systems Capabilities Office"")",LEGAL_SOURCE,619,3669
unmanned systems capabilities office,REQUIREMENT,680,3670
counter-unmanned system technologies,TECHNOLOGY,680,3671
cross-agency collaboration plan,LEGAL_SOURCE,680,3672
maritime domain awareness,RISK,680,3673
concept of operations,LEGAL_SOURCE,680,3674
data ecosystem,TECHNOLOGY,680,3675
unmanned system technologies,TECHNOLOGY,619,3676
information-sharing capabilities,TECHNOLOGY,619,3677
Weather Information for Agriculture Act,LEGAL_SOURCE,620,3678
National Integrated Drought Information System,REQUIREMENT,620,3679
National Coordinated Soil Moisture Monitoring Network,REQUIREMENT,620,3680
user-friendly website,TECHNOLOGY,620,3681
citizen science community,ACTOR,620,3682
"Intelligence Authorization Act for Fiscal Year 2024, Sec. 758 (""Implementation of Technology for Classification and Declassification"")",LEGAL_SOURCE,621,3683
technology-based solution,TECHNOLOGY,713,3684
"Novel, Advanced Spectrum and Communications Technology Networks Promotion Act",LEGAL_SOURCE,622,3685
electromagnetic spectrum management,TECHNOLOGY,622,3686
radio frequency emissions,TECHNOLOGY,622,3687
advanced antenna arrays,TECHNOLOGY,629,3688
dynamic spectrum access,TECHNOLOGY,629,3689
optical and quantum communications,TECHNOLOGY,629,3690
National Telecommunications and Information Administration Organization Act,LEGAL_SOURCE,629,3691
National Critical Capabilities Defense Act of 2023,LEGAL_SOURCE,623,3692
Committee on National Critical Capabilities,ACTOR,623,3693
"Black Maternal Health Omnibus Act, Sec. 904 (Report on the Use of Technology in Maternity Care)",LEGAL_SOURCE,624,3694
maternal health care,DOMAIN,624,3695
pulse oximeters,TECHNOLOGY,624,3696
"Wildfire Technology Demonstration, Evaluation, Modernization, and Optimization Act",LEGAL_SOURCE,625,3697
wildfire technology testbed pilot program,REQUIREMENT,625,3698
Secretaries of Agriculture and the Interior,ACTOR,625,3699
interagency coordinating group on wildfires,ACTOR,678,3700
hazardous fuels reduction,RISK,625,3701
dispatch communications,TECHNOLOGY,625,3702
safety equipment,RISK,625,3703
operational dashboards,TECHNOLOGY,625,3704
wildfire mitigation,RISK,764,3705
advanced communications,TECHNOLOGY,625,3706
DATA Privacy Act,LEGAL_SOURCE,626,3707
privacy notices,TRANSPARENCY,626,3708
affirmative consent,RISK,640,3709
privacy protection officers,ACTOR,626,3710
"Advanced Safe Testing at Residence Telehealth Act of 2023, Sec. 2 (""Coverage and Payment for Certain Tests and Assistive Telehealth Consultations; Demonstration Program Under Certain State Medicaid Programs"")",LEGAL_SOURCE,627,3711
Value-Based Insurance Design Model,REQUIREMENT,627,3712
VBID,REQUIREMENT,627,3713
telehealth consultations,DOMAIN,627,3714
MA,ACTOR,787,3715
Medicaid programs,ACTOR,627,3716
"National Quantum Initiative Reauthorization Act, Sec. 16 (""Department of Energy Quantum Information Science Research Program"")",LEGAL_SOURCE,628,3717
technology research program,REQUIREMENT,628,3718
quantum communications,TECHNOLOGY,628,3719
energy sector,ACTOR,691,3720
"NTIA Reauthorization Act of 2023, Sec. 203 (""Spectrum management improvements"")",LEGAL_SOURCE,629,3721
Internet of Things networks,TECHNOLOGY,629,3722
advanced communications technology prototyping,TECHNOLOGY,629,3723
"Intelligence Authorization Act for Fiscal Year 2024, Title V (""Matters Pertaining to United States Economic and Emerging Technology Competition with United States Adversaries""), Subtitle B (""Next Generation Energy, Biotechnology, and Artificial Intelligence"")",LEGAL_SOURCE,630,3724
next-generation energy technologies,TECHNOLOGY,630,3725
AI model performance,BENCHMARK,630,3726
synthetic data,TECHNOLOGY,630,3727
information security,RISK,947,3728
biosecurity risks,RISK,630,3729
foreign malign influence,RISK,767,3730
public education,DOMAIN,879,3731
Counseling for Career Choice Act,LEGAL_SOURCE,631,3732
Elementary and Secondary Education Act of 1965,LEGAL_SOURCE,631,3733
career counseling programs,REQUIREMENT,631,3734
training certification programs,REQUIREMENT,631,3735
one-stop centers,ACTOR,631,3736
workforce entities,ACTOR,631,3737
apprenticeships,REQUIREMENT,631,3738
dual enrollment programs,REQUIREMENT,631,3739
National Mesonet Authorization Act,LEGAL_SOURCE,632,3740
weather observation,TECHNOLOGY,632,3741
numerical weather prediction,TECHNOLOGY,632,3742
satellite constellations,TECHNOLOGY,632,3743
mesonet systems,TECHNOLOGY,632,3744
funding amounts,LEGAL_SOURCE,736,3745
"AREA Act, Part B (""National Center for Education Research""), Sec. 133 (""Duties"")",LEGAL_SOURCE,633,3746
Research Commissioner,ACTOR,633,3747
research-practice partnerships,REQUIREMENT,633,3748
National Education Research Database,LEGAL_SOURCE,633,3749
educational technology,TECHNOLOGY,633,3750
Solving the Border Crisis Act,LEGAL_SOURCE,635,3751
border wall system,TECHNOLOGY,635,3752
COVID-19,DOMAIN,635,3753
asylum officers,ACTOR,635,3754
immigration judges,ACTOR,635,3755
Immigration and Nationality Act,LEGAL_SOURCE,635,3756
detention facilities,ACTOR,635,3757
Advanced Aviation Integration Act,LEGAL_SOURCE,636,3758
advanced aviation systems,TECHNOLOGY,658,3759
Office of Advanced Integration,ACTOR,658,3760
Advanced Aviation Coordination Unit,ACTOR,658,3761
safety technology integration,RISK,636,3762
powered lift aircraft,TECHNOLOGY,658,3763
Combating Cartels on Social Media Act of 2023,LEGAL_SOURCE,637,3764
online platforms,TECHNOLOGY,755,3765
National Strategy to Combat Illicit Recruitment Activity by Transnational Criminal Organizations on Social Media and Online Platforms,LEGAL_SOURCE,637,3766
"Rail Worker and Community Safety Act, Sec. 13 (Equipment Inspections)",LEGAL_SOURCE,638,3767
Qualified Mechanical Inspectors,ACTOR,638,3768
camera-based systems,TECHNOLOGY,638,3769
Code of Federal Regulations,REQUIREMENT,638,3770
"Lummis-Gillibrand Responsible Financial Innovation Act, Sec. 1001 (""Executive Office of the President Appropriations"")",LEGAL_SOURCE,639,3771
crypto assets,TECHNOLOGY,639,3772
distributed ledger technology,TECHNOLOGY,639,3773
National Economic Council,ACTOR,639,3774
"Online Privacy Act of 2023, Sec. 106 (""Right to individual autonomy"")",LEGAL_SOURCE,640,3775
behavioral personalization,TECHNOLOGY,640,3776
aggregated data,TECHNOLOGY,640,3777
user engagement time,BENCHMARK,640,3778
Eliminating Abusive and Rampant Neglect of Interactive Technologies Act of 2023 (National Commission on Online Child Sexual Exploitation Prevention),LEGAL_SOURCE,641,3779
National Commission on Online Child Sexual Exploitation Prevention,ACTOR,641,3780
cryptography,TECHNOLOGY,641,3781
Know Your App Act,LEGAL_SOURCE,642,3782
app store,TECHNOLOGY,642,3783
foreign government,ACTOR,642,3784
"Protecting the Information of our Vulnerable Adolescents, Children, and Youth Act",LEGAL_SOURCE,643,3785
verifiable consent,REQUIREMENT,643,3786
privacy policy,LEGAL_SOURCE,643,3787
targeted advertising,TECHNOLOGY,643,3788
Contraband Awareness Technology Catches Harmful Fentanyl Act,LEGAL_SOURCE,644,3789
CBP Innovation Team,ACTOR,644,3790
nonintrusive inspection systems,TECHNOLOGY,644,3791
quantum information sciences,TECHNOLOGY,644,3792
No ICBMs or Drones for Iran Act of 2023,LEGAL_SOURCE,645,3793
"Comprehensive Iran Sanctions, Accountability, and Divestment Act of 2010",LEGAL_SOURCE,645,3794
Countering America’s Adversaries Through Sanctions Act,LEGAL_SOURCE,645,3795
Iran-Iraq Arms Non-Proliferation Act of 1992,LEGAL_SOURCE,645,3796
"PAID Act, Sec. 3 (Requirements for Private Passenger Automobile Insurers)",LEGAL_SOURCE,646,3797
automobile insurers,ACTOR,806,3798
underwriting rules,LEGAL_SOURCE,646,3799
prohibited factors,REQUIREMENT,646,3800
insurance premiums,DOMAIN,646,3801
Federal and State agencies,ACTOR,646,3802
"Preserving Telehealth, Hospital, and Ambulance Access Act, Sec. 105 (Report on Wearable Medical Devices)",LEGAL_SOURCE,647,3803
"HOME Act of 2024, Sec. 7 (Identification of Unfair Screening Practices)",LEGAL_SOURCE,648,3804
tenant and applicant screenings,REQUIREMENT,648,3805
adverse action,REQUIREMENT,930,3806
"Countering Antisemitism Act, Sec. 8 (Online Antisemitism, Holocaust Denial, and Distortion)",LEGAL_SOURCE,649,3807
National Coordinator to Counter Antisemitism,ACTOR,649,3808
community standards,LEGAL_SOURCE,649,3809
"Richard L. Trumka Protecting the Right to Organize Act of 2023, Sec. 309 (GAO Report)",LEGAL_SOURCE,650,3810
National Labor Relations Act,LEGAL_SOURCE,650,3811
enterprises,ACTOR,864,3812
House and Senate committees,ACTOR,916,3813
Federal Improvement in Technology Procurement Act,LEGAL_SOURCE,651,3814
Federal Acquisition Institute,ACTOR,651,3815
ICT acquisition training program,REQUIREMENT,651,3816
Commercial Solutions Opening Authority,LEGAL_SOURCE,651,3817
Living Wage for Musicians Act of 2024,LEGAL_SOURCE,652,3818
Artist Compensation Royalty Fund,REQUIREMENT,652,3819
Fund Administrator,ACTOR,652,3820
Methane Emissions Mitigation Research and Development Act,LEGAL_SOURCE,653,3821
methane emissions detection and mitigation research,LIFECYCLE_STAGE,653,3822
machine learning platforms,TECHNOLOGY,653,3823
Lidar detection technologies,TECHNOLOGY,653,3824
Methane Emissions Measurement and Mitigation Research Consortium,ACTOR,653,3825
Veterans Appeals Efficiency Act of 2024,LEGAL_SOURCE,654,3826
Department of Veterans Affairs,ACTOR,727,3827
National Work Queue,REQUIREMENT,654,3828
Chairman of the Board of Veterans’ Appeals,ACTOR,654,3829
Court of Appeals for Veterans Claims,ACTOR,654,3830
Protecting Consumers from Deceptive AI Act,LEGAL_SOURCE,655,3831
digital fingerprinting,TECHNOLOGY,655,3832
content provenance metadata,REQUIREMENT,655,3833
National Patient Safety Board Act of 2024,LEGAL_SOURCE,656,3834
National Patient Safety Board,ACTOR,656,3835
NPSB,ACTOR,656,3836
Office of the Secretary of Health and Human Services,ACTOR,656,3837
Patient Safety Research and Development Division,ACTOR,656,3838
AI governance frameworks,LEGAL_SOURCE,914,3839
NIST's AI Risk Management Framework,REQUIREMENT,656,3840
Examining Educational Redlining in Lending Act,LEGAL_SOURCE,657,3841
creditworthiness determinations,DOMAIN,657,3842
civil rights stakeholders,ACTOR,657,3843
automated or algorithmic underwriting processes,TECHNOLOGY,657,3844
Advanced Aviation Act,LEGAL_SOURCE,658,3845
Office of NextGen,ACTOR,658,3846
Office of Advanced Aviation,ACTOR,658,3847
Associate Administrator,ACTOR,658,3848
William J. Hughes Technical Center,ACTOR,658,3849
Aviation Innovation Program,REQUIREMENT,658,3850
"Americas Act, Title II (""Trade and Investment for the Americas""), Sec. 255 (""Transformational Energy Development"")",LEGAL_SOURCE,659,3851
BUILD Act of 2018,LEGAL_SOURCE,659,3852
DFC,ACTOR,659,3853
Office of Energy,ACTOR,659,3854
Export-Import Bank,ACTOR,659,3855
"Joint Energy Export, Development, and Trade Database",LEGAL_SOURCE,659,3856
Modernizing Retrospective Regulatory Review,LEGAL_SOURCE,660,3857
agency regulations,LEGAL_SOURCE,751,3858
retrospective regulatory reviews,LEGAL_SOURCE,660,3859
Child Exploitation and Artificial Intelligence Expert Commission Act of 2024,LEGAL_SOURCE,662,3860
Commission of Experts on Child Exploitation and Artificial Intelligence,ACTOR,662,3861
ENFORCE Act,LEGAL_SOURCE,663,3862
Export Control Reform Act of 2018,LEGAL_SOURCE,663,3863
Generative AI Copyright Disclosure Act of 2024,LEGAL_SOURCE,664,3864
generative AI system,TECHNOLOGY,664,3865
CONSENT Act,LEGAL_SOURCE,665,3866
court documents,LEGAL_SOURCE,665,3867
civil remedies,REQUIREMENT,943,3868
Promoting United States Leadership in Standards Act of 2024,LEGAL_SOURCE,666,3869
Secure Artificial Intelligence Act of 2024,LEGAL_SOURCE,729,3870
Common Vulnerabilities and Exposures Program,REQUIREMENT,765,3871
AI vulnerabilities,RISK,831,3872
AI security research,LIFECYCLE_STAGE,763,3873
counter-AI techniques,TECHNOLOGY,667,3874
American Economic Independence Act of 2024,LEGAL_SOURCE,668,3875
Comment Integrity and Management Act of 2024,LEGAL_SOURCE,669,3876
E-Government Act of 2002,LEGAL_SOURCE,669,3877
mass and computer-generated comments,TECHNOLOGY,669,3878
regulatory review process,LEGAL_SOURCE,669,3879
electronic comments,TECHNOLOGY,669,3880
humans,ACTOR,867,3881
technology tools,TECHNOLOGY,669,3882
Department of Defense Financial Audits Using Artificial Intelligence Act,LEGAL_SOURCE,670,3883
Under Secretary of Defense,ACTOR,737,3884
General Fund of the Treasury,ACTOR,670,3885
Senate and House Committees on Armed Services,ACTOR,670,3886
Protect Victims of Digital Exploitation and Manipulation Act of 2024,LEGAL_SOURCE,671,3887
penalty,PENALTY,671,3888
medical purposes,DOMAIN,671,3889
"Countering Communist China Act, Title VII (""Matters Related to Defense""), Sec. 701 (""Modifications to Use of Emergency Sanctions Authorities Regarding Communist Chinese Military Companies"")",LEGAL_SOURCE,672,3890
emergency sanctions authorities,LEGAL_SOURCE,672,3891
Communist Chinese military companies,ACTOR,672,3892
"Farm, Food, and National Security Act of 2024, Title VII (""Research, Extension, and Related Matters""), Sec. 7208 (""Centers of Excellence"")",LEGAL_SOURCE,673,3893
agricultural industry groups,ACTOR,673,3894
digital agriculture,TECHNOLOGY,917,3895
agricultural biosecurity,RISK,673,3896
crop protection,DOMAIN,673,3897
GRIData Act of 2024,LEGAL_SOURCE,674,3898
electric power sector,ACTOR,674,3899
"Department of State, Foreign Operations, and Related Programs Appropriations Act 2024, Title VII (""General Provisions""), Sec. 7032 (""Democracy Programs"")",LEGAL_SOURCE,675,3900
democracy programs,REQUIREMENT,675,3901
"Bureau of Democracy, Human Rights, and Labor",ACTOR,675,3902
civil society activists,ACTOR,675,3903
journalists,ACTOR,675,3904
international freedom of expression,RISK,675,3905
independent media,ACTOR,675,3906
National Endowment for Democracy,ACTOR,675,3907
"Countering Communist China Act, Title I (""Matters Related to Trade, Investment, and Economic Relations""), Sec. 101 (""Preventing Adversaries from Developing Critical Capabilities"")",LEGAL_SOURCE,676,3908
AI development sector,TECHNOLOGY,676,3909
Preparing Election Administrators for AI Act,LEGAL_SOURCE,702,3910
Election Assistance Commission,ACTOR,702,3911
election offices,ACTOR,677,3912
AI-generated information,TECHNOLOGY,702,3913
"Farm, Food, and National Security Act of 2024, Title VIII (""Forestry""), Sec. 8414 (""Public-Private Wildfire Technology Deployment and Testbed Partnership"")",LEGAL_SOURCE,678,3914
Air Tour and Sport Parachuting Safety Improvement Act of 2023,LEGAL_SOURCE,679,3915
commercial air tour operators,ACTOR,679,3916
aviation rulemaking committee,ACTOR,679,3917
flight data monitoring,TECHNOLOGY,679,3918
terrain awareness,RISK,679,3919
traffic avoidance,RISK,679,3920
"Coast Guard Authorization Act of 2024, Title II (""Coast Guard""), Sec. 207 (""Report on establishment of unmanned systems capabilities office"")",LEGAL_SOURCE,680,3921
"Coast Guard Authorization Act of 2024, Title III (""Shipping and Navigation""), Sec. 342 (""Establishment of National Advisory Committee on Autonomous Maritime Systems"")",LEGAL_SOURCE,681,3922
Autonomous Systems,TECHNOLOGY,681,3923
port authorities,ACTOR,681,3924
labor unions,ACTOR,681,3925
maritime pilots,ACTOR,681,3926
"21st Century Peace through Strength Act, Division D (""Protecting Americans from Foreign Adversary Controlled Applications Act"")",LEGAL_SOURCE,682,3927
foreign adversary controlled applications,TECHNOLOGY,682,3928
data portability,RISK,682,3929
qualified divestiture,LEGAL_SOURCE,682,3930
U.S. Court of Appeals for the District of Columbia Circuit,ACTOR,682,3931
"Farm, Food, and National Security Act of 2024, Title VI (""Rural Development""), Sec. 6303 (""Promoting Precision Agriculture"")",LEGAL_SOURCE,683,3932
"Countering Communist China Act, Title VI (""Matters Related to Democracy, Human Rights, and Taiwan""), Sec. 615 (""Deterring America's Technological Adversaries Act"")",LEGAL_SOURCE,684,3933
Chinese influence,GEOGRAPHIC,684,3934
ByteDance,ACTOR,684,3935
TikTok,ACTOR,684,3936
U.S. jurisdiction,GEOGRAPHIC,688,3937
AI CONSENT Act,LEGAL_SOURCE,685,3938
third-party entities,ACTOR,685,3939
"Department of Peacebuilding Act of 2023, Sec. 107 (""Office of Technology for Peace"")",LEGAL_SOURCE,686,3940
Office of Technology for Peace,ACTOR,686,3941
Assistant Secretary for Technology for Peace,ACTOR,686,3942
conservation,LEGAL_SOURCE,686,3943
Export Controls Enforcement Improvement Act of 2024,LEGAL_SOURCE,687,3944
Export Enforcement Coordination Center,ACTOR,687,3945
"Countering Communist China Act, Title I (""Matters Related to Trade, Investment, and Economic Relations""), Sec. 102 (""Sanctions with Respect to Communist Chinese Military and Surveillance Companies"")",LEGAL_SOURCE,688,3946
synthetic identities,TECHNOLOGY,689,3947
false market signals,DOMAIN,689,3948
digital fraud,RISK,689,3949
TAME Extreme Weather Act,LEGAL_SOURCE,690,3950
Earth system reanalysis dataset,LEGAL_SOURCE,690,3951
wildfire detection,RISK,690,3952
emissions monitoring,TECHNOLOGY,690,3953
illegal wood product tracking,TECHNOLOGY,690,3954
AI code and data,TECHNOLOGY,690,3955
energy grids,TECHNOLOGY,690,3956
"National Wildland Fire Risk Reduction Program Act, Sec. 7 (Responsibilities of Program Agencies)",LEGAL_SOURCE,691,3957
firebrands,RISK,691,3958
Fire Weather Testbed,REQUIREMENT,764,3959
community risk assessment tools,TECHNOLOGY,691,3960
novel monitoring tools,TECHNOLOGY,691,3961
Free Credit Scores for Consumers Act of 2024,LEGAL_SOURCE,692,3962
credit score,DOMAIN,692,3963
educational credit score,DOMAIN,692,3964
Fair Credit Reporting Act,LEGAL_SOURCE,692,3965
consumer reporting agencies,ACTOR,692,3966
CRAs,ACTOR,692,3967
private educational lenders,ACTOR,692,3968
motor vehicle lenders,ACTOR,692,3969
residential mortgage lenders,ACTOR,692,3970
underwriting,DOMAIN,806,3971
"Kids Online Safety Act, Title II (Filter Bubble Transparency)",LEGAL_SOURCE,693,3972
input-transparent algorithms,TECHNOLOGY,693,3973
"Government Surveillance Reform Act of 2023, Title VII (Protection of Car Data from Warrantless Searches)",LEGAL_SOURCE,694,3974
covered vehicle data,PERSONAL_DATA,694,3975
onboard and telematics data,TECHNOLOGY,694,3976
geolocation data,PERSONAL_DATA,694,3977
Driver Privacy Act of 2015,LEGAL_SOURCE,694,3978
Deploying American Blockchains Act of 2023,LEGAL_SOURCE,695,3979
blockchain technology,TECHNOLOGY,695,3980
Blockchain Deployment Program,REQUIREMENT,695,3981
"Border Act of 2024, General Provisions Title",LEGAL_SOURCE,696,3982
autonomous surveillance tower systems,TECHNOLOGY,696,3983
"Community and Hydropower Improvement Act, Sec. 4 (Approach to Environmental Review)",LEGAL_SOURCE,697,3984
Energy Policy Act of 1992,LEGAL_SOURCE,697,3985
Federal Energy Regulatory Commission,ACTOR,697,3986
FERC,ACTOR,697,3987
Indian Tribes,ACTOR,739,3988
environmental assessments,LEGAL_SOURCE,697,3989
fish species,DOMAIN,697,3990
open-sourced technical models,TECHNOLOGY,697,3991
environmental review records,LEGAL_SOURCE,697,3992
Future of Artificial Intelligence Innovation Act of 2024,LEGAL_SOURCE,698,3993
Artificial Intelligence Safety Institute,ACTOR,763,3994
international coalition,ACTOR,698,3995
public data sets,TECHNOLOGY,698,3996
Federal grand challenges,REQUIREMENT,698,3997
"A Stronger Workforce for America Act, Chapter 3 (Performance Accountability)",LEGAL_SOURCE,699,3998
state program operations,ACTOR,699,3999
NSF AI Education Act of 2024,LEGAL_SOURCE,701,4000
agricultural applications,REQUIREMENT,771,4001
Centers of AI Excellence,REQUIREMENT,701,4002
community colleges,ACTOR,778,4003
AI education research,LIFECYCLE_STAGE,701,4004
anti-discrimination laws,LEGAL_SOURCE,701,4005
workforce frameworks for AI,LEGAL_SOURCE,701,4006
AI-driven election disinformation,RISK,702,4007
AI Advancement and Reliability Act of 2024,LEGAL_SOURCE,703,4008
Center for AI Advancement and Reliability,ACTOR,703,4009
AI reliability,RISK,818,4010
Lummis-Gillibrand Payment Stablecoin Act (Sec. 1-3),LEGAL_SOURCE,704,4011
algorithmic payment stablecoin,TECHNOLOGY,704,4012
non-depository trust company,ACTOR,704,4013
national payment stablecoin issuer,ACTOR,704,4014
safe harbor regulations,LEGAL_SOURCE,704,4015
foreign authorities,ACTOR,704,4016
Validation and Evaluation for Trustworthy (VET) Artificial Intelligence Act,LEGAL_SOURCE,705,4017
VET Artificial Intelligence Act,LEGAL_SOURCE,705,4018
harm mitigation,RISK,705,4019
dataset quality,TECHNOLOGY,705,4020
Artificial Intelligence Assurance Qualifications Advisory Committee,ACTOR,705,4021
AI Innovation and Development for Efficiency Act of 2024,LEGAL_SOURCE,706,4022
AI-enabled efficient technologies,TECHNOLOGY,706,4023
energy consumption,BENCHMARK,706,4024
AI-enabled technologies,TECHNOLOGY,706,4025
EPSCoR institutions,ACTOR,706,4026
Small Business Artificial Intelligence Training Act of 2024,LEGAL_SOURCE,707,4027
AI training resources,REQUIREMENT,707,4028
government contracting,ACTOR,707,4029
Unleashing AI Innovation in Financial Services Act,LEGAL_SOURCE,708,4030
financial entities,ACTOR,708,4031
AI test projects,LIFECYCLE_STAGE,708,4032
financial regulatory agencies,ACTOR,708,4033
AI project sponsors,ACTOR,708,4034
Department of Energy AI Act,LEGAL_SOURCE,709,4035
AI program,REQUIREMENT,709,4036
AI training datasets,TECHNOLOGY,709,4037
next-generation computing infrastructure,TECHNOLOGY,709,4038
AI Research and Development Centers,REQUIREMENT,709,4039
AI Risk Evaluation and Mitigation Program,REQUIREMENT,709,4040
AI skill training,LIFECYCLE_STAGE,709,4041
energy security,RISK,728,4042
Office of Critical and Emerging Technology,ACTOR,709,4043
Promoting Responsible Evaluation and Procurement to Advance Readiness for Enterprise-wide Deployment for Artificial Intelligence Act,LEGAL_SOURCE,710,4044
Chief Artificial Intelligence Officers Council,ACTOR,715,4045
risk classification systems,REQUIREMENT,710,4046
facial features,PERSONAL_DATA,710,4047
sensitive traits,SENSITIVE_DATA,710,4048
Federal Acquisition Regulation,LEGAL_SOURCE,710,4049
Technology in the Parks Act of 2024,LEGAL_SOURCE,711,4050
E-rate support,REQUIREMENT,711,4051
telecommunications services,TECHNOLOGY,711,4052
technology training programs,DOMAIN,711,4053
internet safety regulations,LEGAL_SOURCE,711,4054
web development,TECHNOLOGY,711,4055
Securing Elections From AI Deception Act,LEGAL_SOURCE,712,4056
"federal, state, or local elections",ACTOR,712,4057
safety and efficiency standards,REQUIREMENT,712,4058
"Sensible Classification Act of 2023, Sec. 7: Implementation of Technology for Classification and Declassification",LEGAL_SOURCE,713,4059
Small Business Artificial Intelligence Advancement Act,LEGAL_SOURCE,714,4060
AI Leadership To Enable Accountable Deployment Act,LEGAL_SOURCE,715,4061
Artificial Intelligence Coordination Boards,ACTOR,715,4062
AI strategy,LEGAL_SOURCE,715,4063
AI Coordination Boards,ACTOR,715,4064
Chief AI Officers,ACTOR,886,4065
Nucleic Acid Standards for Biosecurity Act,LEGAL_SOURCE,716,4066
"Research and Development, Competition, and Innovation Act",LEGAL_SOURCE,716,4067
biomanufacturing,TECHNOLOGY,737,4068
biosecurity measures,RISK,716,4069
database management,TECHNOLOGY,716,4070
synthetic nucleic acid procurement screening,TECHNOLOGY,716,4071
Consumer Literacy and Empowerment to Advance Responsible Navigation of Artificial Intelligence Act,LEGAL_SOURCE,717,4072
"Artificial Intelligence Allied Collaboration for Crucial Operations, Research, and Development Act of 2024",LEGAL_SOURCE,718,4073
Middle Eastern allies,GEOGRAPHIC,718,4074
partner-sharing network,TECHNOLOGY,718,4075
Federal Election Campaign Act,LEGAL_SOURCE,719,4076
Atomic Supply Chain Solutions Act,LEGAL_SOURCE,720,4077
Vogtle 3 and 4,REQUIREMENT,720,4078
3D printing,TECHNOLOGY,720,4079
U.S.-Canada cooperation,GEOGRAPHIC,720,4080
advanced nuclear technology,TECHNOLOGY,720,4081
HALEU market,REQUIREMENT,720,4082
energy independence,LEGAL_SOURCE,720,4083
AI Development Practices Act of 2024,LEGAL_SOURCE,721,4084
AI system development,TECHNOLOGY,721,4085
AI risk tolerances,LEGAL_SOURCE,721,4086
risk management framework,REQUIREMENT,880,4087
artificial intelligence red teaming,TECHNOLOGY,721,4088
Maintaining Innovation and Safe Technologies Act,LEGAL_SOURCE,722,4089
remote monitoring devices,TECHNOLOGY,768,4090
Workforce of the Future Act of 2024,LEGAL_SOURCE,723,4091
emerging and advanced technology education,DOMAIN,723,4092
AI-related skills,DOMAIN,819,4093
artificial intelligence technology,TECHNOLOGY,724,4094
Civilian Agency AI Watermark Act,LEGAL_SOURCE,725,4095
AI watermark and trademark system,TECHNOLOGY,725,4096
Federal agency-approved AI applications,TECHNOLOGY,725,4097
"American Privacy Rights Act of 2024, Sec. 114-5",LEGAL_SOURCE,726,4098
privacy-enhancing technologies for enforcement,RISK,726,4099
Privacy and Security Victims Relief Fund,REQUIREMENT,726,4100
Veterans Online Information and Cybersecurity Empowerment Act of 2024,LEGAL_SOURCE,727,4101
digital citizenship,DOMAIN,727,4102
cybersecurity best practices,RISK,727,4103
foreign influence campaigns,RISK,727,4104
online scams,RISK,727,4105
Department of Energy Artificial Intelligence Act of 2024,LEGAL_SOURCE,728,4106
Office of Energy Efficiency,ACTOR,728,4107
AI application in simulations,TECHNOLOGY,728,4108
AI supply chain risks,RISK,765,4109
Forecasting Optimization for Robust Earth Climate Analysis and Subseasonal-to-Seasonal Tracking Act of 2024,LEGAL_SOURCE,730,4110
Food Security Act of 1985,LEGAL_SOURCE,730,4111
Internet clearinghouse,TECHNOLOGY,730,4112
Weather and Earth System Modeling and Data Assimilation Workforce Innovation Program,REQUIREMENT,730,4113
weather modeling and data assimilation,TECHNOLOGY,730,4114
NOAA's weather research activities,LIFECYCLE_STAGE,730,4115
Transformational Artificial intelligence to Modernize the Economy against Extreme Weather Act,LEGAL_SOURCE,731,4116
Earth system modeling,TECHNOLOGY,731,4117
fire environment modeling,TECHNOLOGY,731,4118
emissions monitoring program,REQUIREMENT,731,4119
greenhouse gas emission models,TECHNOLOGY,731,4120
Digital Social Platform Transparency Act,LEGAL_SOURCE,732,4121
digital social companies,ACTOR,732,4122
public repository,REQUIREMENT,732,4123
end-to-end encryption,TECHNOLOGY,732,4124
NSF and USDA Interagency Research Act,LEGAL_SOURCE,733,4125
nonprofit entities,ACTOR,733,4126
"Center for Agricultural Research, Education, and Workforce Development",REQUIREMENT,733,4127
Modernizing Data Practices to Improve Government Act,LEGAL_SOURCE,792,4128
Federal data governance,LEGAL_SOURCE,734,4129
data management report,LEGAL_SOURCE,734,4130
Chief Data Officers,ACTOR,792,4131
Fraudulent Artificial Intelligence Regulations (FAIR) Elections Act of 2024,LEGAL_SOURCE,735,4132
AI-generated election media,TECHNOLOGY,735,4133
bona fide news entities,ACTOR,735,4134
U.S. District Courts,ACTOR,735,4135
National Voter Registration Act,LEGAL_SOURCE,735,4136
Computer Fraud and Abuse Act,LEGAL_SOURCE,735,4137
National Windstorm Impact Reduction Program Reauthorization Act of 2024,LEGAL_SOURCE,736,4138
National Windstorm Impact Reduction Act of 2004,LEGAL_SOURCE,736,4139
climate variability,LIFECYCLE_STAGE,736,4140
building codes,REQUIREMENT,736,4141
public response,ACTOR,736,4142
"H.R. 9626, To direct the Department of Defense to develop a plan for the establishment of a secure computing and data storage environment for the testing of artificial intelligence trained on biological data, and for other purposes.",LEGAL_SOURCE,737,4143
AIxBio sandbox,REQUIREMENT,737,4144
biological data,TECHNOLOGY,737,4145
medical countermeasures,DOMAIN,737,4146
Detection Equipment and Technology Evaluation to Counter the Threat of Fentanyl and Xylazine Act of 2024,LEGAL_SOURCE,738,4147
drug detection and trafficking disruption,REQUIREMENT,738,4148
Under Secretary for Science and Technology,ACTOR,738,4149
NIST AI Risk Management Framework,REQUIREMENT,738,4150
State Industrial Competitiveness Act of 2024,LEGAL_SOURCE,739,4151
Energy Policy and Conservation Act,LEGAL_SOURCE,739,4152
Flex-Tech Energy Program,REQUIREMENT,739,4153
State energy agencies,ACTOR,739,4154
advanced manufacturing technologies,TECHNOLOGY,739,4155
energy studies,LEGAL_SOURCE,739,4156
Artificial Intelligence Public Awareness and Education Campaign Act,LEGAL_SOURCE,740,4157
AI Campaign,REQUIREMENT,740,4158
senior citizens,ACTOR,740,4159
AI-enabled fraud,RISK,740,4160
Ending FCC Meddling in Our Elections Act,LEGAL_SOURCE,741,4161
artificial intelligence-generated content,TECHNOLOGY,741,4162
Supercritical Geothermal Research and Development Act,LEGAL_SOURCE,742,4163
supercritical geothermal research and development program,REQUIREMENT,742,4164
Geothermal Technologies Office,ACTOR,742,4165
geothermal data,TECHNOLOGY,742,4166
Secretary of the Interior,ACTOR,742,4167
geothermal mapping,TECHNOLOGY,742,4168
geothermal center of excellence,REQUIREMENT,742,4169
geothermal resource assessments,LEGAL_SOURCE,742,4170
geothermal resource potential,BENCHMARK,742,4171
Social Media and AI Resiliency Toolkits in Schools Act,LEGAL_SOURCE,743,4172
Secretaries of Education and Health & Human Services,ACTOR,743,4173
educational toolkits,LEGAL_SOURCE,743,4174
parents & guardians,ACTOR,743,4175
administrators,ACTOR,743,4176
healthcare professionals,ACTOR,743,4177
Bureau of Industry and Security Information Technology Modernization Act,LEGAL_SOURCE,744,4178
Bureau of Industry and Security,ACTOR,744,4179
Protecting Patients from Deceptive Drug Ads Online Act,LEGAL_SOURCE,745,4180
social media influencers,ACTOR,745,4181
prescription drugs,DOMAIN,745,4182
telehealth providers,ACTOR,745,4183
market surveillance,LIFECYCLE_STAGE,745,4184
"S.4870, A bill to require reports on artificial intelligence regulation in the financial services industry.",LEGAL_SOURCE,746,4185
Federal Reserve,ACTOR,746,4186
FDIC,ACTOR,746,4187
OCC,ACTOR,746,4188
NCUA,ACTOR,746,4189
AI knowledge gaps,LIFECYCLE_STAGE,746,4190
financial services,DOMAIN,861,4191
AI-assisted tasks,TECHNOLOGY,746,4192
AI governance and oversight standards,REQUIREMENT,746,4193
Preventing the Algorithmic Facilitation of Rental Housing Cartels Act of 2024,LEGAL_SOURCE,747,4194
rental property owners,ACTOR,747,4195
non-competitive agreements,LEGAL_SOURCE,747,4196
Clayton Act,LEGAL_SOURCE,747,4197
State Attorneys General,ACTOR,747,4198
treble damages,PENALTY,747,4199
litigation costs,DOMAIN,747,4200
"State, Tribal, or local laws",LEGAL_SOURCE,747,4201
Improving Seniors’ Timely Access to Care Act of 2024,LEGAL_SOURCE,748,4202
Medicare Payment Advisory Commission,ACTOR,748,4203
Centers for Medicare & Medicaid Services,ACTOR,787,4204
"S.4862, A bill to ensure that new advances in artificial intelligence are ethically adopted to improve the health of all individuals, and for other purposes.",LEGAL_SOURCE,749,4205
National Coordinator for Health IT,ACTOR,749,4206
electronic health records,PERSONAL_DATA,749,4207
national interoperability frameworks,REQUIREMENT,749,4208
National Library of Medicine,ACTOR,749,4209
core data science program,REQUIREMENT,749,4210
"Sec. 103, Supporting Affordability and Fairness with Every Bet Act",LEGAL_SOURCE,750,4211
sports wagering operators,ACTOR,770,4212
sports wagering,REQUIREMENT,770,4213
State regulatory entity,ACTOR,750,4214
sports organizations,ACTOR,750,4215
internal controls,REQUIREMENT,750,4216
problem gamblers,ACTOR,750,4217
Modernizing Retrospective Regulatory Review Act,LEGAL_SOURCE,751,4218
Content Origin Protection and Integrity from Edited and Deepfaked Media Act of 2024,LEGAL_SOURCE,752,4219
content provenance,TECHNOLOGY,752,4220
synthetically-modified content,TECHNOLOGY,752,4221
public-private partnership,REQUIREMENT,752,4222
copyright rights,LEGAL_SOURCE,752,4223
"Sec. 2412. Duty of Care, Digital Consumer Protection Commission Act of 2023",LEGAL_SOURCE,753,4224
private groups,ACTOR,753,4225
"Modernizing Wildfire Safety and Prevention Act of 2024, Section 405 (""Joint Office of the Fire Environment Center (Report Recommendations 104, 105, 106)"")",LEGAL_SOURCE,754,4226
Joint Office of the Fire Environment Center,ACTOR,754,4227
fire management,REQUIREMENT,754,4228
air quality data,TECHNOLOGY,754,4229
public health information,PERSONAL_DATA,754,4230
wildfire community,ACTOR,754,4231
"Sec. 2501. Corporate Citizenship and Ownership, Digital Consumer Protection Commission Act of 2023",LEGAL_SOURCE,755,4232
foreign entity,ACTOR,755,4233
"Health Equity and Accountability Act of 2024, Sec 1013 (""Task Force on Preventing Bias in AI and Algorithms"")",LEGAL_SOURCE,756,4234
Task Force on Preventing AI and Algorithmic Bias in Health Care,REQUIREMENT,756,4235
health equity,RISK,756,4236
minority health,RISK,756,4237
"To provide for citizen engagement on the development and adoption of Federal civilian agency use of artificial intelligence, and for other purposes.",LEGAL_SOURCE,757,4238
Federal civilian agency,ACTOR,757,4239
civil rights organizations,ACTOR,757,4240
immigrant communities,ACTOR,757,4241
"A Bill to prohibit certain uses of automated decision systems by employers, and for other purposes.",LEGAL_SOURCE,758,4242
employment-related decisions,EMPLOYMENT,845,4243
National Institute of Standards & Technology,ACTOR,758,4244
MedShield Act of 2024,LEGAL_SOURCE,759,4245
MedShield program,REQUIREMENT,759,4246
National Security Commission on Artificial Intelligence,ACTOR,759,4247
National Response Framework,LEGAL_SOURCE,759,4248
"A bill to establish protections for individual rights with respect to computational algorithms, and for other purposes.",LEGAL_SOURCE,760,4249
AI algorithms,TECHNOLOGY,760,4250
pre-deployment evaluations,LIFECYCLE_STAGE,760,4251
transparency obligations,TRANSPARENCY,760,4252
algorithm auditing,LIFECYCLE_STAGE,760,4253
"A bill to require the Secretary of Defense to carry out a pilot program on using artificial intelligence-enabled software to optimize the workflow and operations of depots, shipyards, and other manufacturing facilities run by the Department of Defense, and for other purposes.",LEGAL_SOURCE,761,4254
artificial intelligence-enabled software,TECHNOLOGY,761,4255
Defense Contract Management Agency,ACTOR,761,4256
"Fix Our Forests Act, Section 102 (""Fireshed Center"")",LEGAL_SOURCE,762,4257
Fireshed Center,REQUIREMENT,762,4258
Forest Service,ACTOR,762,4259
U.S. Geological Survey,ACTOR,762,4260
Fireshed Registry,LEGAL_SOURCE,762,4261
"Intelligence Authorization Act for Fiscal Year 2025, Title V, Section 505 (""Establishment of Artificial Intelligence Security Center"")",LEGAL_SOURCE,763,4262
AI adoption practices,LEGAL_SOURCE,763,4263
"Fix Our Forests Act, Section 303 (""Public-private wildfire technology deployment and demonstration partnership"")",LEGAL_SOURCE,764,4264
National Wildfire Coordinating Group,ACTOR,764,4265
"Intelligence Authorization Act for Fiscal Year 2025, Title V, Section 510 (""Management of artificial intelligence security risks"")",LEGAL_SOURCE,765,4266
proprietary datasets,TECHNOLOGY,765,4267
"STAND with Taiwan Act of 2024, Section 11 (""Prohibition on investments by United States financial institutions that benefit the Government of the People's Republic of China or the Chinese Communist Party"")",LEGAL_SOURCE,766,4268
Government of the People's Republic of China,ACTOR,766,4269
14th Five Year Smart Manufacturing Development Plan,LEGAL_SOURCE,766,4270
United States financial institution,ACTOR,766,4271
"Intelligence Authorization Act for Fiscal Year 2025, Title V, Section 504 (""National security procedures to address certain risks and threats relating to artificial intelligence"")",LEGAL_SOURCE,767,4272
AI-related security and biosecurity risks,RISK,767,4273
American Medical Innovation and Investment Act of 2024 (Sec. 5),LEGAL_SOURCE,768,4274
continuous glucose monitors,TECHNOLOGY,768,4275
Synthetic Biology Advancement Act of 2024,LEGAL_SOURCE,769,4276
National Synthetic Biology Center,ACTOR,769,4277
national laboratories,ACTOR,769,4278
technology transfer offices,ACTOR,769,4279
SAFE Bet Act,LEGAL_SOURCE,770,4280
state sports wagering programs,REQUIREMENT,770,4281
national self-exclusion list,LEGAL_SOURCE,770,4282
public health initiatives,REQUIREMENT,770,4283
tribes,ACTOR,833,4284
Land Grant Research Prioritization Act of 2023,LEGAL_SOURCE,771,4285
Supporting Innovation in Agriculture Act of 2024,LEGAL_SOURCE,772,4286
precision or controlled environment agriculture,REQUIREMENT,772,4287
No CCP Consultants Act,LEGAL_SOURCE,773,4288
national security industries,DOMAIN,773,4289
AI-related products and services,TECHNOLOGY,773,4290
Secretary of the Department of State,ACTOR,773,4291
"Combat Chinese Economic Aggression Act of 2024, Section 4 (""Protection of covered sectors."")",LEGAL_SOURCE,774,4292
Defense Production Act,LEGAL_SOURCE,774,4293
Title VIII,LEGAL_SOURCE,774,4294
national interest waivers,LEGAL_SOURCE,774,4295
Drone Safety and Efficiency Act,LEGAL_SOURCE,775,4296
"Section 107 of Title 14, Code of Federal Regulations",LEGAL_SOURCE,775,4297
small unmanned aircraft systems,TECHNOLOGY,775,4298
Investing in Tomorrow's Workforce Act of 2023,LEGAL_SOURCE,776,4299
training services,REQUIREMENT,776,4300
national dislocated worker grants,REQUIREMENT,776,4301
nondiscrimination provisions,RISK,776,4302
"Platform Accountability and Transparency Act, Section 9 (""Rulemaking authority"")",LEGAL_SOURCE,777,4303
advertising information,LEGAL_SOURCE,777,4304
platform algorithms,TECHNOLOGY,777,4305
recommender and ranking algorithms,TECHNOLOGY,777,4306
government orders,LEGAL_SOURCE,777,4307
Providing Individuals Various Opportunities for Technical Training to Build a Skills-Based Cyber Workforce Act of 2024,LEGAL_SOURCE,778,4308
PIVOTT Program,REQUIREMENT,778,4309
cybersecurity education and training,REQUIREMENT,778,4310
technical schools,ACTOR,778,4311
military service,DOMAIN,778,4312
cyber training database,LEGAL_SOURCE,778,4313
certification opportunities,REQUIREMENT,778,4314
"Sustaining America’s Fisheries for the Future Act of 2024, Title IV, Section 402 (""Expanding and improving electronic technologies."")",LEGAL_SOURCE,779,4315
electronic monitoring,TECHNOLOGY,779,4316
National Marine Fisheries Service,ACTOR,779,4317
electronic technologies innovation prize,REQUIREMENT,779,4318
advisory panel,REQUIREMENT,779,4319
Federal Advisory Committee Act,LEGAL_SOURCE,779,4320
"WIOA Performance Accountability Improvement Act, Section 2, Subsection (c) (""Evaluation of State programs."")",LEGAL_SOURCE,780,4321
"To amend the Communications Act of 1934 to establish technical and procedural standards for artificial or prerecorded voice systems created through generative artificial intelligence, and for other purposes.",LEGAL_SOURCE,781,4322
Stop Spying Bosses Act,LEGAL_SOURCE,782,4323
Privacy and Technology Division,ACTOR,782,4324
predispute arbitration agreements,LEGAL_SOURCE,782,4325
"Sustaining America’s Fisheries for the Future Act of 2024, Title IV, Section 401 (""Data modernization."")",LEGAL_SOURCE,783,4326
Artificial Intelligence Strategy,LEGAL_SOURCE,783,4327
Assistant Administrator for Fisheries,ACTOR,783,4328
fisheries data modernization,REQUIREMENT,783,4329
NO FAKES Act of 2024,LEGAL_SOURCE,784,4330
property right,LEGAL_SOURCE,784,4331
online services,ACTOR,919,4332
SPEED through Screening Act,LEGAL_SOURCE,785,4333
detection at range technology,TECHNOLOGY,785,4334
noninvasive technologies,TECHNOLOGY,785,4335
"Better Mental Health Care for Americans Act, Sec. 203",LEGAL_SOURCE,786,4336
behavioral health,DOMAIN,810,4337
behavioral health providers,DOMAIN,786,4338
substance use disorder services,DOMAIN,786,4339
mental health services,DOMAIN,856,4340
"Better Mental Health Care for Americans Act, Sec. 201",LEGAL_SOURCE,787,4341
mental health and substance use disorder benefits,DOMAIN,787,4342
nonquantitative treatment limitations,REQUIREMENT,787,4343
mental health parity,LEGAL_SOURCE,787,4344
prescription drug plans,REQUIREMENT,787,4345
Agriculture and National Security Act of 2024,LEGAL_SOURCE,788,4346
Senior Advisor for National Security,ACTOR,788,4347
National Security Council,ACTOR,788,4348
foreign influence,RISK,788,4349
AI Fraud Deterrence Act,LEGAL_SOURCE,789,4350
Next Generation Military Education Act,LEGAL_SOURCE,790,4351
National Defense Authorization Act,LEGAL_SOURCE,790,4352
cybersecurity training,REQUIREMENT,790,4353
Eliminating Bias in Algorithmic Systems Act of 2024,LEGAL_SOURCE,791,4354
civil rights offices,ACTOR,791,4355
Assistant Attorney General of the Civil Rights Division,ACTOR,791,4356
Economic Security and Diplomacy Act of 2024,LEGAL_SOURCE,793,4357
State Department Basic Authorities Act,LEGAL_SOURCE,793,4358
Deputy Secretary of State for Economic Security,ACTOR,793,4359
Assistant Secretary for Technology and Innovation Security,ACTOR,793,4360
Office of Economic Analysis and Targeting,ACTOR,793,4361
federal database,LEGAL_SOURCE,793,4362
Foreign Service officers,ACTOR,793,4363
Improving Diagnosis in Medicine Act of 2024,LEGAL_SOURCE,794,4364
diagnostic safety and quality,DOMAIN,794,4365
Interagency Council on Improving Diagnosis in Health Care,ACTOR,794,4366
strategic federal plan,LEGAL_SOURCE,794,4367
Supercomputing for Safer Chemicals Act,LEGAL_SOURCE,795,4368
supercomputing,TECHNOLOGY,795,4369
toxic substances,DOMAIN,795,4370
Block Nuclear Launch by Autonomous Artificial Intelligence Act of 2023,LEGAL_SOURCE,796,4371
federal funds,DOMAIN,796,4372
autonomous weapons systems,TECHNOLOGY,867,4373
nuclear weapons,TECHNOLOGY,796,4374
meaningful human control,LEGAL_SOURCE,796,4375
Creating Resources for Every American To Experiment with Artificial Intelligence Act of 2023,LEGAL_SOURCE,797,4376
scientific integrity requirements,REQUIREMENT,797,4377
security requirements,RISK,797,4378
Governance Principles for a New Generation of Artificial Intelligence: Develop Responsible Artificial Intelligence,LEGAL_SOURCE,798,4379
fairness and justice,RISK,862,4380
shared responsibility,ACCOUNTABILITY,798,4381
open collaboration,LEGAL_SOURCE,798,4382
agile governance,LEGAL_SOURCE,873,4383
"An Act to amend the general business law, the executive law, the state finance law and the education law, in relation to enacting the ""digital fairness act"" - Sections 7-9 (""AUTOMATED DECISION SYSTEM IMPACT ASSESSMENTS,"" etc.)",LEGAL_SOURCE,799,4384
neutral third party,ACTOR,799,4385
public comments,TRANSPARENCY,799,4386
open-source software,TECHNOLOGY,799,4387
An Act concerning the use of automated tools to assist with hiring decisions and supplementing Title 34 of the Revised Statutes.,LEGAL_SOURCE,800,4388
automated employment decision tool,TECHNOLOGY,857,4389
"An Act concerning discrimination and automated decision systems and supplementing P.L.1945, c.169 (C.10:5-1 et seq.).",LEGAL_SOURCE,801,4390
protected class,RISK,801,4391
civil lawsuits,REQUIREMENT,801,4392
"An Act to amend the general business law, in relation to the management
 and oversight of personal data (Section 7)",LEGAL_SOURCE,802,4393
automated process,TECHNOLOGY,802,4394
outside auditor,ACTOR,802,4395
Voluntary Commitments from Leading Artificial Intelligence Companies,LEGAL_SOURCE,803,4396
Amazon,ACTOR,834,4397
Anthropic,ACTOR,803,4398
Inflection,ACTOR,825,4399
Biden-Harris Administration,ACTOR,803,4400
bipartisan legislation,LEGAL_SOURCE,803,4401
pre-deployment testing,LIFECYCLE_STAGE,827,4402
risk identification,RISK,804,4403
surveillance technologies,TECHNOLOGY,804,4404
Pennsylvania HB 1380,LEGAL_SOURCE,805,4405
eligibility verification,REQUIREMENT,805,4406
public assistance programs,REQUIREMENT,805,4407
federal waivers,LEGAL_SOURCE,805,4408
health savings accounts,REQUIREMENT,805,4409
medical assistance,DOMAIN,805,4410
managed care organizations,ACTOR,805,4411
medical assistance claims data,LEGAL_SOURCE,805,4412
New Jersey Bill A537,LEGAL_SOURCE,806,4413
automated or predictive underwriting systems,TECHNOLOGY,806,4414
Department of Banking and Insurance,ACTOR,806,4415
robotic process automation,TECHNOLOGY,806,4416
Commissioner of Banking and Insurance,ACTOR,806,4417
Pennsylvania HB 49,LEGAL_SOURCE,807,4418
registry,LEGAL_SOURCE,807,4419
Right-to-Know Law,LEGAL_SOURCE,807,4420
online database,LEGAL_SOURCE,807,4421
Rhode Island HB 6286,LEGAL_SOURCE,808,4422
large-scale generative AI models,TECHNOLOGY,808,4423
training models,LIFECYCLE_STAGE,808,4424
Rhode Island Attorney General's Office,ACTOR,808,4425
public registry,LEGAL_SOURCE,808,4426
North Carolina SB 460,LEGAL_SOURCE,809,4427
Study Committee on Automation and the Workforce,REQUIREMENT,809,4428
North Carolina,GEOGRAPHIC,809,4429
state legislators,ACTOR,809,4430
industrial robotics,TECHNOLOGY,809,4431
self-service technologies,TECHNOLOGY,809,4432
Joint Legislative Commission on Governmental Operations,ACTOR,809,4433
New Mexico SM 63,LEGAL_SOURCE,810,4434
"Children, Youth, and Families Department",ACTOR,810,4435
structured decision-making tools,TECHNOLOGY,810,4436
child abuse and neglect cases,DOMAIN,810,4437
post-secondary institution,DOMAIN,810,4438
legislative health and human services committee,ACTOR,810,4439
Texas HB 4695,LEGAL_SOURCE,811,4440
AI mental health applications,TECHNOLOGY,811,4441
licensed mental health professionals,ACTOR,856,4442
AI mental health services,DOMAIN,811,4443
record-keeping requirements,REQUIREMENT,811,4444
New Jersey SB 3876,LEGAL_SOURCE,812,4445
Artificial Intelligence Officer,ACTOR,812,4446
New Jersey Artificial Intelligence Advisory Board,ACTOR,812,4447
Artificial Intelligence Implementation Officer,ACTOR,812,4448
New York A7106,LEGAL_SOURCE,813,4449
election law,LEGAL_SOURCE,927,4450
synthetic media,TECHNOLOGY,923,4451
Massachusetts Bill S. 31,LEGAL_SOURCE,814,4452
large-scale generative artificial intelligence model,TECHNOLOGY,814,4453
Massachusetts Bill H.64,LEGAL_SOURCE,815,4454
executive office of technology services and security,ACTOR,815,4455
Commonwealth of Massachusetts,GEOGRAPHIC,815,4456
New York Bill A5309,LEGAL_SOURCE,816,4457
state finance law,LEGAL_SOURCE,816,4458
algorithmic decision systems,TECHNOLOGY,816,4459
artificial intelligence standards,REQUIREMENT,816,4460
executive law,LEGAL_SOURCE,816,4461
unlawful discriminatory practice,RISK,816,4462
commissioner of taxation and finance,ACTOR,816,4463
New York S7422,LEGAL_SOURCE,817,4464
Empire State Film Production Credit,REQUIREMENT,817,4465
collective bargaining agreements,LEGAL_SOURCE,817,4466
Australia’s AI Ethics Principles,LEGAL_SOURCE,818,4467
equitable society,RISK,818,4468
Maintaining American Leadership in Artificial Intelligence (EO 13859),LEGAL_SOURCE,819,4469
American AI Initiative,LEGAL_SOURCE,819,4470
American workers,ACTOR,819,4471
NSTC/OSTP Framework for Nucleic Acid Synthesis Screening,LEGAL_SOURCE,820,4472
synthetic nucleic acids,TECHNOLOGY,820,4473
procurement screening framework,LEGAL_SOURCE,820,4474
synthetic nucleic acid providers,ACTOR,820,4475
equipment manufacturers,ACTOR,820,4476
technical specifications,REQUIREMENT,820,4477
federal funding agencies,ACTOR,820,4478
AI Liability Directive,LEGAL_SOURCE,821,4479
Member States,GEOGRAPHIC,929,4480
Union law,LEGAL_SOURCE,821,4481
European Commission,ACTOR,821,4482
Directive (EU) 2020/1828,LEGAL_SOURCE,821,4483
AI Safety Summit - Enhancing Frontier AI Safety (Amazon),LEGAL_SOURCE,822,4484
Amazon Web Services,ACTOR,822,4485
AWS,ACTOR,822,4486
AI and ML services,TECHNOLOGY,822,4487
Amazon Bedrock,TECHNOLOGY,822,4488
Amazon Titan Foundation Models,TECHNOLOGY,822,4489
red teaming,LIFECYCLE_STAGE,847,4490
security assessments,LIFECYCLE_STAGE,874,4491
AI Service Cards,LEGAL_SOURCE,822,4492
AWS Responsible AI Policy,LEGAL_SOURCE,822,4493
OpenAI's Approach to Frontier Risk (An Update for the UK AI Safety Summit),LEGAL_SOURCE,823,4494
Preparedness Framework,LEGAL_SOURCE,823,4495
Deployment Safety Board,ACTOR,823,4496
Superalignment,REQUIREMENT,823,4497
Preparedness teams,REQUIREMENT,823,4498
GPT-4,TECHNOLOGY,823,4499
DALL-E 3,TECHNOLOGY,823,4500
system card,LEGAL_SOURCE,823,4501
national security-related risks,RISK,823,4502
data input controls,REQUIREMENT,825,4503
Inventorship Guidance for AI-Assisted Inventions,LEGAL_SOURCE,824,4504
U.S. patents,LEGAL_SOURCE,824,4505
natural persons,ACTOR,857,4506
AI-assisted inventions,TECHNOLOGY,824,4507
Pannu factors,REQUIREMENT,824,4508
U.S. inventorship requirements,LEGAL_SOURCE,824,4509
Our Policy on Frontier Safety (Inflection),LEGAL_SOURCE,825,4510
pre-deployment safety,LIFECYCLE_STAGE,825,4511
post-launch monitoring,LIFECYCLE_STAGE,825,4512
frontier AI,TECHNOLOGY,881,4513
vulnerability reporting structures,LEGAL_SOURCE,825,4514
International Panel on AI Safety,ACTOR,825,4515
"Pay Flexibility, Incentive Pay, and Leave and Workforce Flexibility Programs for Artificial Intelligence (AI), AI-enabling, and Other Key Technical Employees (OPM)",LEGAL_SOURCE,826,4516
AI and key technical employees,ACTOR,826,4517
OPM,ACTOR,838,4518
alternative work schedules,LEGAL_SOURCE,826,4519
telework,LEGAL_SOURCE,826,4520
remote work,LEGAL_SOURCE,826,4521
Federal work experience,EMPLOYMENT,826,4522
Bipartisan Framework for U.S. AI Act,LEGAL_SOURCE,827,4523
A.I. models,TECHNOLOGY,827,4524
independent oversight body,ACTOR,827,4525
state Attorneys General,ACTOR,827,4526
privacy breaches,RISK,933,4527
A.I. technology transfers,TECHNOLOGY,827,4528
public database of A.I. information,LEGAL_SOURCE,827,4529
safety brakes,RISK,827,4530
data usage control,RISK,827,4531
"Part 170: Health Data, Technology, and Interoperability: Certification Program Updates, Algorithm Transparency, and Information Sharing",LEGAL_SOURCE,828,4532
health IT certification criteria,REQUIREMENT,828,4533
Predictive Decision Support Intervention,TECHNOLOGY,828,4534
health IT systems,TECHNOLOGY,828,4535
HL7,REQUIREMENT,828,4536
LOINC,REQUIREMENT,828,4537
SNOMED CT,REQUIREMENT,828,4538
electronic health information exchange,DOMAIN,828,4539
Section 106.11 Application: Nondiscrimination on the Basis of Sex in Education Programs or Activities Receiving Federal Financial Assistance,LEGAL_SOURCE,829,4540
sex-based harassment,RISK,829,4541
education programs,DOMAIN,829,4542
remote settings,DOMAIN,829,4543
institution-sponsored events,DOMAIN,829,4544
Train Crew Size Safety Requirements (New Technology and Automated Operations),LEGAL_SOURCE,830,4545
FRA,ACTOR,830,4546
freight rail industry,ACTOR,830,4547
automated trucking,DOMAIN,830,4548
PTC,TECHNOLOGY,830,4549
real-time safety systems,TECHNOLOGY,830,4550
safety justifications,RISK,830,4551
2023 UK AI Safety Summit Response (Meta),LEGAL_SOURCE,831,4552
Llama 2,TECHNOLOGY,831,4553
White House Commitments,LEGAL_SOURCE,831,4554
DEFCON,REQUIREMENT,831,4555
AI model weights,SENSITIVE_DATA,831,4556
Synthetic Media Framework,REQUIREMENT,831,4557
Open Loop,REQUIREMENT,831,4558
HHS Public Benefits and AI,LEGAL_SOURCE,832,4559
United States Department of Health and Human Services,ACTOR,832,4560
"State, Local, Tribal, and Territorial Governments",ACTOR,832,4561
AI Risk Management Framework,LEGAL_SOURCE,847,4562
"USDA Framework for State, Local, Tribal, and Territorial Use of Artificial Intelligence for Public Benefit Administration",LEGAL_SOURCE,833,4563
USDA,ACTOR,833,4564
benefits administration,ACTOR,833,4565
SLTT agencies,ACTOR,833,4566
data sovereignty,LEGAL_SOURCE,833,4567
"Frontier AI Safety Commitments, AI Seoul Summit 2024",LEGAL_SOURCE,834,4568
Republic of Korea,GEOGRAPHIC,834,4569
Frontier AI Safety Commitments,LEGAL_SOURCE,834,4570
frontier AI systems,TECHNOLOGY,834,4571
governance frameworks,LEGAL_SOURCE,877,4572
2023 UK AI Safety Summit Response (Google DeepMind),LEGAL_SOURCE,835,4573
Google DeepMind,ACTOR,835,4574
AI Principles,LEGAL_SOURCE,835,4575
Responsible AI Council,ACTOR,835,4576
Responsible Development and Innovation team,ACTOR,835,4577
model cards,LEGAL_SOURCE,835,4578
data sheets,LEGAL_SOURCE,835,4579
Secure AI Framework,REQUIREMENT,835,4580
Digital Futures Project,REQUIREMENT,835,4581
"Guidance on Application of the Fair Housing Act to the Advertising of Housing, Credit, and Other Real Estate-Related Transactions through Digital Platforms",LEGAL_SOURCE,836,4582
Fair Housing Act,LEGAL_SOURCE,836,4583
audience categorization,REQUIREMENT,836,4584
algorithmic delivery tools,TECHNOLOGY,836,4585
advertisers,ACTOR,836,4586
Increasing AI Capacity Across the Federal Government: AI Talent Surge Progress and Recommendations,LEGAL_SOURCE,837,4587
National AI Talent Surge,REQUIREMENT,837,4588
Direct Hire Authority,LEGAL_SOURCE,837,4589
Excepted Service Appointments,LEGAL_SOURCE,837,4590
USAJOBS,REQUIREMENT,837,4591
AI scholarship-for-service program,REQUIREMENT,837,4592
"Government-wide Hiring Authorities for Advancing Federal Government
Use of Artificial Intelligence (AI)",LEGAL_SOURCE,838,4593
Schedule A appointments,LEGAL_SOURCE,838,4594
veterans’ preference,LEGAL_SOURCE,838,4595
public notice requirements,LEGAL_SOURCE,838,4596
"Safe and Responsible AI in Australia Consultation, Interim Response",LEGAL_SOURCE,839,4597
AI Safety Standard,REQUIREMENT,839,4598
Bletchley Declaration,LEGAL_SOURCE,839,4599
AI capability development,LIFECYCLE_STAGE,839,4600
2023–24 Budget,LEGAL_SOURCE,839,4601
"A bill to amend the South Carolina Code of Laws by adding Section 63-5-380 so as to prohibit operators of internet-based applications from using ""automated decision systems"" to place content on social media platforms for users under the age of eighteen who are residents of the State of South Carolina, to require operators to perform age-verification practices for certain users, to establish that a violation is an unfair or deceptive act or practice under the South Carolina Unfair Trade Practices Act, and for other purposes.",LEGAL_SOURCE,840,4602
automated decision-making (ADM) systems,TECHNOLOGY,841,4603
South Carolina,GEOGRAPHIC,840,4604
government-issued identification,PERSONAL_DATA,840,4605
An act relating to state affairs and government -- commission to monitor the use of artificial intelligence in state government.,LEGAL_SOURCE,841,4606
Rhode Island state government,ACTOR,841,4607
"An act to amend the labor law, in relation to establishing criteria for
the use of automated employment decision tools",LEGAL_SOURCE,842,4608
automated decision tool,TECHNOLOGY,861,4609
employment candidates,EMPLOYMENT,842,4610
disparate impact analysis,LEGAL_SOURCE,842,4611
An act relating to a study on the establishment of a program administered by the Texas Workforce Commission to train individuals in certain skills related to artificial intelligence systems.,LEGAL_SOURCE,843,4612
Texas House of Representatives,ACTOR,843,4613
workforce training program,REQUIREMENT,843,4614
Texas Workforce Commission,ACTOR,843,4615
An Act preventing a dystopian work environment.,LEGAL_SOURCE,844,4616
Automated Decision Systems (ADS),TECHNOLOGY,844,4617
worker data,PERSONAL_DATA,844,4618
third-party impact assessments,LEGAL_SOURCE,844,4619
Public Act 103-0804,LEGAL_SOURCE,845,4620
Illinois Human Rights Act,LEGAL_SOURCE,845,4621
employment practices,EMPLOYMENT,845,4622
Illinois Department of Human Rights,ACTOR,845,4623
"William M. (Mac) Thornberry National Defense Authorization Act for Fiscal Year 2021, Division A, Title XCIV, Section 9412 (""Industries of the future"")",LEGAL_SOURCE,846,4624
Quantum Information Science,TECHNOLOGY,846,4625
Industries of the Future Coordination Council,ACTOR,846,4626
2023 UK AI Safety Summit Response (Microsoft),LEGAL_SOURCE,847,4627
Microsoft-OpenAI Deployment Safety Board,ACTOR,847,4628
risk evaluation,LIFECYCLE_STAGE,847,4629
AI safety research,LIFECYCLE_STAGE,947,4630
metadata-based provenance,REQUIREMENT,847,4631
Artificial Intelligence for California Research Act,LEGAL_SOURCE,848,4632
AI chatbots/assistance,TECHNOLOGY,848,4633
government benefit and welfare programs,ACTOR,848,4634
disability insurance,REQUIREMENT,848,4635
affordable housing,REQUIREMENT,848,4636
monitoring and evaluation,LIFECYCLE_STAGE,854,4637
An Act requiring the Commissioner of Labor and Workforce Development to conduct a study and issue a report on the impact of artificial intelligence on the growth of the State's economy.,LEGAL_SOURCE,849,4638
Commissioner of Labor and Workforce Development,ACTOR,849,4639
AI-powered technology,TECHNOLOGY,849,4640
State’s economy,ACTOR,849,4641
"An act creating a temporary state commission to  study  and  investigate how  to regulate artificial intelligence, robotics and automation; and providing for the repeal of such provisions upon expiration thereof",LEGAL_SOURCE,850,4642
New York state commission,ACTOR,850,4643
criminal and civil liability,LEGAL_SOURCE,850,4644
AI-enabled violations,RISK,850,4645
weaponry,DOMAIN,850,4646
"An act to amend the executive law, in relation to creating the office of  algorithmic innovation",LEGAL_SOURCE,851,4647
Office of Algorithmic Innovation,ACTOR,851,4648
algorithmic innovation,TECHNOLOGY,865,4649
"An Act amending Title 18 (Crimes and Offenses) of the Pennsylvania Consolidated Statutes, in sexual offenses, providing for the offense of unlawful dissemination of artificially generated depiction; and, in minors, further providing for the offense of sexual abuse of children and for the offense of transmission of sexually explicit images by minor.",LEGAL_SOURCE,852,4650
depicted individual,ACTOR,940,4651
criminal misdemeanor offense,PENALTY,852,4652
"An act to amend the general business law, in relation to requiring advertisements to disclose the use of synthetic media",LEGAL_SOURCE,853,4653
New Generation Artificial Intelligence Development Plan,LEGAL_SOURCE,854,4654
AI key technologies,TECHNOLOGY,854,4655
knowledge computing,TECHNOLOGY,854,4656
intelligent robots,TECHNOLOGY,854,4657
AI innovation systems,REQUIREMENT,854,4658
military-civilian integration,LEGAL_SOURCE,854,4659
AI-related infrastructure,TECHNOLOGY,854,4660
"An act to add Chapter 5.9 (commencing with Section 11549.80) to Part 1 of Division 3 of Title 2 of, the Government Code, relating to state government.",LEGAL_SOURCE,855,4661
Office of Artificial Intelligence,ACTOR,855,4662
An Act regulating the use of artificial intelligence (AI) in providing mental health services.,LEGAL_SOURCE,856,4663
licensing board,ACTOR,856,4664
professional licensing board,ACTOR,856,4665
"An Act to amend the labor law, in relation to automated employment decision tools",LEGAL_SOURCE,857,4666
Measures for the Management of Generative Artificial Intelligence Services (Draft for Comment),LEGAL_SOURCE,858,4667
legal liability,LEGAL_SOURCE,865,4668
National New Generation AI Standards System Construction Guide,LEGAL_SOURCE,859,4669
AI standards system,REQUIREMENT,859,4670
computer vision,TECHNOLOGY,859,4671
smart cities,ACTOR,859,4672
National Artificial Intelligence Research and Development Strategic Plan 2023 Update,LEGAL_SOURCE,860,4673
international guidelines,LEGAL_SOURCE,860,4674
"An act to add Chapter 25 (commencing with Section 22756) to Division 8 of the Business and Professions Code, relating to artificial intelligence.",LEGAL_SOURCE,861,4675
government benefits,ACTOR,861,4676
Civil Rights Department,ACTOR,861,4677
Ethical Norms for the New Generation Artificial Intelligence,LEGAL_SOURCE,862,4678
ethical requirements,LEGAL_SOURCE,873,4679
TTC Joint Roadmap on Evaluation and Measurement Tools for Trustworthy AI and Risk Management,LEGAL_SOURCE,863,4680
U.S.-EU Joint Roadmap,LEGAL_SOURCE,863,4681
EU,GEOGRAPHIC,881,4682
U.S. AI Bill of Rights,LEGAL_SOURCE,863,4683
"Artificial Intelligence Security Standardization White Paper, Section 5 (""Recommendations for AI security standardization work"")",LEGAL_SOURCE,864,4684
AI security standardization,REQUIREMENT,864,4685
AI security standards,REQUIREMENT,864,4686
research institutes,ACTOR,864,4687
early warning mechanism,REQUIREMENT,864,4688
index evaluation system,BENCHMARK,864,4689
AI supply chain security management,RISK,864,4690
Artificial Intelligence Law of the People’s Republic of China (Draft for Suggestions from Scholars),LEGAL_SOURCE,865,4691
compute resources,TECHNOLOGY,883,4692
public interest litigation,REQUIREMENT,865,4693
"REGULATION (EU) 2024/1689 OF THE EUROPEAN PARLIAMENT AND OF THE COUNCIL of 13 June 2024 laying down harmonised rules on artificial intelligence and amending Regulations (EC) No 300/2008, (EU) No 167/2013, (EU) No 168/2013, (EU) 2018/858, (EU) 2018/1139 and (EU) 2019/2144 and Directives 2014/90/EU, (EU) 2016/797 and (EU) 2020/1828 (Artificial Intelligence Act)",LEGAL_SOURCE,866,4694
general-purpose AI models,TECHNOLOGY,870,4695
free and open-source AI systems,TECHNOLOGY,866,4696
European Commission’s AI Office,ACTOR,866,4697
advisory boards,ACTOR,866,4698
national-level authorities,ACTOR,866,4699
"Department of Defense Directive 3000.09 (""Autonomy in weapon systems"")",LEGAL_SOURCE,867,4700
semi-autonomous weapons systems,TECHNOLOGY,867,4701
armed platforms,TECHNOLOGY,867,4702
weapons systems,TECHNOLOGY,867,4703
Interim Measures for the Management of Generative Artificial Intelligence Services,LEGAL_SOURCE,868,4704
service agreements,REQUIREMENT,868,4705
complaint mechanisms,REQUIREMENT,868,4706
foreign investment compliance,LEGAL_SOURCE,868,4707
Global AI Governance Initiative,LEGAL_SOURCE,869,4708
malicious actors,RISK,947,4709
international AI governing institution,ACTOR,869,4710
Commission Decision Establishing the European AI Office,LEGAL_SOURCE,870,4711
European Artificial Intelligence Office,ACTOR,870,4712
"Directorate-General for Communication Networks, Content and Technology",ACTOR,870,4713
Regulation on AI,LEGAL_SOURCE,870,4714
AI regulations,LEGAL_SOURCE,870,4715
Digital Europe Programme,REQUIREMENT,870,4716
White Paper on Artificial Intelligence Standardization 2021,LEGAL_SOURCE,871,4717
AI standardization,REQUIREMENT,871,4718
National Information Technology Standardization Technical Committee,ACTOR,871,4719
AI Technical Subcommittee,ACTOR,871,4720
performance benchmarks,BENCHMARK,871,4721
hardware virtual interfaces,TECHNOLOGY,871,4722
international exchanges,LEGAL_SOURCE,871,4723
ISO/IEC JTC 1,ACTOR,871,4724
AI standards formulation,REQUIREMENT,871,4725
Initial advice on Generative Artificial Intelligence in the public service (New Zealand),LEGAL_SOURCE,872,4726
Shadow IT,TECHNOLOGY,872,4727
governance and accountability,ACCOUNTABILITY,872,4728
privacy impact assessments,LEGAL_SOURCE,872,4729
Māori data,SENSITIVE_DATA,872,4730
sandboxes,LIFECYCLE_STAGE,872,4731
procurement principles,REQUIREMENT,872,4732
AI regulatory frameworks,LEGAL_SOURCE,872,4733
Opinion on Strengthening Science and Technology Ethics Governance,LEGAL_SOURCE,873,4734
National Committee for Ethics in Science and Technology,ACTOR,873,4735
monitoring and early-warning systems,REQUIREMENT,873,4736
Internet Information Service Algorithmic Recommendation Management Provisions,LEGAL_SOURCE,874,4737
algorithmic recommendation services,TECHNOLOGY,874,4738
algorithm examination,LIFECYCLE_STAGE,874,4739
incident response,REQUIREMENT,874,4740
fraud prevention,RISK,874,4741
complaint handling processes,REQUIREMENT,874,4742
algorithm management system,LEGAL_SOURCE,874,4743
legal liabilities,LEGAL_SOURCE,874,4744
"Digital Charter Implementation Act 2022, Part 3 (""Artificial Intelligence and Data Act"")",LEGAL_SOURCE,875,4745
high-impact system,TECHNOLOGY,875,4746
system descriptions,LEGAL_SOURCE,875,4747
Minister,ACTOR,875,4748
AI purposes,TECHNOLOGY,875,4749
economic loss,RISK,875,4750
OpenAI Preparedness Framework (Beta),LEGAL_SOURCE,876,4751
Safety Advisory Group,ACTOR,876,4752
Board of Directors,ACTOR,876,4753
emergency scenarios,RISK,876,4754
Preparedness team,ACTOR,876,4755
safety drills,LIFECYCLE_STAGE,876,4756
third-party auditing,LIFECYCLE_STAGE,876,4757
The Global Security Initiative Concept Paper,LEGAL_SOURCE,877,4758
AI security governance,ACCOUNTABILITY,877,4759
bioscience research,LIFECYCLE_STAGE,877,4760
biosecurity guidelines,LEGAL_SOURCE,877,4761
data security initiatives,RISK,877,4762
global counter-terrorism efforts,DOMAIN,877,4763
digital governance,LEGAL_SOURCE,877,4764
Position Paper of the People’s Republic of China on Regulating Military Applications of Artificial Intelligence,LEGAL_SOURCE,878,4765
military applications of AI,DOMAIN,878,4766
AI weapon systems,TECHNOLOGY,878,4767
operator training,DOMAIN,878,4768
governance regime,LEGAL_SOURCE,878,4769
Position Paper of the People's Republic of China on Strengthening Ethical Governance of Artificial Intelligence (AI),LEGAL_SOURCE,879,4770
R&D entities,ACTOR,879,4771
algorithm security,RISK,879,4772
international agreements,LEGAL_SOURCE,879,4773
Israel's Policy on Artificial Intelligence: Regulations and Ethics,LEGAL_SOURCE,880,4774
policy framework,LEGAL_SOURCE,880,4775
OECD AI Principles,REQUIREMENT,880,4776
AI Policy Coordination Center,ACTOR,880,4777
international forums,ACTOR,880,4778
AI regulation and standards,REQUIREMENT,880,4779
The Bletchley Declaration by Countries Attending the AI Safety Summit,LEGAL_SOURCE,881,4780
AI Safety Summits,REQUIREMENT,881,4781
Technical Documentation of National Technical Committee 260 on Cybersecurity of Standardization Administration of China: Basic Safety Requirements for Generative Artificial Intelligence Services,LEGAL_SOURCE,882,4782
personal information protection laws,RISK,882,4783
foundation model registration,REQUIREMENT,882,4784
content safety monitoring,LIFECYCLE_STAGE,882,4785
complaint handling,REQUIREMENT,882,4786
Regulations for the Promotion of the Development of the Artificial Intelligence Industry in Shanghai Municipality,LEGAL_SOURCE,883,4787
Municipal People's Government,ACTOR,883,4788
Municipal Artificial Intelligence Strategy Advisory Expert Committee,ACTOR,883,4789
big data centers,TECHNOLOGY,883,4790
algorithm innovation,TECHNOLOGY,883,4791
algorithm models,TECHNOLOGY,883,4792
AI technology standardization,REQUIREMENT,883,4793
security compliance,RISK,883,4794
Fraudulent Misrepresentation of Campaign Authority,LEGAL_SOURCE,884,4795
52 U.S.C. 30124,LEGAL_SOURCE,884,4796
11 CFR 110.16,LEGAL_SOURCE,884,4797
Regulatory Flexibility Act,LEGAL_SOURCE,884,4798
"Memorandum on Advancing the United States’ Leadership in Artificial Intelligence; Harnessing Artificial Intelligence to Fulfill National Security Objectives; and Fostering the Safety, Security, and Trustworthiness of Artificial Intelligence",LEGAL_SOURCE,885,4799
frontier foundational AI systems,TECHNOLOGY,885,4800
national security institutions,ACTOR,885,4801
AI governance norms,LEGAL_SOURCE,885,4802
National Security Coordination Group,ACTOR,885,4803
Framework to Advance AI Governance and Risk Management in National Security,LEGAL_SOURCE,886,4804
Wisconsin Act 2023-123 (Artificial Intelligence Content Disclosure),LEGAL_SOURCE,887,4805
47 USC 230,LEGAL_SOURCE,887,4806
West Virginia HB 5690 (Artificial Intelligence Task Force),LEGAL_SOURCE,888,4807
West Virginia Task Force on Artificial Intelligence,ACTOR,888,4808
AI policy oversight,LEGAL_SOURCE,888,4809
Office of Technology,ACTOR,888,4810
Michigan House Bill 5144 of 2023 (Election Law),LEGAL_SOURCE,889,4811
materially deceptive media,TECHNOLOGY,927,4812
House Bill No. 5143,LEGAL_SOURCE,892,4813
New Mexico House Bill 182 of 2024(Campaign Reporting Act),LEGAL_SOURCE,890,4814
Campaign Reporting Act,LEGAL_SOURCE,890,4815
fourth-degree felony,PENALTY,890,4816
district attorneys,ACTOR,890,4817
Minnesota HF 1370 (Deepfake Accountability and Public Safety),LEGAL_SOURCE,891,4818
financial losses,RISK,891,4819
mental anguish,RISK,891,4820
Michigan House Bill 5141,LEGAL_SOURCE,892,4821
policies on AI content disclosure,LEGAL_SOURCE,892,4822
Idaho House Bill 664 (Freedom From AI-Rigged Elections Act),LEGAL_SOURCE,893,4823
Freedom From AI-Rigged (FAIR) Elections Act,LEGAL_SOURCE,893,4824
altered audio or video,TECHNOLOGY,893,4825
advanced digital techniques,TECHNOLOGY,893,4826
emergency declaration,LEGAL_SOURCE,893,4827
Utah House Bill 249 (Utah Legal Personhood Amendments),LEGAL_SOURCE,894,4828
Utah,GEOGRAPHIC,894,4829
legal personhood,LEGAL_SOURCE,894,4830
human beings,ACTOR,894,4831
nonhuman animals,ACTOR,894,4832
Alabama House Bill 172,LEGAL_SOURCE,895,4833
Class A misdemeanors,PENALTY,895,4834
Class D felonies,PENALTY,895,4835
media entities,ACTOR,911,4836
Washington Senate Bill 5838 (2024),LEGAL_SOURCE,896,4837
attorney general's office,ACTOR,896,4838
literature review,LEGAL_SOURCE,896,4839
ethical AI guidelines,LEGAL_SOURCE,896,4840
Oregon Senate Bill 1571,LEGAL_SOURCE,897,4841
State Treasury's General Fund,DOMAIN,897,4842
media providers,ACTOR,897,4843
publications,ACTOR,897,4844
Oregon Revised Statutes,LEGAL_SOURCE,897,4845
ORS 260.345,LEGAL_SOURCE,897,4846
Utah Senate Bill 131 Information Technology Act Amendments (2024),LEGAL_SOURCE,898,4847
visual communications,TECHNOLOGY,898,4848
sponsors,ACTOR,923,4849
criminal sentencing,DOMAIN,898,4850
judges,ACTOR,898,4851
parole boards,ACTOR,898,4852
AI-assisted crime,RISK,898,4853
Florida Senate Bill 1680,LEGAL_SOURCE,899,4854
Government Technology Modernization Council,ACTOR,899,4855
Department of Management Services,ACTOR,899,4856
data modernization,REQUIREMENT,899,4857
AI system deployment,LIFECYCLE_STAGE,899,4858
AI safety standards,REQUIREMENT,899,4859
digital literacy curricula,DOMAIN,899,4860
third-degree felony,PENALTY,899,4861
Colorado House Bill 24-1468,LEGAL_SOURCE,900,4862
Artificial Intelligence Impact Task Force,ACTOR,900,4863
Colorado,GEOGRAPHIC,900,4864
Oregon House Bill 4153,LEGAL_SOURCE,901,4865
Task Force on Artificial Intelligence,ACTOR,901,4866
federal definitions,REQUIREMENT,901,4867
Legislative Policy and Research Director,ACTOR,901,4868
Connecticut Substitute Senate Bill 1103,LEGAL_SOURCE,902,4869
AI policies and procedures,LEGAL_SOURCE,902,4870
state contracts,REQUIREMENT,902,4871
AI bill of rights,LEGAL_SOURCE,902,4872
Arizona 2024 Senate Bill 1359,LEGAL_SOURCE,903,4873
New Hampshire House Bill 1688,LEGAL_SOURCE,904,4874
biometric identification systems,TECHNOLOGY,904,4875
public surveillance,RISK,904,4876
ethics code,LEGAL_SOURCE,904,4877
South Dakota 2024 Senate Bill 79,LEGAL_SOURCE,905,4878
computer-generated child pornography,TECHNOLOGY,905,4879
sex crimes,LEGAL_SOURCE,905,4880
juvenile sexting,RISK,905,4881
digital media,TECHNOLOGY,905,4882
Indiana 2024 House Bill 1133,LEGAL_SOURCE,906,4883
Indiana Code,LEGAL_SOURCE,906,4884
digitally altered media,TECHNOLOGY,906,4885
campaign communication,REQUIREMENT,906,4886
fabricated media,TECHNOLOGY,906,4887
Maryland House Bill 622,LEGAL_SOURCE,907,4888
Industry 4.0 Technology Grant Program,REQUIREMENT,907,4889
Industry 4.0 Technology Grant Fund,DOMAIN,907,4890
Hawaii Senate Bill 2284 (Relating To A Wildfire Forecast System For Hawaii),LEGAL_SOURCE,908,4891
University of Hawaii,ACTOR,908,4892
wildfire forecast system,TECHNOLOGY,908,4893
general revenues,DOMAIN,908,4894
Arizona 2024 House Bill 2394,LEGAL_SOURCE,909,4895
Arizona Revised Statutes,LEGAL_SOURCE,909,4896
digital impersonation,TECHNOLOGY,909,4897
AI techniques,TECHNOLOGY,909,4898
superior court,DOMAIN,909,4899
impersonations involving sexual or criminal content,RISK,909,4900
emergency measure,LEGAL_SOURCE,909,4901
The position paper submitted by the Chinese delegation to CCW 5th Review Conference,LEGAL_SOURCE,910,4902
Lethal Autonomous Weapon Systems,DOMAIN,910,4903
LAWS,DOMAIN,910,4904
military uses,DOMAIN,910,4905
international humanitarian laws,LEGAL_SOURCE,910,4906
Protocol on Blinding Laser Weapons,LEGAL_SOURCE,910,4907
Convention on Certain Conventional Weapons,LEGAL_SOURCE,910,4908
New Hampshire House Bill 1432,LEGAL_SOURCE,911,4909
interactive services,TECHNOLOGY,911,4910
bona fide news reporting,LEGAL_SOURCE,941,4911
secretary of state,ACTOR,911,4912
lobbyist registrations,LEGAL_SOURCE,911,4913
"July 19, 2024",LEGAL_SOURCE,911,4914
Louisiana Senate Bill 6,LEGAL_SOURCE,912,4915
R.S. 14:73.14,LEGAL_SOURCE,912,4916
telecommunications or information services,TECHNOLOGY,912,4917
Delaware House Bill 333,LEGAL_SOURCE,913,4918
Department of Technology and Information,ACTOR,913,4919
Tennessee House Bill 2325,LEGAL_SOURCE,914,4920
Tennessee Artificial Intelligence Advisory Council,ACTOR,914,4921
Mississippi Senate Bill 3000,LEGAL_SOURCE,915,4922
Education Enhancement Fund,DOMAIN,915,4923
Institutions of Higher Learning,ACTOR,915,4924
University of Mississippi,ACTOR,915,4925
Data Science and Artificial Intelligence,TECHNOLOGY,915,4926
Healthcare Innovation,DOMAIN,915,4927
Delta State University,ACTOR,915,4928
Alcorn State University,ACTOR,915,4929
STEM,DOMAIN,917,4930
Senate Bill 3002,LEGAL_SOURCE,915,4931
Virginia Senate Bill 487,LEGAL_SOURCE,916,4932
Joint Commission on Technology and Science,ACTOR,916,4933
Commission on Artificial Intelligence,ACTOR,916,4934
Iowa Senate Bill 2435,LEGAL_SOURCE,917,4935
Iowa State University of Science and Technology,ACTOR,917,4936
vaccine delivery technologies,DOMAIN,917,4937
biosciences,DOMAIN,917,4938
state board of regents,ACTOR,917,4939
general assembly,ACTOR,917,4940
New Hampshire House Bill 1596,LEGAL_SOURCE,918,4941
bona fide news reports,LEGAL_SOURCE,918,4942
Hawaii Senate Bill 2687,LEGAL_SOURCE,919,4943
campaign spending commission,ACTOR,919,4944
Colorado House Bill 1147,LEGAL_SOURCE,920,4945
media and technology providers,ACTOR,920,4946
administrative complaints,REQUIREMENT,920,4947
Tennessee Senate Bill 1711,LEGAL_SOURCE,921,4948
University of Tennessee,ACTOR,921,4949
public higher education institutions,ACTOR,921,4950
joint government operations committee,ACTOR,921,4951
public charter schools,ACTOR,921,4952
Maryland House Bill 1128,LEGAL_SOURCE,922,4953
Talent Innovation Program,REQUIREMENT,922,4954
Maryland Department of Labor,ACTOR,922,4955
Talent Innovation Fund,DOMAIN,922,4956
State Treasurer,ACTOR,922,4957
Washington Senate Bill 5152,LEGAL_SOURCE,923,4958
public disclosure commission,ACTOR,923,4959
campaign finance laws,LEGAL_SOURCE,923,4960
"Nebraska L 1284 (Teacher Incentive Programs), Sec. 2.",LEGAL_SOURCE,924,4961
Dyslexia Research Grant Program,REQUIREMENT,924,4962
AI-based writing assistance,TECHNOLOGY,924,4963
Nebraska,GEOGRAPHIC,924,4964
Education Future Fund,DOMAIN,924,4965
State Board of Education,ACTOR,924,4966
Idaho House Bill 2472,LEGAL_SOURCE,925,4967
Managed Care Reform and Patient Rights Act,LEGAL_SOURCE,925,4968
utilization review programs,REQUIREMENT,925,4969
algorithmic automated processes,TECHNOLOGY,925,4970
Department of Insurance,ACTOR,925,4971
Health Utilization Management Standards,REQUIREMENT,925,4972
health care plans,ACTOR,925,4973
New York Senate Bill 1042,LEGAL_SOURCE,926,4974
penal law,LEGAL_SOURCE,926,4975
intimate images,SENSITIVE_DATA,943,4976
New York Senate Bill 9678,LEGAL_SOURCE,927,4977
"State of Arizona Senate Bill 1565, An Act Amending Sections 16-442, 16-552 and 16-621, Arizona Revised Statutes; Relating to Conduct of Elections.",LEGAL_SOURCE,928,4978
ballots,LEGAL_SOURCE,928,4979
Arizona,GEOGRAPHIC,928,4980
"UN General Assembly Resolution A/78/L.49 (""Seizing the opportunities of safe, secure and trustworthy artificial intelligence systems for sustainable development""",LEGAL_SOURCE,929,4981
UN entities,ACTOR,929,4982
"A Bill in the District of Columbia to prohibit users of algorithmic decision-making from utilizing algorithmic eligibility determinations in a discriminatory manner, to require corresponding notices to individuals whose personal information is used, and to provide for appropriate means of civil enforcement.",LEGAL_SOURCE,930,4983
Washington D.C.,GEOGRAPHIC,930,4984
algorithmic determination,TECHNOLOGY,930,4985
algorithmic decision-making tools,TECHNOLOGY,930,4986
discriminatory effects,RISK,930,4987
DC government,ACTOR,930,4988
Tennessee House Bill 2163 (Sexual Exploitation of Children),LEGAL_SOURCE,931,4989
Tennessee Code,LEGAL_SOURCE,931,4990
Illinois House Bill 4875,LEGAL_SOURCE,932,4991
Right of Publicity Act,LEGAL_SOURCE,932,4992
digital replica,TECHNOLOGY,932,4993
"Utah Senate Bill 149, Chapter 70",LEGAL_SOURCE,933,4994
Office of Artificial Intelligence Policy,ACTOR,933,4995
AI Learning Laboratory Program,REQUIREMENT,933,4996
regulatory mitigation agreements,REQUIREMENT,933,4997
unauthorized data usage,RISK,933,4998
"May 1, 2025",LEGAL_SOURCE,933,4999
"Utah Senate Bill 149, Section 13-2-12",LEGAL_SOURCE,934,5000
consumer protection laws,LEGAL_SOURCE,934,5001
Division of Consumer Protection,ACTOR,934,5002
court orders,REQUIREMENT,942,5003
"Utah Senate Bill 84, Part 13",LEGAL_SOURCE,935,5004
Innovation in Artificial Intelligence Grant Pilot Program,REQUIREMENT,935,5005
AI courses,DOMAIN,935,5006
K-12 students,ACTOR,935,5007
public or private schools,ACTOR,935,5008
Section 63N-1a-306,LEGAL_SOURCE,935,5009
West Virginia House Bill 3214,LEGAL_SOURCE,936,5010
Road Optimization and Assessment Data Road Pilot Program,REQUIREMENT,936,5011
Monongalia,GEOGRAPHIC,936,5012
Preston Counties,GEOGRAPHIC,936,5013
Commissioner of Highways,ACTOR,936,5014
Division of Highways,ACTOR,936,5015
laser measuring systems,TECHNOLOGY,936,5016
reflectometer systems,TECHNOLOGY,936,5017
legislative commission,ACTOR,937,5018
firearm technology,TECHNOLOGY,937,5019
microstamp technologies,TECHNOLOGY,937,5020
tax incentive program,LEGAL_SOURCE,937,5021
"March 1, 2025",LEGAL_SOURCE,937,5022
"An Act Authorizing And Adjusting Bonds Of The State And Concerning Provisions Related To State And Municipal Tax Administration, General Government And School Building Projects",LEGAL_SOURCE,938,5023
Commissioner of Education,ACTOR,938,5024
student data privacy,RISK,938,5025
Family Educational Rights and Privacy Act,LEGAL_SOURCE,938,5026
Utah House Bill 148,LEGAL_SOURCE,939,5027
internet service providers,ACTOR,939,5028
counterfeit intimate images,TECHNOLOGY,939,5029
Illinois House Bill 2123,LEGAL_SOURCE,940,5030
Civil Remedies for Nonconsensual Dissemination of Private Sexual Images Act,LEGAL_SOURCE,944,5031
digitally altered images,TECHNOLOGY,940,5032
Mississippi Senate Bill 2577,LEGAL_SOURCE,941,5033
Indiana House Bill 1047,LEGAL_SOURCE,942,5034
Indiana law,LEGAL_SOURCE,942,5035
computer generated image,TECHNOLOGY,942,5036
unmanned aerial vehicles,TECHNOLOGY,942,5037
remote aerial voyeurism,RISK,942,5038
bankruptcy proceedings,REQUIREMENT,942,5039
Washington House Bill 1999,LEGAL_SOURCE,943,5040
Washington state law,LEGAL_SOURCE,943,5041
fabricated depiction,TECHNOLOGY,943,5042
digitally altered sexual image,TECHNOLOGY,944,5043
medical education,DOMAIN,944,5044
public figure,ACTOR,944,5045
political message,LEGAL_SOURCE,944,5046
AI Safety Institutes,ACTOR,945,5047
Emergency Preparedness Agreements,LEGAL_SOURCE,945,5048
Safety Assurance Framework,REQUIREMENT,945,5049
global AI safety and verification research,LIFECYCLE_STAGE,945,5050
weapons of mass destruction,DOMAIN,946,5051
cyberattacks,RISK,946,5052
government oversight,ACCOUNTABILITY,946,5053
multilateral institutions,ACTOR,946,5054
AGI development,TECHNOLOGY,946,5055
government visibility,ACCOUNTABILITY,947,5056
rapid and safe shut-down procedures,REQUIREMENT,947,5057
AI alignment,RISK,947,5058
governance institutions,ACTOR,947,5059
